final_id,source,source_id,role,merged_by_tier,year,first_author,doi,volume,first_page,journal,title
WS0001,PubMed,42787632,kept,,2026,awwad,10.1002/ccr3.73607,14,73607,Clinical case reports,Laparoscopic Splenectomy for a Completely Infarcted Wandering Spleen After  Prolonged Positional Abdominal Pain: A Case Report and Focused Literature Review.
WS0001,WoS,WOS:001884581300001,duplicate,T1 DOI,2026,awwad,10.1002/ccr3.73607,14,,CLINICAL CASE REPORTS,Laparoscopic Splenectomy for a Completely Infarcted Wandering Spleen After Prolonged Positional Abdominal Pain: A Case Report and Focused Literature Review
WS0002,PubMed,42699937,kept,,2026,daher,10.1097/rc9.0000000000000696,138,3345,International journal of surgery case reports,The diagnostic challenge of wandering spleen with torsion: a rare cause of acute  abdomen in children - a case report.
WS0003,PubMed,42699432,kept,,2026,kinson,10.1097/rc9.0000000000000781,138,3526,International journal of surgery case reports,Ectopic splenic volvulus and infarction: a case report.
WS0004,PubMed,42639322,kept,,2026,suzuki,10.70352/scrj.cr.26-0232,12,,Surgical case reports,Torsion and Rupture of a Wandering Pelvic Accessory Spleen Associated with  Essential Thrombocythemia: A Case Report.
WS0004,WoS,WOS:001856088500001,duplicate,T1 DOI,2026,suzuki,10.70352/scrj.cr.26-0232,12,,SURGICAL CASE REPORTS,Torsion and Rupture of a Wandering Pelvic Accessory Spleen Associated with Essential Thrombocythemia: A Case Report
WS0005,PubMed,42593030,kept,,2026,belen,10.14744/tjtes.2025.11568,32,1008,Ulusal travma ve acil cerrahi dergisi = Turkish journal of trauma & emergency  surgery : TJTES,Retroperitoneal ectopic spleen identified during emergency laparotomy.
WS0005,Scopus,105047160799,duplicate,T1 DOI,2026,aydogmus,10.14744/tjtes.2025.11568,32,1008,Ulusal Travma ve Acil Cerrahi Dergisi,Retroperitoneal ectopic spleen identified during emergency laparotomy
WS0006,PubMed,42572374,kept,,2026,mammadova,10.1111/jog.70458,52,70458,The journal of obstetrics and gynaecology research,Pelvic Wandering Spleen Mimicking an Ovarian Germ Cell Tumor.
WS0006,Scopus,105046733221,duplicate,T1 DOI,2026,mammadova,10.1111/jog.70458,52,,Journal of Obstetrics and Gynaecology Research,Pelvic Wandering Spleen Mimicking an Ovarian Germ Cell Tumor
WS0006,WoS,WOS:001844226600001,duplicate,T1 DOI,2026,mammadova,10.1111/jog.70458,52,,JOURNAL OF OBSTETRICS AND GYNAECOLOGY RESEARCH,Pelvic Wandering Spleen Mimicking an Ovarian Germ Cell Tumor
WS0007,PubMed,42565921,kept,,2026,nomiya,10.1007/s12328-026-02415-z,,,Clinical journal of gastroenterology,Mesenteroaxial gastric volvulus associated with a wandering spleen in an older  woman treated with anterior gastropexy and splenectomy: a case report.
WS0007,Scopus,105046734141,duplicate,T1 DOI,2026,nomiya,10.1007/s12328-026-02415-z,,,Clinical Journal of Gastroenterology,Mesenteroaxial gastric volvulus associated with a wandering spleen in an older woman treated with anterior gastropexy and splenectomy: a case report
WS0007,WoS,WOS:001842911000001,duplicate,T1 DOI,2026,nomiya,10.1007/s12328-026-02415-z,,,CLINICAL JOURNAL OF GASTROENTEROLOGY,Mesenteroaxial gastric volvulus associated with a wandering spleen in an older woman treated with anterior gastropexy and splenectomy: a case report
WS0008,PubMed,42519252,kept,,2026,bani,10.7759/cureus.111195,18,111195,Cureus,Splenic Torsion in a 16-Year-Old Female With a Wandering Spleen: A Case Report.
WS0009,PubMed,42395192,kept,,2026,altaif,10.7759/cureus.110126,18,110126,Cureus,Intermittent Torsion of a Wandering Spleen: A Case of Recurrent Acute Abdominal  Pain.
WS0010,PubMed,42273556,kept,,2026,zhang,10.21037/hbsn-2026-1-0077,15,96,Hepatobiliary surgery and nutrition,Wandering spleen.
WS0010,WoS,WOS:001793220700001,duplicate,T1 DOI,2026,zhang,10.21037/hbsn-2026-1-0077,15,,HEPATOBILIARY SURGERY AND NUTRITION,Wandering spleen
WS0011,PubMed,42241351,kept,,2026,malik,10.4103/jmas.jmas_586_25,,,Journal of minimal access surgery,Laparoscopic splenopexy for splenic torsion in a patient with heterotaxy and  single ventricle physiology: A rare case report.
WS0012,PubMed,42220417,kept,,2026,parker,10.1155/crh/8172177,2026,8172177,Case reports in hematology,Wandering Lymphoma: A Case of Wandering Spleen Secondary to Splenic Marginal Zone  Lymphoma.
WS0012,WoS,WOS:001776682400001,duplicate,T1 DOI,2026,parker,10.1155/crh/8172177,2026,,CASE REPORTS IN HEMATOLOGY,Wandering Lymphoma: A Case of Wandering Spleen Secondary to Splenic Marginal Zone Lymphoma
WS0013,PubMed,42074645,kept,,2026,rybicki,10.3390/jcm15082842,15,,Journal of clinical medicine,Rare and Unusual Consequences of Blunt Abdominal Trauma-The Significance of  Anatomical Anomalies.
WS0013,Scopus,105037086850,duplicate,T1 DOI,2026,rybicki,10.3390/jcm15082842,15,,Journal of Clinical Medicine,Rare and Unusual Consequences of Blunt Abdominal Trauma—The Significance of Anatomical Anomalies
WS0013,WoS,WOS:001749850900001,duplicate,T1 DOI,2026,rybicki,10.3390/jcm15082842,15,,JOURNAL OF CLINICAL MEDICINE,Rare and Unusual Consequences of Blunt Abdominal Trauma-The Significance of Anatomical Anomalies
WS0014,PubMed,42072796,kept,,2026,moller,10.3390/diagnostics16081169,16,,"Diagnostics (Basel, Switzerland)",Splenoses and Other Ectopic and Heterotopic Splenic Tissue: The Use of  Long-Lasting Enhancement in Contrast-Enhanced Ultrasound to Avoid Unnecessary Intervention.
WS0014,Scopus,105037047537,duplicate,T1 DOI,2026,moller,10.3390/diagnostics16081169,16,,Diagnostics,Splenoses and Other Ectopic and Heterotopic Splenic Tissue: The Use of Long-Lasting Enhancement in Contrast-Enhanced Ultrasound to Avoid Unnecessary Intervention
WS0014,WoS,WOS:001750568700001,duplicate,T1 DOI,2026,moller,10.3390/diagnostics16081169,16,,DIAGNOSTICS,Splenoses and Other Ectopic and Heterotopic Splenic Tissue: The Use of Long-Lasting Enhancement in Contrast-Enhanced Ultrasound to Avoid Unnecessary Intervention
WS0015,PubMed,42007203,kept,,2026,alfakhry,10.1016/j.radcr.2026.03.017,21,2643,Radiology case reports,Imaging findings of splenic volvulus in a wandering spleen: A radiology case  report.
WS0016,PubMed,41975166,kept,,2026,liu,10.1007/s13304-026-02552-7,,,Updates in surgery,Surgical management of pediatric primary splenic lesions: safety and feasibility  of transumbilical single-port laparoscopic partial splenectomy.
WS0016,Scopus,105035669471,duplicate,T1 DOI,2026,liu,10.1007/s13304-026-02552-7,,,Updates in Surgery,Surgical management of pediatric primary splenic lesions: safety and feasibility of transumbilical single-port laparoscopic partial splenectomy
WS0016,WoS,WOS:001739667300001,duplicate,T1 DOI,2026,liu,10.1007/s13304-026-02552-7,,,UPDATES IN SURGERY,Surgical management of pediatric primary splenic lesions: safety and feasibility of transumbilical single-port laparoscopic partial splenectomy
WS0017,PubMed,41972881,kept,,2026,schumacher,10.4103/jmas.jmas_531_25,,,Journal of minimal access surgery,Unusual case of an ectopic pre-uterine spleen.
WS0018,PubMed,41959687,kept,,2026,rumhumha,10.4102/sajr.v30i1.3366,30,3366,SA journal of radiology,"Splenic pathologies: A pictorial review of common, wandering, twisting and rare  presentations."
WS0018,Scopus,105050229923,duplicate,T1 DOI,2026,rumhumha,10.4102/sajr.v30i1.3366,30,,South African Journal of Radiology,"Splenic pathologies: A pictorial review of common, wandering, twisting and rare presentations"
WS0018,WoS,WOS:001734534800001,duplicate,T1 DOI,2026,rumhumha,10.4102/sajr.v30i1.3366,30,,SA JOURNAL OF RADIOLOGY,"Splenic pathologies: A pictorial review of common, wandering, twisting and rare presentations"
WS0019,PubMed,41948767,kept,,2026,elshabrawi,10.1002/ccr3.72385,14,72385,Clinical case reports,Elective Robotic Splenectomy for Wandering Spleen-Associated Pancreatitis: A  Novel Case Report.
WS0019,WoS,WOS:001733158700001,duplicate,T1 DOI,2026,elshabrawi,10.1002/ccr3.72385,14,,CLINICAL CASE REPORTS,Elective Robotic Splenectomy for Wandering Spleen-Associated Pancreatitis: A Novel Case Report
WS0020,PubMed,41847488,kept,,2026,depoix,,67,290,The Canadian veterinary journal = La revue veterinaire canadienne,Multifocal costal osseous pneumatosis and osteomyelitis secondary to Clostridium  botulinum in a dog.
WS0020,WoS,WOS:001865167100008,duplicate,T2 title+author+year,2026,depoix,,67,290,CANADIAN VETERINARY JOURNAL-REVUE VETERINAIRE CANADIENNE,Multifocal costal osseous pneumatosis and osteomyelitis secondary to Clostridium botulinum in a dog
WS0021,PubMed,41837052,kept,,2026,kunwar,10.1097/rc9.0000000000000302,138,1099,International journal of surgery case reports,Splenectomy vs. splenopexy and analysis of wandering spleen management across age  groups: a case report.
WS0022,PubMed,41836978,kept,,2026,yigzaw,10.1097/rc9.0000000000000001,138,438,International journal of surgery case reports,Wandering spleen: a rare and challenging diagnosis in pregnancy - a case report  from Ethiopia.
WS0023,PubMed,41773117,kept,,2026,zhu,10.7759/cureus.102609,18,102609,Cureus,Splenic Torsion in a Patient With Situs Inversus Totalis and Polysplenia:  Challenging Diagnosis and Treatment of a Rare Case.
WS0024,Scopus,105050400232,kept,T1 DOI,2026,fujita,10.2169/internalmedicine.6440-25,65,2535,Internal Medicine,Gastric Volvulus Complicated with a Wandering Spleen
WS0024,PubMed,41708114,duplicate,,2026,fujita,10.2169/internalmedicine.6440-25,65,2535,"Internal medicine (Tokyo, Japan)",Gastric Volvulus Complicated with a Wandering Spleen.
WS0024,WoS,WOS:001693459200001,duplicate,T1 DOI,2026,fujita,10.2169/internalmedicine.6440-25,65,2535,INTERNAL MEDICINE,Gastric volvulus complicated with a wandering spleen
WS0025,PubMed,41583261,kept,,2025,de,10.7759/cureus.100034,17,100034,Cureus,A Rare Case of a Large Diaphragmatic Hernia With Upward Hepatic Transposition.
WS0026,PubMed,41560065,kept,,2026,jin,10.1097/md.0000000000047197,105,47197,Medicine,Recurrent gastric variceal bleeding due to wandering spleen - complete resolution  following laparoscopic splenectomy: A case report.
WS0026,Scopus,105028138036,duplicate,T1 DOI,2026,jin,10.1097/md.0000000000047197,105,,Medicine (United States),Recurrent gastric variceal bleeding due to wandering spleen – complete resolution following laparoscopic splenectomy: A case report
WS0026,WoS,WOS:001679911000006,duplicate,T1 DOI,2026,jin,10.1097/md.0000000000047197,105,,MEDICINE,Recurrent gastric variceal bleeding due to wandering spleen - complete resolution following laparoscopic splenectomy: A case report
WS0027,PubMed,41525125,kept,,2026,zangari,10.7417/ct.2026.1986,177,146,La Clinica terapeutica,Rare causes of acute abdomen in a paediatric surgery department: a 5-years  review.
WS0027,Scopus,105027135760,duplicate,T1 DOI,2026,zangari,10.7417/ct.2026.1986,177,146,Clinica Terapeutica,Rare causes of acute abdomen in a paediatric surgery department: a 5-years review
WS0028,PubMed,41522659,kept,,2026,youssef,10.1155/cris/6307093,2026,6307093,Case reports in surgery,Acute Abdominal Pain in Pregnancy Revealing a Wandering Spleen With Infarction: A  Case Report.
WS0028,WoS,WOS:001656937700001,duplicate,T1 DOI,2026,youssef,10.1155/cris/6307093,2026,,CASE REPORTS IN SURGERY,Acute Abdominal Pain in Pregnancy Revealing a Wandering Spleen With Infarction: A Case Report
WS0029,PubMed,41476387,kept,,2026,caiaffa,10.1002/ijgo.70786,174,485,International journal of gynaecology and obstetrics: the official organ of the  International Federation of Gynaecology and Obstetrics,Wandering accessory paracervical spleen undergoing torsion in pregnancy: A  challenging diagnosis and management.
WS0029,Scopus,105026995678,duplicate,T1 DOI,2026,caiaffa,10.1002/ijgo.70786,174,485,International Journal of Gynecology and Obstetrics,Wandering accessory paracervical spleen undergoing torsion in pregnancy: A challenging diagnosis and management
WS0029,WoS,WOS:001651944700001,duplicate,T1 DOI,2026,caiaffa,10.1002/ijgo.70786,174,485,INTERNATIONAL JOURNAL OF GYNECOLOGY & OBSTETRICS,Wandering accessory paracervical spleen undergoing torsion in pregnancy: A challenging diagnosis and management
WS0030,PubMed,41454945,kept,,2026,waldron,10.1007/s00261-025-05346-4,51,4189,Abdominal radiology (New York),Twisting in the abdomen and pelvis: a review of organ torsions.
WS0030,Scopus,105026277524,duplicate,T1 DOI,2026,waldron,10.1007/s00261-025-05346-4,51,4189,Abdominal Radiology,Twisting in the abdomen and pelvis: a review of organ torsions
WS0030,WoS,WOS:001649154500001,duplicate,T1 DOI,2026,waldron,10.1007/s00261-025-05346-4,51,4189,ABDOMINAL RADIOLOGY,Twisting in the abdomen and pelvis: a review of organ torsions
WS0031,PubMed,41378192,kept,,2025,vasta,10.3389/fped.2025.1705547,13,1705547,Frontiers in pediatrics,Gastric volvulus and wandering spleen in Pitt-Hopkins syndrome: first paediatric  case report.
WS0031,Scopus,105024189174,duplicate,T1 DOI,2025,vasta,10.3389/fped.2025.1705547,13,,Frontiers in Pediatrics,Gastric volvulus and wandering spleen in Pitt–Hopkins syndrome: first paediatric case report
WS0031,WoS,WOS:001632668200001,duplicate,T1 DOI,2025,vasta,10.3389/fped.2025.1705547,13,,FRONTIERS IN PEDIATRICS,Gastric volvulus and wandering spleen in Pitt-Hopkins syndrome: first paediatric case report
WS0032,PubMed,41364221,kept,,2026,aggarwal,10.1007/s00261-025-05322-y,51,3716,Abdominal radiology (New York),Whirl sign in splenic torsion: an uncommon complication of wandering spleen.
WS0032,Scopus,105024763396,duplicate,T1 DOI,2026,aggarwal,10.1007/s00261-025-05322-y,51,3716,Abdominal Radiology,Whirl sign in splenic torsion: an uncommon complication of wandering spleen
WS0032,WoS,WOS:001634409300001,duplicate,T1 DOI,2026,aggarwal,10.1007/s00261-025-05322-y,51,3716,ABDOMINAL RADIOLOGY,Whirl sign in splenic torsion: an uncommon complication of wandering spleen
WS0033,PubMed,41293622,kept,,2025,kishida,10.70352/scrj.cr.25-0380,11,,Surgical case reports,Splenic Torsion in a Patient with Polysplenia Syndrome and Dorsal Pancreatic  Agenesis: A Case Report.
WS0033,WoS,WOS:001619256400001,duplicate,T1 DOI,2025,kishida,10.70352/scrj.cr.25-0380,11,,SURGICAL CASE REPORTS,Splenic Torsion in a Patient with Polysplenia Syndrome and Dorsal Pancreatic Agenesis: A Case Report
WS0034,PubMed,41132620,kept,,2025,aumeerally,10.1093/jscr/rjaf841,2025,841,Journal of surgical case reports,A puzzling pelvic passenger: case report of a wandering splenunculus.
WS0034,Scopus,105020048411,duplicate,T1 DOI,2025,aumeerally,10.1093/jscr/rjaf841,2025,,Journal of Surgical Case Reports,A puzzling pelvic passenger: case report of a wandering splenunculus
WS0034,WoS,WOS:001597613800001,duplicate,T1 DOI,2025,aumeerally,10.1093/jscr/rjaf841,2025,,JOURNAL OF SURGICAL CASE REPORTS,A puzzling pelvic passenger: case report of a wandering splenunculus
WS0035,PubMed,41113293,kept,,2025,layegh,10.1002/ccr3.71007,13,71007,Clinical case reports,"Gastric Volvulus, Pancreatic Volvulus, and Wandering Spleen: A Rare Emergency  Triad Behind Acute Abdomen."
WS0035,WoS,WOS:001596312500001,duplicate,T1 DOI,2025,layegh,10.1002/ccr3.71007,13,,CLINICAL CASE REPORTS,"Gastric Volvulus, Pancreatic Volvulus, and Wandering Spleen: A Rare Emergency Triad Behind Acute Abdomen"
WS0036,PubMed,41113236,kept,,2025,alsobyani,10.1093/jscr/rjaf808,2025,808,Journal of surgical case reports,Gastric volvulus in an elderly male with a hiatal hernia and a wandering spleen:  a case report.
WS0036,Scopus,105019357471,duplicate,T1 DOI,2025,alsobyani,10.1093/jscr/rjaf808,2025,,Journal of Surgical Case Reports,Gastric volvulus in an elderly male with a hiatal hernia and a wandering spleen: a case report
WS0036,WoS,WOS:001594126600001,duplicate,T1 DOI,2025,alsobyani,10.1093/jscr/rjaf808,2025,,JOURNAL OF SURGICAL CASE REPORTS,Gastric volvulus in an elderly male with a hiatal hernia and a wandering spleen: a case report
WS0037,PubMed,41109937,kept,,2026,zhuo,10.1007/s10620-025-09482-1,71,1145,Digestive diseases and sciences,Ectopic Spleen in the Gastric Fundus.
WS0037,Scopus,105019225174,duplicate,T1 DOI,2026,zhuo,10.1007/s10620-025-09482-1,71,1145,Digestive Diseases and Sciences,Ectopic Spleen in the Gastric Fundus
WS0037,WoS,WOS:001597146100001,duplicate,T1 DOI,2026,zhuo,10.1007/s10620-025-09482-1,71,1145,DIGESTIVE DISEASES AND SCIENCES,Ectopic Spleen in the Gastric Fundus
WS0038,PubMed,41079801,kept,,2025,yambah,10.1002/ccr3.71204,13,71204,Clinical case reports,"Wandering Spleen, A Rare Cause of Acute Abdomen: A Case Report."
WS0038,WoS,WOS:001591098500001,duplicate,T1 DOI,2025,yambah,10.1002/ccr3.71204,13,,CLINICAL CASE REPORTS,"Wandering Spleen, A Rare Cause of Acute Abdomen: A Case Report"
WS0039,PubMed,41049083,kept,,2025,alaraby,10.1093/jscr/rjaf771,2025,771,Journal of surgical case reports,Splenic torsion in polysplenia syndrome: a rare cause of acute abdomen in a  paediatric patient.
WS0039,Scopus,105017579773,duplicate,T1 DOI,2025,alaraby,10.1093/jscr/rjaf771,2025,,Journal of Surgical Case Reports,Splenic torsion in polysplenia syndrome: A rare cause of acute abdomen in a paediatric patient
WS0039,WoS,WOS:001586212600001,duplicate,T1 DOI,2025,alaraby,10.1093/jscr/rjaf771,2025,,JOURNAL OF SURGICAL CASE REPORTS,Splenic torsion in polysplenia syndrome: a rare cause of acute abdomen in a paediatric patient
WS0040,PubMed,40951031,kept,,2025,m,10.7759/cureus.90043,17,90043,Cureus,Splenic Pedicle Volvulus in a Wandering Spleen: A Rare Pediatric Emergency.
WS0041,PubMed,40918681,kept,,2025,liu,10.1155/carm/4875687,2025,4875687,Case reports in medicine,A Case of Ectopic Spleen Transplanted Into the Sigmoid Colon and Pelvic  Peritoneum.
WS0041,Scopus,105014590885,duplicate,T1 DOI,2025,liu,10.1155/carm/4875687,2025,,Case Reports in Medicine,A Case of Ectopic Spleen Transplanted Into the Sigmoid Colon and Pelvic Peritoneum
WS0041,WoS,WOS:001563292400001,duplicate,T1 DOI,2025,liu,10.1155/carm/4875687,2025,,CASE REPORTS IN MEDICINE,A Case of Ectopic Spleen Transplanted Into the Sigmoid Colon and Pelvic Peritoneum
WS0042,PubMed,40893905,kept,,2025,liu,10.3389/fmed.2025.1646831,12,1646831,Frontiers in medicine,Splenectomy for wandering spleen with pedicle torsion in a 17-year-old: a case  report.
WS0042,Scopus,105014248038,duplicate,T1 DOI,2025,liu,10.3389/fmed.2025.1646831,12,,Frontiers in Medicine,Splenectomy for wandering spleen with pedicle torsion in a 17-year-old: a case report
WS0042,WoS,WOS:001559221200001,duplicate,T1 DOI,2025,liu,10.3389/fmed.2025.1646831,12,,FRONTIERS IN MEDICINE,Splenectomy for wandering spleen with pedicle torsion in a 17-year-old: a case report
WS0043,PubMed,40861332,kept,,2025,innami,10.70352/scrj.cr.25-0111,11,,Surgical case reports,Detorsion of Wandering Spleen Causes Significant Hypersplenism Resulting in  Thrombocytopenia and Spinal Cord Injury: A Case Report.
WS0043,WoS,WOS:001571168100001,duplicate,T1 DOI,2025,innami,10.70352/scrj.cr.25-0111,11,,SURGICAL CASE REPORTS,Detorsion of Wandering Spleen Causes Significant Hypersplenism Resulting in Thrombocytopenia and Spinal Cord Injury: A Case Report
WS0044,PubMed,40830774,kept,,2025,al,10.1186/s12887-025-06005-9,25,631,BMC pediatrics,The enigmatic wandering spleen: managing three cases in a tertiary setting.
WS0044,Scopus,105013631238,duplicate,T1 DOI,2025,al,10.1186/s12887-025-06005-9,25,,BMC Pediatrics,The enigmatic wandering spleen: managing three cases in a tertiary setting
WS0044,WoS,WOS:001553252400001,duplicate,T1 DOI,2025,al,10.1186/s12887-025-06005-9,25,,BMC PEDIATRICS,The enigmatic wandering spleen: managing three cases in a tertiary setting
WS0045,PubMed,40821369,kept,,2025,benbrahim,10.1016/j.radcr.2025.05.050,20,5474,Radiology case reports,Wandering spleen torsion with splenic vein thrombosis: A case report.
WS0046,PubMed,40821234,kept,,2025,ouachaou,10.7759/cureus.88006,17,88006,Cureus,Torsion of an Accessory Spleen Presenting as Acute Right Iliac Fossa Pain: A Case  Report.
WS0047,PubMed,40808892,kept,,2025,sawaftah,10.1155/crpe/9927034,2025,9927034,Case reports in pediatrics,Massively Enlarged Wandering Spleen With Torsion and Infarction in a 10-Year-Old:  Case Report and Comprehensive Literature Review.
WS0047,WoS,WOS:001545123900001,duplicate,T1 DOI,2025,sawaftah,10.1155/crpe/9927034,2025,,CASE REPORTS IN PEDIATRICS,Massively Enlarged Wandering Spleen With Torsion and Infarction in a 10-Year-Old: Case Report and Comprehensive Literature Review
WS0048,PubMed,40804705,kept,,2025,knight,10.1111/petr.70161,29,70161,Pediatric transplantation,Wandering Spleen in a Pediatric Lung Transplant Patient With Filamin A  Deficiency: An Incidental Finding.
WS0048,Scopus,105013106362,duplicate,T1 DOI,2025,knight,10.1111/petr.70161,29,,Pediatric Transplantation,Wandering Spleen in a Pediatric Lung Transplant Patient With Filamin A Deficiency: An Incidental Finding
WS0048,WoS,WOS:001549859200001,duplicate,T1 DOI,2025,knight,10.1111/petr.70161,29,,PEDIATRIC TRANSPLANTATION,Wandering Spleen in a Pediatric Lung Transplant Patient With Filamin A Deficiency: An Incidental Finding
WS0049,PubMed,40764094,kept,,2025,zhao,10.3760/cma.j.cn112137-20250227-00466,105,2507,Zhonghua yi xue za zhi,[Ultrasonic manifestations of splenic torsion in children].
WS0049,Scopus,105012373843,duplicate,T1 DOI,2025,zhao,10.3760/cma.j.cn112137-20250227-00466,105,2507,National Medical Journal of China,Ultrasonic manifestations of splenic torsion in children
WS0049,Wanfang,https://d.wanfangdata.com.cn/periodical/CiBQZXJpb2RpY2FsQ0hJU29scjkyMDI2MDkxNTE0MjIxORINemh5eDIwMjUyOTAwORoIaWIxYjJ1aHo%3D,duplicate,T1 DOI,2025,赵娜,10.3760/cma.j.cn112137-20250227-00466,105,2507,中华医学杂志,儿童脾扭转的超声表现
WS0049,CNKI,https://kns.cnki.net/kcms2/article/abstract?v=DgjXjbKQq8fluUpbXZuwQA8Z9YEY0y5eowbwzf4Sxzw3mMskfiXBMcpCC4zt54xRcB7zt34WHyBnXDI81LiOMTDqlZkpnkZVpndaVVQ7gPaX7gWXR9a8iwKaA3ed0LMGpNj4eEcN5BAN1DhEOT1yJZWKaDpGBHBpbIL1joIYaXeB-EwO-WDl7g==&uniplatform=NZKPT&language=CHS,duplicate,,2025,赵娜,,105,2507,中华医学杂志,儿童脾扭转的超声表现
WS0049,CBM,2025471549,duplicate,T2 title+author+year,2025,赵娜,,105,2507,中华医学杂志,儿童脾扭转的超声表现
WS0050,PubMed,40755659,kept,,2025,slaoui,10.7759/cureus.87114,17,87114,Cureus,An Adult Case of Gastric Volvulus Associated With Wandering Spleen: A Case  Report.
WS0051,PubMed,40735167,kept,,2025,sanabria,10.1093/bjrcr/uaaf035,11,035,BJR case reports,Accessory spleen torsion: a hidden etiology of acute abdominal emergency.
WS0051,Scopus,105047770800,duplicate,T1 DOI,2025,sanabria,10.1093/bjrcr/uaaf035,11,,BJR Case Reports,Accessory spleen torsion: a hidden etiology of acute abdominal emergency
WS0051,WoS,WOS:001537439000001,duplicate,T1 DOI,2025,greciano,10.1093/bjrcr/uaaf035,11,,BJR CASE REPORTS,Accessory spleen torsion: a hidden etiology of acute abdominal emergency
WS0052,PubMed,40729296,kept,,2024,inggriani,10.3390/reports7030073,7,,Reports (MDPI),"Wandering Spleen Complicated by Thrombocytopenia, Acute Appendicitis, and Sepsis:  A Case Report and Literature Review."
WS0052,WoS,WOS:001323706800001,duplicate,T1 DOI,2024,inggriani,10.3390/reports7030073,7,,REPORTS,"Wandering Spleen Complicated by Thrombocytopenia, Acute Appendicitis, and Sepsis: A Case Report and Literature Review"
WS0053,PubMed,40725800,kept,,2025,arkuszewski,10.3390/jcm14145107,14,,Journal of clinical medicine,Splenic Torsion Following Blunt Abdominal Trauma.
WS0053,Scopus,105011726806,duplicate,T1 DOI,2025,arkuszewski,10.3390/jcm14145107,14,,Journal of Clinical Medicine,Splenic Torsion Following Blunt Abdominal Trauma
WS0053,WoS,WOS:001535782000001,duplicate,T1 DOI,2025,arkuszewski,10.3390/jcm14145107,14,,JOURNAL OF CLINICAL MEDICINE,Splenic Torsion Following Blunt Abdominal Trauma
WS0054,PubMed,40682101,kept,,2025,vassallo,10.1186/s13052-025-02059-8,51,238,Italian journal of pediatrics,Acute splenic torsion in an adolescent with polysplenia syndrome: case report.
WS0054,Scopus,105010893810,duplicate,T1 DOI,2025,vassallo,10.1186/s13052-025-02059-8,51,,Italian Journal of Pediatrics,Acute splenic torsion in an adolescent with polysplenia syndrome: case report
WS0054,WoS,WOS:001531146300001,duplicate,T1 DOI,2025,vassallo,10.1186/s13052-025-02059-8,51,,ITALIAN JOURNAL OF PEDIATRICS,Acute splenic torsion in an adolescent with polysplenia syndrome: case report
WS0055,PubMed,40611920,kept,,2025,di,10.3389/fsurg.2025.1586986,12,1586986,Frontiers in surgery,Ultrasonographic diagnosis of splenic torsion: a case report.
WS0055,Scopus,105009838065,duplicate,T1 DOI,2025,di,10.3389/fsurg.2025.1586986,12,,Frontiers in Surgery,Ultrasonographic diagnosis of splenic torsion: a case report
WS0055,WoS,WOS:001521767800001,duplicate,T1 DOI,2025,di,10.3389/fsurg.2025.1586986,12,,FRONTIERS IN SURGERY,Ultrasonographic diagnosis of splenic torsion: a case report
WS0056,PubMed,40607365,kept,,2025,hernandez,10.3389/fvets.2025.1596698,12,1596698,Frontiers in veterinary science,Case Report: Acute primary splenic torsion in a maned wolf (Chrysocyon  brachyurus).
WS0056,Scopus,105009621823,duplicate,T1 DOI,2025,hernandez,10.3389/fvets.2025.1596698,12,,Frontiers in Veterinary Science,Case Report: Acute primary splenic torsion in a maned wolf (Chrysocyon brachyurus)
WS0056,WoS,WOS:001521141700001,duplicate,T1 DOI,2025,hernandez,10.3389/fvets.2025.1596698,12,,FRONTIERS IN VETERINARY SCIENCE,Case Report: Acute primary splenic torsion in a maned wolf (Chrysocyon brachyurus)
WS0057,PubMed,40606585,kept,,2025,siouri,10.1016/j.radcr.2025.05.063,20,4469,Radiology case reports,Wandering spleen presenting as a pelvic mass: A rare case report and literature  review.
WS0058,PubMed,40568276,kept,,2025,gautam,10.7759/cureus.84819,17,84819,Cureus,Abdominal Pain Unveiled: Torsion of a Wandering Spleen in a Background of Biliary  Stenting.
WS0059,PubMed,40557005,kept,,2025,al-bdairi,10.7759/cureus.84795,17,84795,Cureus,Discontinuous Splenogonadal Fusion: A Case Report.
WS0060,PubMed,40550875,kept,,2025,daniela,10.1007/s00404-025-08009-3,312,991,Archives of gynecology and obstetrics,About the management of patients with wandering spleen in pregnancy and  postpartum.
WS0060,Scopus,105008770639,duplicate,T1 DOI,2025,daniela,10.1007/s00404-025-08009-3,312,991,Archives of Gynecology and Obstetrics,About the management of patients with wandering spleen in pregnancy and postpartum
WS0060,WoS,WOS:001513477500001,duplicate,T1 DOI,2025,daniela,10.1007/s00404-025-08009-3,312,991,ARCHIVES OF GYNECOLOGY AND OBSTETRICS,About the management of patients with wandering spleen in pregnancy and postpartum
WS0061,PubMed,40529386,kept,,2025,lombardo,10.1155/crra/6697671,2025,6697671,Case reports in radiology,The Wanderer: Acute Abdomen Secondary to a Wandering Spleen.
WS0062,PubMed,40507662,kept,,2025,grochowska,10.3390/jcm14113901,14,,Journal of clinical medicine,Wandering Accessory Spleen and Its Implications for Modern Clinical Practice.
WS0062,Scopus,105007661825,duplicate,T1 DOI,2025,grochowska,10.3390/jcm14113901,14,,Journal of Clinical Medicine,Wandering Accessory Spleen and Its Implications for Modern Clinical Practice
WS0062,WoS,WOS:001505638200001,duplicate,T1 DOI,2025,grochowska,10.3390/jcm14113901,14,,JOURNAL OF CLINICAL MEDICINE,Wandering Accessory Spleen and Its Implications for Modern Clinical Practice
WS0063,PubMed,40486164,kept,,2025,negasi,10.1016/j.radcr.2025.04.097,20,3765,Radiology case reports,A case of conservatively managed pelvic wandering spleen clinically mimicking  uterine mass: A case report and literature review.
WS0064,PubMed,40442357,kept,,2025,zeng,10.1007/s00464-025-11764-8,39,4386,Surgical endoscopy,Abnormal anatomical landmarks: the guide points of laparoscopic Ladd's surgery  for neonatal congenital intestinal malrotation.
WS0065,PubMed,40412853,kept,,2025,garcia-hidalgo,10.1016/j.rxeng.2024.11.006,67,395,Radiologia,Acute abdomen secondary to torsion of a wandering spleen.
WS0065,Scopus,105003583447,duplicate,T1 DOI,2025,garcia-hidalgo,10.1016/j.rx.2024.11.004,67,395,Radiologia,Acute abdomen secondary to torsion of a wandering spleen
WS0065,WoS,WOS:001488824500001,duplicate,T2 title+author+year,2025,garcia-hidalgo,10.1016/j.rx.2024.11.004,67,395,RADIOLOGIA,Acute abdomen secondary to torsion of a wandering spleen
WS0066,PubMed,40368246,kept,,2025,guerra,10.1016/j.clinre.2025.102614,49,102614,Clinics and research in hepatology and gastroenterology,A wandering spleen.
WS0066,Scopus,105004898363,duplicate,T1 DOI,2025,guerra,10.1016/j.clinre.2025.102614,49,,Clinics and Research in Hepatology and Gastroenterology,A wandering spleen
WS0066,WoS,WOS:001495368000001,duplicate,T1 DOI,2025,guerra,10.1016/j.clinre.2025.102614,49,,CLINICS AND RESEARCH IN HEPATOLOGY AND GASTROENTEROLOGY,A wandering spleen
WS0067,PubMed,40347907,kept,,2025,aljuba,10.1016/j.ijscr.2025.111421,131,111421,International journal of surgery case reports,A case of torsed wandering spleen presenting as perforated acute appendicitis: A  case report and literature review.
WS0067,Scopus,105004429845,duplicate,T1 DOI,2025,aljuba,10.1016/j.ijscr.2025.111421,131,,International Journal of Surgery Case Reports,A case of torsed wandering spleen presenting as perforated acute appendicitis: A case report and literature review
WS0067,WoS,WOS:001492926500001,duplicate,T1 DOI,2025,aljuba,10.1016/j.ijscr.2025.111421,131,,INTERNATIONAL JOURNAL OF SURGERY CASE REPORTS,A case of torsed wandering spleen presenting as perforated acute appendicitis: A case report and literature review
WS0068,PubMed,40306103,kept,,2025,elnour,10.1016/j.ijscr.2025.111391,131,111391,International journal of surgery case reports,A painful twist: Wandering spleen with torsion and infarction: A case report.
WS0068,Scopus,105003589990,duplicate,T1 DOI,2025,elnour,10.1016/j.ijscr.2025.111391,131,,International Journal of Surgery Case Reports,A painful twist: Wandering spleen with torsion and infarction: A case report
WS0068,WoS,WOS:001485003100002,duplicate,T1 DOI,2025,elnour,10.1016/j.ijscr.2025.111391,131,,INTERNATIONAL JOURNAL OF SURGERY CASE REPORTS,A painful twist: Wandering spleen with torsion and infarction: A case report
WS0069,PubMed,40231162,kept,,2025,tang,10.1016/j.acepjo.2025.100105,6,100105,Journal of the American College of Emergency Physicians open,An Unusual Cause of Pediatric Anemia and Jaundice.
WS0069,Scopus,105001037238,duplicate,T1 DOI,2025,tang,10.1016/j.acepjo.2025.100105,6,,JACEP Open,An Unusual Cause of Pediatric Anemia and Jaundice
WS0069,WoS,WOS:001468077600001,duplicate,T1 DOI,2025,tang,10.1016/j.acepjo.2025.100105,6,,JOURNAL OF THE AMERICAN COLLEGE OF EMERGENCY PHYSICIANS OPEN,An Unusual Cause of Pediatric Anemia and Jaundice
WS0070,PubMed,40191661,kept,,2025,feleke,10.1093/jscr/rjaf182,2025,182,Journal of surgical case reports,Ectopic splenic torsion-a challenging diagnosis in a resource-limited setting  mimicking a gynecologic emergency: a case report.
WS0070,Scopus,105002136644,duplicate,T1 DOI,2025,feleke,10.1093/jscr/rjaf182,2025,,Journal of Surgical Case Reports,Ectopic splenic torsion—a challenging diagnosis in a resource-limited setting mimicking a gynecologic emergency: a case report
WS0070,WoS,WOS:001458536600001,duplicate,T1 DOI,2025,feleke,10.1093/jscr/rjaf182,2025,,JOURNAL OF SURGICAL CASE REPORTS,Ectopic splenic torsion-a challenging diagnosis in a resource-limited setting mimicking a gynecologic emergency: a case report
WS0071,PubMed,40183998,kept,,2025,cesana,10.1007/s13304-025-02181-6,77,1261,Updates in surgery,Case report: laparoscopic keyhole splenopexy with composite mesh for wandering  spleen.
WS0071,Scopus,105002131131,duplicate,T1 DOI,2025,cesana,10.1007/s13304-025-02181-6,77,1261,Updates in Surgery,Case report: laparoscopic keyhole splenopexy with composite mesh for wandering spleen
WS0071,WoS,WOS:001459726500001,duplicate,T1 DOI,2025,cesana,10.1007/s13304-025-02181-6,77,1261,UPDATES IN SURGERY,Case report: laparoscopic keyhole splenopexy with composite mesh for wandering spleen
WS0072,PubMed,40120328,kept,,2025,melkamu,10.1016/j.ijscr.2025.111144,129,111144,International journal of surgery case reports,"Torsion of a wandering spleen, a rare cause of acute abdomen: A case report."
WS0072,Scopus,105000344408,duplicate,T1 DOI,2025,melkamu,10.1016/j.ijscr.2025.111144,129,,International Journal of Surgery Case Reports,"Torsion of a wandering spleen, a rare cause of acute abdomen: A case report"
WS0072,WoS,WOS:001453104900001,duplicate,T1 DOI,2025,melkamu,10.1016/j.ijscr.2025.111144,129,,INTERNATIONAL JOURNAL OF SURGERY CASE REPORTS,"Torsion of a wandering spleen, a rare cause of acute abdomen: A case report"
WS0073,PubMed,40065330,kept,,2025,rad,10.1186/s12902-024-01829-5,25,65,BMC endocrine disorders,Pheochromocytoma in a patient with heterotaxy syndrome: a case report.
WS0073,Scopus,86000724097,duplicate,T1 DOI,2025,rad,10.1186/s12902-024-01829-5,25,,BMC Endocrine Disorders,Pheochromocytoma in a patient with heterotaxy syndrome: a case report
WS0073,WoS,WOS:001440991500001,duplicate,T1 DOI,2025,rad,10.1186/s12902-024-01829-5,25,,BMC ENDOCRINE DISORDERS,Pheochromocytoma in a patient with heterotaxy syndrome: a case report
WS0074,PubMed,40032560,kept,,2025,bond,10.1136/bcr-2023-259196,18,,BMJ case reports,Postpartum splenic torsion in a patient with a wandering spleen and splenomegaly.
WS0074,Scopus,86000278168,duplicate,T1 DOI,2025,bond,10.1136/bcr-2023-259196,18,,BMJ Case Reports,Postpartum splenic torsion in a patient with a wandering spleen and splenomegaly
WS0074,WoS,WOS:001436168900001,duplicate,T1 DOI,2025,bond,10.1136/bcr-2023-259196,18,,BMJ CASE REPORTS,Postpartum splenic torsion in a patient with a wandering spleen and splenomegaly
WS0075,PubMed,40030633,kept,,2025,li,10.11152/mu-4484,27,110,Medical ultrasonography,Torsion with necrosis of a wandering spleen in a child.
WS0075,Scopus,86000279175,duplicate,T1 DOI,2025,li,10.11152/mu-4484,27,110,Medical Ultrasonography,Torsion with necrosis of a wandering spleen in a child
WS0075,WoS,WOS:001473171200021,duplicate,T1 DOI,2025,li,10.11152/mu-4484,27,,MEDICAL ULTRASONOGRAPHY,Torsion with necrosis of a wandering spleen in a child
WS0076,PubMed,39990618,kept,,2025,kashbour,10.1016/j.radcr.2025.01.057,20,2203,Radiology case reports,Emergency radiological evaluation of wandering spleen volvulus and infarction: A  case report and review of literature.
WS0077,PubMed,39968248,kept,,2025,mandarano,10.4103/jiaps.jiaps_122_24,30,81,Journal of Indian Association of Pediatric Surgeons,Acute Gastric Volvulus Associated with Wandering Spleen and Diaphragmatic  Eventration in a 5-month-old Girl.
WS0077,Scopus,85214888227,duplicate,T1 DOI,2025,mandarano,10.4103/jiaps.jiaps_122_24,30,81,Journal of Indian Association of Pediatric Surgeons,Acute Gastric Volvulus Associated with Wandering Spleen and Diaphragmatic Eventration in a 5‑month‑old Girl
WS0078,PubMed,39909795,kept,,2025,chen,10.1016/j.pedneo.2024.12.002,66,289,Pediatrics and neonatology,A case of mesenteroaxial gastric volvulus with wandering spleen in a 2-year-old  boy.
WS0078,Scopus,85216858478,duplicate,T1 DOI,2025,chen,10.1016/j.pedneo.2024.12.002,66,289,Pediatrics and Neonatology,A case of mesenteroaxial gastric volvulus with wandering spleen in a 2-year-old boy
WS0078,WoS,WOS:001484557800002,duplicate,T1 DOI,2025,chen,10.1016/j.pedneo.2024.12.002,66,289,PEDIATRICS AND NEONATOLOGY,A case of mesenteroaxial gastric volvulus with wandering spleen in a 2-year-old boy
WS0079,PubMed,39897739,kept,,2025,truong,10.1016/j.radcr.2024.12.047,20,1791,Radiology case reports,Wandering spleen with torsion in pelvic: A case report and literature review.
WS0080,PubMed,39891292,kept,,2025,gashaw,10.1186/s13256-024-05003-2,19,41,Journal of medical case reports,Splenic infarction following torsion of wandering spleen involving pancreatic  tail successfully managed in resource limited setting: a case report.
WS0080,Scopus,85217485585,duplicate,T1 DOI,2025,gashaw,10.1186/s13256-024-05003-2,19,,Journal of Medical Case Reports,Splenic infarction following torsion of wandering spleen involving pancreatic tail successfully managed in resource limited setting: a case report
WS0080,WoS,WOS:001412452000002,duplicate,T1 DOI,2025,wubie,10.1186/s13256-024-05003-2,19,,JOURNAL OF MEDICAL CASE REPORTS,Splenic infarction following torsion of wandering spleen involving pancreatic tail successfully managed in resource limited setting: a case report
WS0081,PubMed,39705258,kept,,2024,gu,10.1371/journal.pone.0312548,19,0312548,PloS one,Analysis of associated malformations by computed tomography in adults with  polysplenia syndrome: A pilot study.
WS0082,PubMed,39666269,kept,,2025,hosoi,10.1007/s12328-024-02082-y,18,389,Clinical journal of gastroenterology,Torsion of the wandering spleen with intestinal obstruction.
WS0082,Scopus,85211628719,duplicate,T1 DOI,2025,hosoi,10.1007/s12328-024-02082-y,18,389,Clinical Journal of Gastroenterology,Torsion of the wandering spleen with intestinal obstruction
WS0082,WoS,WOS:001376273600001,duplicate,T1 DOI,2025,hosoi,10.1007/s12328-024-02082-y,18,389,CLINICAL JOURNAL OF GASTROENTEROLOGY,Torsion of the wandering spleen with intestinal obstruction
WS0083,PubMed,39654567,kept,,2025,hosoda,10.1016/j.radcr.2024.10.115,20,903,Radiology case reports,Intraperitoneal hemorrhage due to accessory spleen torsion: Case report.
WS0084,PubMed,39631916,kept,,2024,calatayud,10.1136/bcr-2024-263013,17,,BMJ case reports,Splenic torsion in a patient with paraplegia: considerations for evaluation and  management.
WS0084,Scopus,85211688510,duplicate,T1 DOI,2024,calatayud,10.1136/bcr-2024-263013,17,,BMJ Case Reports,Splenic torsion in a patient with paraplegia: Considerations for evaluation and management
WS0084,WoS,WOS:001371656900001,duplicate,T1 DOI,2024,calatayud,10.1136/bcr-2024-263013,17,,BMJ CASE REPORTS,Splenic torsion in a patient with paraplegia: considerations for evaluation and management
WS0085,PubMed,39615250,kept,,2025,aregawi,10.1016/j.ijscr.2024.110678,126,110678,International journal of surgery case reports,Wandering spleen with torsion causing an acute abdomen: A case report.
WS0085,Scopus,85210536271,duplicate,T1 DOI,2025,aregawi,10.1016/j.ijscr.2024.110678,126,,International Journal of Surgery Case Reports,Wandering spleen with torsion causing an acute abdomen: A case report
WS0085,WoS,WOS:001415713400001,duplicate,T1 DOI,2025,aregawi,10.1016/j.ijscr.2024.110678,126,,INTERNATIONAL JOURNAL OF SURGERY CASE REPORTS,Wandering spleen with torsion causing an acute abdomen: A case report
WS0086,PubMed,39553140,kept,,2024,dreesen,10.7759/cureus.71645,16,71645,Cureus,Double Twist and Shout: An Emergency Caused by Torsion of the Ovary and the  Wandering Spleen.
WS0087,PubMed,39536671,kept,,2024,shale,10.1016/j.ijscr.2024.110517,125,110517,International journal of surgery case reports,A rare case of wandering spleen with splenomegaly in a postpartum female patient:  A case report and literature review.
WS0087,Scopus,85208814744,duplicate,T1 DOI,2024,shale,10.1016/j.ijscr.2024.110517,125,,International Journal of Surgery Case Reports,A rare case of wandering spleen with splenomegaly in a postpartum female patient: A case report and literature review
WS0087,WoS,WOS:001357193700001,duplicate,T1 DOI,2024,shale,10.1016/j.ijscr.2024.110517,125,,INTERNATIONAL JOURNAL OF SURGERY CASE REPORTS,A rare case of wandering spleen with splenomegaly in a postpartum female patient: A case report and literature review
WS0088,PubMed,39403664,kept,,2024,hernandez,10.7759/cureus.69369,16,69369,Cureus,Splenic Torsion From a Wandering Spleen.
WS0088,WoS,WOS:001317923000010,duplicate,T1 DOI,2024,hernandez,10.7759/cureus.69369,16,,CUREUS JOURNAL OF MEDICAL SCIENCE,Splenic Torsion From a Wandering Spleen
WS0089,PubMed,39388371,kept,,2024,nelson,10.1148/rg.240004,44,240004,"Radiographics : a review publication of the Radiological Society of North  America, Inc",Spectrum of Heterotopic and Ectopic Splenic Conditions.
WS0089,Scopus,85206061915,duplicate,T1 DOI,2024,nelson,10.1148/rg.240004,44,,Radiographics,Spectrum of Heterotopic and Ectopic Splenic Conditions
WS0089,WoS,WOS:001340204800001,duplicate,T2 title+author+year,2024,nelson,,44,,RADIOGRAPHICS,Spectrum of Heterotopic and Ectopic Splenic Conditions
WS0090,PubMed,39387011,kept,,2024,hamidi,10.1016/j.radcr.2024.08.146,19,6213,Radiology case reports,Computed tomography features and surgical treatment of wandering spleen torsion:  A case report.
WS0091,PubMed,39355703,kept,,2024,vaitkus,,65,1071,The Canadian veterinary journal = La revue veterinaire canadienne,Emphysematous splenic torsion in a German shepherd dog.
WS0091,Scopus,85205527544,duplicate,T2 title+author+year,2024,vaitkus,,65,1071,The Canadian veterinary journal = La revue veterinaire canadienne,Emphysematous splenic torsion in a German shepherd dog
WS0091,WoS,WOS:001398437100013,duplicate,T2 title+author+year,2024,vaitkus,,65,,CANADIAN VETERINARY JOURNAL-REVUE VETERINAIRE CANADIENNE,Emphysematous splenic torsion in a German shepherd dog
WS0092,PubMed,39350792,kept,,2024,cui,10.3389/fped.2024.1429490,12,1429490,Frontiers in pediatrics,Wandering spleen combined with pedicle torsion and splenic infarction: a rare  case report and literature review.
WS0092,Scopus,85205339086,duplicate,T1 DOI,2024,cui,10.3389/fped.2024.1429490,12,,Frontiers in Pediatrics,Wandering spleen combined with pedicle torsion and splenic infarction: a rare case report and literature review
WS0092,WoS,WOS:001321398600001,duplicate,T1 DOI,2024,cui,10.3389/fped.2024.1429490,12,,FRONTIERS IN PEDIATRICS,Wandering spleen combined with pedicle torsion and splenic infarction: a rare case report and literature review
WS0093,PubMed,39161211,kept,,2024,hiraba,10.1111/ped.15810,66,15810,Pediatrics international : official journal of the Japan Pediatric Society,Two cases of pediatric splenic torsion as a possible late complication of  laparoscopic fundoplication.
WS0093,Scopus,85201551181,duplicate,T1 DOI,2024,hiraba,10.1111/ped.15810,66,,Pediatrics International,Two cases of pediatric splenic torsion as a possible late complication of laparoscopic fundoplication
WS0093,WoS,WOS:001294052700001,duplicate,T1 DOI,2024,hiraba,10.1111/ped.15810,66,,PEDIATRICS INTERNATIONAL,Two cases of pediatric splenic torsion as a possible late complication of laparoscopic fundoplication
WS0094,PubMed,39119536,kept,,2024,zayed,10.1093/jscr/rjae499,2024,499,Journal of surgical case reports,Delayed presentation of splenic laceration in a postpartum patient: a case of  wandering spleen.
WS0094,Scopus,85201045373,duplicate,T1 DOI,2024,zayed,10.1093/jscr/rjae499,2024,,Journal of Surgical Case Reports,Delayed presentation of splenic laceration in a postpartum patient: a case of wandering spleen
WS0094,WoS,WOS:001286706300008,duplicate,T1 DOI,2024,zayed,10.1093/jscr/rjae499,2024,,JOURNAL OF SURGICAL CASE REPORTS,Delayed presentation of splenic laceration in a postpartum patient: a case of wandering spleen
WS0095,PubMed,39106744,kept,,2024,suliman,10.1016/j.ijscr.2024.110092,122,110092,International journal of surgery case reports,Hidden for years: Torsion and infarction in the wandering spleen of a 45-year-old  woman.
WS0095,Scopus,85200257188,duplicate,T1 DOI,2024,suliman,10.1016/j.ijscr.2024.110092,122,,International Journal of Surgery Case Reports,Hidden for years: Torsion and infarction in the wandering spleen of a 45-year-old woman
WS0095,WoS,WOS:001289324600001,duplicate,T1 DOI,2024,suliman,10.1016/j.ijscr.2024.110092,122,,INTERNATIONAL JOURNAL OF SURGERY CASE REPORTS,Hidden for years: Torsion and infarction in the wandering spleen of a 45-year-old woman
WS0096,PubMed,38986904,kept,,2025,abellan,10.1016/j.cireng.2024.05.019,103,54,Cirugia espanola,Wandering spleen as a cause of acute abdomen.
WS0096,Scopus,85199963660,duplicate,T1 DOI,2025,abellan,10.1016/j.ciresp.2024.05.020,103,54,Cirugia Espanola,Wandering spleen as a cause of acute abdomen
WS0096,WoS,WOS:001413788500001,duplicate,,2025,lopez,10.1016/j.ciresp.2024.05.020,103,54,CIRUGIA ESPANOLA,Wandering spleen as a cause of acute abdomen
WS0097,PubMed,38982911,kept,,2024,moldovan,10.21614/chirurgia.2024.v.119.i.3.p.330,119,330,"Chirurgia (Bucharest, Romania : 1990)",Ex-situ Open Approach Spleen Preserving Splenic Hilum Lymphadenectomy.
WS0097,Scopus,85198457611,duplicate,T1 DOI,2024,moldovan,10.21614/chirurgia.2024.v.119.i.3.p.330,119,330,Chirurgia (Romania),Ex-situ Open Approach Spleen Preserving Splenic Hilum Lymphadenectomy
WS0097,WoS,WOS:001266644500009,duplicate,T1 DOI,2024,moldovan,10.21614/chirurgia.2024.v.119.i.3.p.330,119,,CHIRURGIA,Ex-situ Open Approach Spleen Preserving Splenic Hilum Lymphadenectomy
WS0098,PubMed,38972105,kept,,2024,farwati,10.1016/j.ijscr.2024.110006,121,110006,International journal of surgery case reports,Bochdalek's hernia in adults: A unique case with gastric volvulus and  intrathoracic kidney.
WS0098,Scopus,85197543313,duplicate,T1 DOI,2024,farwati,10.1016/j.ijscr.2024.110006,121,,International Journal of Surgery Case Reports,Bochdalek's hernia in adults: A unique case with gastric volvulus and intrathoracic kidney
WS0098,WoS,WOS:001266950400001,duplicate,T1 DOI,2024,farwati,10.1016/j.ijscr.2024.110006,121,,INTERNATIONAL JOURNAL OF SURGERY CASE REPORTS,Bochdalek's hernia in adults: A unique case with gastric volvulus and intrathoracic kidney
WS0099,PubMed,38881967,kept,,2024,hanifa,10.1177/2050313x241262141,12,2050313,SAGE open medical case reports,Gastric volvulus with necrosis and gangrene associated with wandering spleen: A  rare case report from Syria.
WS0099,Scopus,85196047044,duplicate,T1 DOI,2024,hanifa,10.1177/2050313x241262141,12,,SAGE Open Medical Case Reports,Gastric volvulus with necrosis and gangrene associated with wandering spleen: A rare case report from Syria
WS0099,WoS,WOS:001246640700001,duplicate,T1 DOI,2024,hanifa,10.1177/2050313x241262141,12,,SAGE OPEN MEDICAL CASE REPORTS,Gastric volvulus with necrosis and gangrene associated with wandering spleen: A rare case report from Syria
WS0100,PubMed,38839447,kept,,2024,poirier,10.1016/j.jviscsurg.2024.05.005,161,402,Journal of visceral surgery,Wandering spleen: Diagnosis and treatment.
WS0100,Scopus,85195086988,duplicate,T1 DOI,2024,poirier,10.1016/j.jviscsurg.2024.05.005,161,402,Journal of Visceral Surgery,Wandering spleen: Diagnosis and treatment
WS0100,WoS,WOS:001385685100001,duplicate,T1 DOI,2024,poirier,10.1016/j.jviscsurg.2024.05.005,161,402,JOURNAL OF VISCERAL SURGERY,Wandering spleen: Diagnosis and treatment
WS0101,PubMed,38824616,kept,,2024,ronaky,10.1556/650.2024.33054,165,866,Orvosi hetilap,[Torsion of the wandering spleen in childhood - report of 3 cases].
WS0101,WoS,WOS:001262273400004,duplicate,T1 DOI,2024,ronaky,10.1556/650.2024.33054,165,866,ORVOSI HETILAP,Torsion of the wandering spleen in childhood - report of 3 cases
WS0101,Scopus,85195000217,duplicate,T1 DOI,2024,ronaky,10.1556/650.2024.33054,165,866,Orvosi hetilap,Torsion of the wandering spleen in childhood - report of 3 cases
WS0102,PubMed,38823227,kept,,2024,nhungo,10.1016/j.ijscr.2024.109834,120,109834,International journal of surgery case reports,Wandering Spleen in a 47-year-old female treated by non-operative conservative  management. Case report and literature review.
WS0102,Scopus,85194537257,duplicate,T1 DOI,2024,nhungo,10.1016/j.ijscr.2024.109834,120,,International Journal of Surgery Case Reports,Wandering Spleen in a 47-year-old female treated by non-operative conservative management. Case report and literature review
WS0102,WoS,WOS:001249075300001,duplicate,T1 DOI,2024,nhungo,10.1016/j.ijscr.2024.109834,120,,INTERNATIONAL JOURNAL OF SURGERY CASE REPORTS,Wandering Spleen in a 47-year-old female treated by non-operative conservative management. Case report and literature review
WS0103,PubMed,38790071,kept,,2024,shibiru,10.1186/s13256-024-04580-6,18,259,Journal of medical case reports,Wandering spleen presenting in the form of right sided pelvic mass and pain in a  patient with AD-PCKD: a case report and review of the literature.
WS0103,Scopus,85194219944,duplicate,T1 DOI,2024,shibiru,10.1186/s13256-024-04580-6,18,,Journal of Medical Case Reports,Wandering spleen presenting in the form of right sided pelvic mass and pain in a patient with AD-PCKD: a case report and review of the literature
WS0103,WoS,WOS:001232492900001,duplicate,T1 DOI,2024,shibiru,10.1186/s13256-024-04580-6,18,,JOURNAL OF MEDICAL CASE REPORTS,Wandering spleen presenting in the form of right sided pelvic mass and pain in a patient with AD-PCKD: a case report and review of the literature
WS0104,PubMed,38789529,kept,,2024,tan,10.1038/s41423-024-01165-7,21,707,Cellular & molecular immunology,Neutrophils disrupt B-1a cell homeostasis by targeting Siglec-G to exacerbate  sepsis.
WS0105,PubMed,38776970,kept,,2024,beeston,10.2460/javma.24.03.0148,262,1,Journal of the American Veterinary Medical Association,Spherocytosis as an indicator of fragmentation injury in dogs with splenic  torsion.
WS0105,Scopus,85201726729,duplicate,T1 DOI,2024,beeston,10.2460/javma.24.03.0148,262,,Journal of the American Veterinary Medical Association,Spherocytosis as an indicator of fragmentation injury in dogs with splenic torsion
WS0105,WoS,WOS:001339023100011,duplicate,T1 DOI,2024,beeston,10.2460/javma.24.03.0148,262,,JAVMA-JOURNAL OF THE AMERICAN VETERINARY MEDICAL ASSOCIATION,Spherocytosis as an indicator of fragmentation injury in dogs with splenic torsion
WS0106,PubMed,38704970,kept,,2024,chekol,10.1016/j.ijscr.2024.109721,119,109721,International journal of surgery case reports,Torsion of a wandering spleen in a pregnant patient presented with acute abdomen:  A case report.
WS0106,Scopus,85192177947,duplicate,T1 DOI,2024,chekol,10.1016/j.ijscr.2024.109721,119,,International Journal of Surgery Case Reports,Torsion of a wandering spleen in a pregnant patient presented with acute abdomen: A case report
WS0106,WoS,WOS:001238929800001,duplicate,T1 DOI,2024,chekol,10.1016/j.ijscr.2024.109721,119,,INTERNATIONAL JOURNAL OF SURGERY CASE REPORTS,Torsion of a wandering spleen in a pregnant patient presented with acute abdomen: A case report
WS0107,PubMed,38694347,kept,,2024,rasheed,10.1097/ms9.0000000000001960,86,3099,Annals of medicine and surgery (2012),Wandering spleen in a postpartum female: a case report.
WS0107,WoS,WOS:001209380600013,duplicate,T1 DOI,2024,rasheed,10.1097/ms9.0000000000001960,86,3099,ANNALS OF MEDICINE AND SURGERY,Wandering spleen in a postpartum female: a case report
WS0108,PubMed,38689812,kept,,2024,ferrara,10.1016/j.radcr.2024.03.004,19,2864,Radiology case reports,Volvulus of a wandering spleen in a pediatric patient.
WS0108,Scopus,85191016691,duplicate,T1 DOI,2024,ferrara,10.1016/j.radcr.2024.03.004,19,2864,Radiology Case Reports,Volvulus of a wandering spleen in a pediatric patient
WS0109,PubMed,38615066,kept,,2024,ahmed,10.1186/s13256-024-04502-6,18,181,Journal of medical case reports,Splenic torsion mistaken for an ovarian cyst: a case report.
WS0109,Scopus,85190374127,duplicate,T1 DOI,2024,ahmed,10.1186/s13256-024-04502-6,18,,Journal of Medical Case Reports,Splenic torsion mistaken for an ovarian cyst: a case report
WS0109,WoS,WOS:001201489000001,duplicate,T1 DOI,2024,ahmed,10.1186/s13256-024-04502-6,18,,JOURNAL OF MEDICAL CASE REPORTS,Splenic torsion mistaken for an ovarian cyst: a case report
WS0110,PubMed,38612596,kept,,2024,kiwit,10.3390/ijms25073787,25,,International journal of molecular sciences,The Dual Role of Neutrophil Extracellular Traps (NETs) in Sepsis and  Ischemia-Reperfusion Injury: Comparative Analysis across Murine Models.
WS0111,PubMed,38549360,kept,,2024,yun,10.1002/vms3.1431,10,1431,Veterinary medicine and science,Atypically located accessory splenic hemangiosarcoma in a Dog: Diagnostic value  of triple-phase computed tomography.
WS0111,Scopus,85188945569,duplicate,T1 DOI,2024,yun,10.1002/vms3.1431,10,,Veterinary Medicine and Science,Atypically located accessory splenic hemangiosarcoma in a Dog: Diagnostic value of triple-phase computed tomography
WS0111,WoS,WOS:001193136200001,duplicate,T1 DOI,2024,yun,10.1002/vms3.1431,10,,VETERINARY MEDICINE AND SCIENCE,Atypically located accessory splenic hemangiosarcoma in a Dog: Diagnostic value of triple-phase computed tomography
WS0112,PubMed,38533436,kept,,2024,li,10.3892/etm.2024.12474,27,186,Experimental and therapeutic medicine,A large gastric splenosis mimicking gastrointestinal stromal tumor: A case report  and literature review.
WS0112,WoS,WOS:001215274500001,duplicate,T1 DOI,2024,li,10.3892/etm.2024.12474,27,,EXPERIMENTAL AND THERAPEUTIC MEDICINE,A large gastric splenosis mimicking gastrointestinal stromal tumor: A case report and literature review
WS0113,PubMed,38529386,kept,,2024,xiao,10.3389/fonc.2024.1310394,14,1310394,Frontiers in oncology,The imaging features of ectopic spleen: which modality is more consistent? A  cases series report and literature reviews.
WS0113,Scopus,85188415644,duplicate,T1 DOI,2024,xiao,10.3389/fonc.2024.1310394,14,,Frontiers in Oncology,The imaging features of ectopic spleen: which modality is more consistent? A cases series report and literature reviews
WS0113,WoS,WOS:001189659800001,duplicate,T1 DOI,2024,xiao,10.3389/fonc.2024.1310394,14,,FRONTIERS IN ONCOLOGY,The imaging features of ectopic spleen: which modality is more consistent? A cases series report and literature reviews
WS0114,PubMed,38445142,kept,,2024,eleiwi,10.7759/cureus.53552,16,53552,Cureus,Wandering Spleen Torsion: A Diagnostic Challenge.
WS0114,WoS,WOS:001166598900004,duplicate,T1 DOI,2024,eleiwi,10.7759/cureus.53552,16,,CUREUS JOURNAL OF MEDICAL SCIENCE,Wandering Spleen Torsion: A Diagnostic Challenge
WS0115,PubMed,38404444,kept,,2024,lieb,10.1093/jscr/rjae088,2024,088,Journal of surgical case reports,Iatrogenic wandering spleen causing gastric outlet obstruction and perforation.
WS0115,Scopus,85186084221,duplicate,T1 DOI,2024,lieb,10.1093/jscr/rjae088,2024,,Journal of Surgical Case Reports,Iatrogenic wandering spleen causing gastric outlet obstruction and perforation
WS0115,WoS,WOS:001167667100008,duplicate,T1 DOI,2024,lieb,10.1093/jscr/rjae088,2024,,JOURNAL OF SURGICAL CASE REPORTS,Iatrogenic wandering spleen causing gastric outlet obstruction and perforation
WS0116,PubMed,38402100,kept,,2024,gebretsion,10.1016/j.ajem.2024.02.027,78,241,The American journal of emergency medicine,Spleno-Sigmoid Knotting - An Unfamiliar Cause of Intestinal Obstruction.
WS0116,Scopus,85188214378,duplicate,T1 DOI,2024,gebretsion,10.1016/j.ajem.2024.02.027,78,241,American Journal of Emergency Medicine,Spleno-Sigmoid Knotting - An Unfamiliar Cause of Intestinal Obstruction
WS0116,WoS,WOS:001217779800001,duplicate,T1 DOI,2024,gebretsion,10.1016/j.ajem.2024.02.027,78,241,AMERICAN JOURNAL OF EMERGENCY MEDICINE,Spleno-Sigmoid Knotting - An Unfamiliar Cause of Intestinal Obstruction
WS0117,PubMed,38370603,kept,,2024,rafei,10.1093/jscr/rjae059,2024,059,Journal of surgical case reports,Laparoscopic exploration of a wandering spleen in a complex adolescent case with  sigmoid volvulus and left-side portal hypertension: a case report.
WS0117,Scopus,85185793508,duplicate,T1 DOI,2024,rafei,10.1093/jscr/rjae059,2024,,Journal of Surgical Case Reports,Laparoscopic exploration of a wandering spleen in a complex adolescent case with sigmoid volvulus and left-side portal hypertension: a case report
WS0117,WoS,WOS:001163463500007,duplicate,T1 DOI,2024,rafei,10.1093/jscr/rjae059,2024,,JOURNAL OF SURGICAL CASE REPORTS,Laparoscopic exploration of a wandering spleen in a complex adolescent case with sigmoid volvulus and left-side portal hypertension: a case report
WS0118,PubMed,38308980,kept,,2024,belayneh,10.1016/j.ijscr.2024.109338,116,109338,International journal of surgery case reports,Gastric volvulus and splenopancreatic torsion with wandering spleen: A case  report.
WS0118,Scopus,85184035425,duplicate,T1 DOI,2024,belayneh,10.1016/j.ijscr.2024.109338,116,,International Journal of Surgery Case Reports,Gastric volvulus and splenopancreatic torsion with wandering spleen: A case report
WS0118,WoS,WOS:001178458100001,duplicate,T1 DOI,2024,belayneh,10.1016/j.ijscr.2024.109338,116,,INTERNATIONAL JOURNAL OF SURGERY CASE REPORTS,Gastric volvulus and splenopancreatic torsion with wandering spleen: A case report
WS0119,PubMed,38304753,kept,,2024,bucknoff,10.1177/20551169231216405,10,20551169231216405,JFMS open reports,Splenic torsion in a cat with chronic anemia.
WS0119,Scopus,85184169355,duplicate,T1 DOI,2024,bucknoff,10.1177/20551169231216405,10,,Journal of Feline Medicine and Surgery Open Reports,Splenic torsion in a cat with chronic anemia
WS0119,WoS,WOS:001154356000001,duplicate,T1 DOI,2024,bucknoff,10.1177/20551169231216405,10,,JOURNAL OF FELINE MEDICINE AND SURGERY OPEN REPORTS,Splenic torsion in a cat with chronic anemia
WS0120,PubMed,38240265,kept,,2025,merchant,10.4103/jmas.jmas_212_23,21,77,Journal of minimal access surgery,Totally laparoscopic partial splenectomy and gastropexy for a splenic cyst in a  wandering spleen.
WS0120,Scopus,85200536452,duplicate,T1 DOI,2025,merchant,10.4103/jmas.jmas_212_23,21,77,Journal of Minimal Access Surgery,Totally laparoscopic partial splenectomy and gastropexy for a splenic cyst in a wandering spleen
WS0120,WoS,WOS:001397183800014,duplicate,T1 DOI,2025,merchant,10.4103/jmas.jmas_212_23,21,77,JOURNAL OF MINIMAL ACCESS SURGERY,Totally laparoscopic partial splenectomy and gastropexy for a splenic cyst in a wandering spleen
WS0121,PubMed,38222125,kept,,2023,snyder,10.7759/cureus.50447,15,50447,Cureus,Wandering Spleen After Sleeve Gastrectomy as a Cause of Sigmoid Volvulus.
WS0121,WoS,WOS:001127110900028,duplicate,T1 DOI,2023,snyder,10.7759/cureus.50447,15,,CUREUS JOURNAL OF MEDICAL SCIENCE,Wandering Spleen After Sleeve Gastrectomy as a Cause of Sigmoid Volvulus
WS0122,PubMed,38033686,kept,,2023,ghasemi,10.1002/ccr3.8270,11,8270,Clinical case reports,Wandering spleen; a rare clinical presentation of chronic pain with acute  torsion.
WS0122,WoS,WOS:001108950500001,duplicate,T1 DOI,2023,ghasemi,10.1002/ccr3.8270,11,,CLINICAL CASE REPORTS,Wandering spleen; a rare clinical presentation of chronic pain with acute torsion
WS0123,PubMed,38011954,kept,,2023,chopko,10.1136/bcr-2023-258235,16,,BMJ case reports,Mesenteroaxial volvulus due to wandering spleen: a unique repair via mesenteric  splenopexy and gastropexy.
WS0123,Scopus,85178497059,duplicate,T1 DOI,2023,chopko,10.1136/bcr-2023-258235,16,,BMJ Case Reports,Mesenteroaxial volvulus due to wandering spleen: A unique repair via mesenteric splenopexy and gastropexy
WS0123,WoS,WOS:001124112200005,duplicate,T1 DOI,2023,chopko,10.1136/bcr-2023-258235,16,,BMJ CASE REPORTS,Mesenteroaxial volvulus due to wandering spleen: a unique repair via mesenteric splenopexy and gastropexy
WS0124,PubMed,37985350,kept,,2024,lajusticia,10.1016/j.anpede.2023.11.004,100,79,Anales de pediatria,Splenic torsion as a cause of acute abdomen.
WS0124,Scopus,85174469014,duplicate,T1 DOI,2024,lajusticia,10.1016/j.anpedi.2023.08.010,100,79,Anales de Pediatria,Splenic torsion as a cause of acute abdomen
WS0124,WoS,WOS:001165333700001,duplicate,T2 title+author+year,2024,lajusticia,10.1016/j.anpedi.2023.08.010,100,79,ANALES DE PEDIATRIA,Splenic torsion as a cause of acute abdomen
WS0125,PubMed,37976521,kept,,2024,cagliyan,10.1097/rlu.0000000000004949,49,71,Clinical nuclear medicine,"""Wandering Spleen"" With Lymphomatous Involvement."
WS0125,Scopus,85180010712,duplicate,T1 DOI,2024,cagliyan,10.1097/rlu.0000000000004949,49,71,Clinical Nuclear Medicine,“Wandering Spleen” With Lymphomatous Involvement
WS0125,WoS,WOS:001124095400035,duplicate,T1 DOI,2024,cagliyan,10.1097/rlu.0000000000004949,49,71,CLINICAL NUCLEAR MEDICINE,"""Wandering Spleen"" With Lymphomatous Involvement"
WS0126,PubMed,37904894,kept,,2023,basu,10.2147/ceg.s428679,16,181,Clinical and experimental gastroenterology,Wandering Spleen and Acute Gastric Volvulus in an Elderly Woman with Acute  Abdomen: A Case Report.
WS0126,Scopus,85175254945,duplicate,T1 DOI,2023,basu,10.2147/ceg.s428679,16,181,Clinical and Experimental Gastroenterology,Wandering Spleen and Acute Gastric Volvulus in an Elderly Woman with Acute Abdomen: A Case Report
WS0126,WoS,WOS:001090123400001,duplicate,T1 DOI,2023,basu,10.2147/ceg.s428679,16,181,CLINICAL AND EXPERIMENTAL GASTROENTEROLOGY,Wandering Spleen and Acute Gastric Volvulus in an Elderly Woman with Acute Abdomen: A Case Report
WS0127,PubMed,37901012,kept,,2023,zhu,10.12998/wjcc.v11.i28.6955,11,6955,World journal of clinical cases,Wandering spleen torsion with portal vein thrombosis: A case report.
WS0127,WoS,WOS:001101354800036,duplicate,T1 DOI,2023,zhu,10.12998/wjcc.v11.i28.6955,11,6955,WORLD JOURNAL OF CLINICAL CASES,Wandering spleen torsion with portal vein thrombosis: A case report
WS0128,PubMed,37860287,kept,,2023,lakmal,10.1177/2050313x231205812,11,2050313,SAGE open medical case reports,Volvulus of a wandering enlarged pelvic spleen involving pancreatic tail: A case  report.
WS0128,Scopus,85174193399,duplicate,T1 DOI,2023,lakmal,10.1177/2050313x231205812,11,,SAGE Open Medical Case Reports,Volvulus of a wandering enlarged pelvic spleen involving pancreatic tail: A case report
WS0128,WoS,WOS:001083388700001,duplicate,T1 DOI,2023,lakmal,10.1177/2050313x231205812,11,,SAGE OPEN MEDICAL CASE REPORTS,Volvulus of a wandering enlarged pelvic spleen involving pancreatic tail: A case report
WS0129,PubMed,37839258,kept,,2023,petrucciani,10.1016/j.ijscr.2023.108961,112,108961,International journal of surgery case reports,Wandering spleen causing small bowel obstruction: Laparoscopic surgical treatment  (with video).
WS0129,Scopus,85173933827,duplicate,T1 DOI,2023,petrucciani,10.1016/j.ijscr.2023.108961,112,,International Journal of Surgery Case Reports,Wandering spleen causing small bowel obstruction: Laparoscopic surgical treatment (with video)
WS0129,WoS,WOS:001097263300001,duplicate,T1 DOI,2023,petrucciani,10.1016/j.ijscr.2023.108961,112,,INTERNATIONAL JOURNAL OF SURGERY CASE REPORTS,Wandering spleen causing small bowel obstruction: Laparoscopic surgical treatment (with video)
WS0130,PubMed,37797525,kept,,2023,subunca,10.1016/j.ijscr.2023.108898,111,108898,International journal of surgery case reports,"Splenic torsion, a challenging diagnosis in an adult presenting with acute  abdomen."
WS0130,Scopus,85172886113,duplicate,T1 DOI,2023,subunca,10.1016/j.ijscr.2023.108898,111,,International Journal of Surgery Case Reports,"Splenic torsion, a challenging diagnosis in an adult presenting with acute abdomen"
WS0130,WoS,WOS:001086602500001,duplicate,T1 DOI,2023,subunca,10.1016/j.ijscr.2023.108898,111,,INTERNATIONAL JOURNAL OF SURGERY CASE REPORTS,"Splenic torsion, a challenging diagnosis in an adult presenting with acute abdomen"
WS0131,PubMed,37727144,kept,,2023,khan,10.1016/j.radcr.2023.08.069,18,4094,Radiology case reports,Wandering spleen with acute torsion mimicking an adnexal mass.
WS0131,Scopus,85169929612,duplicate,T1 DOI,2023,khan,10.1016/j.radcr.2023.08.069,18,4094,Radiology Case Reports,Wandering spleen with acute torsion mimicking an adnexal mass
WS0132,PubMed,37716902,kept,,2023,wu,10.1016/j.jemermed.2023.06.003,65,330,The Journal of emergency medicine,IMAGING MANIFESTATIONS OF WANDERING SPLEEN WITH TORSION.
WS0132,Scopus,85171268752,duplicate,T1 DOI,2023,wu,10.1016/j.jemermed.2023.06.003,65,330,Journal of Emergency Medicine,IMAGING MANIFESTATIONS OF WANDERING SPLEEN WITH TORSION
WS0132,WoS,WOS:001091702700001,duplicate,T1 DOI,2023,wu,10.1016/j.jemermed.2023.06.003,65,330,JOURNAL OF EMERGENCY MEDICINE,IMAGING MANIFESTATIONS OF WANDERING SPLEEN WITH TORSION
WS0133,PubMed,37581126,kept,,2023,deolikar,10.7759/cureus.41860,15,41860,Cureus,Situs Inversus Partialis With a Wandering Spleen Having a Single Atrium: A Rare  Tale of Survival.
WS0133,WoS,WOS:001046805100023,duplicate,T1 DOI,2023,deolikar,10.7759/cureus.41860,15,,CUREUS JOURNAL OF MEDICAL SCIENCE,Situs Inversus Partialis With a Wandering Spleen Having a Single Atrium: A Rare Tale of Survival
WS0134,PubMed,37567471,kept,,2023,zhou,10.1016/j.amjms.2023.08.005,366,107,The American journal of the medical sciences,Torsion of pelvic wandering spleen with infarction.
WS0134,Scopus,85173724435,duplicate,T1 DOI,2023,zhou,10.1016/j.amjms.2023.08.005,366,107,American Journal of the Medical Sciences,Torsion of pelvic wandering spleen with infarction
WS0134,WoS,WOS:001109670500001,duplicate,T1 DOI,2023,zhou,10.1016/j.amjms.2023.08.005,366,107,AMERICAN JOURNAL OF THE MEDICAL SCIENCES,Torsion of pelvic wandering spleen with infarction
WS0135,PubMed,37531882,kept,,2023,haidari,10.1016/j.ijscr.2023.108597,109,108597,International journal of surgery case reports,"Huge accessory spleen with torsion, mimicking splenic lymphangioma: A case report  and review of the literature."
WS0135,Scopus,85166646601,duplicate,T1 DOI,2023,haidari,10.1016/j.ijscr.2023.108597,109,,International Journal of Surgery Case Reports,"Huge accessory spleen with torsion, mimicking splenic lymphangioma: A case report and review of the literature"
WS0135,WoS,WOS:001051493000001,duplicate,T1 DOI,2023,haidari,10.1016/j.ijscr.2023.108597,109,,INTERNATIONAL JOURNAL OF SURGERY CASE REPORTS,"Huge accessory spleen with torsion, mimicking splenic lymphangioma: A case report and review of the literature"
WS0136,PubMed,37519610,kept,,2023,miftari,10.7759/cureus.41118,15,41118,Cureus,Splenic Capsule Injury: A Rare Complication of Sigmoid Volvulus.
WS0136,WoS,WOS:001041298700021,duplicate,T1 DOI,2023,miftari,10.7759/cureus.41118,15,,CUREUS JOURNAL OF MEDICAL SCIENCE,Splenic Capsule Injury: A Rare Complication of Sigmoid Volvulus
WS0137,PubMed,37423540,kept,,2024,chen,10.1016/j.gie.2023.07.005,99,121,Gastrointestinal endoscopy,Isolated gastric varices resulting from a wandering spleen.
WS0137,Scopus,85176138266,duplicate,T1 DOI,2024,chen,10.1016/j.gie.2023.07.005,99,121,Gastrointestinal Endoscopy,Isolated gastric varices resulting from a wandering spleen
WS0137,WoS,WOS:001144420000001,duplicate,T1 DOI,2024,chen,10.1016/j.gie.2023.07.005,99,,GASTROINTESTINAL ENDOSCOPY,Isolated gastric varices resulting from a wandering spleen
WS0138,PubMed,37332428,kept,,2023,m,10.7759/cureus.39185,15,39185,Cureus,Accessory Spleen Mimicking an Intrahepatic Neoplasm: A Rare Case Report.
WS0139,PubMed,37305869,kept,,2023,zhou,10.1002/ccr3.7264,11,7264,Clinical case reports,A case of splenogonadal fusion in the left testis.
WS0139,WoS,WOS:001003090100001,duplicate,T1 DOI,2023,zhou,10.1002/ccr3.7264,11,,CLINICAL CASE REPORTS,A case of splenogonadal fusion in the left testis
WS0140,PubMed,37288173,kept,,2023,cakmak,10.7759/cureus.38643,15,38643,Cureus,Torsion of the Accessory Spleen in a Child With Acute Abdomen.
WS0140,WoS,WOS:001007573800029,duplicate,T1 DOI,2023,cakmak,10.7759/cureus.38643,15,,CUREUS JOURNAL OF MEDICAL SCIENCE,Torsion of the Accessory Spleen in a Child With Acute Abdomen
WS0141,PubMed,37265917,kept,,2023,bhambu,10.7759/cureus.38386,15,38386,Cureus,Acute Gastric Volvulus With Wandering Spleen in a Two-Year-Old Child: A Rare  Association.
WS0141,WoS,WOS:001000702500025,duplicate,T1 DOI,2023,bhambu,10.7759/cureus.38386,15,,CUREUS JOURNAL OF MEDICAL SCIENCE,Acute Gastric Volvulus With Wandering Spleen in a Two-Year-Old Child: A Rare Association
WS0142,PubMed,37263001,kept,,2023,ahmad,10.1016/j.ijscr.2023.108319,107,108319,International journal of surgery case reports,A wandering spleen with 720 degrees  torsion and persistent ascending and descending  mesocolon in a 5-year-old Syrian male: A case report.
WS0142,Scopus,85162841697,duplicate,T1 DOI,2023,ahmad,10.1016/j.ijscr.2023.108319,107,,International Journal of Surgery Case Reports,A wandering spleen with 720° torsion and persistent ascending and descending mesocolon in a 5-year-old Syrian male: A case report
WS0142,WoS,WOS:001011664500001,duplicate,T1 DOI,2023,ahmad,10.1016/j.ijscr.2023.108319,107,,INTERNATIONAL JOURNAL OF SURGERY CASE REPORTS,A wandering spleen with 720° torsion and persistent ascending and descending mesocolon in a 5-year-old Syrian male: A case report*
WS0143,PubMed,37246688,kept,,2022,mirza,10.47391/jpma.4839,72,2546,JPMA. The Journal of the Pakistan Medical Association,Gastric volvulus and wandering spleen; a life-threatening surgical emergency.
WS0143,Scopus,85143506165,duplicate,T1 DOI,2022,mirza,10.47391/jpma.4839,72,2546,Journal of the Pakistan Medical Association,Gastric volvulus and wandering spleen; a life-threatening surgical emergency
WS0143,WoS,WOS:001120803200039,duplicate,T1 DOI,2022,mirza,10.47391/jpma.4839,72,2546,JOURNAL OF THE PAKISTAN MEDICAL ASSOCIATION,Gastric volvulus and wandering spleen; a life-threatening surgical emergency
WS0144,PubMed,37109765,kept,,2023,xu,10.3390/medicina59040807,59,,"Medicina (Kaunas, Lithuania)",Radiologic Findings of Single Accessory Splenic Infarction in a Patient with  Accessory Spleens in the Abdominal Cavity: A Case Report.
WS0144,Scopus,85156162994,duplicate,T1 DOI,2023,xu,10.3390/medicina59040807,59,,Medicina (Lithuania),Radiologic Findings of Single Accessory Splenic Infarction in a Patient with Accessory Spleens in the Abdominal Cavity: A Case Report
WS0144,WoS,WOS:000977734000001,duplicate,T1 DOI,2023,xu,10.3390/medicina59040807,59,,MEDICINA-LITHUANIA,Radiologic Findings of Single Accessory Splenic Infarction in a Patient with Accessory Spleens in the Abdominal Cavity: A Case Report
WS0145,PubMed,37007360,kept,,2023,french,10.7759/cureus.35543,15,35543,Cureus,Wandering Spleen in a Patient With Significant Medical History.
WS0146,PubMed,36785695,kept,,2022,bako,10.11604/pamj.2022.43.144.32397,43,144,The Pan African medical journal,[Situs inversus associated with wandering spleen and common mesentery detected  from medical imaging in Niamey (Niger): a case report].
WS0146,Scopus,85146479400,duplicate,T1 DOI,2022,bako,10.11604/pamj.2022.43.144.32397,43,,Pan African Medical Journal,Situs inversusassociated with wandering spleen and common mesentery detected from medical imaging in Niamey (Niger): a case report
WS0146,WoS,WOS:001163906600001,duplicate,T1 DOI,2022,bako,10.11604/pamj.2022.43.144.32397,43,,PAN AFRICAN MEDICAL JOURNAL,Situs inversusassociated with wandering spleen and common mesentery detected from medical imaging in Niamey (Niger): a case report
WS0147,PubMed,36766707,kept,,2023,elrod,10.3390/cells12030366,12,,Cells,"Midgut Volvulus Adds a Murine, Neutrophil-Driven Model of Septic Condition to the  Experimental Toolbox."
WS0148,PubMed,36752858,kept,,2023,caruso,10.1007/s00261-022-03789-7,48,1854,Abdominal radiology (New York),"Wandering liver, spleen, and kidney: what the radiologist needs to know."
WS0148,Scopus,85147700878,duplicate,T1 DOI,2023,caruso,10.1007/s00261-022-03789-7,48,1854,Abdominal Radiology,"Wandering liver, spleen, and kidney: what the radiologist needs to know"
WS0148,WoS,WOS:000934921700001,duplicate,T1 DOI,2023,caruso,10.1007/s00261-022-03789-7,48,1854,ABDOMINAL RADIOLOGY,"Wandering liver, spleen, and kidney: what the radiologist needs to know"
WS0149,PubMed,36741617,kept,,2023,jawad,10.7759/cureus.33246,15,33246,Cureus,Wandering Spleen: A Rare Case From the Emergency Department.
WS0149,WoS,WOS:000994537300029,duplicate,T1 DOI,2023,jawad,10.7759/cureus.33246,15,,CUREUS JOURNAL OF MEDICAL SCIENCE,Wandering Spleen: A Rare Case From the Emergency Department
WS0150,PubMed,36741085,kept,,2022,infantino,10.3389/fped.2022.936732,10,936732,Frontiers in pediatrics,Case Report: Gut and spleen anomalies associated with DYRK1A syndrome.
WS0150,Scopus,85147200325,duplicate,T1 DOI,2023,infantino,10.3389/fped.2022.936732,10,,Frontiers in Pediatrics,Case Report: Gut and spleen anomalies associated with DYRK1A syndrome
WS0150,WoS,WOS:000920030600001,duplicate,T1 DOI,2023,infantino,10.3389/fped.2022.936732,10,,FRONTIERS IN PEDIATRICS,Case Report: Gut and spleen anomalies associated with DYRK1A syndrome
WS0151,PubMed,36688842,kept,,2023,moore,10.1308/rcsann.2022.0149,105,501,Annals of the Royal College of Surgeons of England,Gastric outlet obstruction secondary to a wandering spleen: systematic review and  surgical management of a case.
WS0151,Scopus,85164232084,duplicate,T1 DOI,2023,moore,10.1308/rcsann.2022.0149,105,501,Annals of the Royal College of Surgeons of England,Gastric outlet obstruction secondary to a wandering spleen: systematic review and surgical management of a case
WS0151,WoS,WOS:001064011200002,duplicate,T1 DOI,2023,moore,10.1308/rcsann.2022.0149,105,501,ANNALS OF THE ROYAL COLLEGE OF SURGEONS OF ENGLAND,Gastric outlet obstruction secondary to a wandering spleen: systematic review and surgical management of a case
WS0152,PubMed,36608635,kept,,2023,salvador,10.1016/j.ijscr.2022.107863,102,107863,International journal of surgery case reports,Wandering spleen: An unsuspected presentation at a general hospital in Uganda.
WS0152,Scopus,85145685220,duplicate,T1 DOI,2023,salvador,10.1016/j.ijscr.2022.107863,102,,International Journal of Surgery Case Reports,Wandering spleen: An unsuspected presentation at a general hospital in Uganda
WS0152,WoS,WOS:000916272500001,duplicate,T1 DOI,2023,salvador,10.1016/j.ijscr.2022.107863,102,,INTERNATIONAL JOURNAL OF SURGERY CASE REPORTS,Wandering spleen: An unsuspected presentation at a general hospital in Uganda
WS0153,PubMed,36563504,kept,,2023,kuroiwa,10.1016/j.ijscr.2022.107835,102,107835,International journal of surgery case reports,Surgical resection for accessory spleen torsion: A case report.
WS0153,Scopus,85144522036,duplicate,T1 DOI,2023,kuroiwa,10.1016/j.ijscr.2022.107835,102,,International Journal of Surgery Case Reports,Surgical resection for accessory spleen torsion: A case report
WS0153,WoS,WOS:000909578200001,duplicate,T1 DOI,2023,kuroiwa,10.1016/j.ijscr.2022.107835,102,,INTERNATIONAL JOURNAL OF SURGERY CASE REPORTS,Surgical resection for accessory spleen torsion: A case report
WS0154,PubMed,36552927,kept,,2022,cheang,10.3390/diagnostics12122920,12,,"Diagnostics (Basel, Switzerland)",Splenic Torsion in Heterotaxy Syndrome with Left Isomerism: A Case Report and  Literature Review.
WS0154,Scopus,85144858068,duplicate,T1 DOI,2022,cheang,10.3390/diagnostics12122920,12,,Diagnostics,Splenic Torsion in Heterotaxy Syndrome with Left Isomerism: A Case Report and Literature Review
WS0154,WoS,WOS:000923176500001,duplicate,T1 DOI,2022,cheang,10.3390/diagnostics12122920,12,,DIAGNOSTICS,Splenic Torsion in Heterotaxy Syndrome with Left Isomerism: A Case Report and Literature Review
WS0155,PubMed,36402370,kept,,2023,borsani,10.1016/j.cgh.2022.11.003,21,19,Clinical gastroenterology and hepatology : the official clinical practice journal  of the American Gastroenterological Association,Wandering Spleen: An Unusual Cause of Recurrent Abdominal Pain.
WS0155,Scopus,85150028275,duplicate,T1 DOI,2023,borsani,10.1016/j.cgh.2022.11.003,21,19,Clinical Gastroenterology and Hepatology,Wandering Spleen: An Unusual Cause of Recurrent Abdominal Pain
WS0155,WoS,WOS:000990097500001,duplicate,T1 DOI,2023,borsani,10.1016/j.cgh.2022.11.003,21,19,CLINICAL GASTROENTEROLOGY AND HEPATOLOGY,Wandering Spleen: An Unusual Cause of Recurrent Abdominal Pain
WS0156,PubMed,36388241,kept,,2022,ahmed,10.2147/imcrj.s388271,15,625,International medical case reports journal,Wandering Spleen with Splenic Torsion: Unusual Cause of Acute Abdomen.
WS0156,Scopus,85141421815,duplicate,T1 DOI,2022,ahmed,10.2147/imcrj.s388271,15,625,International Medical Case Reports Journal,Wandering Spleen with Splenic Torsion: Unusual Cause of Acute Abdomen
WS0156,WoS,WOS:000882121900001,duplicate,T1 DOI,2022,ahmed,10.2147/imcrj.s388271,15,625,INTERNATIONAL MEDICAL CASE REPORTS JOURNAL,Wandering Spleen with Splenic Torsion: Unusual Cause of Acute Abdomen
WS0157,PubMed,36384575,kept,,2022,jiang,10.1186/s12894-022-01138-w,22,187,BMC urology,Pelvic mass causing hematospermia: splenosis.
WS0157,Scopus,85142130988,duplicate,T1 DOI,2022,jiang,10.1186/s12894-022-01138-w,22,,BMC Urology,Pelvic mass causing hematospermia: splenosis
WS0157,WoS,WOS:000884731600003,duplicate,T1 DOI,2022,jiang,10.1186/s12894-022-01138-w,22,,BMC UROLOGY,Pelvic mass causing hematospermia: splenosis
WS0158,PubMed,36381033,kept,,2022,lim,10.1002/ccr3.6559,10,6559,Clinical case reports,A congenital wandering spleen with a large epithelial cyst: A case report.
WS0158,WoS,WOS:000882019700001,duplicate,T1 DOI,2022,lim,10.1002/ccr3.6559,10,,CLINICAL CASE REPORTS,A congenital wandering spleen with a large epithelial cyst: A case report
WS0159,PubMed,36304217,kept,,2022,demir,10.14744/semb.2021.64872,56,435,Sisli Etfal Hastanesi tip bulteni,The Cause of an Unusual Abdominal Pain in Children: Splenic Torsiyon - Three Case  Report.
WS0159,WoS,WOS:000906397600020,duplicate,T1 DOI,2022,demir,10.14744/semb.2021.64872,56,435,MEDICAL BULLETIN OF SISLI ETFAL HOSPITAL,The Cause of an Unusual Abdominal Pain in Children: Splenic Torsiyon - Three Case Report
WS0160,PubMed,36285167,kept,,2022,ikeda,10.1093/jscr/rjac483,2022,483,Journal of surgical case reports,Successful laparoscopic-assisted partial splenectomy and splenopexy with  umbilical approach to wandering spleen with an enlarged cyst in a pediatric patient.
WS0160,Scopus,85144775603,duplicate,T1 DOI,2022,ikeda,10.1093/jscr/rjac483,2022,,Journal of Surgical Case Reports,Successful laparoscopic-Assisted partial splenectomy and splenopexy with umbilical approach to wandering spleen with an enlarged cyst in a pediatric patient
WS0160,WoS,WOS:000870815900006,duplicate,T1 DOI,2022,ikeda,10.1093/jscr/rjac483,2022,,JOURNAL OF SURGICAL CASE REPORTS,Successful laparoscopic-assisted partial splenectomy and splenopexy with umbilical approach to wandering spleen with an enlarged cyst in a pediatric patient
WS0161,PubMed,36261950,kept,,2022,korbi,10.1016/j.ijscr.2022.107719,99,107719,International journal of surgery case reports,Splenectomy for wandering splenomegaly in a patient with idiopathic  thrombocytopenic purpura: A case report of a rare association.
WS0161,Scopus,85139327989,duplicate,T1 DOI,2022,korbi,10.1016/j.ijscr.2022.107719,99,,International Journal of Surgery Case Reports,Splenectomy for wandering splenomegaly in a patient with idiopathic thrombocytopenic purpura: A case report of a rare association
WS0161,WoS,WOS:000870848900009,duplicate,T1 DOI,2022,korbi,10.1016/j.ijscr.2022.107719,99,,INTERNATIONAL JOURNAL OF SURGERY CASE REPORTS,Splenectomy for wandering splenomegaly in a patient with idiopathic thrombocytopenic purpura: A case report of a rare association
WS0162,PubMed,36184835,kept,,2022,cartesegna,10.12659/ajcr.936964,23,936964,The American journal of case reports,Laparoscopic Splenectomy of a Wandering Pelvic Splenomegaly in a Young Woman  Treated in Childhood with Surgery for Diaphragmatic Hernia and Adhesiolysis for Intestinal Obstruction.
WS0162,Scopus,85139175776,duplicate,T1 DOI,2022,cartesegna,10.12659/ajcr.936964,23,,American Journal of Case Reports,Laparoscopic Splenectomy of a Wandering Pelvic Splenomegaly in a Young Woman Treated in Childhood with Surgery for Diaphragmatic Hernia and Adhesiolysis for Intestinal Obstruction
WS0162,WoS,WOS:000868946700001,duplicate,T1 DOI,2022,cartesegna,10.12659/ajcr.936964,23,,AMERICAN JOURNAL OF CASE REPORTS,Laparoscopic Splenectomy of a Wandering Pelvic Splenomegaly in a Young Woman Treated in Childhood with Surgery for Diaphragmatic Hernia and Adhesiolysis for Intestinal Obstruction
WS0163,PubMed,36147692,kept,,2022,zhao,10.3389/fsurg.2022.916426,9,916426,Frontiers in surgery,A case report of wandering spleen with pedicle torsion and splenic infarction  being misdiagnosed as organ inversion complicated with acute appendicitis.
WS0163,Scopus,85138231590,duplicate,T1 DOI,2022,zhao,10.3389/fsurg.2022.916426,9,,Frontiers in Surgery,A case report of wandering spleen with pedicle torsion and splenic infarction being misdiagnosed as organ inversion complicated with acute appendicitis
WS0163,WoS,WOS:000860280300001,duplicate,T1 DOI,2022,zhao,10.3389/fsurg.2022.916426,9,,FRONTIERS IN SURGERY,A case report of wandering spleen with pedicle torsion and splenic infarction being misdiagnosed as organ inversion complicated with acute appendicitis
WS0164,PubMed,36138238,kept,,2022,oyachi,10.1186/s40792-022-01537-z,8,178,Surgical case reports,Volvulus of the stomach and wandering spleen after repair of congenital  diaphragmatic hernia: unexpected manifestations in a neonate.
WS0164,WoS,WOS:000857099700003,duplicate,T1 DOI,2022,oyachi,10.1186/s40792-022-01537-z,8,,SURGICAL CASE REPORTS,Volvulus of the stomach and wandering spleen after repair of congenital diaphragmatic hernia: unexpected manifestations in a neonate
WS0165,PubMed,36106553,kept,,2022,van,10.1111/jvim.16527,36,2191,Journal of veterinary internal medicine,Suspected spontaneous early hemorrhagic transformation of multiple ischemic  strokes secondary to primary splenic torsion in a German Shepherd dog.
WS0165,Scopus,85137919525,duplicate,T1 DOI,2022,van,10.1111/jvim.16527,36,2191,Journal of Veterinary Internal Medicine,Suspected spontaneous early hemorrhagic transformation of multiple ischemic strokes secondary to primary splenic torsion in a German Shepherd dog
WS0165,WoS,WOS:000854557300001,duplicate,T1 DOI,2022,van,10.1111/jvim.16527,36,2191,JOURNAL OF VETERINARY INTERNAL MEDICINE,Suspected spontaneous early hemorrhagic transformation of multiple ischemic strokes secondary to primary splenic torsion in a German Shepherd dog
WS0166,PubMed,36043920,kept,,2022,senturk,10.14744/tjtes.2021.34288,28,1363,Ulusal travma ve acil cerrahi dergisi = Turkish journal of trauma & emergency  surgery : TJTES,"Wandering spleen, which is torsioned with the distal pancreas."
WS0166,Scopus,85137135514,duplicate,T1 DOI,2022,senturk,10.14744/tjtes.2021.34288,28,1363,Ulusal Travma ve Acil Cerrahi Dergisi,"Wandering spleen, which is torsioned with the distal pancreas"
WS0166,WoS,WOS:000863207500023,duplicate,T1 DOI,2022,senturk,10.14744/tjtes.2021.34288,28,1363,ULUSAL TRAVMA VE ACIL CERRAHI DERGISI-TURKISH JOURNAL OF TRAUMA & EMERGENCY SURGERY,"Wandering spleen, which is torsioned with the distal pancreas"
WS0167,PubMed,36007577,kept,,2022,antona,10.1016/j.jpeds.2022.08.021,251,209,The Journal of pediatrics,Pediatric Splenic Torsion in an Orthotopic Spleen without Fixation Elements.
WS0167,Scopus,85138018341,duplicate,T1 DOI,2022,antona,10.1016/j.jpeds.2022.08.021,251,209,Journal of Pediatrics,Pediatric Splenic Torsion in an Orthotopic Spleen without Fixation Elements
WS0167,WoS,WOS:000898849400017,duplicate,T1 DOI,2022,antona,10.1016/j.jpeds.2022.08.021,251,209,JOURNAL OF PEDIATRICS,Pediatric Splenic Torsion in an Orthotopic Spleen without Fixation Elements
WS0168,PubMed,35999102,kept,,2023,liao,10.1016/j.asjsur.2022.08.031,46,1174,Asian journal of surgery,A new surgical approach for a child with acute torsion of the wandering spleen: A  case report.
WS0168,Scopus,85147536561,duplicate,T1 DOI,2023,liao,10.1016/j.asjsur.2022.08.031,46,1174,Asian Journal of Surgery,A new surgical approach for a child with acute torsion of the wandering spleen: A case report
WS0168,WoS,WOS:000936566400001,duplicate,T1 DOI,2023,liao,10.1016/j.asjsur.2022.08.031,46,1174,ASIAN JOURNAL OF SURGERY,A new surgical approach for a child with acute torsion of the wandering spleen: A case report
WS0169,PubMed,35933802,kept,,2022,fontoura-andrade,10.1016/j.rvsc.2022.07.016,152,83,Research in veterinary science,Splenic diffuse heterogeneous hypoechogenicity pattern of dogs and cats: A  systematic review.
WS0169,Scopus,85135581710,duplicate,T1 DOI,2022,fontoura-andrade,10.1016/j.rvsc.2022.07.016,152,83,Research in Veterinary Science,Splenic diffuse heterogeneous hypoechogenicity pattern of dogs and cats: A systematic review
WS0169,WoS,WOS:000861386000005,duplicate,T1 DOI,2022,fontoura-andrade,10.1016/j.rvsc.2022.07.016,152,83,RESEARCH IN VETERINARY SCIENCE,Splenic diffuse heterogeneous hypoechogenicity pattern of dogs and cats: A systematic review
WS0170,PubMed,35905147,kept,,2022,molitoris,10.2460/javma.22.05.0198,260,1514,Journal of the American Veterinary Medical Association,Early career clinicians euthanize more dogs with nontraumatic hemoabdomen but not  gastric dilatation and volvulus than more experienced clinicians.
WS0171,PubMed,35882312,kept,,2023,ferrer-inaebnit,10.1016/j.cireng.2022.07.013,101,217,Cirugia espanola,"Laparoscopic approach to accessory wandering spleen, an uncommon association."
WS0171,Scopus,85148768876,duplicate,T1 DOI,2023,ferrer-inaebnit,10.1016/j.ciresp.2022.06.017,101,217,Cirugia Espanola,"Laparoscopic approach to accessory wandering spleen, an uncommon association"
WS0171,WoS,WOS:000954502200001,duplicate,T2 title+author+year,2023,ferrer-inaebnit,10.1016/j.ciresp.2022.06.017,101,217,CIRUGIA ESPANOLA,"Laparoscopic approach to accessory wandering spleen, an uncommon association"
WS0172,PubMed,35874869,kept,,2022,lugo-fagundo,10.1016/j.radcr.2022.06.073,17,3377,Radiology case reports,Wandering spleen with torsion and infarction: A case report.
WS0172,Scopus,85134501939,duplicate,T1 DOI,2022,lugo-fagundo,10.1016/j.radcr.2022.06.073,17,3377,Radiology Case Reports,Wandering spleen with torsion and infarction: A case report
WS0173,PubMed,35864485,kept,,2022,wang,10.1186/s12887-022-03484-y,22,440,BMC pediatrics,Diagnosis and treatment of splenic torsion in children: preoperative  thrombocytosis predicts splenic infarction.
WS0173,Scopus,85134565863,duplicate,T1 DOI,2022,wang,10.1186/s12887-022-03484-y,22,,BMC Pediatrics,Diagnosis and treatment of splenic torsion in children: preoperative thrombocytosis predicts splenic infarction
WS0173,WoS,WOS:000828651900002,duplicate,T1 DOI,2022,wang,10.1186/s12887-022-03484-y,22,,BMC PEDIATRICS,Diagnosis and treatment of splenic torsion in children: preoperative thrombocytosis predicts splenic infarction
WS0174,PubMed,35857027,kept,,2022,schultz,10.1111/vsu.13858,51,1206,Veterinary surgery : VS,Treatment and outcomes of two pigs treated for hemoabdomen secondary to splenic  disease.
WS0174,Scopus,85135127355,duplicate,T1 DOI,2022,schultz,10.1111/vsu.13858,51,1206,Veterinary Surgery,Treatment and outcomes of two pigs treated for hemoabdomen secondary to splenic disease
WS0174,WoS,WOS:000827684600001,duplicate,T1 DOI,2022,schultz,10.1111/vsu.13858,51,1206,VETERINARY SURGERY,Treatment and outcomes of two pigs treated for hemoabdomen secondary to splenic disease
WS0175,PubMed,35856300,kept,,2022,giannattasio,10.1111/jpc.16124,58,1704,Journal of paediatrics and child health,Acute Abdomen Due to Torsion of a Wandering Spleen in a Child.
WS0175,Scopus,85134246340,duplicate,T1 DOI,2022,giannattasio,10.1111/jpc.16124,58,1704,Journal of Paediatrics and Child Health,Acute Abdomen Due to Torsion of a Wandering Spleen in a Child
WS0175,WoS,WOS:000827676400001,duplicate,T1 DOI,2022,giannattasio,10.1111/jpc.16124,58,1704,JOURNAL OF PAEDIATRICS AND CHILD HEALTH,ACUTE ABDOMEN DUE TO TORSION OF A WANDERING SPLEEN IN A CHILD
WS0176,PubMed,35813495,kept,,2022,bairwa,10.22551/2022.35.0902.10204,9,56,Archive of clinical cases,Wandering spleen with torsion: a rare cause of acute abdomen in a 14-year-old  girl.
WS0176,WoS,WOS:001078318400003,duplicate,T1 DOI,2022,bairwa,10.22551/2022.35.0902.10204,9,56,ARCHIVE OF CLINICAL CASES,Wandering spleen with torsion: a rare cause of acute abdomen in a 14-year-old girl
WS0177,PubMed,35722538,kept,,2022,sergi,10.3389/fsurg.2022.888332,9,888332,Frontiers in surgery,Case Report: Splenic Ischemia Induced by Volvulus of Ileum.
WS0177,Scopus,85132836947,duplicate,T1 DOI,2022,sergi,10.3389/fsurg.2022.888332,9,,Frontiers in Surgery,Case Report: Splenic Ischemia Induced by Volvulus of Ileum
WS0177,WoS,WOS:000812029100001,duplicate,T1 DOI,2022,sergi,10.3389/fsurg.2022.888332,9,,FRONTIERS IN SURGERY,Case Report: Splenic Ischemia Induced by Volvulus of Ileum
WS0178,PubMed,35663712,kept,,2022,smith,10.7759/cureus.24677,14,24677,Cureus,Accessory Spleen Masquerading as an Intrapancreatic Tumor: A Case Report.
WS0178,WoS,WOS:000800317900017,duplicate,T1 DOI,2022,smith,10.7759/cureus.24677,14,,CUREUS JOURNAL OF MEDICAL SCIENCE,Accessory Spleen Masquerading as an Intrapancreatic Tumor: A Case Report
WS0179,PubMed,35656572,kept,,2023,miyamura,10.1017/s1047951122001755,33,862,Cardiology in the young,Torsion of wandering spleen after Fontan operation in a patient with situs  inversus: a rare complication.
WS0179,Scopus,85193506475,duplicate,T1 DOI,2023,miyamura,10.1017/s1047951122001755,33,862,Cardiology in the Young,Torsion of wandering spleen after Fontan operation in a patient with situs inversus: a rare complication
WS0179,WoS,WOS:000805665800001,duplicate,T1 DOI,2023,miyamura,10.1017/s1047951122001755,33,862,CARDIOLOGY IN THE YOUNG,Torsion of wandering spleen after Fontan operation in a patient with situs inversus: a rare complication
WS0180,PubMed,35643897,kept,,2022,wen,10.1016/j.asjsur.2022.05.073,45,2413,Asian journal of surgery,Spontaneous reset of the wandering spleen with acute torsion.
WS0180,Scopus,85139056654,duplicate,T1 DOI,2022,wen,10.1016/j.asjsur.2022.05.073,45,2413,Asian Journal of Surgery,Spontaneous reset of the wandering spleen with acute torsion
WS0180,WoS,WOS:000864899100017,duplicate,T1 DOI,2022,wen,10.1016/j.asjsur.2022.05.073,45,2413,ASIAN JOURNAL OF SURGERY,Spontaneous reset of the wandering spleen with acute torsion
WS0181,PubMed,35601383,kept,,2022,stephenson,10.1016/j.radcr.2022.04.030,17,2519,Radiology case reports,Preoperative angioembolisation of a mediastinal accessory ectopic spleen: A case  report and review of the literature.
WS0181,Scopus,85129973806,duplicate,T1 DOI,2022,stephenson,10.1016/j.radcr.2022.04.030,17,2519,Radiology Case Reports,Preoperative angioembolisation of a mediastinal accessory ectopic spleen: A case report and review of the literature
WS0182,PubMed,35571522,kept,,2022,petroianu,10.1590/1677-5449.20210178,21,20210191,Jornal vascular brasileiro,The left gastro-omental vessels are able to maintain the entire spleen blood  supply.
WS0182,Scopus,85129807338,duplicate,T1 DOI,2022,petroianu,10.1590/1677-5449.20210178,21,,Jornal Vascular Brasileiro,The left gastro-omental vessels are able to maintain the entspleen blood supply
WS0182,WoS,WOS:001003576600022,duplicate,T1 DOI,2022,petroianu,10.1590/1677-5449.20210178,21,,JORNAL VASCULAR BRASILEIRO,The left gastro-omental vessels are able to maintain the entire spleen blood supply
WS0183,PubMed,35570876,kept,,2022,draghmeh,10.1016/j.radcr.2022.04.009,17,2373,Radiology case reports,Wandering spleen torsion in a patient with polysplenia syndrome.
WS0183,Scopus,85129682001,duplicate,T1 DOI,2022,draghmeh,10.1016/j.radcr.2022.04.009,17,2373,Radiology Case Reports,Wandering spleen torsion in a patient with polysplenia syndrome
WS0184,PubMed,35492869,kept,,2022,maienza,10.1155/2022/8696492,2022,8696492,Case reports in surgery,Surgical Management of a Volvulus of a Wandering Spleen Associated with a  Volvulus of the Small Intestine.
WS0184,WoS,WOS:000793402300001,duplicate,T1 DOI,2022,maienza,10.1155/2022/8696492,2022,,CASE REPORTS IN SURGERY,Surgical Management of a Volvulus of a Wandering Spleen Associated with a Volvulus of the Small Intestine
WS0185,PubMed,35479965,kept,,2022,ouazzani,10.1016/j.radcr.2022.03.045,17,2167,Radiology case reports,Splenic volvulus on ectopic spleen in adults: A case report.
WS0185,Scopus,85128178361,duplicate,T1 DOI,2022,ouazzani,10.1016/j.radcr.2022.03.045,17,2167,Radiology Case Reports,Splenic volvulus on ectopic spleen in adults: A case report
WS0186,PubMed,35391540,kept,,2022,nakagawa,10.1007/s00383-022-05125-y,38,875,Pediatric surgery international,Patients with gastric volvulus recurrence have high incidence of wandering spleen  requiring laparoscopic gastropexy and splenopexy.
WS0186,Scopus,85127651443,duplicate,T1 DOI,2022,nakagawa,10.1007/s00383-022-05125-y,38,875,Pediatric Surgery International,Patients with gastric volvulus recurrence have high incidence of wandering spleen requiring laparoscopic gastropexy and splenopexy
WS0186,WoS,WOS:000779222800003,duplicate,T1 DOI,2022,nakagawa,10.1007/s00383-022-05125-y,38,875,PEDIATRIC SURGERY INTERNATIONAL,Patients with gastric volvulus recurrence have high incidence of wandering spleen requiring laparoscopic gastropexy and splenopexy
WS0187,PubMed,35382088,kept,,2021,naseri,,20,291,Tanaffos,Ectopic Intrathoracic Kidney Associated with Ipsilateral Ectopic Spleen and  Diaphragmatic Hernia in a Pediatric Patient: A Case Report.
WS0187,Scopus,85126939392,duplicate,T2 title+author+year,2021,naseri,,20,291,Tanaffos,Ectopic Intrathoracic Kidney Associated with Ipsilateral Ectopic Spleen and Diaphragmatic Hernia in a Pediatric Patient: A Case Report
WS0188,PubMed,35369544,kept,,2022,tang,10.1016/j.radcr.2022.03.017,17,1794,Radiology case reports,Torsed wandering spleen as a cause of recurrent abdominal pain in a child.
WS0188,Scopus,85127085049,duplicate,T1 DOI,2022,tang,10.1016/j.radcr.2022.03.017,17,1794,Radiology Case Reports,Torsed wandering spleen as a cause of recurrent abdominal pain in a child
WS0189,PubMed,35355540,kept,,2022,sumer,10.7759/cureus.22597,14,22597,Cureus,Laparoscopic Splenopexy Due to Wandering Spleen: Feasible Technique.
WS0189,WoS,WOS:000819831500002,duplicate,T1 DOI,2022,sumer,10.7759/cureus.22597,14,,CUREUS JOURNAL OF MEDICAL SCIENCE,Laparoscopic Splenopexy Due to Wandering Spleen: Feasible Technique
WS0190,PubMed,35342100,kept,,2022,gunes,,92,59,Annali italiani di chirurgia,Splenic surgery: a ten years experience of a tertiary center in Turkey.
WS0190,Scopus,85127233650,duplicate,T2 title+author+year,2022,gunes,,93,59,Annali Italiani di Chirurgia,Splenic surgery: a ten years experience of a tertiary center in Turkey
WS0190,WoS,WOS:000886951900009,duplicate,T2 title+author+year,2022,gunes,,93,59,ANNALI ITALIANI DI CHIRURGIA,Splenic surgery: a ten years experience of a tertiary center in Turkey
WS0191,PubMed,35155313,kept,,2021,bourusly,10.3389/fped.2021.791932,9,791932,Frontiers in pediatrics,Case Report: Conservative Non-operative Management of a Neonate With Torted  Wandering Spleen.
WS0191,Scopus,85124630641,duplicate,T1 DOI,2022,bourusly,10.3389/fped.2021.791932,9,,Frontiers in Pediatrics,Case Report: Conservative Non-operative Management of a Neonate With Torted Wandering Spleen
WS0191,WoS,WOS:000760612000001,duplicate,T1 DOI,2022,bourusly,10.3389/fped.2021.791932,9,,FRONTIERS IN PEDIATRICS,Case Report: Conservative Non-operative Management of a Neonate With Torted Wandering Spleen
WS0192,PubMed,35110771,kept,,2022,mergl,,63,147,The Canadian veterinary journal = La revue veterinaire canadienne,Chronic splenic torsion in a dog with an accessory spleen.
WS0192,Scopus,85124057787,duplicate,T2 title+author+year,2022,mergl,,63,147,Canadian Veterinary Journal,Chronic splenic torsion in a dog with an accessory spleen
WS0192,WoS,WOS:000900080000005,duplicate,T2 title+author+year,2022,mergl,,63,147,CANADIAN VETERINARY JOURNAL-REVUE VETERINAIRE CANADIENNE,Chronic splenic torsion in a dog with an accessory spleen
WS0193,PubMed,35079332,kept,,2022,petroianu,10.1093/jscr/rjab558,2022,558,Journal of surgical case reports,Dwarfism associated with wandering splenomegaly.
WS0193,Scopus,85141967617,duplicate,T1 DOI,2022,petroianu,10.1093/jscr/rjab558,2022,,Journal of Surgical Case Reports,Dwarfism associated with wandering splenomegaly
WS0193,WoS,WOS:000753929900041,duplicate,T1 DOI,2022,petroianu,10.1093/jscr/rjab558,2022,,JOURNAL OF SURGICAL CASE REPORTS,Dwarfism associated with wandering splenomegaly
WS0194,PubMed,35000764,kept,,2022,wong,10.1016/j.crad.2021.12.014,77,319,Clinical radiology,Multimodality imaging of developmental splenic anomalies: tips and pitfalls.
WS0194,Scopus,85122450870,duplicate,T1 DOI,2022,wong,10.1016/j.crad.2021.12.014,77,319,Clinical Radiology,Multimodality imaging of developmental splenic anomalies: tips and pitfalls
WS0194,WoS,WOS:000784047700001,duplicate,T1 DOI,2022,wong,10.1016/j.crad.2021.12.014,77,319,CLINICAL RADIOLOGY,Multimodality imaging of developmental splenic anomalies: tips and pitfalls
WS0195,PubMed,35000121,kept,,2022,yokoyama,10.1007/s12328-021-01566-5,15,95,Clinical journal of gastroenterology,Reduction of acute gastric volvulus in a 3-year-old using a balloon-attached  endoscope combined with gel immersion endoscopy.
WS0195,Scopus,85122651493,duplicate,T1 DOI,2022,yokoyama,10.1007/s12328-021-01566-5,15,95,Clinical Journal of Gastroenterology,Reduction of acute gastric volvulus in a 3-year-old using a balloon-attached endoscope combined with gel immersion endoscopy
WS0195,WoS,WOS:000740376700001,duplicate,T1 DOI,2022,yokoyama,10.1007/s12328-021-01566-5,15,95,CLINICAL JOURNAL OF GASTROENTEROLOGY,Reduction of acute gastric volvulus in a 3-year-old using a balloon-attached endoscope combined with gel immersion endoscopy
WS0196,PubMed,34897151,kept,,2022,imawari,10.2169/internalmedicine.8391-21,61,2143,"Internal medicine (Tokyo, Japan)",Splenectomy for Torsion of a Wandering Spleen in a Patient with  Myeloproliferative Disease.
WS0196,Scopus,85134348077,duplicate,T1 DOI,2022,imawari,10.2169/internalmedicine.8391-21,61,2143,Internal Medicine,Splenectomy for Torsion of a Wandering Spleen in a Patient with Myeloproliferative Disease
WS0196,WoS,WOS:000829168800001,duplicate,T1 DOI,2022,imawari,10.2169/internalmedicine.8391-21,61,2143,INTERNAL MEDICINE,Splenectomy for Torsion of a Wandering Spleen in a Patient with Myeloproliferative Disease
WS0197,PubMed,34765218,kept,,2021,hashiguchi,10.1002/ccr3.5051,9,05051,Clinical case reports,Wandering spleen with splenic arteriovenous torsion.
WS0197,Scopus,85120179772,duplicate,T1 DOI,2021,hashiguchi,10.1002/ccr3.5051,9,,Clinical Case Reports,Wandering spleen with splenic arteriovenous torsion
WS0197,WoS,WOS:000722950200058,duplicate,T1 DOI,2021,hashiguchi,10.1002/ccr3.5051,9,,CLINICAL CASE REPORTS,Wandering spleen with splenic arteriovenous torsion
WS0198,PubMed,34762623,kept,,2021,saldivar-martinez,10.24875/ciru.20000813,89,20,Cirugia y cirujanos,Infarcted wandering spleen and pancreatic volvulus in a patient with concomitant  Grynfelt-Lesshaft haernia.
WS0198,Scopus,85119114776,duplicate,T1 DOI,2021,saldivar-martinez,10.24875/ciru.20000813,89,20,Cirugia y Cirujanos (English Edition),Infarcted wandering spleen and pancreatic volvulus in a patient with concomitant Grynfelt-Lesshaft haernia
WS0199,PubMed,34734060,kept,,2021,sun,10.12998/wjcc.v9.i29.8812,9,8812,World journal of clinical cases,Successful treatment of floating splenic volvulus: Two case reports and a  literature review.
WS0199,Scopus,85119211030,duplicate,T1 DOI,2021,sun,10.12998/wjcc.v9.i29.8812,9,8812,World Journal of Clinical Cases,Successful treatment of floating splenic volvulus: Two case reports and a literature review
WS0199,WoS,WOS:000749647500019,duplicate,T1 DOI,2021,sun,10.12998/wjcc.v9.i29.8812,9,8812,WORLD JOURNAL OF CLINICAL CASES,Successful treatment of floating splenic volvulus: Two case reports and a literature review
WS0200,PubMed,34703712,kept,,2021,vlastarakos,10.7759/cureus.18231,13,18231,Cureus,Wandering Spleen: A Rare Case of an Adnexal Lesion.
WS0200,WoS,WOS:000701753900015,duplicate,T1 DOI,2021,vlastarakos,10.7759/cureus.18231,13,,CUREUS JOURNAL OF MEDICAL SCIENCE,Wandering Spleen: A Rare Case of an Adnexal Lesion
WS0201,PubMed,34666939,kept,,2022,bough,10.1016/j.surge.2021.08.006,20,296,The surgeon : journal of the Royal Colleges of Surgeons of Edinburgh and Ireland,"Diagnosis, management and outcome of splenic torsion; a systematic review of  published studies."
WS0201,Scopus,85117385662,duplicate,T1 DOI,2022,bough,10.1016/j.surge.2021.08.006,20,296,Surgeon,"Diagnosis, management and outcome of splenic torsion; a systematic review of published studies"
WS0201,WoS,WOS:000883045600010,duplicate,T1 DOI,2022,bough,10.1016/j.surge.2021.08.006,20,296,SURGEON-JOURNAL OF THE ROYAL COLLEGES OF SURGEONS OF EDINBURGH AND IRELAND,"Diagnosis, management and outcome of splenic torsion; a systematic review of published studies"
WS0202,PubMed,34631075,kept,,2021,yuki,10.1002/ccr3.4891,9,04891,Clinical case reports,Subclinical wandering spleen in a cat with gastrointestinal lymphoma.
WS0202,Scopus,85120382980,duplicate,T1 DOI,2021,yuki,10.1002/ccr3.4891,9,,Clinical Case Reports,Subclinical wandering spleen in a cat with gastrointestinal lymphoma
WS0202,WoS,WOS:000724731500027,duplicate,T1 DOI,2021,yuki,10.1002/ccr3.4891,9,,CLINICAL CASE REPORTS,Subclinical wandering spleen in a cat with gastrointestinal lymphoma
WS0203,PubMed,34480462,kept,,2021,rudenko,10.17116/hirurgia2021091100,,100,Khirurgiia,[Post-traumatic thoracic splenosis].
WS0203,Scopus,85115739771,duplicate,T1 DOI,2021,rudenko,10.17116/hirurgia2021091100,,100,Pirogov Russian Journal of Surgery,Post-traumatic thoracic splenosis
WS0204,PubMed,34461758,kept,,2023,huerta,10.1177/00031348211041564,89,1930,The American surgeon,Volvulus of the Transverse Colon.
WS0205,PubMed,34388905,kept,,2021,petroianu,10.1016/j.ijscr.2021.106273,85,106273,International journal of surgery case reports,Wandering splenomegaly reduction after splenopexy.
WS0205,Scopus,85111824953,duplicate,T1 DOI,2021,petroianu,10.1016/j.ijscr.2021.106273,85,,International Journal of Surgery Case Reports,Wandering splenomegaly reduction after splenopexy
WS0205,WoS,WOS:000685288500016,duplicate,T1 DOI,2021,petroianu,10.1016/j.ijscr.2021.106273,85,,INTERNATIONAL JOURNAL OF SURGERY CASE REPORTS,Wandering splenomegaly reduction after splenopexy
WS0206,PubMed,34377643,kept,,2021,yoshida,10.4103/jmu.jmu_35_20,29,116,Journal of medical ultrasound,Preoperative Diagnosis of a Torsioned Accessory Spleen.
WS0206,Scopus,85108815625,duplicate,T1 DOI,2021,yoshida,10.4103/jmu.jmu_35_20,29,116,Journal of Medical Ultrasound,Preoperative diagnosis of a torsioned accessory spleen
WS0206,WoS,WOS:000668250700009,duplicate,T1 DOI,2021,yoshida,10.4103/jmu.jmu_35_20,29,116,JOURNAL OF MEDICAL ULTRASOUND,Preoperative Diagnosis of a Torsioned Accessory Spleen
WS0207,PubMed,34377222,kept,,2021,sawhney,10.1016/j.radcr.2021.06.069,16,2742,Radiology case reports,Post-traumatic intrathoracic splenosis and role of Tc-99m Sulfur colloid  scintigraphy in confirmation.
WS0207,Scopus,85111046685,duplicate,T1 DOI,2021,sawhney,10.1016/j.radcr.2021.06.069,16,2742,Radiology Case Reports,Post-traumatic intrathoracic splenosis and role of Tc-99m Sulfur colloid scintigraphy in confirmation
WS0208,PubMed,34367498,kept,,2021,jha,10.4254/wjh.v13.i7.774,13,774,World journal of hepatology,Torsion of spleen and portal hypertension: Pathophysiology and clinical  implications.
WS0208,Scopus,85111761574,duplicate,T1 DOI,2021,jha,10.4254/wjh.v13.i7.774,13,774,World Journal of Hepatology,Torsion of spleen and portal hypertension: Pathophysiology and clinical implications
WS0208,WoS,WOS:000683002700006,duplicate,T1 DOI,2021,jha,10.4254/wjh.v13.i7.774,13,774,WORLD JOURNAL OF HEPATOLOGY,Torsion of spleen and portal hypertension: Pathophysiology and clinical implications
WS0209,PubMed,34346582,kept,,2021,schrijver,,165,,Nederlands tijdschrift voor geneeskunde,[Acute abdomen based on a wandering spleen].
WS0209,Scopus,85107217639,duplicate,T2 title+author+year,2021,schrijver,,165,,Nederlands Tijdschrift voor Geneeskunde,Acute abdomen based on a wandering spleen
WS0210,PubMed,34240502,kept,,2022,battiato,10.1111/vru.13007,63,1,Veterinary radiology & ultrasound : the official journal of the American College  of Veterinary Radiology and the International Veterinary Radiology Association,Ultrasonographic and CT diagnosis of a complete splenic duplication with right  splenic torsion and presumed regional splenic vein hypertension in a dog.
WS0210,Scopus,85109692173,duplicate,T1 DOI,2022,battiato,10.1111/vru.13007,63,1,Veterinary Radiology and Ultrasound,Ultrasonographic and CT diagnosis of a complete splenic duplication with right splenic torsion and presumed regional splenic vein hypertension in a dog
WS0210,WoS,WOS:000670880900001,duplicate,T1 DOI,2022,battiato,10.1111/vru.13007,63,1,VETERINARY RADIOLOGY & ULTRASOUND,Ultrasonographic and CT diagnosis of a complete splenic duplication with right splenic torsion and presumed regional splenic vein hypertension in a dog
WS0211,PubMed,34221345,kept,,2021,alghamdi,10.1093/jscr/rjab277,2021,277,Journal of surgical case reports,Infarcted wandering spleen: A case report from Saudi Arabia.
WS0211,Scopus,85126763681,duplicate,T1 DOI,2021,alghamdi,10.1093/jscr/rjab277,2021,,Journal of Surgical Case Reports,Infarcted wandering spleen: A case report from Saudi Arabia
WS0211,WoS,WOS:000732049200054,duplicate,T1 DOI,2021,alghamdi,10.1093/jscr/rjab277,,,JOURNAL OF SURGICAL CASE REPORTS,Infarcted wandering spleen: A case report from Saudi Arabia
WS0212,PubMed,34162614,kept,,2021,kataria,10.1136/bcr-2021-242441,14,,BMJ case reports,"Laparoscopic management of gastric volvulus, diaphragmatic eventration and  wandering spleen in a child."
WS0212,Scopus,85108657460,duplicate,T1 DOI,2021,kataria,10.1136/bcr-2021-242441,14,,BMJ Case Reports,"Laparoscopic management of gastric volvulus, diaphragmatic eventration and wandering spleen in a child"
WS0212,WoS,WOS:000668625100005,duplicate,T1 DOI,2021,kataria,10.1136/bcr-2021-242441,14,,BMJ CASE REPORTS,"Laparoscopic management of gastric volvulus, diaphragmatic eventration and wandering spleen in a child"
WS0213,PubMed,34107944,kept,,2021,masroor,10.1186/s12893-021-01289-x,21,289,BMC surgery,Torsion of the wandering spleen as an abdominal emergency: a case report.
WS0213,Scopus,85107424639,duplicate,T1 DOI,2021,masroor,10.1186/s12893-021-01289-x,21,,BMC Surgery,Torsion of the wandering spleen as an abdominal emergency: a case report
WS0213,WoS,WOS:000659508300001,duplicate,T1 DOI,2021,masroor,10.1186/s12893-021-01289-x,21,,BMC SURGERY,Torsion of the wandering spleen as an abdominal emergency: a case report
WS0214,PubMed,34062360,kept,,2021,alberto,10.1016/j.ijscr.2021.105992,83,105992,International journal of surgery case reports,Cecal splenosis mimicking gastrointestinal stroma tumor. Case report and review  of the literature.
WS0214,Scopus,85107029884,duplicate,T1 DOI,2021,alberto,10.1016/j.ijscr.2021.105992,83,,International Journal of Surgery Case Reports,Cecal splenosis mimicking gastrointestinal stroma tumor. Case report and review of the literature
WS0214,WoS,WOS:000668692600027,duplicate,T1 DOI,2021,alberto,10.1016/j.ijscr.2021.105992,83,,INTERNATIONAL JOURNAL OF SURGERY CASE REPORTS,Cecal splenosis mimicking gastrointestinal stroma tumor. Case report and review of the literature
WS0215,PubMed,33904059,kept,,2021,labiad,10.1007/s11605-021-05013-1,25,2999,Journal of gastrointestinal surgery : official journal of the Society for Surgery  of the Alimentary Tract,Splenic Volvulus and 2q37 Deletion Syndrome.
WS0215,Scopus,85105376839,duplicate,T1 DOI,2021,labiad,10.1007/s11605-021-05013-1,25,2999,Journal of Gastrointestinal Surgery,Splenic Volvulus and 2q37 Deletion Syndrome
WS0215,WoS,WOS:000644375200003,duplicate,T1 DOI,2021,labiad,10.1007/s11605-021-05013-1,25,2999,JOURNAL OF GASTROINTESTINAL SURGERY,Splenic Volvulus and 2q37 Deletion Syndrome
WS0216,PubMed,33883109,kept,,2021,gordon,10.1136/bcr-2020-239520,14,,BMJ case reports,Challenge of diagnosing splenic torsion in a paediatric patient with  gastroschisis.
WS0216,Scopus,85104850157,duplicate,T1 DOI,2021,gordon,10.1136/bcr-2020-239520,14,,BMJ Case Reports,Challenge of diagnosing splenic torsion in a paediatric patient with gastroschisis
WS0216,WoS,WOS:000764078200089,duplicate,T1 DOI,2021,gordon,10.1136/bcr-2020-239520,14,,BMJ CASE REPORTS,Challenge of diagnosing splenic torsion in a paediatric patient with gastroschisis
WS0217,PubMed,33866863,kept,,2023,shaw,10.1177/00031348211011128,89,4884,The American surgeon,Surgical Control of Bleeding From Ovarian Torsion in the Setting of Immune  Thrombocytopenic Purpura Without Splenectomy.
WS0218,PubMed,33830509,kept,,2021,rooney,10.1111/jsap.13341,62,1026,The Journal of small animal practice,Diagnosis and surgical treatment of a primary splenic torsion in a domestic  ferret (Mustela putorius furo).
WS0218,Scopus,85104022590,duplicate,T1 DOI,2021,rooney,10.1111/jsap.13341,62,1026,Journal of Small Animal Practice,Diagnosis and surgical treatment of a primary splenic torsion in a domestic ferret (Mustela putorius furo)
WS0218,WoS,WOS:000637790700001,duplicate,T1 DOI,2021,rooney,10.1111/jsap.13341,62,1026,JOURNAL OF SMALL ANIMAL PRACTICE,Diagnosis and surgical treatment of a primary splenic torsion in a domestic ferret (Mustela putorius furo)
WS0219,Scopus,85103608922,kept,T1 DOI,2021,nel,10.17159/2078-5151/2021/v59n1a3531,59,30,South African Journal of Surgery,Laparoscopic splenopexy for wandering spleen with absorbable mesh fixation
WS0219,WoS,WOS:000714690000011,duplicate,,2021,nel,10.17159/2078-5151/2021/v59n1a3531,59,,SOUTH AFRICAN JOURNAL OF SURGERY,Laparoscopic splenopexy for wandering spleen with absorbable mesh fixation
WS0219,PubMed,33779107,duplicate,,2021,nel,,59,30,South African journal of surgery. Suid-Afrikaanse tydskrif vir chirurgie,Laparoscopic splenopexy for wandering spleen with absorbable mesh fixation.
WS0220,PubMed,33730926,kept,,2021,guo,10.1177/03000605211000511,49,3000605211000511,The Journal of international medical research,Abdominopelvic ectopic spleen with a comprehensive imaging examination: a case  report.
WS0220,Scopus,85102757447,duplicate,T1 DOI,2021,guo,10.1177/03000605211000511,49,,Journal of International Medical Research,Abdominopelvic ectopic spleen with a comprehensive imaging examination: a case report
WS0220,WoS,WOS:000631127800001,duplicate,T1 DOI,2021,guo,10.1177/03000605211000511,49,,JOURNAL OF INTERNATIONAL MEDICAL RESEARCH,Abdominopelvic ectopic spleen with a comprehensive imaging examination: a case report
WS0221,PubMed,33709481,kept,,2021,kumarasamy,10.1111/ans.16733,91,2531,ANZ journal of surgery,Surgical abdominal emergency due to torsion of wandering spleen.
WS0221,Scopus,85102622909,duplicate,T1 DOI,2021,kumarasamy,10.1111/ans.16733,91,2531,ANZ Journal of Surgery,Surgical abdominal emergency due to torsion of wandering spleen
WS0221,WoS,WOS:000627809600001,duplicate,T1 DOI,2021,kumarasamy,10.1111/ans.16733,91,2531,ANZ JOURNAL OF SURGERY,Surgical abdominal emergency due to torsion of wandering spleen
WS0222,PubMed,33682463,kept,,2021,hamdy,10.1308/rcsann.2020.7144,103,127,Annals of the Royal College of Surgeons of England,An infarcted wandering spleen leading to a sigmoid volvulus presenting with acute  large bowel obstruction: a case report.
WS0222,Scopus,85103803362,duplicate,T1 DOI,2021,hamdy,10.1308/rcsann.2020.7144,103,127,Annals of the Royal College of Surgeons of England,An infarcted wandering spleen leading to a sigmoid volvulus presenting with acute large bowel obstruction: a case report
WS0222,WoS,WOS:000636680400019,duplicate,T1 DOI,2021,hamdy,10.1308/rcsann.2020.7144,103,127,ANNALS OF THE ROYAL COLLEGE OF SURGEONS OF ENGLAND,An infarcted wandering spleen leading to a sigmoid volvulus presenting with acute large bowel obstruction: a case report
WS0223,PubMed,33622743,kept,,2021,alfahad,10.1136/bcr-2020-237912,14,,BMJ case reports,Ectopic spleen presenting as a slowly enlarging lung nodule in the right lower  lobe following gastric pull up operation.
WS0223,Scopus,85101546539,duplicate,T1 DOI,2021,alfahad,10.1136/bcr-2020-237912,14,,BMJ Case Reports,Ectopic spleen presenting as a slowly enlarging lung nodule in the right lower lobe following gastric pull up operation
WS0223,WoS,WOS:000661575500078,duplicate,T1 DOI,2021,alfahad,10.1136/bcr-2020-237912,14,,BMJ CASE REPORTS,Ectopic spleen presenting as a slowly enlarging lung nodule in the right lower lobe following gastric pull up operation
WS0224,PubMed,33590622,kept,,2021,hayati,10.1111/ans.16380,91,214,ANZ journal of surgery,Re: Rare case of wandering spleen causing intra-thoracic megacolon.
WS0224,Scopus,85100873697,duplicate,T1 DOI,2021,hayati,10.1111/ans.16380,91,214,ANZ Journal of Surgery,Re: Rare case of wandering spleen causing intra-thoracic megacolon
WS0224,WoS,WOS:000618258900072,duplicate,T1 DOI,2021,hayati,10.1111/ans.16380,91,214,ANZ JOURNAL OF SURGERY,Re: Rare case of wandering spleen causing intra-thoracic megacolon
WS0225,PubMed,33562971,kept,,2020,dibonova,,85,193,Ceska gynekologie,Coincidental finding of pelvic splenosis during gynecological surgery.
WS0225,Scopus,85101029759,duplicate,T2 title+author+year,2020,dibonova,,85,193,Ceska Gynekologie,Coincidental finding of pelvic splenosis during gynecological surgery
WS0226,PubMed,33541983,kept,,2021,midha,10.1136/bcr-2020-238647,14,,BMJ case reports,"'Wandering spleen with acute torsion' : a rare indication for splenectomy in an  adult, complicated by postoperative splanchnic venous thrombosis and intestinal gangrene."
WS0226,Scopus,85101276791,duplicate,T1 DOI,2021,midha,10.1136/bcr-2020-238647,14,,BMJ Case Reports,"'Wandering spleen with acute torsion': a rare indication for splenectomy in an adult, complicated by postoperative splanchnic venous thrombosis and intestinal gangrene"
WS0226,WoS,WOS:000661575500119,duplicate,T1 DOI,2021,midha,10.1136/bcr-2020-238647,14,,BMJ CASE REPORTS,"'Wandering spleen with acute torsion' : a rare indication for splenectomy in an adult, complicated by postoperative splanchnic venous thrombosis and intestinal gangrene"
WS0227,PubMed,33509856,kept,,2021,shen,10.1136/bcr-2020-235918,14,,BMJ case reports,Wandering spleen leading to splenic torsion with gastric and pancreatic volvulus.
WS0227,Scopus,85100175059,duplicate,T1 DOI,2021,shen,10.1136/bcr-2020-235918,14,,BMJ Case Reports,Wandering spleen leading to splenic torsion with gastric and pancreatic volvulus
WS0227,WoS,WOS:000661574500036,duplicate,T1 DOI,2021,shen,10.1136/bcr-2020-235918,14,,BMJ CASE REPORTS,Wandering spleen leading to splenic torsion with gastric and pancreatic volvulus
WS0228,PubMed,33428514,kept,,2021,ganarin,10.1089/lap.2020.0759,31,468,Journal of laparoendoscopic & advanced surgical techniques. Part A,Surgical Approach of Wandering Spleen in Infants and Children: A Systematic  Review.
WS0228,Scopus,85103817145,duplicate,T1 DOI,2021,ganarin,10.1089/lap.2020.0759,31,468,Journal of Laparoendoscopic and Advanced Surgical Techniques,Surgical Approach of Wandering Spleen in Infants and Children: A Systematic Review
WS0228,WoS,WOS:000607587000001,duplicate,T1 DOI,2021,ganarin,10.1089/lap.2020.0759,31,468,JOURNAL OF LAPAROENDOSCOPIC & ADVANCED SURGICAL TECHNIQUES,Surgical Approach of Wandering Spleen in Infants and Children: A Systematic Review
WS0229,PubMed,33417114,kept,,2021,thomas,10.1007/s10140-020-01895-x,28,431,Emergency radiology,The likely association between wandering spleen and absent left kidney.
WS0229,Scopus,85098939108,duplicate,T1 DOI,2021,thomas,10.1007/s10140-020-01895-x,28,431,Emergency Radiology,The likely association between wandering spleen and absent left kidney
WS0229,WoS,WOS:000606252300003,duplicate,T1 DOI,2021,thomas,10.1007/s10140-020-01895-x,28,431,EMERGENCY RADIOLOGY,The likely association between wandering spleen and absent left kidney
WS0230,PubMed,33394461,kept,,2021,kafadar,10.14744/tjtes.2020.00734,27,154,Ulusal travma ve acil cerrahi dergisi = Turkish journal of trauma & emergency  surgery : TJTES,Acute abdomen due to torsion of the wandering spleen: A rare clinical  presentation.
WS0230,Scopus,85099427956,duplicate,T1 DOI,2021,kafadar,10.14744/tjtes.2020.00734,27,154,Ulusal Travma ve Acil Cerrahi Dergisi,Acute abdomen due to torsion of the wandering spleen: A rare clinical presentation
WS0230,WoS,WOS:000604992400026,duplicate,T1 DOI,2021,kafadar,10.14744/tjtes.2020.00734,27,154,ULUSAL TRAVMA VE ACIL CERRAHI DERGISI-TURKISH JOURNAL OF TRAUMA & EMERGENCY SURGERY,Acute abdomen due to torsion of the wandering spleen: A rare clinical presentation
WS0231,PubMed,33373922,kept,,2021,virani,10.1016/j.ijscr.2020.12.039,78,274,International journal of surgery case reports,Wandering spleen with splenic torsion: Report of two cases.
WS0231,Scopus,85098128093,duplicate,T1 DOI,2021,virani,10.1016/j.ijscr.2020.12.039,78,274,International Journal of Surgery Case Reports,Wandering spleen with splenic torsion: Report of two cases
WS0231,WoS,WOS:000608403500042,duplicate,T1 DOI,2021,virani,10.1016/j.ijscr.2020.12.039,78,274,INTERNATIONAL JOURNAL OF SURGERY CASE REPORTS,Wandering spleen with splenic torsion: Report of two cases
WS0232,PubMed,33343117,kept,,2020,skiba,10.4103/jiaps.jiaps_216_19,25,323,Journal of Indian Association of Pediatric Surgeons,Torsion of a Wandering Spleen Managed Conservatively: Rare and Interesting.
WS0232,Scopus,85091358972,duplicate,T2 title+author+year,2020,skiba,10.4103/jiaps.jiaps-216-19,25,323,Journal of Indian Association of Pediatric Surgeons,Torsion of a wandering spleen managed conservatively: Rare and interesting
WS0233,PubMed,33341287,kept,,2021,giraud,10.1016/j.revmed.2020.11.010,42,285,La Revue de medecine interne,[A case report of wandering spleen].
WS0233,Scopus,85097756800,duplicate,T1 DOI,2021,giraud,10.1016/j.revmed.2020.11.010,42,285,Revue de Medecine Interne,A case report of wandering spleen
WS0233,WoS,WOS:000648723200008,duplicate,T1 DOI,2021,giraud,10.1016/j.revmed.2020.11.010,42,285,REVUE DE MEDECINE INTERNE,A case report of wandering spleen
WS0234,PubMed,33325583,kept,,2021,battiato,10.1111/vru.12941,62,309,Veterinary radiology & ultrasound : the official journal of the American College  of Veterinary Radiology and the International Veterinary Radiology Association,Spontaneous emphysematous splenitis: Radiographic and ultrasonographic findings  in three Golden Retriever dogs.
WS0234,Scopus,85097538520,duplicate,T1 DOI,2021,battiato,10.1111/vru.12941,62,309,Veterinary Radiology and Ultrasound,Spontaneous emphysematous splenitis: Radiographic and ultrasonographic findings in three Golden Retriever dogs
WS0234,WoS,WOS:000598909500001,duplicate,T1 DOI,2021,battiato,10.1111/vru.12941,62,309,VETERINARY RADIOLOGY & ULTRASOUND,Spontaneous emphysematous splenitis: Radiographic and ultrasonographic findings in three Golden Retriever dogs
WS0235,PubMed,33273777,kept,,2020,kaur,10.4103/ijri.ijri_46_20,30,389,The Indian journal of radiology & imaging,Wandering spleen: A rare entity and a diagnostic dilemma.
WS0235,Scopus,85095126167,duplicate,T1 DOI,2021,kaur,10.4103/ijri.ijri_46_20,30,389,Indian Journal of Radiology and Imaging,Wandering spleen: A rare entity and a diagnostic dilemma
WS0236,PubMed,33213371,kept,,2020,zheng,10.1186/s12876-020-01533-3,20,388,BMC gastroenterology,Endoscopic full-thickness resection of gastric ectopic splenic nodules.
WS0236,Scopus,85096317888,duplicate,T1 DOI,2020,zheng,10.1186/s12876-020-01533-3,20,,BMC Gastroenterology,Endoscopic full-thickness resection of gastric ectopic splenic nodules
WS0236,WoS,WOS:000594948600003,duplicate,T1 DOI,2020,zheng,10.1186/s12876-020-01533-3,20,,BMC GASTROENTEROLOGY,Endoscopic full-thickness resection of gastric ectopic splenic nodules
WS0237,PubMed,33210467,kept,,2021,umeda,10.1111/ases.12894,14,644,Asian journal of endoscopic surgery,Laparoscopic retroperitoneal splenopexy for wandering spleen: A novel technique  using a three-incision retroperitoneal pouch.
WS0237,Scopus,85111789830,duplicate,T1 DOI,2021,umeda,10.1111/ases.12894,14,644,Asian Journal of Endoscopic Surgery,Laparoscopic retroperitoneal splenopexy for wandering spleen: A novel technique using a three-incision retroperitoneal pouch
WS0238,WoS,WOS:000595304400014,kept,T1 DOI,2020,wester,10.1056/nejmicm2003627,383,2065,NEW ENGLAND JOURNAL OF MEDICINE,Wandering Spleen
WS0238,PubMed,33207096,duplicate,,2020,wester,10.1056/nejmicm2003627,383,2065,The New England journal of medicine,Wandering Spleen.
WS0238,Scopus,85096407930,duplicate,T1 DOI,2020,wester,10.1056/nejmicm2003627,383,2065,New England Journal of Medicine,Wandering spleen
WS0239,PubMed,33171434,kept,,2020,el-helou,10.1016/j.ijscr.2020.11.001,77,214,International journal of surgery case reports,"Splenoptosis in young female, case report."
WS0239,Scopus,85096225730,duplicate,T1 DOI,2020,el-helou,10.1016/j.ijscr.2020.11.001,77,214,International Journal of Surgery Case Reports,"Splenoptosis in young female, case report"
WS0240,PubMed,33137668,kept,,2020,dangen,10.1016/j.ijscr.2020.10.049,77,32,International journal of surgery case reports,Treatment of a congenital diaphragmatic hernia with associated wandering spleen:  Case report of a 17-year-old girl.
WS0240,Scopus,85094582713,duplicate,T1 DOI,2020,dangen,10.1016/j.ijscr.2020.10.049,77,32,International Journal of Surgery Case Reports,Treatment of a congenital diaphragmatic hernia with associated wandering spleen: Case report of a 17-year-old girl
WS0241,PubMed,33088415,kept,,2020,gulati,10.3941/jrcr.v14i7.3752,14,10,Journal of radiology case reports,Torsion of Wandering Spleen and its adherence to the right ovary - An unusual  cause of recurrent pain abdomen.
WS0241,Scopus,85090688666,duplicate,T1 DOI,2020,gulati,10.3941/jrcr.v14i7.3752,14,10,Journal of Radiology Case Reports,Torsion of wandering spleen and its adherence to the right ovary-an unusual cause of recurrent pain abdomen
WS0242,PubMed,33041134,kept,,2021,schaeffer,10.1016/j.ajem.2020.08.048,41,265,The American journal of emergency medicine,Splenic volvulus of a wandering spleen.
WS0242,Scopus,85092240773,duplicate,T1 DOI,2021,schaeffer,10.1016/j.ajem.2020.08.048,41,265,American Journal of Emergency Medicine,Splenic volvulus of a wandering spleen
WS0242,WoS,WOS:000621956700065,duplicate,T1 DOI,2021,schaeffer,10.1016/j.ajem.2020.08.048,41,,AMERICAN JOURNAL OF EMERGENCY MEDICINE,Splenic volvulus of a wandering spleen
WS0243,PubMed,32996204,kept,,2020,specchi,10.1111/vru.12914,61,636,Veterinary radiology & ultrasound : the official journal of the American College  of Veterinary Radiology and the International Veterinary Radiology Association,CT angiography identifies collaterals in dogs with splenic vein obstruction and  presumed regional splenic vein hypertension.
WS0243,Scopus,85091683604,duplicate,T1 DOI,2020,specchi,10.1111/vru.12914,61,636,Veterinary Radiology and Ultrasound,CT angiography identifies collaterals in dogs with splenic vein obstruction and presumed regional splenic vein hypertension
WS0243,WoS,WOS:000573604700001,duplicate,T1 DOI,2020,specchi,10.1111/vru.12914,61,636,VETERINARY RADIOLOGY & ULTRASOUND,CT angiography identifies collaterals in dogs with splenic vein obstruction and presumed regional splenic vein hypertension
WS0244,PubMed,32925740,kept,,2020,wang,10.1097/md.0000000000022063,99,22063,Medicine,Wandering spleen with splenic torsion in a toddler: A case report and literature  review.
WS0244,Scopus,85091053105,duplicate,T1 DOI,2020,wang,10.1097/md.0000000000022063,99,22063,Medicine (United States),Wandering spleen with splenic torsion in a toddler: A case report and literature review
WS0244,WoS,WOS:000579180600032,duplicate,T1 DOI,2020,wang,10.1097/md.0000000000022063,99,,MEDICINE,Wandering spleen with splenic torsion in a toddler A case report and literature review
WS0245,PubMed,32870025,kept,,2022,safaya,10.1177/0003134820945288,88,1361,The American surgeon,Wandering Spleen With Splenic Torsion and Pancreatitis : Spleen Preserving  Management.
WS0245,Scopus,85111752314,duplicate,T1 DOI,2022,safaya,10.1177/0003134820945288,88,1361,American Surgeon,Wandering Spleen With Splenic Torsion and Pancreatitis: Spleen Preserving Management
WS0245,WoS,WOS:000805525400061,duplicate,T1 DOI,2022,safaya,10.1177/0003134820945288,88,1361,AMERICAN SURGEON,Wandering Spleen With Splenic Torsion and Pancreatitis: Spleen Preserving Management
WS0246,PubMed,32868755,kept,,2020,koliakos,10.12659/ajcr.925301,21,925301,The American journal of case reports,Wandering Spleen Volvulus: A Case Report and Literature Review of This Diagnostic  Challenge.
WS0246,Scopus,85090105938,duplicate,T1 DOI,2020,koliakos,10.12659/ajcr.925301,21,1,American Journal of Case Reports,Wandering spleen volvulus: A case report and literature review of this diagnostic challenge
WS0247,PubMed,32823158,kept,,2020,martins-bessa,10.1016/j.tcam.2020.100459,41,100459,Topics in companion animal medicine,Simultaneous Torsion of a Uterine Horn and Spleen in a Pregnant Two-Year-Old  Crossbreed Bitch: A Case Report.
WS0247,Scopus,85087739834,duplicate,T1 DOI,2020,martins-bessa,10.1016/j.tcam.2020.100459,41,,Topics in Companion Animal Medicine,Simultaneous Torsion of a Uterine Horn and Spleen in a Pregnant Two-Year-Old Crossbreed Bitch: A Case Report
WS0247,WoS,WOS:000592422600008,duplicate,T1 DOI,2020,martins-bessa,10.1016/j.tcam.2020.100459,41,,TOPICS IN COMPANION ANIMAL MEDICINE,Simultaneous Torsion of a Uterine Horn and Spleen in a Pregnant Two-Year-Old Crossbreed Bitch: A Case Report
WS0248,PubMed,32802611,kept,,2020,shimshoni,10.7759/cureus.9176,12,9176,Cureus,Rare Cause of Abdominal Pain in an Adolescent Patient: Splenic Infarction in  Absence of Causative Underlying Hematologic Disorder.
WS0249,PubMed,32771108,kept,,2020,pouchot,10.1016/s0140-6736(20)31552-x,396,412,"Lancet (London, England)","A wandering spleen, splenomegaly, hypersplenism, and iron deficiency anaemia."
WS0249,Scopus,85089003811,duplicate,T1 DOI,2020,pouchot,10.1016/s0140-6736(20)31552-x,396,412,The Lancet,"A wandering spleen, splenomegaly, hypersplenism, and iron deficiency anaemia"
WS0249,WoS,WOS:000561619100025,duplicate,T2 title+author+year,2020,pouchot,,396,412,LANCET,"A wandering spleen, splenomegaly, hypersplenism, and iron deficiency anaemia"
WS0250,PubMed,32762474,kept,,2020,zhang,10.1177/0300060520935304,48,300060520935304,The Journal of international medical research,Accessory spleen originating from the intrinsic muscularis of the stomach  misdiagnosed as gastrointestinal stromal tumor: a case report.
WS0250,Scopus,85089186686,duplicate,T1 DOI,2020,zhang,10.1177/0300060520935304,48,,Journal of International Medical Research,Accessory spleen originating from the intrinsic muscularis of the stomach misdiagnosed as gastrointestinal stromal tumor: a case report
WS0250,WoS,WOS:000561364500001,duplicate,T1 DOI,2020,zhang,10.1177/0300060520935304,48,,JOURNAL OF INTERNATIONAL MEDICAL RESEARCH,Accessory spleen originating from the intrinsic muscularis of the stomach misdiagnosed as gastrointestinal stromal tumor: a case report
WS0251,PubMed,32718836,kept,,2021,perez-rosillo,10.1016/j.gastrohep.2020.05.013,44,585,Gastroenterologia y hepatologia,Acute abdomen secondary to torsion and infarction of a wandering spleen.
WS0251,Scopus,85088554679,duplicate,T1 DOI,2021,perez-rosillo,10.1016/j.gastrohep.2020.05.013,44,585,Gastroenterologia y Hepatologia,Acute abdomen secondary to torsion and infarction of a wandering spleen
WS0251,WoS,WOS:000747812000017,duplicate,T1 DOI,2021,perez-rosillo,10.1016/j.gastrohep.2020.05.013,44,585,GASTROENTEROLOGIA Y HEPATOLOGIA,Acute abdomen secondary to torsion and infarction of a wandering spleen
WS0252,PubMed,32646735,kept,,2021,lebeul,10.1016/j.dld.2020.06.025,53,500,Digestive and liver disease : official journal of the Italian Society of  Gastroenterology and the Italian Association for the Study of the Liver,A wandering SPLEEN.
WS0252,Scopus,85087430195,duplicate,T1 DOI,2021,lebeul,10.1016/j.dld.2020.06.025,53,500,Digestive and Liver Disease,A wandering SPLEEN
WS0252,WoS,WOS:000634533500020,duplicate,T1 DOI,2021,lebeul,10.1016/j.dld.2020.06.025,53,500,DIGESTIVE AND LIVER DISEASE,A wandering SPLEEN
WS0253,PubMed,32612378,kept,,2020,abaszadeh,10.2147/ijgm.s248259,13,333,International journal of general medicine,Torsion of Wandering Spleen Attached to the Omentum: A Rare Case Report from  Iran.
WS0253,Scopus,85086841065,duplicate,T1 DOI,2020,abaszadeh,10.2147/ijgm.s248259,13,333,International Journal of General Medicine,Torsion of wandering spleen attached to the omentum: A rare case report from Iran
WS0253,WoS,WOS:000542578900001,duplicate,T1 DOI,2020,abaszadeh,10.2147/ijgm.s248259,13,333,INTERNATIONAL JOURNAL OF GENERAL MEDICINE,Torsion of Wandering Spleen Attached to the Omentum: A Rare Case Report from Iran
WS0254,PubMed,32508109,kept,,2020,el-helou,10.1308/rcsann.2020.0131,102,1,Annals of the Royal College of Surgeons of England,Small bowel obstruction due to splenosis 30 years after splenectomy.
WS0254,Scopus,85094983258,duplicate,T1 DOI,2020,el-helou,10.1308/rcsann.2020.0131,102,228,Annals of the Royal College of Surgeons of England,Small bowel obstruction due to splenosis 30 years after splenectomy
WS0254,WoS,WOS:000584413800003,duplicate,T1 DOI,2020,el-helou,10.1308/rcsann.2020.0131,102,228,ANNALS OF THE ROYAL COLLEGE OF SURGEONS OF ENGLAND,Small bowel obstruction due to splenosis 30 years after splenectomy
WS0255,PubMed,32436983,kept,,2020,karaisli,10.14744/tjtes.2019.91606,26,489,Ulusal travma ve acil cerrahi dergisi = Turkish journal of trauma & emergency  surgery : TJTES,Torsion of wandering spleen nine years after gastric volvulus: Effect of  multiparity?
WS0255,Scopus,85085156833,duplicate,T1 DOI,2020,karaisli,10.14744/tjtes.2019.91606,26,489,Ulusal Travma ve Acil Cerrahi Dergisi,Torsion of wandering spleen nine years after gastric volvulus: Effect of multiparity?
WS0255,WoS,WOS:000536020600023,duplicate,T1 DOI,2020,karaisli,10.14744/tjtes.2019.91606,26,489,ULUSAL TRAVMA VE ACIL CERRAHI DERGISI-TURKISH JOURNAL OF TRAUMA & EMERGENCY SURGERY,Torsion of wandering spleen nine years after gastric volvulus: Effect of multiparity?
WS0256,PubMed,32432066,kept,,2020,simon,10.3389/fped.2020.00220,8,220,Frontiers in pediatrics,Torsion of an Accessory Spleen in a Child With Biliary Atresia Splenic  Malformation Syndrome.
WS0256,Scopus,85085066093,duplicate,T1 DOI,2020,simon,10.3389/fped.2020.00220,8,,Frontiers in Pediatrics,Torsion of an Accessory Spleen in a Child With Biliary Atresia Splenic Malformation Syndrome
WS0256,WoS,WOS:000536696000001,duplicate,T1 DOI,2020,simon,10.3389/fped.2020.00220,8,,FRONTIERS IN PEDIATRICS,Torsion of an Accessory Spleen in a Child With Biliary Atresia Splenic Malformation Syndrome
WS0257,PubMed,32424633,kept,,2020,parada,10.1007/s10140-020-01786-1,27,555,Emergency radiology,Torsion of wandering spleen: radiological findings.
WS0257,Scopus,85084972865,duplicate,T1 DOI,2020,parada,10.1007/s10140-020-01786-1,27,555,Emergency Radiology,Torsion of wandering spleen: radiological findings
WS0258,PubMed,32420307,kept,,2020,ge,10.12998/wjcc.v8.i9.1729,8,1729,World journal of clinical cases,Endoscopic ultrasonography elastography in the diagnosis of intrapancreatic  ectopic spleen: A case report.
WS0258,Scopus,85086894254,duplicate,T1 DOI,2020,ge,10.12998/wjcc.v8.i9.1729,8,1729,World Journal of Clinical Cases,Endoscopic ultrasonography elastography in the diagnosis of intrapancreatic ectopic spleen: A case report
WS0258,WoS,WOS:000533591700022,duplicate,T1 DOI,2020,ge,10.12998/wjcc.v8.i9.1729,8,1729,WORLD JOURNAL OF CLINICAL CASES,Endoscopic ultrasonography elastography in the diagnosis of intrapancreatic ectopic spleen: A case report
WS0259,PubMed,32369654,kept,,2020,mocanu,10.1111/ans.15966,90,186,ANZ journal of surgery,Atypical mesenteroaxial gastric volvulus with wandering spleen as a late  complication of vagotomy and pyloromyotomy for peptic duodenal ulcer.
WS0259,Scopus,85085131422,duplicate,T1 DOI,2020,mocanu,10.1111/ans.15966,90,186,ANZ Journal of Surgery,Atypical mesenteroaxial gastric volvulus with wandering spleen as a late complication of vagotomy and pyloromyotomy for peptic duodenal ulcer
WS0259,WoS,WOS:000530372700001,duplicate,T1 DOI,2020,mocanu,10.1111/ans.15966,90,186,ANZ JOURNAL OF SURGERY,Atypical mesenteroaxial gastric volvulus with wandering spleen as a late complication of vagotomy and pyloromyotomy for peptic duodenal ulcer
WS0260,PubMed,32368543,kept,,2020,chang,10.12998/wjcc.v8.i8.1502,8,1502,World journal of clinical cases,Unusual association of Axenfeld-Rieger syndrome and wandering spleen: A case  report.
WS0260,Scopus,85086900189,duplicate,T1 DOI,2020,chang,10.12998/wjcc.v8.i8.1502,8,1502,World Journal of Clinical Cases,Unusual association of Axenfeld-Rieger syndrome and wandering spleen: A case report
WS0260,WoS,WOS:000533590700016,duplicate,T1 DOI,2020,chang,10.12998/wjcc.v8.i8.1502,8,1502,WORLD JOURNAL OF CLINICAL CASES,Unusual association of Axenfeld-Rieger syndrome and wandering spleen: A case report
WS0261,PubMed,32253884,kept,,2020,ciki,10.24953/turkjped.2020.01.024,62,156,The Turkish journal of pediatrics,A rare cause of acute abdominal pain in a patient with Primary ciliary dyskinesia  with situs inversus totalis.
WS0261,Scopus,85083201234,duplicate,T1 DOI,2020,cıkı,10.24953/turkjped.2020.01.024,62,156,Turkish Journal of Pediatrics,A rare cause of acute abdominal pain in a patient with primary ciliary dyskinesia with situs inversus totalis
WS0261,WoS,WOS:000523556500023,duplicate,T1 DOI,2020,ciki,10.24953/turkjped.2020.01.024,62,156,TURKISH JOURNAL OF PEDIATRICS,A rare cause of acute abdominal pain in a patient with Primary ciliary dyskinesia with situs inversus totalis
WS0262,PubMed,32205002,kept,,2020,goksu,10.1016/j.jemermed.2020.01.012,58,189,The Journal of emergency medicine,Torsion of Wandering Spleen: A Case Report.
WS0262,Scopus,85081967072,duplicate,T1 DOI,2020,goksu,10.1016/j.jemermed.2020.01.012,58,189,Journal of Emergency Medicine,Torsion of Wandering Spleen: A Case Report
WS0262,WoS,WOS:000565849600005,duplicate,T1 DOI,2020,goksu,10.1016/j.jemermed.2020.01.012,58,189,JOURNAL OF EMERGENCY MEDICINE,TORSION OF WANDERING SPLEEN: A CASE REPORT
WS0263,PubMed,32156414,kept,,2020,perez,10.1016/j.ciresp.2020.02.001,98,627,Cirugia espanola,Massive splenic infarction in a wandering spleen: A rare indication for emergency  splenectomy.
WS0263,Scopus,85081274338,duplicate,T1 DOI,2020,perez,10.1016/j.ciresp.2020.02.001,98,627,Cirugia Espanola,Massive splenic infarction in a wandering spleen: A rare indication for emergency splenectomy
WS0263,WoS,WOS:000595633700011,duplicate,T1 DOI,2020,reyes,10.1016/j.ciresp.2020.02.001,98,627,CIRUGIA ESPANOLA,Massive splenic infarction in a wandering spleen: A rare indication for emergency splenectomy
WS0264,PubMed,32082535,kept,,2020,assaf,10.1093/jscr/rjz378,2020,378,Journal of surgical case reports,Acute abdomen due to an infarction of wandering spleen: case report.
WS0265,PubMed,32077164,kept,,2020,hughes,10.1111/vru.12844,61,261,Veterinary radiology & ultrasound : the official journal of the American College  of Veterinary Radiology and the International Veterinary Radiology Association,CT characteristics of primary splenic torsion in eight dogs.
WS0265,Scopus,85079869201,duplicate,T1 DOI,2020,hughes,10.1111/vru.12844,61,261,Veterinary Radiology and Ultrasound,CT characteristics of primary splenic torsion in eight dogs
WS0265,WoS,WOS:000514458600001,duplicate,T1 DOI,2020,hughes,10.1111/vru.12844,61,261,VETERINARY RADIOLOGY & ULTRASOUND,CT characteristics of primary splenic torsion in eight dogs
WS0266,PubMed,32021685,kept,,2020,colombo,10.1016/j.amsu.2019.12.001,50,10,Annals of medicine and surgery (2012),Torsion of wandering spleen involving the pancreatic tail.
WS0266,Scopus,85076831918,duplicate,T1 DOI,2020,colombo,10.1016/j.amsu.2019.12.001,50,10,Annals of Medicine and Surgery,Torsion of wandering spleen involving the pancreatic tail
WS0267,PubMed,32017329,kept,,2020,chue,10.1111/ans.15737,90,2124,ANZ journal of surgery,Laparoscopic splenectomy for a wandering spleen with resultant splenomegaly and  gastric varices.
WS0267,Scopus,85079051596,duplicate,T1 DOI,2020,chue,10.1111/ans.15737,90,2124,ANZ Journal of Surgery,Laparoscopic splenectomy for a wandering spleen with resultant splenomegaly and gastric varices
WS0267,WoS,WOS:000510785800001,duplicate,T1 DOI,2020,chue,10.1111/ans.15737,90,2124,ANZ JOURNAL OF SURGERY,Laparoscopic splenectomy for a wandering spleen with resultant splenomegaly and gastric varices
WS0268,PubMed,31989898,kept,,2020,cetinoglu,10.2174/1573405614666181009142322,16,88,Current medical imaging reviews,Torsion of Wandering Spleen: Importance of Splenic Density and Liver-to- Spleen  Attenuation Ratio on CT.
WS0268,Scopus,85078264683,duplicate,T1 DOI,2020,cetinoglu,10.2174/1573405614666181009142322,16,88,Current Medical Imaging,Torsion of wandering spleen: Importance of splenic density and liver-to-spleen attenuation ratio on CT
WS0268,WoS,WOS:000505777700011,duplicate,T1 DOI,2020,cetinoglu,10.2174/1573405614666181009142322,16,88,CURRENT MEDICAL IMAGING,Torsion of Wandering Spleen: Importance of Splenic Density and Liver-to-Spleen Attenuation Ratio on CT
WS0269,PubMed,31964552,kept,,2020,zhao,10.1016/j.prp.2020.152818,216,152818,"Pathology, research and practice",Incidental finding of abdominal splenosis with mononucleated cell infiltration  leading to a diagnosis of acute myeloid leukemia.
WS0269,Scopus,85077916947,duplicate,T1 DOI,2020,zhao,10.1016/j.prp.2020.152818,216,,Pathology Research and Practice,Incidental finding of abdominal splenosis with mononucleated cell infiltration leading to a diagnosis of acute myeloid leukemia
WS0269,WoS,WOS:000520946600023,duplicate,T1 DOI,2020,zhao,10.1016/j.prp.2020.152818,216,,PATHOLOGY RESEARCH AND PRACTICE,Incidental finding of abdominal splenosis with mononucleated cell infiltration leading to a diagnosis of acute myeloid leukemia
WS0270,PubMed,31958965,kept,,2019,frybova,10.33699/pis.2019.98.12.509-512,98,509,Rozhledy v chirurgii : mesicnik Ceskoslovenske chirurgicke spolecnosti,Extraperitoneal pocket splenopexy is a suitable solution for wandering spleen in  children and adolescents - case report.
WS0270,Scopus,85078610913,duplicate,T1 DOI,2019,frybova,10.33699/pis.2019.98.12.509-512,98,509,Rozhledy v chirurgii : mesicnik Ceskoslovenske chirurgicke spolecnosti,Extraperitoneal pocket splenopexy is a suitable solution for wandering spleen in children and adolescents - case report
WS0271,PubMed,31827967,kept,,2019,algino,10.1155/2019/1581736,2019,1581736,Case reports in surgery,Epidermoid Cysts in a Wandering Spleen: An Unusual Enigma.
WS0272,PubMed,31816207,kept,,2019,lim,,72,459,South Dakota medicine : the journal of the South Dakota State Medical Association,Wandering Spleen in a 1-Year-Old Girl: An Enigmatic Journey to Find the Hiding  Necrotic Spleen.
WS0272,Scopus,85076277369,duplicate,T2 title+author+year,2019,lim,,72,459,South Dakota medicine : the journal of the South Dakota State Medical Association,Wandering Spleen in a 1-Year-Old Girl: An Enigmatic Journey to Find the Hiding Necrotic Spleen
WS0273,PubMed,31811094,kept,,2019,camarillo,10.1136/bcr-2019-232494,12,,BMJ case reports,Wandering spleen: a rare complication of sleeve gastrectomy.
WS0273,Scopus,85076272226,duplicate,T1 DOI,2019,camarillo,10.1136/bcr-2019-232494,12,,BMJ Case Reports,Wandering spleen: A rare complication of sleeve gastrectomy
WS0274,PubMed,31807373,kept,,2019,khan,10.7759/cureus.5985,11,5985,Cureus,Symptomatic Intrathoracic Splenosis More than Forty Years After a Gunshot Injury.
WS0275,PubMed,31788290,kept,,2019,degheili,10.1002/ccr3.2419,7,2247,Clinical case reports,Pelvic splenosis-A rare cause of pelvic mass.
WS0275,Scopus,85073821836,duplicate,T1 DOI,2019,degheili,10.1002/ccr3.2419,7,2247,Clinical Case Reports,Pelvic splenosis—A rare cause of pelvic mass
WS0276,PubMed,31777729,kept,,2019,lee,10.5223/pghn.2019.22.6.608,22,608,"Pediatric gastroenterology, hepatology & nutrition",Chronic Gastric Volvulus as a Late Complication of Hepatectomy for Hepatoblastoma  in a Child: A Case Report.
WS0276,Scopus,85076554003,duplicate,T1 DOI,2019,lee,10.5223/pghn.2019.22.6.608,22,608,"Pediatric Gastroenterology, Hepatology and Nutrition",Chronic gastric volvulus as a late complication of hepatectomy for hepatoblastoma in a child: A case report
WS0277,PubMed,31679741,kept,,2020,rey,10.1016/j.ciresp.2019.09.009,98,418,Cirugia espanola,Torsion of a wandering spleen.
WS0277,Scopus,85074139586,duplicate,T1 DOI,2020,rey,10.1016/j.ciresp.2019.09.009,98,418,Cirugia Espanola,Torsion of a wandering spleen
WS0277,WoS,WOS:000577182400013,duplicate,T1 DOI,2020,valles,10.1016/j.ciresp.2019.09.009,98,418,CIRUGIA ESPANOLA,Torsion of a wandering spleen
WS0278,PubMed,31646719,kept,,2020,han,10.1111/ans.15542,90,1192,ANZ journal of surgery,Rare case of wandering spleen causing intra-thoracic megacolon.
WS0278,Scopus,85074648475,duplicate,T1 DOI,2020,han,10.1111/ans.15542,90,1192,ANZ Journal of Surgery,Rare case of wandering spleen causing intra-thoracic megacolon
WS0278,WoS,WOS:000495897500001,duplicate,T1 DOI,2020,han,10.1111/ans.15542,90,1192,ANZ JOURNAL OF SURGERY,Rare case of wandering spleen causing intra-thoracic megacolon
WS0279,PubMed,31617809,kept,,2019,fox-alvarez,10.2460/javma.255.9.1027,255,1027,Journal of the American Veterinary Medical Association,"Evaluation of a novel technique involving ultrasound-guided, temporary,  percutaneous gastropexy and gastrostomy catheter placement for providing sustained gastric decompression in dogs with gastric dilatation-volvulus."
WS0280,PubMed,31580314,kept,,2019,sammartano,10.23750/abm.v90i3.7767,90,275,Acta bio-medica : Atenei Parmensis,Validation of in vitro labeling method for human use of heat-damage red blood  cells to detect splenic tissue and hemocateretic function.
WS0280,Scopus,85072924384,duplicate,T1 DOI,2019,sammartano,10.23750/abm.v90i3.7767,90,275,Acta Biomedica,Validation of in vitro labeling method for human use of heat-damage red blood cells to detect splenic tissue and hemocateretic function
WS0281,PubMed,31560339,kept,,2019,ng,,85,430,The American surgeon,Wandering Spleen with 720-degree Torsion Treated with Splenectomy and Distal  Pancreatectomy.
WS0281,Scopus,85072619516,duplicate,T2 title+author+year,2019,ng,,85,430,American Surgeon,Wandering Spleen with 720-degree Torsion Treated with Splenectomy and Distal Pancreatectomy
WS0281,WoS,WOS:000485192500025,duplicate,T2 title+author+year,2019,ng,,85,430,AMERICAN SURGEON,Wandering Spleen with 720-degree Torsion Treated with Splenectomy and Distal Pancreatectomy
WS0282,PubMed,31549337,kept,,2020,renno,10.1007/s12328-019-01045-y,13,287,Clinical journal of gastroenterology,Diagnosis of intrapancreatic accessory spleen by endoscopic ultrasound-guided  fine-needle aspiration mimicking a pancreatic neoplasm: a case report and review of literature.
WS0282,Scopus,85074032877,duplicate,T1 DOI,2020,renno,10.1007/s12328-019-01045-y,13,287,Clinical Journal of Gastroenterology,Diagnosis of intrapancreatic accessory spleen by endoscopic ultrasound-guided fine-needle aspiration mimicking a pancreatic neoplasm: a case report and review of literature
WS0283,PubMed,31530528,kept,,2019,sahoo,10.5152/tjg.2019.18657,30,843,The Turkish journal of gastroenterology : the official journal of Turkish Society  of Gastroenterology,What is a disappearing intra-abdominal mass?
WS0283,Scopus,85072302882,duplicate,T1 DOI,2019,sahoo,10.5152/tjg.2019.18657,30,843,Turkish Journal of Gastroenterology,What is a disappearing intra-abdominal mass?
WS0284,PubMed,31492728,kept,,2019,manoharan,10.1136/bcr-2019-229948,12,,BMJ case reports,Unusual pseudocyst in a wandering spleen.
WS0284,Scopus,85071896806,duplicate,T1 DOI,2019,manoharan,10.1136/bcr-2019-229948,12,,BMJ Case Reports,Unusual pseudocyst in a wandering spleen
WS0285,PubMed,31445501,kept,,2019,awan,10.1016/j.ijscr.2019.06.040,62,58,International journal of surgery case reports,Torsion of wandering spleen treated by laparoscopic splenopexy: A case report.
WS0285,Scopus,85070833353,duplicate,T1 DOI,2019,awan,10.1016/j.ijscr.2019.06.040,62,58,International Journal of Surgery Case Reports,Torsion of wandering spleen treated by laparoscopic splenopexy: A case report
WS0286,PubMed,31440319,kept,,2019,taylor,10.1016/j.radcr.2019.06.018,14,1209,Radiology case reports,Wandering spleen with splenic torsion in a child with DiGeorge syndrome.
WS0286,Scopus,85073705357,duplicate,T1 DOI,2019,taylor,10.1016/j.radcr.2019.06.018,14,1209,Radiology Case Reports,Wandering spleen with splenic torsion in a child with DiGeorge syndrome
WS0287,PubMed,31406036,kept,,2019,kim,10.1292/jvms.19-0258,81,1492,The Journal of veterinary medical science,A case of acute splenic vein thrombosis in a dog.
WS0287,Scopus,85074119142,duplicate,T1 DOI,2019,kim,10.1292/jvms.19-0258,81,1492,Journal of Veterinary Medical Science,A case of acute splenic vein thrombosis in a dog
WS0287,WoS,WOS:000492844000015,duplicate,T1 DOI,2019,kim,10.1292/jvms.19-0258,81,1492,JOURNAL OF VETERINARY MEDICAL SCIENCE,A case of acute splenic vein thrombosis in a dog
WS0288,PubMed,31371695,kept,,2019,matsuyama,10.12659/ajcr.916845,20,1138,The American journal of case reports,A Case of Small Intestinal Ileus Due to Wandering Spleen with a Large Cyst.
WS0288,Scopus,85070972562,duplicate,T1 DOI,2019,matsuyama,10.12659/ajcr.916845,20,1138,American Journal of Case Reports,A case of small intestinal ileus due to wandering spleen with a large cyst
WS0289,PubMed,31352320,kept,,2019,nastiti,10.1016/j.ijscr.2019.07.021,61,91,International journal of surgery case reports,Emergency laparoscopic splenectomy for torsion of wandering spleen in a geriatric  patient: A case report.
WS0289,Scopus,85069715242,duplicate,T1 DOI,2019,nastiti,10.1016/j.ijscr.2019.07.021,61,91,International Journal of Surgery Case Reports,Emergency laparoscopic splenectomy for torsion of wandering spleen in a geriatric patient: A case report
WS0290,PubMed,31319072,kept,,2019,de'ath,10.1053/j.gastro.2019.07.022,157,11,Gastroenterology,Overeating and a Wandering Spleen: What Is the Link?
WS0290,Scopus,85075198789,duplicate,T1 DOI,2019,de'ath,10.1053/j.gastro.2019.07.022,157,11,Gastroenterology,Overeating and a Wandering Spleen: What Is the Link?
WS0290,WoS,WOS:000498848300005,duplicate,T1 DOI,2019,de'ath,10.1053/j.gastro.2019.07.022,157,11,GASTROENTEROLOGY,Overeating and a Wandering Spleen: What Is the Link?
WS0291,PubMed,31210954,kept,,2019,gandhi,10.1177/2054270419851325,10,2054270419851325,JRSM open,Wandering spleen in a geriatric patient - a rare presentation of gastric  volvulus.
WS0292,PubMed,31193859,kept,,2019,asafu,10.1016/j.radcr.2019.05.018,14,946,Radiology case reports,"Concurrent occurrence of a wandering spleen, organoaxial gastric volvulus,  pancreatic volvulus, and cholestasis - A rare cause of an acute abdomen."
WS0292,Scopus,85067926129,duplicate,T1 DOI,2019,asafu,10.1016/j.radcr.2019.05.018,14,946,Radiology Case Reports,"Concurrent occurrence of a wandering spleen, organoaxial gastric volvulus, pancreatic volvulus, and cholestasis – A rare cause of an acute abdomen"
WS0293,PubMed,31131126,kept,,2019,seif,10.1259/bjrcr.20180051,5,20180051,BJR case reports,Splenic torsion with involvement of pancreas and descending colon in a 9-year-old  boy.
WS0294,PubMed,31092484,kept,,2019,molina,10.1136/bcr-2018-228425,12,,BMJ case reports,Splenic infarction from vascular torsion in a child with normal splenic anatomy.
WS0294,Scopus,85065917834,duplicate,T1 DOI,2019,molina,10.1136/bcr-2018-228425,12,,BMJ Case Reports,Splenic infarction from vascular torsion in a child with normal splenic anatomy
WS0295,PubMed,31040610,kept,,2019,zugail,10.4103/ua.ua_47_18,11,211,Urology annals,Splenorenal fusion mimicking renal cancer: One case report and literature review.
WS0295,Scopus,85063930854,duplicate,T1 DOI,2019,zugail,10.4103/ua.ua_47_18,11,211,Urology Annals,Splenorenal fusion mimicking renal cancer: One case report and literature review
WS0296,PubMed,30970171,kept,,2019,short,10.1002/bies.201800234,41,1800234,"BioEssays : news and reviews in molecular, cellular and developmental biology",Targeting the Spleen as an Alternative Site for Hematopoiesis.
WS0296,Scopus,85064907924,duplicate,T1 DOI,2019,short,10.1002/bies.201800234,41,,BioEssays,Targeting the Spleen as an Alternative Site for Hematopoiesis
WS0296,WoS,WOS:000490273800008,duplicate,T1 DOI,2019,short,10.1002/bies.201800234,41,,BIOESSAYS,Targeting the Spleen as an Alternative Site for Hematopoiesis
WS0297,PubMed,30931139,kept,,2018,lemos,10.1259/bjrcr.20180024,4,20180024,BJR case reports,Splenosis of the abdomen and pelvis complicated by torsion of a splenic implant  clinically mimicking an acute bowel ischemia.
WS0298,PubMed,33536831,kept,,2019,ozcaglayan,10.14744/semb.2017.07379,53,76,Sisli Etfal Hastanesi tip bulteni,Contrast-Enhanced Computed Tomographic Findings of the Wandering Spleen: A Case  Report.
WS0299,PubMed,30876653,kept,,2019,karapolat,10.1016/j.amjms.2019.01.016,357,17,The American journal of the medical sciences,Torsion of the Wandering Spleen.
WS0299,Scopus,85063949842,duplicate,T1 DOI,2019,karapolat,10.1016/j.amjms.2019.01.016,357,17,American Journal of the Medical Sciences,Torsion of the Wandering Spleen
WS0299,WoS,WOS:000465167800002,duplicate,T1 DOI,2019,karapolat,10.1016/j.amjms.2019.01.016,357,17,AMERICAN JOURNAL OF THE MEDICAL SCIENCES,Torsion of the Wandering Spleen
WS0300,PubMed,30809877,kept,,2019,fujiwara,10.1111/ped.13760,61,192,Pediatrics international : official journal of the Japan Pediatric Society,Splenic torsion and polysplenia syndrome in a 10-year-old girl.
WS0300,Scopus,85062059522,duplicate,T1 DOI,2019,fujiwara,10.1111/ped.13760,61,192,Pediatrics International,Splenic torsion and polysplenia syndrome in a 10-year-old girl
WS0300,WoS,WOS:000459796600011,duplicate,T1 DOI,2019,fujiwara,10.1111/ped.13760,61,192,PEDIATRICS INTERNATIONAL,Splenic torsion and polysplenia syndrome in a 10-year-old girl
WS0301,PubMed,30778694,kept,,2019,kubo,10.1186/s40792-019-0582-0,5,28,Surgical case reports,Laparoscopic splenectomy for polysplenia with splenic torsion: a case report.
WS0302,PubMed,30768070,kept,,2019,menendez-moreno,10.24875/ciru.18000373,87,211,Cirugia y cirujanos,Atraumatic splenic rupture secondary to appendicular perforation by cecal  volvulus.
WS0303,PubMed,30758809,kept,,2019,trinci,10.1007/s40477-019-00359-4,22,99,Journal of ultrasound,A rare case of accessory spleen torsion in a child diagnosed by ultrasound (US)  and contrast-enhanced ultrasound (CEUS).
WS0303,Scopus,85063300357,duplicate,T1 DOI,2019,trinci,10.1007/s40477-019-00359-4,22,99,Journal of Ultrasound,A rare case of accessory spleen torsion in a child diagnosed by ultrasound (US) and contrast-enhanced ultrasound (CEUS)
WS0304,PubMed,30694749,kept,,2019,baugh,10.1016/j.jss.2018.11.032,236,144,The Journal of surgical research,Pancreatic Incidentalomas: A Management Algorithm for Identifying Ectopic  Spleens.
WS0304,Scopus,85058488630,duplicate,T1 DOI,2019,baugh,10.1016/j.jss.2018.11.032,236,144,Journal of Surgical Research,Pancreatic Incidentalomas: A Management Algorithm for Identifying Ectopic Spleens
WS0304,WoS,WOS:000458498300021,duplicate,T1 DOI,2019,baugh,10.1016/j.jss.2018.11.032,236,144,JOURNAL OF SURGICAL RESEARCH,Pancreatic Incidentalomas: A Management Algorithm for Identifying Ectopic Spleens
WS0305,PubMed,30572857,kept,,2018,niu,10.1186/s12893-018-0461-9,18,119,BMC surgery,Thoracic splenosis presenting as pulmonary space-occupying lesion.
WS0305,Scopus,85058918817,duplicate,T1 DOI,2018,niu,10.1186/s12893-018-0461-9,18,,BMC Surgery,Thoracic splenosis presenting as pulmonary space-occupying lesion
WS0305,WoS,WOS:000454105100001,duplicate,T1 DOI,2018,niu,10.1186/s12893-018-0461-9,18,,BMC SURGERY,Thoracic splenosis presenting as pulmonary space-occupying lesion
WS0306,PubMed,30569981,kept,,2018,bernardes,10.1590/1806-9282.64.12.1075,64,1075,Revista da Associacao Medica Brasileira (1992),An unusual cause of acute abdomen: wandering spleen with infarction.
WS0306,Scopus,85058839563,duplicate,T1 DOI,2018,filho,10.1590/1806-9282.64.12.1075,64,1075,Revista da Associacao Medica Brasileira,An unusual cause of acute abdomen: Wandering spleen with infarction
WS0306,WoS,WOS:000453410200006,duplicate,T1 DOI,2018,bernardes,10.1590/1806-9282.64.12.1075,64,1075,REVISTA DA ASSOCIACAO MEDICA BRASILEIRA,An unusual cause of acute abdomen: wandering spleen with infarction
WS0307,PubMed,30555950,kept,,2019,bellantoni,10.1016/j.ensci.2018.11.021,14,31,eNeurologicalSci,Simple schwannomatosis or an incomplete Coffin-Siris? Report of a particular  case.
WS0307,Scopus,85057472490,duplicate,T1 DOI,2019,bellantoni,10.1016/j.ensci.2018.11.021,14,31,eNeurologicalSci,Simple schwannomatosis or an incomplete Coffin-Siris? Report of a particular case
WS0308,PubMed,30457661,kept,,2018,hurtig,,115,,Lakartidningen,[Torsion of wandering spleen - unusual cause to acute abdominal pain in pediatric  patients].
WS0308,Scopus,85056694032,duplicate,T2 title+author+year,2018,hurtig,,115,,Lakartidningen,Torsion of wandering spleen – unusual cause to acute abdominal pain in pediatric patients
WS0309,Scopus,85056391599,kept,T1 DOI,2018,de,10.14715/cmb/2018.64.13.21,64,113,Cellular and Molecular Biology,Ectopic spleen mimicking hepatocellular carcinoma in the late post-operative period of bariatric surgery
WS0309,WoS,WOS:000449070100021,duplicate,T5 title+volume+pages,2018,de,10.14715/cmb/2018.64.13.21,64,113,CELLULAR AND MOLECULAR BIOLOGY,Ectopic spleen mimicking hepatocellular carcinoma in the late post-operative period of bariatric surgery
WS0309,PubMed,30403608,duplicate,,2018,falcao,,64,113,"Cellular and molecular biology (Noisy-le-Grand, France)",Ectopic spleen mimicking hepatocellular carcinoma in the late post-operative  period of bariatric surgery.
WS0310,PubMed,30357080,kept,,2018,khan,10.7759/cureus.3177,10,3177,Cureus,Torsion of Wandering Spleen with Infarction.
WS0311,PubMed,30324789,kept,,2018,vaynshtein,,20,656,The Israel Medical Association journal : IMAJ,Wandering Spleen: Three Subsequent Cases in Young Women.
WS0311,Scopus,85054890541,duplicate,T2 title+author+year,2018,vaynshtein,,20,656,Israel Medical Association Journal,Wandering spleen: Three subsequent cases in young women
WS0311,WoS,WOS:000449243500016,duplicate,T2 title+author+year,2018,vaynshtein,,20,656,ISRAEL MEDICAL ASSOCIATION JOURNAL,Wandering Spleen: Three Subsequent Cases in Young Women
WS0312,PubMed,30293757,kept,,2019,guvendi,10.1016/j.ciresp.2018.08.014,97,232,Cirugia espanola,Wandering spleen and intestinal malrotation.
WS0312,Scopus,85054173961,duplicate,T1 DOI,2019,guvendi,10.1016/j.ciresp.2018.08.014,97,232,Cirugia Espanola,Wandering spleen and intestinal malrotation
WS0312,WoS,WOS:000462035900009,duplicate,T1 DOI,2019,guvendi,10.1016/j.ciresp.2018.08.014,97,232,CIRUGIA ESPANOLA,Wandering spleen and intestinal malrotation
WS0313,PubMed,30260109,kept,,2018,pasten,,31,153,Cirugia pediatrica : organo oficial de la Sociedad Espanola de Cirugia Pediatrica,[Endoscopic management of gastric volvulus in a 8-years old girl].
WS0313,Scopus,85065490738,duplicate,T2 title+author+year,2018,pasten,,31,153,Cirugia pediatrica : organo oficial de la Sociedad Espanola de Cirugia Pediatrica,Endoscopic management of gastric volvulus in a 8-years old girl
WS0314,PubMed,30115712,kept,,2018,kariya,10.1136/bcr-2018-224917,2018,,BMJ case reports,Wandering spleen caused by subcapsular haemorrhage.
WS0314,Scopus,85051795552,duplicate,T1 DOI,2018,kariya,10.1136/bcr-2018-224917,2018,,BMJ Case Reports,Wandering spleen caused by subcapsular haemorrhage
WS0315,PubMed,30087001,kept,,2019,rodriguez,10.1016/j.rx.2018.07.002,61,26,Radiologia,Diagnostic imaging of abnormalities in the number and location of the spleen.
WS0315,Scopus,85050929669,duplicate,T1 DOI,2019,rodriguez,10.1016/j.rx.2018.07.002,61,26,Radiologia,Diagnostic imaging of abnormalities in the number and location of the spleen
WS0316,PubMed,30065530,kept,,2018,bayramoglu,10.4103/jmu.jmu_25_18,26,107,Journal of medical ultrasound,Partial Splenic Torsion in situ: Revealed by Ultrasound and Computed Tomography.
WS0316,Scopus,85048681549,duplicate,T1 DOI,2018,bayramoglu,10.4103/jmu.jmu_25_18,26,107,Journal of Medical Ultrasound,Partial splenic torsion in situ: Revealed by ultrasound and computed tomography
WS0317,PubMed,30034889,kept,,2018,lourdusamy,10.1155/2018/7573835,2018,7573835,Case reports in gastrointestinal medicine,The Importance of Recognizing Wandering Spleen as a Cause of Recurrent Acute  Pancreatitis.
WS0318,PubMed,30021736,kept,,2018,mohseni,10.1136/bcr-2018-224952,2018,,BMJ case reports,Splenic torsion: a rare cause of abdominal pain.
WS0318,Scopus,85050504100,duplicate,T1 DOI,2018,mohseni,10.1136/bcr-2018-224952,2018,,BMJ Case Reports,Splenic torsion: A rare cause of abdominal pain
WS0319,PubMed,30019879,kept,,2019,barabino,10.23736/s0026-4733.18.07841-0,74,359,Minerva chirurgica,"""Wandering spleen"" as a rare cause of recurrent abdominal pain: a systematic  review."
WS0319,Scopus,85068860522,duplicate,T1 DOI,2019,barabino,10.23736/s0026-4733.18.07841-0,74,359,Minerva Chirurgica,“Wandering spleen” as a rare cause of recurrent abdominal pain: A systematic review
WS0319,WoS,WOS:000474220900010,duplicate,T1 DOI,2019,barabino,10.23736/s0026-4733.18.07841-0,74,359,MINERVA CHIRURGICA,"""Wandering spleen"" as a rare cause of recurrent abdominal pain: a systematic review"
WS0320,PubMed,29950372,kept,,2018,anand,10.1136/bcr-2018-225496,2018,,BMJ case reports,Acute torsion of a wandering spleen: a paediatric emergency.
WS0320,Scopus,85049210667,duplicate,T1 DOI,2018,anand,10.1136/bcr-2018-225496,2018,,BMJ Case Reports,Acute torsion of a wandering spleen: A paediatric emergency
WS0321,WoS,WOS:000438481800005,kept,T2 title+author+year,2018,cohen,10.1073/pnas.1719264115,20,354,ISRAEL MEDICAL ASSOCIATION JOURNAL,Emergencies in the Treatment of Wandering Spleen
WS0321,PubMed,29911755,duplicate,,2018,cohen,,20,354,The Israel Medical Association journal : IMAJ,Emergencies in the Treatment of Wandering Spleen.
WS0321,Scopus,85050131441,duplicate,T2 title+author+year,2018,cohen,,20,354,Israel Medical Association Journal,Emergencies in the treatment of wandering spleen
WS0322,PubMed,29889641,kept,,2018,spears,10.2460/javma.252.12.1463,252,1463,Journal of the American Veterinary Medical Association,What Is Your Diagnosis?
WS0322,Scopus,85048590613,duplicate,T1 DOI,2018,spears,10.2460/javma.252.12.1463,252,1463,Journal of the American Veterinary Medical Association,What is your diagnosis?
WS0323,PubMed,29876050,kept,,2018,rafie,10.1093/jscr/rjy107,2018,107,Journal of surgical case reports,Torsion of a wandering spleen as a cause of portal hypertension and mesenteric  varices: a rare aetiology.
WS0323,Scopus,85079044513,duplicate,T1 DOI,2018,rafie,10.1093/jscr/rjy107,2018,,Journal of Surgical Case Reports,Torsion of a wandering spleen as a cause of portal hypertension and mesenteric varices: A rare aetiology
WS0324,PubMed,29737310,kept,,2019,alqadi,10.4103/jmas.jmas_14_18,15,93,Journal of minimal access surgery,Is laparoscopic approach for wandering spleen in children an option?
WS0324,Scopus,85063189102,duplicate,T1 DOI,2019,alqadi,10.4103/jmas.jmas_14_18,15,93,Journal of Minimal Access Surgery,Is laparoscopic approach for wandering spleen in children an option?
WS0324,WoS,WOS:000461543300001,duplicate,T1 DOI,2019,alqadi,10.4103/jmas.jmas_14_18,15,93,JOURNAL OF MINIMAL ACCESS SURGERY,Is laparoscopic approach for wandering spleen in children an option?
WS0325,PubMed,29657312,kept,,2018,lupianez-merly,10.12659/ajcr.908276,19,447,The American journal of case reports,Left Upper-Quadrant Appendicitis in a Patient with Congenital Intestinal  Malrotation and Polysplenia.
WS0326,PubMed,29602063,kept,,2018,than,10.1016/j.ijscr.2018.03.028,45,96,International journal of surgery case reports,Wandering spleen with horseshoe kidney a rare occurrence.
WS0326,Scopus,85044460660,duplicate,T1 DOI,2018,than,10.1016/j.ijscr.2018.03.028,45,96,International Journal of Surgery Case Reports,Wandering spleen with horseshoe kidney a rare occurrence
WS0327,PubMed,29546013,kept,,2017,correia,10.1016/j.ijscr.2017.11.011,41,446,International journal of surgery case reports,Partial Splenectomy in the treatment of an adult with beta thalassemia intermedia: A  case report.
WS0327,Scopus,85034641413,duplicate,T1 DOI,2017,correia,10.1016/j.ijscr.2017.11.011,41,446,International Journal of Surgery Case Reports,Partial Splenectomy in the treatment of an adult with β thalassemia intermedia: A case report
WS0328,PubMed,29529542,kept,,2018,viana,10.1016/j.ijscr.2018.02.032,44,212,International journal of surgery case reports,"Splenic torsion, a challenging diagnosis: Case report and review of literature."
WS0328,Scopus,85043380997,duplicate,T1 DOI,2018,viana,10.1016/j.ijscr.2018.02.032,44,212,International Journal of Surgery Case Reports,"Splenic torsion, a challenging diagnosis: Case report and review of literature"
WS0329,PubMed,29521675,kept,,2018,freund,10.1097/sle.0000000000000518,28,86,"Surgical laparoscopy, endoscopy & percutaneous techniques",Splenectomy in Gaucher Disease: A Call for Minimally Invasive Surgery.
WS0329,Scopus,85045180860,duplicate,T1 DOI,2018,freund,10.1097/sle.0000000000000518,28,86,"Surgical Laparoscopy, Endoscopy and Percutaneous Techniques",Splenectomy in gaucher disease: A call for minimally invasive surgery
WS0329,WoS,WOS:000429444200011,duplicate,T1 DOI,2018,freund,10.1097/sle.0000000000000518,28,86,SURGICAL LAPAROSCOPY ENDOSCOPY & PERCUTANEOUS TECHNIQUES,Splenectomy in Gaucher Disease: A Call for Minimally Invasive Surgery
WS0330,PubMed,29482086,kept,,2018,rizzuto,10.1016/j.ijscr.2018.01.017,43,36,International journal of surgery case reports,Laparoscopic splenectomy for a simultaneous wandering spleen along with an  ectopic accessory spleen. Case report and review of the literature.
WS0330,Scopus,85042383072,duplicate,T1 DOI,2018,rizzuto,10.1016/j.ijscr.2018.01.017,43,36,International Journal of Surgery Case Reports,Laparoscopic splenectomy for a simultaneous wandering spleen along with an ectopic accessory spleen. Case report and review of the literature
WS0331,PubMed,29458805,kept,,2018,hallisey,10.1016/j.annemergmed.2017.09.030,71,430,Annals of emergency medicine,Man With Abdominal Pain.
WS0331,Scopus,85042148586,duplicate,T1 DOI,2018,hallisey,10.1016/j.annemergmed.2017.09.030,71,430,Annals of Emergency Medicine,Man With Abdominal Pain
WS0331,WoS,WOS:000427334300029,duplicate,T1 DOI,2018,hallisey,10.1016/j.annemergmed.2017.09.030,71,430,ANNALS OF EMERGENCY MEDICINE,IMAGES IN EMERGENCY MEDICINE Wandering spleen
WS0332,PubMed,29450603,kept,,2018,zhang,10.1007/s00261-018-1488-1,43,2525,Abdominal radiology (New York),"A ""wandering spleen""."
WS0332,Scopus,85042107111,duplicate,T1 DOI,2018,zhang,10.1007/s00261-018-1488-1,43,2525,Abdominal Radiology,A “wandering spleen”
WS0332,WoS,WOS:000442351800040,duplicate,T1 DOI,2018,zhang,10.1007/s00261-018-1488-1,43,2525,ABDOMINAL RADIOLOGY,"A ""wandering spleen"""
WS0333,PubMed,29409991,kept,,2018,taydas,10.1053/j.gastro.2017.11.288,155,16,Gastroenterology,"A Multicystic, Malrotated Pancreas in a Patient With Wandering Spleen."
WS0333,Scopus,85049317709,duplicate,T1 DOI,2018,taydas,10.1053/j.gastro.2017.11.288,155,16,Gastroenterology,"A Multicystic, Malrotated Pancreas in a Patient With Wandering Spleen"
WS0333,WoS,WOS:000439705600008,duplicate,T1 DOI,2018,taydas,10.1053/j.gastro.2017.11.288,155,16,GASTROENTEROLOGY,"A Multicystic, Malrotated Pancreas in a Patient With Wandering Spleen A Multicystic, Malrotated Pancreas in a PatientWith Wandering Spleen"
WS0334,PubMed,29245220,kept,,2017,pagkratis,10.1097/md.0000000000008599,96,8599,Medicine,"Case report of intestinal non-rotation, heterotaxy, and polysplenia in a patient  with pancreatic cancer."
WS0335,PubMed,29197844,kept,,2017,danse,10.1136/bcr-2017-222214,2017,,BMJ case reports,Volvulus of a wandering pelvic spleen: CT diagnosis with 3D reformatted  illustration.
WS0335,Scopus,85037714474,duplicate,T1 DOI,2017,danse,10.1136/bcr-2017-222214,2017,,BMJ Case Reports,Volvulus of a wandering pelvic spleen: CT diagnosis with 3D reformatted illustration
WS0336,PubMed,29064546,kept,,2018,hui,10.5603/fm.a2017.0097,77,400,Folia morphologica,Wandering spleen: a unique cause of acute abdomen.
WS0336,Scopus,85048399330,duplicate,T1 DOI,2018,lian,10.5603/fm.a2017.0097,77,400,Folia Morphologica (Poland),Wandering spleen: A unique cause of acute abdomen
WS0336,WoS,WOS:000436178400029,duplicate,T1 DOI,2018,lian,10.5603/fm.a2017.0097,77,400,FOLIA MORPHOLOGICA,Wandering spleen: a unique cause of acute abdomen
WS0337,PubMed,28953636,kept,,2017,ren,10.1097/md.0000000000008116,96,8116,Medicine,Colonic obstruction caused by accessory spleen torsion: A rare case report and  literature review.
WS0337,Scopus,85030776248,duplicate,T1 DOI,2017,ren,10.1097/md.0000000000008116,96,,Medicine (United States),Colonic obstruction caused by accessory spleen torsion: A rare case report and literature review
WS0337,WoS,WOS:000412650300029,duplicate,T1 DOI,2017,ren,10.1097/md.0000000000008116,96,,MEDICINE,Colonic obstruction caused by accessory spleen torsion A rare case report and literature review
WS0338,PubMed,28875287,kept,,2018,tagliabue,10.1007/s11605-017-3560-5,22,546,Journal of gastrointestinal surgery : official journal of the Society for Surgery  of the Alimentary Tract,The Wandering Spleen.
WS0338,Scopus,85029000442,duplicate,T1 DOI,2018,tagliabue,10.1007/s11605-017-3560-5,22,546,Journal of gastrointestinal surgery : official journal of the Society for Surgery of the Alimentary Tract,The Wandering Spleen
WS0338,WoS,WOS:000426795800022,duplicate,T1 DOI,2018,tagliabue,10.1007/s11605-017-3560-5,22,546,JOURNAL OF GASTROINTESTINAL SURGERY,The Wandering Spleen
WS0339,PubMed,28774572,kept,,2018,ayyildiz,10.1016/j.ciresp.2017.05.011,96,171,Cirugia espanola,Wandering spleen.
WS0339,Scopus,85026372347,duplicate,T1 DOI,2018,ayyildiz,10.1016/j.ciresp.2017.05.011,96,171,Cirugia Espanola,Wandering spleen
WS0339,WoS,WOS:000427818200009,duplicate,T1 DOI,2018,ayyildiz,10.1016/j.ciresp.2017.05.011,96,171,CIRUGIA ESPANOLA,Wandering spleen
WS0340,PubMed,28756363,kept,,2017,termos,10.1016/j.ijscr.2017.07.037,38,131,International journal of surgery case reports,Torsion of huge wandering accessory spleen. Case report and review of literature.
WS0340,Scopus,85026410691,duplicate,T1 DOI,2017,termos,10.1016/j.ijscr.2017.07.037,38,131,International Journal of Surgery Case Reports,Torsion of huge wandering accessory spleen. Case report and review of literature
WS0341,PubMed,28749303,kept,,2017,hinton,10.1638/2016-0112r.1,48,476,Journal of zoo and wildlife medicine : official publication of the American  Association of Zoo Veterinarians,GASTRIC DILATATION VOLVULUS IN ADULT MANED WOLVES (CHRYSOCYON BRACHYURUS).
WS0341,Scopus,85026499579,duplicate,T1 DOI,2017,hinton,10.1638/2016-0112r.1,48,476,Journal of Zoo and Wildlife Medicine,GASTRIC DILATATION VOLVULUS in ADULT MANED WOLVES (CHRYSOCYON BRACHYURUS)
WS0341,WoS,WOS:000406382700025,duplicate,T1 DOI,2017,hinton,10.1638/2016-0112r.1,48,476,JOURNAL OF ZOO AND WILDLIFE MEDICINE,GASTRIC DILATATION VOLVULUS IN ADULT MANED WOLVES (CHRYSOCYON BRACHYURUS)
WS0342,PubMed,28733740,kept,,2017,morgan,10.1007/s00464-017-5630-x,31,5427,Surgical endoscopy,"Laparoscopic splenopexy for wandering spleen, a video demonstration of technique  by encircling the spleen with polyglactin 910 woven mesh."
WS0342,Scopus,85025480934,duplicate,T1 DOI,2017,morgan,10.1007/s00464-017-5630-x,31,5427,Surgical Endoscopy,"Laparoscopic splenopexy for wandering spleen, a video demonstration of technique by encircling the spleen with polyglactin 910 woven mesh"
WS0342,WoS,WOS:000417069800064,duplicate,T1 DOI,2017,morgan,10.1007/s00464-017-5630-x,31,5427,SURGICAL ENDOSCOPY AND OTHER INTERVENTIONAL TECHNIQUES,"Laparoscopic splenopexy for wandering spleen, a video demonstration of technique by encircling the spleen with polyglactin 910 woven mesh"
WS0343,PubMed,28723778,kept,,2017,baldolli,10.1097/md.0000000000007552,96,7552,Medicine,Thoracic splenosis mimicking a pleuropneumonia: A case report.
WS0343,Scopus,85026349486,duplicate,T1 DOI,2017,baldolli,10.1097/md.0000000000007552,96,,Medicine (United States),Thoracic splenosis mimicking a pleuropneumonia
WS0343,WoS,WOS:000406477600043,duplicate,T1 DOI,2017,baldolli,10.1097/md.0000000000007552,96,,MEDICINE,Thoracic splenosis mimicking a pleuropneumonia A case report
WS0344,PubMed,28699604,kept,,2017,gungor,10.5152/tjg.2017.17035,28,303,The Turkish journal of gastroenterology : the official journal of Turkish Society  of Gastroenterology,Torsion of a wandering spleen in an adolescent with Gaucher disease.
WS0344,Scopus,85021920089,duplicate,T1 DOI,2017,gungor,10.5152/tjg.2017.17035,28,303,Turkish Journal of Gastroenterology,Torsion of a wandering spleen in an adolescent with Gaucher disease
WS0344,WoS,WOS:000406275100012,duplicate,T1 DOI,2017,gungor,10.5152/tjg.2017.17035,28,303,TURKISH JOURNAL OF GASTROENTEROLOGY,Torsion of a wandering spleen in an adolescent with Gaucher disease
WS0345,PubMed,28648152,kept,,2017,demirel,,179,,Ugeskrift for laeger,[Wandering spleen in a patient hospitalized with acute abdomen].
WS0345,Scopus,85059796765,duplicate,T2 title+author+year,2017,demirel,,179,,Ugeskrift for laeger,Wandering spleen in a patient hospitalized with acute abdomen
WS0346,PubMed,30062256,kept,,2017,patel,10.1016/j.case.2017.03.004,1,104,"CASE (Philadelphia, Pa.)",Multiple Cardiac Papillary Fibroelastomas.
WS0347,PubMed,28631052,kept,,2018,varga,10.1007/s00276-017-1893-0,40,21,Surgical and radiologic anatomy : SRA,"Anatomic variations of the spleen: current state of terminology, classification,  and embryological background."
WS0347,Scopus,85021064414,duplicate,T1 DOI,2018,varga,10.1007/s00276-017-1893-0,40,21,Surgical and Radiologic Anatomy,"Anatomic variations of the spleen: current state of terminology, classification, and embryological background"
WS0347,WoS,WOS:000425603500004,duplicate,T1 DOI,2018,varga,10.1007/s00276-017-1893-0,40,21,SURGICAL AND RADIOLOGIC ANATOMY,"Anatomic variations of the spleen: current state of terminology, classification, and embryological background"
WS0348,PubMed,28459078,kept,,2017,jha,10.14309/crj.2017.54,4,54,ACG case reports journal,Wandering Spleen and Portal Hypertension: A Vicious Interplay.
WS0349,PubMed,28385371,kept,,2018,reisner,10.1067/j.cpradiol.2017.02.007,47,68,Current problems in diagnostic radiology,Wandering Spleen: An Overview.
WS0349,Scopus,85017354978,duplicate,T1 DOI,2018,reisner,10.1067/j.cpradiol.2017.02.007,47,68,Current Problems in Diagnostic Radiology,Wandering Spleen: An Overview
WS0350,PubMed,28315152,kept,,2017,feng,10.1007/s11701-017-0690-4,11,467,Journal of robotic surgery,Bilateral robotic transabdominal adrenalectomy in a patient with intestinal  malrotation.
WS0351,PubMed,28281478,kept,,2017,zorron,10.4103/0972-9941.195567,13,135,Journal of minimal access surgery,Single port laparoscopic splenectomy for wandering spleen with splenomegaly in a  patient with Wolf-Hirschhorn syndrome.
WS0351,Scopus,85015920693,duplicate,T1 DOI,2017,zorron,10.4103/0972-9941.195567,13,135,Journal of Minimal Access Surgery,Single port laparoscopic splenectomy for wandering spleen with splenomegaly in a patient with Wolf-Hirschhorn syndrome
WS0351,WoS,WOS:000398677100010,duplicate,T1 DOI,2017,zorron,10.4103/0972-9941.195567,13,135,JOURNAL OF MINIMAL ACCESS SURGERY,Single port laparoscopic splenectomy for wandering spleen with splenomegaly in a patient with Wolf-Hirschhorn syndrome
WS0352,PubMed,28277264,kept,,2018,bacha,10.1016/j.revmed.2016.09.008,39,441,La Revue de medecine interne,[Pulmonary opacity].
WS0352,Scopus,85005950466,duplicate,T1 DOI,2018,bacha,10.1016/j.revmed.2016.09.008,39,441,Revue de Medecine Interne,Pulmonary opacity
WS0353,PubMed,28272028,kept,,2017,barra,,6,,Annali italiani di chirurgia,Bilobate wandering spleen with doble torsion of the vascular pedicle. A case  report.
WS0353,Scopus,85046869550,duplicate,T2 title+author+year,2017,barra,,6,,Annali italiani di chirurgia,Bilobate wandering spleen with doble torsion of the vascular pedicle. A case report
WS0353,Scopus,85039991598,duplicate,T2 title+author+year,2017,barra,,2017,,Annali Italiani di Chirurgia,Bilobate wandering spleen with doble torsion of the vascular pedicle: A case report
WS0354,PubMed,28264229,kept,,2018,lai,10.1111/ans.13859,88,805,ANZ journal of surgery,You wander... you lose! Importance of surgical intervention in wandering spleen.
WS0354,Scopus,85014477152,duplicate,T1 DOI,2018,lai,10.1111/ans.13859,88,805,ANZ journal of surgery,You wander… you lose! Importance of surgical intervention in wandering spleen
WS0354,WoS,WOS:000449854400015,duplicate,T1 DOI,2018,lai,10.1111/ans.13859,88,805,ANZ JOURNAL OF SURGERY,You wander ... you lose! Importance of surgical intervention in wandering spleen
WS0355,PubMed,28256499,kept,,2017,yilmaz,10.4103/1119-3077.201431,20,394,Nigerian journal of clinical practice,Portal venous thrombosis developing after torsion of a wandering spleen.
WS0355,Scopus,85015244635,duplicate,T1 DOI,2017,yilmaz,10.4103/1119-3077.201431,20,394,Nigerian Journal of Clinical Practice,Portal venous thrombosis developing after torsion of a wandering spleen
WS0355,WoS,WOS:000396164700022,duplicate,T1 DOI,2017,yilmaz,10.4103/1119-3077.201431,20,394,NIGERIAN JOURNAL OF CLINICAL PRACTICE,Portal Venous Thrombosis Developing after Torsion of a Wandering Spleen
WS0356,PubMed,28140311,kept,,2017,mattioni,,77,43,Medicina,[Wandering spleen: an unusual cause of acute abdomen].
WS0356,Scopus,85016211250,duplicate,T2 title+author+year,2017,mattioni,,77,43,Medicina (Argentina),Wandering spleen: An unusual cause of acute abdomen
WS0356,WoS,WOS:000397480700009,duplicate,T2 title+author+year,2017,mattioni,,77,43,MEDICINA-BUENOS AIRES,Wandering spleen: an unusual cause of acute abdomen.
WS0357,PubMed,28009140,kept,,2016,peretti,10.4081/pmc.2016.119,38,119,La Pediatria medica e chirurgica : Medical and surgical pediatrics,Wandering spleen with a ten-time twisted vascular pedicle.
WS0357,Scopus,85010915229,duplicate,T1 DOI,2016,peretti,10.4081/pmc.2016.119,38,93,Pediatria Medica e Chirurgica,Wandering spleen with a ten-time twisted vascular pedicle
WS0358,PubMed,27499224,kept,,2016,touarsa,10.1016/j.lpm.2016.06.005,45,935,"Presse medicale (Paris, France : 1983)",[Upper gastrointestinal bleeding in portal hypertensive gastropathy reveals a  wandering spleen].
WS0358,Scopus,84992532979,duplicate,T1 DOI,2016,touarsa,10.1016/j.lpm.2016.06.005,45,935,Presse Medicale,Upper gastrointestinal bleeding in portal hypertensive gastropathy reveals a wandering spleen
WS0358,WoS,WOS:000388399600021,duplicate,T1 DOI,2016,touarsa,10.1016/j.lpm.2016.06.005,45,934,PRESSE MEDICALE,Upper gastrointestinal bleeding in portal hypertensive gastropathy reveals a wandering spleen
WS0359,PubMed,27703832,kept,,2016,cantone,10.1155/2016/6450765,2016,6450765,Case reports in surgery,Wandering Spleen and Organoaxial Gastric Volvulus after Morgagni Hernia Repair: A  Case Report and Review of the Literature.
WS0360,PubMed,27638821,kept,,2016,hesse,10.1007/s00117-016-0164-0,56,990,Der Radiologe,[Acute abdomen with abdominal mass and missing spleen].
WS0360,Scopus,84988446533,duplicate,T1 DOI,2016,hesse,10.1007/s00117-016-0164-0,56,990,Radiologe,Acute abdomen with abdominal mass and missing spleen
WS0360,WoS,WOS:000413600900001,duplicate,T1 DOI,2016,hesse,10.1007/s00117-016-0164-0,56,990,RADIOLOGE,Acute Abdomen with undetermined abdominal Tumor with hemorrhagic Ascites and empty Spleen Box
WS0361,PubMed,27583079,kept,,2016,deme,10.11604/pamj.2016.24.15.7554,24,15,The Pan African medical journal,[Torsion of wandering spleen in a teenager: about a case].
WS0361,Scopus,84975483075,duplicate,T1 DOI,2016,deme,10.11604/pamj.2016.24.15.7554,24,,Pan African Medical Journal,Torsion of wandering spleen in a teenager: About a case
WS0362,PubMed,27510156,kept,,2017,mett,10.1007/s00104-016-0266-2,88,339,Der Chirurg; Zeitschrift fur alle Gebiete der operativen Medizen,[Longterm risk subtotal splenectomy?].
WS0363,PubMed,27433363,kept,,2016,din,10.1155/2016/5437971,2016,5437971,Case reports in pediatrics,A Physician's Nightmare: Fever of Unknown Origin.
WS0364,PubMed,27377289,kept,,2017,kutara,10.1111/vru.12395,58,26,Veterinary radiology & ultrasound : the official journal of the American College  of Veterinary Radiology and the International Veterinary Radiology Association,IMAGING DIAGNOSIS-ECTOPIC SPLEEN MIMICKING HEPATIC TUMOR WITH INTRA-ABDOMINAL  METASTASES INVESTIGATED VIA TRIPLE-PHASE HELICAL COMPUTED TOMOGRAPHY IN A DOG.
WS0364,Scopus,84978027737,duplicate,T1 DOI,2017,kutara,10.1111/vru.12395,58,26,Veterinary Radiology and Ultrasound,IMAGING DIAGNOSIS—ECTOPIC SPLEEN MIMICKING HEPATIC TUMOR WITH INTRA-ABDOMINAL METASTASES INVESTIGATED VIA TRIPLE-PHASE HELICAL COMPUTED TOMOGRAPHY IN A DOG
WS0364,WoS,WOS:000405286700002,duplicate,T1 DOI,2017,kutara,10.1111/vru.12395,58,26,VETERINARY RADIOLOGY & ULTRASOUND,IMAGING DIAGNOSIS-ECTOPIC SPLEEN MIMICKING HEPATIC TUMOR WITH INTRA-ABDOMINAL METASTASES INVESTIGATED VIA TRIPLE-PHASE HELICAL COMPUTED TOMOGRAPHY IN A DOG
WS0365,PubMed,27329561,kept,,2017,serrano-vicente,10.1016/j.remn.2016.05.003,36,53,Revista espanola de medicina nuclear e imagen molecular,Pancreatic accessory spleen. False positive with (99m)Tc-Octreotide.
WS0365,Scopus,84977473040,duplicate,T1 DOI,2017,serrano-vicente,10.1016/j.remn.2016.05.003,36,53,Revista Espanola de Medicina Nuclear e Imagen Molecular,Pancreatic accessory spleen. False positive with 99mTc-Octreotide
WS0365,WoS,WOS:000392046200009,duplicate,T1 DOI,2017,serrano-vicente,10.1016/j.remn.2016.05.003,36,53,REVISTA ESPANOLA DE MEDICINA NUCLEAR E IMAGEN MOLECULAR,Pancreatic accessory spleen. False positive with 99mTc-Octreotide
WS0366,PubMed,27298644,kept,,2016,iorio,10.1007/s40477-015-0178-x,19,141,Journal of ultrasound,Locally vascularized pelvic accessory spleen.
WS0366,Scopus,84971260303,duplicate,T1 DOI,2016,iorio,10.1007/s40477-015-0178-x,19,141,Journal of Ultrasound,Locally vascularized pelvic accessory spleen
WS0367,PubMed,30363305,kept,,2017,aguirre,10.1259/bjrcr.20150342,3,20150342,BJR case reports,Wandering spleen torsion-use of contrast-enhanced ultrasound.
WS0368,PubMed,27248774,kept,,2016,radillo,10.1097/pec.0000000000000642,32,619,Pediatric emergency care,The Great Pretender: Pediatric Wandering Spleen: Two Case Reports and Review of  the Literature.
WS0368,Scopus,84987881550,duplicate,T1 DOI,2016,radillo,10.1097/pec.0000000000000642,32,619,Pediatric Emergency Care,The Great Pretender: Pediatric Wandering Spleen Two Case Reports and Review of the Literature
WS0368,WoS,WOS:000384297300010,duplicate,T1 DOI,2016,radillo,10.1097/pec.0000000000000642,32,619,PEDIATRIC EMERGENCY CARE,The Great Pretender: Pediatric Wandering Spleen: Two Case Reports and Review of the Literature
WS0369,PubMed,27221130,kept,,2016,omata,10.1186/s40792-016-0175-0,2,47,Surgical case reports,Acute gastric volvulus associated with wandering spleen in an adult treated  laparoscopically after endoscopic reduction: a case report.
WS0370,PubMed,27144203,kept,,2016,bastidas,10.14309/crj.2016.48,3,196,ACG case reports journal,Endoscopic Ultrasound-Guided Needle-Based Probe Confocal Laser Endomicroscopy  (nCLE) of Intrapancreatic Ectopic Spleen.
WS0371,PubMed,27126675,kept,,2016,hartinger,10.1007/s00120-016-0092-7,55,1350,Der Urologe. Ausg. A,[Big surprise in the lesser pelvis].
WS0371,Scopus,84964454375,duplicate,T1 DOI,2016,hartinger,10.1007/s00120-016-0092-7,55,1350,Urologe,Big surprise in the lesser pelvis
WS0371,WoS,WOS:000385171000012,duplicate,T1 DOI,2016,hartinger,10.1007/s00120-016-0092-7,55,1350,UROLOGE,Big surprise in the lesser pelvis
WS0372,PubMed,27084901,kept,,2016,shi,10.1136/bcr-2016-214839,2016,10,BMJ case reports,Torsion of the normally positioned spleen.
WS0372,Scopus,84964330629,duplicate,T1 DOI,2016,shi,10.1136/bcr-2016-214839,2016,,BMJ Case Reports,Torsion of the normally positioned spleen
WS0373,PubMed,27057261,kept,,2016,chauhan,10.12659/pjr.895972,81,110,Polish journal of radiology,Torsion of a Wandering Spleen Presenting as Acute Abdomen.
WS0373,Scopus,84961140241,duplicate,T1 DOI,2016,chauhan,10.12659/pjr.895972,81,110,Polish Journal of Radiology,Torsion of a wandering spleen presenting as acute abdomen
WS0374,PubMed,27055928,kept,,2016,makhlouf,10.1016/j.ajg.2016.03.003,17,49,Arab journal of gastroenterology : the official publication of the Pan-Arab  Association of Gastroenterology,Wandering spleen in the pelvic region in an adult man with symptoms of acute  abdomen.
WS0374,Scopus,84961999240,duplicate,T1 DOI,2016,makhlouf,10.1016/j.ajg.2016.03.003,17,49,Arab Journal of Gastroenterology,Wandering spleen in the pelvic region in an adult man with symptoms of acute abdomen
WS0374,WoS,WOS:000374472800010,duplicate,T1 DOI,2016,makhlouf,10.1016/j.ajg.2016.03.003,17,49,ARAB JOURNAL OF GASTROENTEROLOGY,Wandering spleen in the pelvic region in an adult man with symptoms of acute abdomen
WS0375,PubMed,26953920,kept,,2016,degroot,10.2460/javma.248.6.661,248,661,Journal of the American Veterinary Medical Association,Primary splenic torsion in dogs: 102 cases (1992-2014).
WS0375,Scopus,84960155047,duplicate,T1 DOI,2016,degroot,10.2460/javma.248.6.661,248,661,Journal of the American Veterinary Medical Association,Primary splenic torsion in dogs: 102 cases (1992–2014)
WS0375,WoS,WOS:000373216200030,duplicate,T1 DOI,2016,degroot,10.2460/javma.248.6.661,248,661,JAVMA-JOURNAL OF THE AMERICAN VETERINARY MEDICAL ASSOCIATION,Primary splenic torsion in dogs: 102 cases (1992-2014)
WS0376,PubMed,26943424,kept,,2015,ozeki,10.1186/s40792-015-0101-x,1,100,Surgical case reports,Torsion of an accessory spleen: a rare case preoperatively diagnosed and cured by  single-port surgery.
WS0377,PubMed,26943371,kept,,2015,sato,10.1186/s40792-014-0003-3,1,3,Surgical case reports,Laparoscopic splenectomy for a wandering spleen complicating gastric varices:  report of a case.
WS0378,PubMed,30805467,kept,,2016,hussain,10.1016/j.ijpam.2015.12.001,3,43,International journal of pediatrics & adolescent medicine,Torsion of wandering spleen.
WS0379,PubMed,26889148,kept,,2015,grambow,10.1159/000442115,31,445,Viszeralmedizin,Ectopic Spleen Tissue - an Underestimated Differential Diagnosis of a  Hypervascularised Liver Tumour.
WS0379,Scopus,84954520066,duplicate,T1 DOI,2015,grambow,10.1159/000442115,31,445,Viszeralmedizin: Gastrointestinal Medicine and Surgery,Ectopic Spleen Tissue - An Underestimated Differential Diagnosis of a Hypervascularised Liver Tumour
WS0380,PubMed,26883137,kept,,2016,unal,10.1007/s13244-016-0467-8,7,215,Insights into imaging,Imaging findings of splenic emergencies: a pictorial review.
WS0380,Scopus,84961741459,duplicate,T1 DOI,2016,unal,10.1007/s13244-016-0467-8,7,215,Insights into Imaging,Imaging findings of splenic emergencies: a pictorial review
WS0381,PubMed,26853294,kept,,2016,ahmadi,,54,72,Acta medica Iranica,A Rare Case of Splenic Torsion with Sigmoid Volvulus in a 14-Year-Old Girl.
WS0381,Scopus,84955116629,duplicate,T2 title+author+year,2016,ahmadi,,54,72,Acta Medica Iranica,A rare case of splenic torsion with sigmoid volvulus in a 14-year-old girl
WS0382,PubMed,26783008,kept,,2016,islam,10.1136/bcr-2015-213029,2016,,BMJ case reports,Synchronic volvulus of splenic flexure and caecum: a very rare cause of large  bowel obstruction.
WS0383,PubMed,26730110,kept,,2015,koseoglu,10.1007/s12262-013-0993-2,77,750,The Indian journal of surgery,An Unusual Reason for Gastric Variceal Hemorrhage: Wandering Spleen.
WS0383,Scopus,84951869881,duplicate,T1 DOI,2015,koseoglu,10.1007/s12262-013-0993-2,77,750,Indian Journal of Surgery,An Unusual Reason for Gastric Variceal Hemorrhage: Wandering Spleen
WS0383,WoS,WOS:000368531700119,duplicate,T1 DOI,2015,koseoglu,10.1007/s12262-013-0993-2,77,750,INDIAN JOURNAL OF SURGERY,An Unusual Reason for Gastric Variceal Hemorrhage: Wandering Spleen
WS0384,PubMed,30079655,kept,,2016,dossouvi,,31,48,Le Mali medical,[Torsion of wandering spleen: a case report in the Kara University Hospital  (Togo)].
WS0385,PubMed,26670205,kept,,2015,engler,10.1016/j.ijscr.2015.10.041,17,139,International journal of surgery case reports,Ectopic spleen and liver hemangioma mimicking metastatic pancreatic  neuroendocrine tumor.
WS0385,Scopus,84948945991,duplicate,T1 DOI,2015,engler,10.1016/j.ijscr.2015.10.041,17,139,International Journal of Surgery Case Reports,Ectopic spleen and liver hemangioma mimicking metastatic pancreatic neuroendocrine tumor
WS0386,PubMed,26655213,kept,,2016,versteegh,10.1016/j.jpedsurg.2015.10.060,51,236,Journal of pediatric surgery,Antenatally diagnosed right-sided stomach (dextrogastria): A rare rotational  anomaly.
WS0387,PubMed,26640582,kept,,2015,zhang,10.3892/etm.2015.2732,10,1973,Experimental and therapeutic medicine,Ectopic splenic autotransplantation following traumatic injury: A case report.
WS0387,Scopus,84942241833,duplicate,T1 DOI,2015,zhang,10.3892/etm.2015.2732,10,1973,Experimental and Therapeutic Medicine,Ectopic splenic autotransplantation following traumatic injury: A case report
WS0387,WoS,WOS:000364889600056,duplicate,T1 DOI,2015,zhang,10.3892/etm.2015.2732,10,1973,EXPERIMENTAL AND THERAPEUTIC MEDICINE,Ectopic splenic autotransplantation following traumatic injury: A case report
WS0388,PubMed,26629290,kept,,2015,flores-rios,10.3941/jrcr.v9i10.2475,9,18,Journal of radiology case reports,"Wandering spleen, gastric and pancreatic volvulus and right-sided descending and  sigmoid colon."
WS0388,Scopus,84946031330,duplicate,T1 DOI,2015,flores-rios,10.3941/jrcr.v9i10.2475,9,18,Journal of Radiology Case Reports,"Wandering spleen, gastric and pancreatic volvulus and right-sided descending and sigmoid colon"
WS0389,PubMed,26620993,kept,,2015,jude,10.15537/smj.2015.12.12363,36,1490,Saudi medical journal,Torsion of a wandering spleen. A rare cause of acute abdomen.
WS0389,Scopus,84949192616,duplicate,T1 DOI,2015,jude,10.15537/smj.2015.12.12363,36,1490,Saudi Medical Journal,Torsion of a wandering spleen: A rare cause of acute abdomen
WS0389,WoS,WOS:000368432200014,duplicate,T1 DOI,2015,jude,10.15537/smj.2015.12.12363,36,1490,SAUDI MEDICAL JOURNAL,Torsion of a wandering spleen A rare cause of acute abdomen
WS0390,PubMed,26598388,kept,,2016,kaseta,10.1016/j.trim.2015.11.003,34,54,Transplant immunology,Quantitative evaluation of the transplanted lin(-) hematopoietic cell migration  kinetics.
WS0390,Scopus,84959145203,duplicate,T1 DOI,2016,kaseta,10.1016/j.trim.2015.11.003,34,54,Transplant Immunology,Quantitative evaluation of the transplanted lin- hematopoietic cell migration kinetics
WS0390,WoS,WOS:000370105300008,duplicate,T1 DOI,2016,kaseta,10.1016/j.trim.2015.11.003,34,54,TRANSPLANT IMMUNOLOGY,Quantitative evaluation of the transplanted lin- hematopoietic cell migration kinetics
WS0391,PubMed,26591299,kept,,2015,esayas,,53,109,Ethiopian medical journal,SPLENIC TORTION IN A WANDERING SPLEEN: A CASE REPORT FROM AYDER REFERRAL  HOSPITAL.
WS0391,Scopus,84952326579,duplicate,T2 title+author+year,2015,esayas,,53,109,Ethiopian medical journal,SPLENIC TORTION IN A WANDERING SPLEEN: A CASE REPORT FROM AYDER REFERRAL HOSPITAL
WS0392,PubMed,26576796,kept,,2015,karaosmanoglu,10.1007/s10396-015-0622-8,42,413,Journal of medical ultrasonics (2001),Wandering spleen with volvulus of pancreas.
WS0392,Scopus,84937250522,duplicate,T1 DOI,2015,karaosmanoglu,10.1007/s10396-015-0622-8,42,413,Journal of Medical Ultrasonics,Wandering spleen with volvulus of pancreas
WS0392,WoS,WOS:000357672700017,duplicate,T1 DOI,2015,karaosmanoglu,10.1007/s10396-015-0622-8,42,413,JOURNAL OF MEDICAL ULTRASONICS,Wandering spleen with volvulus of pancreas
WS0393,PubMed,26500956,kept,,2015,rajaram,10.7860/jcdr/2015/13135.6541,9,26,Journal of clinical and diagnostic research : JCDR,Ectopic Spleen Presenting as Lump Abdomen: A Rare Case Report and Review of  Literature.
WS0393,Scopus,84940915062,duplicate,T1 DOI,2015,rajaram,10.7860/jcdr/2015/13135.6541,9,26,Journal of Clinical and Diagnostic Research,Ectopic spleen presenting as lump abdomen: A rare case report and review of literature
WS0394,PubMed,26489700,kept,,2018,urbonas,10.1111/ans.13372,88,357,ANZ journal of surgery,Torsion of an ectopic spleen: a possible late complication of paraoesophageal  hernia repair.
WS0394,Scopus,84951004949,duplicate,T1 DOI,2018,urbonas,10.1111/ans.13372,88,357,ANZ Journal of Surgery,Torsion of an ectopic spleen: a possible late complication of paraoesophageal hernia repair
WS0394,WoS,WOS:000428994400032,duplicate,T1 DOI,2018,urbonas,10.1111/ans.13372,88,357,ANZ JOURNAL OF SURGERY,Torsion of an ectopic spleen: a possible late complication of paraoesophageal hernia repair
WS0395,PubMed,26380497,kept,,2015,singh,,60,359,The Journal of reproductive medicine,Wandering Spleen. A Case of Spontaneous Hemoperitoneum in an HIV-positive Patient  with Recurrent Tuboovarian Abscess.
WS0395,Scopus,84949750863,duplicate,T2 title+author+year,2015,singh,,60,359,Journal of Reproductive Medicine,Wandering spleen: A case of spontaneous hemoperitoneum in an hiv-positive patient with recurrent tuboovarian abscess
WS0395,WoS,WOS:000358815000014,duplicate,T2 title+author+year,2015,singh,,60,359,JOURNAL OF REPRODUCTIVE MEDICINE,Wandering Spleen A Case of Spontaneous Hemoperitoneum in an HIV-positive Patient with Recurrent Tuboovarian Abscess
WS0396,PubMed,26379994,kept,,2015,jiang,,8,11621,International journal of clinical and experimental medicine,Acute torsion of wandering spleen in a 17-year-old girl.
WS0396,Scopus,84940705421,duplicate,T2 title+author+year,2015,jiang,,8,11621,International Journal of Clinical and Experimental Medicine,Acute torsion of wandering spleen in a 17-year-old girl
WS0396,WoS,WOS:000361557500181,duplicate,T2 title+author+year,2015,jiang,,8,11621,INTERNATIONAL JOURNAL OF CLINICAL AND EXPERIMENTAL MEDICINE,Acute torsion of wandering spleen in a 17-year-old girl
WS0397,PubMed,26349180,kept,,2014,singla,10.7869/tg.234,35,273,Tropical gastroenterology : official journal of the Digestive Diseases Foundation,Wandering spleen: a rare clinical entity.
WS0397,Scopus,84942575782,duplicate,T1 DOI,2014,singla,10.7869/tg.234,35,273,Tropical gastroenterology : official journal of the Digestive Diseases Foundation,Wandering spleen: a rare clinical entity
WS0398,PubMed,26324218,kept,,2015,ballard,10.1016/j.clinimag.2015.06.012,39,1112,Clinical imaging,Atraumatic splenic rupture and ileal volvulus following cocaine abuse.
WS0399,PubMed,26303736,kept,,2015,torri,10.1111/ases.12188,8,350,Asian journal of endoscopic surgery,Urgent laparoscopic mesh splenopexy for torsion of wandering spleen and distal  pancreas: A case report.
WS0399,Scopus,84973431560,duplicate,T1 DOI,2015,torri,10.1111/ases.12188,8,350,Asian journal of endoscopic surgery,Urgent laparoscopic mesh splenopexy for torsion of wandering spleen and distal pancreas: A case report
WS0400,PubMed,26240117,kept,,2017,puranik,10.1093/gastro/gov034,5,241,Gastroenterology report,Wandering spleen: a surgical enigma.
WS0400,Scopus,85047571550,duplicate,T1 DOI,2017,puranik,10.1093/gastro/gov034,5,241,Gastroenterology Report,Wandering spleen: A surgical enigma
WS0400,WoS,WOS:000407804300012,duplicate,T1 DOI,2017,puranik,10.1093/gastro/gov034,5,241,GASTROENTEROLOGY REPORT,Wandering spleen: a surgical enigma
WS0401,PubMed,26225153,kept,,2015,mohammadi,,10,58,Maedica,Wandering Spleen: Whirlpool Appearance in Color Doppler Ultrasonography. A Case  Report.
WS0402,PubMed,26171637,kept,,2015,hao,10.1089/lap.2015.0260,25,760,Journal of laparoendoscopic & advanced surgical techniques. Part A,Radiofrequency-Assisted Partial Splenectomy Plus Splenopexy--A Modified Surgical  Procedure for Wandering Spleen: A Case Report.
WS0402,Scopus,84941887357,duplicate,T1 DOI,2015,hao,10.1089/lap.2015.0260,25,760,Journal of Laparoendoscopic and Advanced Surgical Techniques,Radiofrequency-Assisted Partial Splenectomy Plus Splenopexy - A Modified Surgical Procedure for Wandering Spleen: A Case Report
WS0402,WoS,WOS:000361375800012,duplicate,T1 DOI,2015,hao,10.1089/lap.2015.0260,25,760,JOURNAL OF LAPAROENDOSCOPIC & ADVANCED SURGICAL TECHNIQUES,Radiofrequency-Assisted Partial Splenectomy Plus Splenopexy-A Modified Surgical Procedure for Wandering Spleen: A Case Report
WS0403,PubMed,26139504,kept,,2016,cianci,10.1007/s00464-015-4363-y,30,1503,Surgical endoscopy,Spleen assessment after laparoscopic transperitoneal left adrenalectomy:  preliminary results.
WS0403,Scopus,84936802862,duplicate,T1 DOI,2016,cianci,10.1007/s00464-015-4363-y,30,1503,Surgical Endoscopy,Spleen assessment after laparoscopic transperitoneal left adrenalectomy: preliminary results
WS0403,WoS,WOS:000373022200034,duplicate,T1 DOI,2016,cianci,10.1007/s00464-015-4363-y,30,1503,SURGICAL ENDOSCOPY AND OTHER INTERVENTIONAL TECHNIQUES,Spleen assessment after laparoscopic transperitoneal left adrenalectomy: preliminary results
WS0404,PubMed,28149130,kept,,2016,yoldas,10.5152/ucd.2015.2850,32,292,Ulusal cerrahi dergisi,Laparoscopic splenectomy for a wandering spleen causing chronic pelvic pain.
WS0404,Scopus,85010949826,duplicate,T1 DOI,2016,yoldas,10.5152/ucd.2015.2850,32,292,Turkish Journal of Surgery,Laparoscopic splenectomy for a wandering spleen causing chronic pelvic pain
WS0405,PubMed,26072553,kept,,2015,tandilava,,,79,Klinichna khirurhiia,[Twisting of migrating spleens in a child aging 14 years].
WS0405,Scopus,84932142719,duplicate,T2 title+author+year,2015,tandilava,,,79,"Klinichna khirurhiia / Ministerstvo okhorony zdorov'ia Ukraïny, Naukove tovarystvo khirurhiv Ukraïny",Twisting of migrating spleens in a child aging 14 years
WS0406,PubMed,26057579,kept,,2015,jayewickreme,10.1016/j.ydbio.2015.05.024,405,21,Developmental biology,Control of stomach smooth muscle development and intestinal rotation by  transcription factor BARX1.
WS0407,PubMed,25955145,kept,,2015,reinhart,10.5326/jaaha-ms-6129,51,185,Journal of the American Animal Hospital Association,Chronic splenic torsion in two dogs.
WS0407,Scopus,84943806232,duplicate,T1 DOI,2015,reinhart,10.5326/jaaha-ms-6129,51,185,Journal of the American Animal Hospital Association,Chronic splenic torsion in two dogs
WS0407,WoS,WOS:000357677000009,duplicate,T1 DOI,2015,reinhart,10.5326/jaaha-ms-6129,51,185,JOURNAL OF THE AMERICAN ANIMAL HOSPITAL ASSOCIATION,Chronic Splenic Torsion in Two Dogs
WS0408,PubMed,25934026,kept,,2015,saavedra-perez,10.1016/j.surg.2014.01.012,157,957,Surgery,Volvulus of the splenic flexure of colon: The coffee bean and whirl signs.
WS0409,PubMed,25897284,kept,,2014,faridi,,21,57,The Malaysian journal of medical sciences : MJMS,Wandering Spleen- A diagnostic Challenge: Case Report and Review of Literature.
WS0409,Scopus,84908648649,duplicate,T2 title+author+year,2014,faridi,,21,56,Malaysian Journal of Medical Sciences,Wandering spleen- A diagnostic challenge: Case report and review of literature
WS0410,PubMed,25824922,kept,,2015,sojo-rodriguez,,107,229,Revista espanola de enfermedades digestivas,Acute abdomen due to torsion of the wandering spleen.
WS0410,Scopus,84943278098,duplicate,T2 title+author+year,2015,sojo-rodriguez,,107,229,Revista Espanola de Enfermedades Digestivas,Acute abdomen due to torsion of the wandering spleen
WS0411,PubMed,25755964,kept,,2014,rellum,10.1055/s-0034-1370776,2,26,European journal of pediatric surgery reports,Splenorenal collaterals as hallmark for a twisted wandering spleen in a  14-year-old girl with abdominal pain: a case report.
WS0412,PubMed,25755963,kept,,2014,katsura,10.1055/s-0033-1357262,2,23,European journal of pediatric surgery reports,Single-incision laparoscopic splenectomy and splenic autotransplantation for an  enlarged wandering spleen with torsion.
WS0413,PubMed,25738479,kept,,2015,wu,10.1097/md.0000000000000586,94,586,Medicine,Solitary perihepatic splenosis mimicking liver lesion: a case report and  literature review.
WS0413,Scopus,84926352043,duplicate,T1 DOI,2015,wu,10.1097/md.0000000000000586,94,586,Medicine (United States),Solitary perihepatic splenosis mimicking liver lesion
WS0413,WoS,WOS:000350756800011,duplicate,T2 title+author+year,2015,wu,10.1097/md.0000000000000536,94,,MEDICINE,Solitary Perihepatic Splenosis Mimicking Liver Lesion A Case Report and Literature Review
WS0414,PubMed,25640790,kept,,2015,aswani,10.6092/1590-8577/2905,16,78,JOP : Journal of the pancreas,Wandering spleen with torsion causing pancreatic volvulus and associated  intrathoracic gastric volvulus. An unusual triad and cause of acute abdominal pain.
WS0414,Scopus,84922033037,duplicate,T2 title+author+year,2015,aswani,,16,78,Journal of the Pancreas,Wandering spleen with torsion causing pancreatic volvulus and associated intrathoracic gastric volvulus. An unusual triad and cause of acute abdominal pain
WS0415,PubMed,25630326,kept,,2014,ho,10.11622/smedj.2014185,55,198,Singapore medical journal,Wandering spleen with chronic torsion in a patient with thalassaemia.
WS0415,Scopus,84916892280,duplicate,T1 DOI,2014,ho,10.11622/smedj.2014185,55,198,Singapore Medical Journal,Wandering spleen with chronic torsion in a patient with thalassaemia
WS0415,WoS,WOS:000347621900003,duplicate,T1 DOI,2014,ho,10.11622/smedj.2014185,55,198,SINGAPORE MEDICAL JOURNAL,Wandering spleen with chronic torsion in a patient with thalassaemia
WS0416,PubMed,25518790,kept,,2014,riaz,,24 Suppl 3,245,Journal of the College of Physicians and Surgeons--Pakistan : JCPSP,Torsion of a wandering spleen: an unusual abdominal catastrophe.
WS0417,PubMed,25496925,kept,,2014,allen,10.1053/j.tcam.2014.09.001,29,77,Topics in companion animal medicine,Gastropexy for prevention of gastric dilatation-volvulus in dogs: history and  techniques.
WS0417,Scopus,84915819425,duplicate,T1 DOI,2014,allen,10.1053/j.tcam.2014.09.001,29,77,Topics in Companion Animal Medicine,Gastropexy for Prevention of Gastric Dilatation-Volvulus in Dogs: History and Techniques
WS0417,WoS,WOS:000346884200006,duplicate,T1 DOI,2014,allen,10.1053/j.tcam.2014.09.001,29,77,TOPICS IN COMPANION ANIMAL MEDICINE,Gastropexy for Prevention of Gastric Dilatation-Volvulus in Dogs: History and Techniques
WS0418,PubMed,25460427,kept,,2014,perin,10.1016/j.ijscr.2014.10.045,5,887,International journal of surgery case reports,Accessory wandering spleen: Report of a case of laparoscopic approach in an  asymptomatic patient.
WS0418,Scopus,84919905271,duplicate,T1 DOI,2014,perin,10.1016/j.ijscr.2014.10.045,5,887,International Journal of Surgery Case Reports,Accessory wandering spleen: Report of a case of laparoscopic approach in an asymptomatic patient
WS0419,PubMed,25437661,kept,,2014,zhu,10.1016/j.ijscr.2014.11.032,5,1151,International journal of surgery case reports,Post-splenectomy intrapancreatic accessory spleen mimicking endocrine tumor of  the pancreas.
WS0419,Scopus,84912535385,duplicate,T1 DOI,2014,zhu,10.1016/j.ijscr.2014.11.032,5,1151,International Journal of Surgery Case Reports,Post-splenectomy intrapancreatic accessory spleen mimicking endocrine tumor of the pancreas
WS0420,PubMed,25426231,kept,,2014,maksoud,10.3941/jrcr.v8i6.1534,8,18,Journal of radiology case reports,Tale of a wandering spleen: 1800 degree torsion with infarcted spleen and  secondary involvement of liver.
WS0420,Scopus,84903626079,duplicate,T1 DOI,2014,maksoud,10.3941/jrcr.v8i6.1534,8,18,Journal of Radiology Case Reports,Tale of a wandering spleen: 1800 degree torsion with infarcted spleen and secondary involvement of liver
WS0421,PubMed,25426221,kept,,2014,clark,10.3941/jrcr.v8i10.1969,8,15,Journal of radiology case reports,Dynamic MRI in the diagnosis and post surgical evaluation of wandering spleen.
WS0421,Scopus,84908395235,duplicate,T1 DOI,2014,clark,10.3941/jrcr.v8i10.1969,8,15,Journal of Radiology Case Reports,Dynamic MRI in the diagnosis and post surgical evaluation of wandering spleen
WS0422,PubMed,25392630,kept,,2014,piccoli,10.4293/jsls.2014.00278,18,,JSLS : Journal of the Society of Laparoendoscopic Surgeons,Laparoscopic transperitoneal left adrenalectomy and wandering spleen risk.
WS0422,Scopus,84924167285,duplicate,T1 DOI,2014,piccoli,10.4293/jsls.2014.00278,18,,Journal of the Society of Laparoendoscopic Surgeons,Laparoscopic transperitoneal left adrenalectomy and wandering spleen risk
WS0422,WoS,WOS:000348437400049,duplicate,T1 DOI,2014,piccoli,10.4293/jsls.2014.00278,18,,JSLS-JOURNAL OF THE SOCIETY OF LAPAROENDOSCOPIC SURGEONS,Laparoscopic Transperitoneal Left Adrenalectomy and Wandering Spleen Risk
WS0423,PubMed,25356206,kept,,2013,mcbrearty,10.1002/ccr3.9,1,42,Clinical case reports,Wandering spleen: a potential abdominal catastrophe.
WS0423,Scopus,85049214640,duplicate,T1 DOI,2013,mcbrearty,10.1002/ccr3.9,1,42,Clinical Case Reports,Wandering spleen: a potential abdominal catastrophe
WS0424,PubMed,25335381,kept,,2014,olasehinde,,43,75,African journal of medicine and medical sciences,"Torsion of wandering spleen, an unusual cause of acute abdomen; a report of two  cases."
WS0424,Scopus,84908367234,duplicate,T2 title+author+year,2014,olasehinde,,43,75,African journal of medicine and medical sciences,"Torsion of wandering spleen, an unusual cause of acute abdomen; a report of two cases."
WS0425,PubMed,25275421,kept,,2015,collarino,10.1097/rlu.0000000000000601,40,415,Clinical nuclear medicine,Intrapancreatic accessory spleen detected by 68Ga DOTANOC PET/CT and  99mTc-colloid SPECT/CT scintigraphy.
WS0425,Scopus,84945124176,duplicate,T1 DOI,2015,collarino,10.1097/rlu.0000000000000601,40,415,Clinical Nuclear Medicine,Intrapancreatic accessory spleen detected by 68Ga DOTANOC PET/CT and 99mTc-colloid SPECT/CT scintigraphy
WS0426,PubMed,25224425,kept,,2014,kaabar,,92,275,La Tunisie medicale,Torsion of a wandering spleen: a case report.
WS0426,Scopus,84928303402,duplicate,T2 title+author+year,2014,kaabar,,92,275,Tunisie Medicale,Torsion of a wandering spleen a case report
WS0427,PubMed,24976284,kept,,2014,gorsi,10.4103/1319-3767.133026,20,195,Saudi journal of gastroenterology : official journal of the Saudi  Gastroenterology Association,Pancreatic volvulus with wandering spleen and gastric volvulus: an unusual triad  for acute abdomen in a surgical emergency.
WS0427,Scopus,84901711853,duplicate,T1 DOI,2014,gorsi,10.4103/1319-3767.133026,20,195,Saudi Journal of Gastroenterology,Pancreatic volvulus with wandering spleen and gastric volvulus: An unusual triad for acute abdomen in a surgical emergency
WS0427,WoS,WOS:000340470000009,duplicate,T1 DOI,2014,gorsi,10.4103/1319-3767.133026,20,195,SAUDI JOURNAL OF GASTROENTEROLOGY,Pancreatic Volvulus with Wandering Spleen and Gastric Volvulus: An Unusual Triad for Acute Abdomen in a Surgical Emergency
WS0428,PubMed,24973525,kept,,2014,blouhos,10.1016/j.ijscr.2014.05.010,5,451,International journal of surgery case reports,Ectopic spleen: An easily identifiable but commonly undiagnosed entity until  manifestation of complications.
WS0428,Scopus,84903640522,duplicate,T1 DOI,2014,blouhos,10.1016/j.ijscr.2014.05.010,5,451,International Journal of Surgery Case Reports,Ectopic spleen: An easily identifiable but commonly undiagnosed entity until manifestation of complications
WS0429,PubMed,24943137,kept,,2015,mocanu,10.1111/ans.12723,85,987,ANZ journal of surgery,Accessory spleen torsion in a teenager.
WS0429,Scopus,84995322585,duplicate,T1 DOI,2015,mocanu,10.1111/ans.12723,85,987,ANZ Journal of Surgery,Accessory spleen torsion in a teenager
WS0429,WoS,WOS:000367922900022,duplicate,T1 DOI,2015,mocanu,10.1111/ans.12723,85,987,ANZ JOURNAL OF SURGERY,Accessory spleen torsion in a teenager
WS0430,PubMed,24886115,kept,,2014,sharma,10.1186/1752-1947-8-133,8,133,Journal of medical case reports,A torted wandering spleen: a case report.
WS0430,Scopus,84901493925,duplicate,T1 DOI,2014,sharma,10.1186/1752-1947-8-133,8,,Journal of Medical Case Reports,A torted wandering spleen: A case report
WS0431,PubMed,24861235,kept,,2014,alabousi,10.1067/j.cpradiol.2014.04.002,43,254,Current problems in diagnostic radiology,Cross-sectional imaging of nontraumatic emergencies of the spleen.
WS0431,Scopus,84905263162,duplicate,T1 DOI,2014,alabousi,10.1067/j.cpradiol.2014.04.002,43,254,Current Problems in Diagnostic Radiology,Cross-Sectional Imaging of Nontraumatic Emergencies of the Spleen
WS0432,PubMed,24834385,kept,,2014,goyal,,5,4,APSP journal of case reports,Salvage splenopexy for torsion of wandering spleen in a child.
WS0433,PubMed,24791368,kept,,2014,llorens,,106,57,Boletin de la Asociacion Medica de Puerto Rico,Wandering spleen torsion causing acute abdominal pain in a child: case report and  review of literature.
WS0433,Scopus,84901841702,duplicate,T2 title+author+year,2014,llorens,,106,57,Boletín de la Asociación Médica de Puerto Rico,Wandering spleen torsion causing acute abdominal pain in a child: case report and review of literature.
WS0434,PubMed,24711476,kept,,2014,ueda,10.1136/bcr-2014-203978,2014,,BMJ case reports,Splenic flexure volvulus in which posture advice was effective.
WS0435,PubMed,24710711,kept,,2014,karakus,10.1007/s12098-014-1435-2,81,1411,Indian journal of pediatrics,An etiologic dilemma of wandering spleen in childhood: is it congenital or  acquired?
WS0435,Scopus,84916196263,duplicate,T1 DOI,2014,karakus,10.1007/s12098-014-1435-2,81,1411,Indian Journal of Pediatrics,An Etiologic Dilemma of Wandering Spleen in Childhood: Is it Congenital or Acquired?
WS0435,WoS,WOS:000348354400035,duplicate,T1 DOI,2014,karakus,10.1007/s12098-014-1435-2,81,1411,INDIAN JOURNAL OF PEDIATRICS,An Etiologic Dilemma of Wandering Spleen in Childhood: Is it Congenital or Acquired?
WS0436,PubMed,24700108,kept,,2014,ihedioha,10.1177/0036933014530847,59,18,Scottish medical journal,Conservative treatment of splenic infarction and intestinal obstruction caused by  a wandering spleen.
WS0436,Scopus,84922480685,duplicate,T1 DOI,2014,ihedioha,10.1177/0036933014530847,59,18,Scottish Medical Journal,Conservative treatment of splenic infarction and intestinal obstruction caused by a wandering spleen
WS0436,WoS,WOS:000336403200005,duplicate,T1 DOI,2014,ihedioha,10.1177/0036933014530847,59,18,SCOTTISH MEDICAL JOURNAL,Conservative treatment of splenic infarction and intestinal obstruction caused by a wandering spleen
WS0437,PubMed,24693523,kept,,2013,memari,10.5812/atr.9332,2,129,Archives of trauma research,Wandering spleen in an adult man associated with the horseshoe kidney.
WS0438,PubMed,24656146,kept,,2014,richman,10.1016/j.surg.2012.11.015,155,728,Surgery,Wandering spleen.
WS0438,Scopus,84897014945,duplicate,T1 DOI,2014,richman,10.1016/j.surg.2012.11.015,155,728,Surgery (United States),Wandering spleen
WS0438,WoS,WOS:000333661300020,duplicate,T1 DOI,2014,richman,10.1016/j.surg.2012.11.015,155,728,SURGERY,Wandering spleen
WS0439,PubMed,24649996,kept,,2014,knafo,10.2460/javma.244.7.844,244,844,Journal of the American Veterinary Medical Association,Diagnosis and treatment of mesenteric volvulus in a red kangaroo (Macropus  rufus).
WS0439,WoS,WOS:000333551900019,duplicate,T1 DOI,2014,knafo,10.2460/javma.244.7.844,244,844,JAVMA-JOURNAL OF THE AMERICAN VETERINARY MEDICAL ASSOCIATION,Diagnosis and treatment of mesenteric volvulus in a red kangaroo (Macropus rufus)
WS0440,PubMed,24612438,kept,,2015,gu,10.1111/ans.12551,85,789,ANZ journal of surgery,Acute torsion of a wandering spleen.
WS0440,Scopus,84942836706,duplicate,T1 DOI,2015,gu,10.1111/ans.12551,85,789,ANZ Journal of Surgery,Acute torsion of a wandering spleen
WS0440,WoS,WOS:000362552000024,duplicate,T1 DOI,2015,gu,10.1111/ans.12551,85,789,ANZ JOURNAL OF SURGERY,Acute torsion of a wandering spleen
WS0441,PubMed,24602190,kept,,2014,sheikh,10.1186/1754-9493-8-12,8,12,Patient safety in surgery,Non-operative management of a rare diagnosis of splenic torsion in a child with a  history of giant omphalocele: a case report and literature review.
WS0441,Scopus,84898596317,duplicate,T1 DOI,2014,sheikh,10.1186/1754-9493-8-12,8,,Patient Safety in Surgery,Non-operative management of a rare diagnosis of splenic torsion in a child with a history of giant omphalocele: A case report and literature review
WS0442,PubMed,24526755,kept,,2015,ja,10.1177/0284185114524088,56,228,"Acta radiologica (Stockholm, Sweden : 1987)",The role of US in finding intussusception and alternative diagnosis: a report of  100 pediatric cases.
WS0442,Scopus,84925581853,duplicate,T1 DOI,2015,lim,10.1177/0284185114524088,56,228,Acta Radiologica,The role of US in finding intussusception and alternative diagnosis: A report of 100 pediatric cases
WS0442,WoS,WOS:000348141000014,duplicate,T1 DOI,2015,lim,10.1177/0284185114524088,56,228,ACTA RADIOLOGICA,The role of US in finding intussusception and alternative diagnosis: a report of 100 pediatric cases
WS0443,PubMed,24516956,kept,,2013,caselli,,43,301,Acta gastroenterologica Latinoamericana,[Tranverse colon volvulus].
WS0444,PubMed,24509326,kept,,2014,tchidjou,10.1097/mbc.0000000000000081,25,530,Blood coagulation & fibrinolysis : an international journal in haemostasis and  thrombosis,Wandering spleen: 'presentation in adolescent with high thrombotic risk'.
WS0444,Scopus,84905029054,duplicate,T1 DOI,2014,tchidjou,10.1097/mbc.0000000000000081,25,530,Blood Coagulation and Fibrinolysis,Wandering spleen: 'Presentation in adolescent with high thrombotic risk'
WS0444,WoS,WOS:000338133100022,duplicate,T1 DOI,2014,tchidjou,10.1097/mbc.0000000000000081,25,530,BLOOD COAGULATION & FIBRINOLYSIS,Wandering spleen: 'presentation in adolescent with high thrombotic risk'
WS0445,PubMed,24441439,kept,,2014,bard,10.1016/j.ijscr.2013.12.019,5,67,International journal of surgery case reports,Torsion of a huge accessory spleen in a 20-year-old patient.
WS0445,Scopus,84892683189,duplicate,T1 DOI,2014,bard,10.1016/j.ijscr.2013.12.019,5,67,International Journal of Surgery Case Reports,Torsion of a huge accessory spleen in a 20-year-old patient
WS0446,PubMed,24426576,kept,,2013,dash,10.1007/s12262-012-0668-4,75,236,The Indian journal of surgery,Splenic torsion in a child with polysplenia and situs inversus: a very rare  presentation.
WS0446,Scopus,84893477211,duplicate,T1 DOI,2013,dash,10.1007/s12262-012-0668-4,75,236,Indian Journal of Surgery,Splenic torsion in a child with polysplenia and situs inversus: Avery rare presentation
WS0446,WoS,WOS:000330221200083,duplicate,T1 DOI,2013,dash,10.1007/s12262-012-0668-4,75,236,INDIAN JOURNAL OF SURGERY,Splenic Torsion in a Child with Polysplenia and Situs Inversus: A Very Rare Presentation
WS0447,PubMed,24426389,kept,,2013,bhanumathi,10.1007/s12262-012-0433-8,75,59,The Indian journal of surgery,Torsion of wandering spleen in a woman presenting as emergency.
WS0447,Scopus,84874569838,duplicate,T1 DOI,2013,bhanumathi,10.1007/s12262-012-0433-8,75,59,Indian Journal of Surgery,Torsion of Wandering Spleen in a Woman Presenting as Emergency
WS0447,WoS,WOS:000315620400016,duplicate,T1 DOI,2013,bhanumathi,10.1007/s12262-012-0433-8,75,59,INDIAN JOURNAL OF SURGERY,Torsion of Wandering Spleen in a Woman Presenting as Emergency
WS0448,PubMed,24426387,kept,,2013,misra,10.1007/s12262-012-0546-0,75,54,The Indian journal of surgery,Giant cavernous haemangioma of the wandering spleen.
WS0448,Scopus,84874558346,duplicate,T1 DOI,2013,misra,10.1007/s12262-012-0546-0,75,54,Indian Journal of Surgery,Giant Cavernous Haemangioma of the Wandering Spleen
WS0448,WoS,WOS:000315620400014,duplicate,T1 DOI,2013,misra,10.1007/s12262-012-0546-0,75,54,INDIAN JOURNAL OF SURGERY,Giant Cavernous Haemangioma of the Wandering Spleen
WS0449,PubMed,24407229,kept,,2014,lombardi,10.1007/s00247-013-2851-6,44,279,Pediatric radiology,Wandering spleen in children: a report of 3 cases and a brief literature review  underlining the importance of diagnostic imaging.
WS0449,Scopus,84899413137,duplicate,T1 DOI,2014,lombardi,10.1007/s00247-013-2851-6,44,279,Pediatric Radiology,Wandering spleen in children: A report of 3 cases and a brief literature review underlining the importance of diagnostic imaging
WS0449,WoS,WOS:000332460900007,duplicate,T1 DOI,2014,lombardi,10.1007/s00247-013-2851-6,44,279,PEDIATRIC RADIOLOGY,Wandering spleen in children: a report of 3 cases and a brief literature review underlining the importance of diagnostic imaging
WS0450,PubMed,24349711,kept,,2013,ooka,10.1177/2047981613499755,2,2047981613499755,Acta radiologica short reports,Wandering spleen with gastric volvulus and intestinal non-rotation in an adult  male patient.
WS0451,PubMed,24201983,kept,,2013,cotes,10.1097/pec.0b013e3182a32079,29,1009,Pediatric emergency care,Left upper quadrant pain: upside down spleen.
WS0451,Scopus,84885365811,duplicate,T1 DOI,2013,cotes,10.1097/pec.0b013e3182a32079,29,1009,Pediatric Emergency Care,Left upper quadrant pain: Upside down spleen
WS0451,WoS,WOS:000330470900012,duplicate,T2 title+author+year,2013,cotes,,29,1009,PEDIATRIC EMERGENCY CARE,Left Upper Quadrant Pain Upside Down Spleen
WS0452,PubMed,24184280,kept,,2014,bouzaidi,10.1016/j.lpm.2013.04.022,43,225,"Presse medicale (Paris, France : 1983)",[Infarction of a wandering spleen - a case report].
WS0452,Scopus,84896734572,duplicate,T1 DOI,2014,bouzaidi,10.1016/j.lpm.2013.04.022,43,225,Presse Medicale,Infarction of a wandering spleen - A case report
WS0452,WoS,WOS:000332907900021,duplicate,T1 DOI,2014,bouzaidi,10.1016/j.lpm.2013.04.022,43,225,PRESSE MEDICALE,Infarction of a wandering spleen - A case report
WS0453,PubMed,24179243,kept,,2013,prosser,,54,1071,The Canadian veterinary journal = La revue veterinaire canadienne,Ectopic spleen presenting with anemia and an abdominal mass in a dog.
WS0453,Scopus,84890647947,duplicate,T4 author+year+volume+first page,2013,prosser,,54,1071,Canadian Veterinary Journal,Case report rapport de cas: Ectopic spleen presenting with anemia and an abdominal mass in a dog
WS0453,WoS,WOS:000209224700007,duplicate,T2 title+author+year,2013,prosser,,54,1071,CANADIAN VETERINARY JOURNAL-REVUE VETERINAIRE CANADIENNE,Ectopic spleen presenting with anemia and an abdominal mass in a dog
WS0454,PubMed,24146990,kept,,2013,dakshinamoorthy,10.1371/journal.pone.0077394,8,77394,PloS one,Large extracellular loop of tetraspanin as a potential vaccine candidate for  filariasis.
WS0454,Scopus,84885416758,duplicate,T1 DOI,2013,dakshinamoorthy,10.1371/journal.pone.0077394,8,,PLoS ONE,Large Extracellular Loop of Tetraspanin as a Potential Vaccine Candidate for Filariasis
WS0454,WoS,WOS:000325819400116,duplicate,T1 DOI,2013,dakshinamoorthy,10.1371/journal.pone.0077394,8,,PLOS ONE,Large Extracellular Loop of Tetraspanin as a Potential Vaccine Candidate for Filariasis
WS0455,PubMed,24088174,kept,,2014,polat,10.3109/08880018.2013.831150,31,101,Pediatric hematology and oncology,Hereditary spherocytosis and wandering spleen.
WS0455,Scopus,84893326960,duplicate,T1 DOI,2014,polat,10.3109/08880018.2013.831150,31,101,Pediatric Hematology and Oncology,Hereditary spherocytosis and wandering spleen
WS0455,WoS,WOS:000331063500013,duplicate,T1 DOI,2014,polat,10.3109/08880018.2013.831150,31,101,PEDIATRIC HEMATOLOGY AND ONCOLOGY,Hereditary Spherocytosis and Wandering Spleen
WS0456,PubMed,24051978,kept,,2013,scire,,65,453,Minerva pediatrica,Conservative management of accessory spleen torsion in children.
WS0456,Scopus,84884933132,duplicate,T2 title+author+year,2013,scire,,65,453,Minerva Pediatrica,Conservative management of accessory spleen torsion in children
WS0456,WoS,WOS:000324964900011,duplicate,T2 title+author+year,2013,scire,,65,453,MINERVA PEDIATRICA,Conservative management of accessory spleen torsion in children
WS0457,PubMed,24034535,kept,,2013,king,10.1016/j.jmig.2013.02.007,20,549,Journal of minimally invasive gynecology,Pelvic pain in the presence of wandering spleen.
WS0457,Scopus,84883827995,duplicate,T1 DOI,2013,king,10.1016/j.jmig.2013.02.007,20,549,Journal of Minimally Invasive Gynecology,Pelvic Pain in the Presence of Wandering Spleen
WS0457,WoS,WOS:000325299800005,duplicate,T1 DOI,2013,king,10.1016/j.jmig.2013.02.007,20,549,JOURNAL OF MINIMALLY INVASIVE GYNECOLOGY,Pelvic Pain in the Presence of Wandering Spleen
WS0458,PubMed,24015430,kept,,2013,hamidian,,165,153,The Journal of the Louisiana State Medical Society : official organ of the  Louisiana State Medical Society,Epidermoid cyst arising from an intrapancreatic accessory spleen: a case report  and a review of the literature.
WS0458,Scopus,84891652788,duplicate,T2 title+author+year,2013,hamidian,,165,153,The Journal of the Louisiana State Medical Society : official organ of the Louisiana State Medical Society,Epidermoid cyst arising from an intrapancreatic accessory spleen: a case report and a review of the literature.
WS0459,PubMed,23980588,kept,,2013,runge,10.1111/j.1532-950x.2013.12036.x,42,807,Veterinary surgery : VS,Evaluation of single port access gastropexy and ovariectomy using articulating  instruments and angled telescopes in dogs.
WS0460,PubMed,23915457,kept,,2013,leci-tahiri,10.1186/1749-7922-8-30,8,30,World journal of emergency surgery : WJES,Acute abdomen due to torsion of the wandering spleen in a patient with Marfan  Syndrome.
WS0460,Scopus,84881133790,duplicate,T1 DOI,2013,leci-tahiri,10.1186/1749-7922-8-30,8,,World Journal of Emergency Surgery,Acute abdomen due to torsion of the wandering spleen in a patient with Marfan Syndrome
WS0460,WoS,WOS:000323130400001,duplicate,T1 DOI,2013,leci-tahiri,10.1186/1749-7922-8-30,8,,WORLD JOURNAL OF EMERGENCY SURGERY,Acute abdomen due to torsion of the wandering spleen in a patient with Marfan Syndrome
WS0461,PubMed,23873601,kept,,2013,oegema,10.1002/ajmg.a.36109,161A,2376,American journal of medical genetics. Part A,Novel no-stop FLNA mutation causes multi-organ involvement in males.
WS0461,Scopus,84881663552,duplicate,T1 DOI,2013,oegema,10.1002/ajmg.a.36109,161,2376,"American Journal of Medical Genetics, Part A",Novel no-stop FLNA mutation causes multi-organ involvement in males
WS0461,WoS,WOS:000327798800037,duplicate,T1 DOI,2013,oegema,10.1002/ajmg.a.36109,161,2376,AMERICAN JOURNAL OF MEDICAL GENETICS PART A,Novel No-Stop FLNA Mutation Causes Multi-Organ Involvement in Males
WS0462,PubMed,23792478,kept,,2013,anyfantakis,10.1016/j.ijscr.2013.05.002,4,675,International journal of surgery case reports,Acute torsion of a wandering spleen in a post-partum female: A case report.
WS0462,Scopus,84879473290,duplicate,T1 DOI,2013,anyfantakis,10.1016/j.ijscr.2013.05.002,4,675,International Journal of Surgery Case Reports,Acute torsion of a wandering spleen in a post-partum female: A case report
WS0463,PubMed,23767284,kept,,2013,doocy,10.1177/156482651303400110,34,95,Food and nutrition bulletin,Household economic and food security after the 2010 Pakistan floods.
WS0464,PubMed,23760734,kept,,2013,lhuaire,10.1007/s11605-013-2239-9,17,1893,Journal of gastrointestinal surgery : official journal of the Society for Surgery  of the Alimentary Tract,A rare cause of chronic abdominal pain: recurrent sub-torsions of an accessory  spleen.
WS0464,Scopus,84884674940,duplicate,T1 DOI,2013,lhuaire,10.1007/s11605-013-2239-9,17,1893,Journal of Gastrointestinal Surgery,A Rare Cause of Chronic Abdominal Pain: Recurrent Sub-torsions of an Accessory Spleen
WS0464,WoS,WOS:000324870500023,duplicate,T1 DOI,2013,lhuaire,10.1007/s11605-013-2239-9,17,1893,JOURNAL OF GASTROINTESTINAL SURGERY,A Rare Cause of Chronic Abdominal Pain: Recurrent Sub-torsions of an Accessory Spleen
WS0465,PubMed,23740308,kept,,2013,lipponer,10.1055/s-0033-1335265,185,760,RoFo : Fortschritte auf dem Gebiete der Rontgenstrahlen und der Nuklearmedizin,[Splenic torsion in situs inversus abdominalis with polysplenia].
WS0466,PubMed,23710135,kept,,2013,yildiz,10.1155/2013/321810,2013,321810,TheScientificWorldJournal,"Splenic anomalies of shape, size, and location: pictorial essay."
WS0466,Scopus,84878276129,duplicate,T1 DOI,2013,yildiz,10.1155/2013/321810,2013,,The Scientific World Journal,"Splenic anomalies of shape, size, and location: Pictorial essay"
WS0466,WoS,WOS:000318731800001,duplicate,T1 DOI,2013,yildiz,10.1155/2013/321810,,,SCIENTIFIC WORLD JOURNAL,"Splenic Anomalies of Shape, Size, and Location: Pictorial Essay"
WS0467,PubMed,23694917,kept,,2013,zhang,10.3233/xst-130378,21,303,Journal of X-ray science and technology,X-ray computed tomography and sonography features of continuous splenogonadal  fusion.
WS0467,Scopus,84880198196,duplicate,T1 DOI,2013,zhang,10.3233/xst-130378,21,303,Journal of X-Ray Science and Technology,X-ray computed tomography and sonography features of continuous splenogonadal fusion
WS0467,WoS,WOS:000319344700010,duplicate,T1 DOI,2013,zhang,10.3233/xst-130378,21,303,JOURNAL OF X-RAY SCIENCE AND TECHNOLOGY,X-ray computed tomography and sonography features of continuous splenogonadal fusion
WS0468,PubMed,23680329,kept,,2013,heydari,10.1016/j.ajem.2013.02.017,31,984,The American journal of emergency medicine,Wandering spleen presenting as small bowel obstruction.
WS0468,Scopus,84879103618,duplicate,T1 DOI,2013,heydari,10.1016/j.ajem.2013.02.017,31,984,American Journal of Emergency Medicine,Wandering spleen presenting as small bowel obstruction
WS0468,WoS,WOS:000320655100021,duplicate,T1 DOI,2013,heydari,10.1016/j.ajem.2013.02.017,31,984,AMERICAN JOURNAL OF EMERGENCY MEDICINE,Wandering spleen presenting as small bowel obstruction
WS0469,PubMed,23624459,kept,,2013,koh,10.11622/smedj.2013086,54,79,Singapore medical journal,Multidetector computed tomography diagnosis of splenic flexure volvulus:  usefulness of multiplanar reformats.
WS0470,PubMed,23608015,kept,,2013,nielsen,,175,593,Ugeskrift for laeger,[Wandering spleen].
WS0470,Scopus,84875507916,duplicate,T4 author+year+volume+first page,2013,nielsen,,175,593,Ugeskrift for Laeger,Månedens billede
WS0471,PubMed,23608013,kept,,2013,helvind,,175,587,Ugeskrift for laeger,[Splenic torsion as cause of acute abdomen in children].
WS0472,PubMed,23549723,kept,,2013,gobishangar,10.4038/cmj.v58i1.5363,58,34,The Ceylon medical journal,A rare cause of acute abdomen: torsion of a second spleen.
WS0472,Scopus,84891592502,duplicate,T1 DOI,2013,gobishangar,10.4038/cmj.v58i1.5363,58,34,The Ceylon medical journal,A rare cause of acute abdomen: torsion of a second spleen.
WS0473,PubMed,23508931,kept,,2013,tawfik,10.1007/s00276-013-1100-x,35,647,Surgical and radiologic anatomy : SRA,Polysplenia syndrome: a review of the relationship with viscero-atrial situs and  the spectrum of extra-cardiac anomalies.
WS0474,PubMed,23480945,kept,,2013,mehta,10.1016/j.jpedsurg.2013.01.003,48,29,Journal of pediatric surgery,Splenic torsion after congenital diaphragmatic hernia repair: case report and  review of the literature.
WS0474,Scopus,84875140870,duplicate,T1 DOI,2013,mehta,10.1016/j.jpedsurg.2013.01.003,48,29,Journal of Pediatric Surgery,Splenic torsion after congenital diaphragmatic hernia repair: Case report and review of the literature
WS0474,WoS,WOS:000316470100008,duplicate,T1 DOI,2013,mehta,10.1016/j.jpedsurg.2013.01.003,48,29,JOURNAL OF PEDIATRIC SURGERY,Splenic torsion after congenital diaphragmatic hernia repair: Case report and review of the literature
WS0475,PubMed,23480940,kept,,2013,zarroug,10.1016/j.jpedsurg.2012.12.042,48,1,Journal of pediatric surgery,Wandering spleen as a cause of mesenteric and portal varices: a new etiology?
WS0475,Scopus,84875127724,duplicate,T1 DOI,2013,zarroug,10.1016/j.jpedsurg.2012.12.042,48,1,Journal of Pediatric Surgery,Wandering spleen as a cause of mesenteric and portal varices: A new etiology?
WS0475,WoS,WOS:000316470100001,duplicate,T1 DOI,2013,zarroug,10.1016/j.jpedsurg.2012.12.042,48,1,JOURNAL OF PEDIATRIC SURGERY,Wandering spleen as a cause of mesenteric and portal varices: A new etiology?
WS0476,PubMed,23476875,kept,,2013,lianos,10.1155/2013/561752,2013,561752,Case reports in surgery,Gastric volvulus and wandering spleen: a rare surgical emergency.
WS0477,PubMed,23436284,kept,,2013,gardner,10.1002/ajh.23425,88,528,American journal of hematology,Wandering spleen: a mobile target for radiotherapy.
WS0477,Scopus,84878184603,duplicate,T1 DOI,2013,gardner,10.1002/ajh.23425,88,528,American Journal of Hematology,Wandering spleen: A mobile target for radiotherapy
WS0477,WoS,WOS:000319293000015,duplicate,T1 DOI,2013,gardner,10.1002/ajh.23425,88,528,AMERICAN JOURNAL OF HEMATOLOGY,Wandering spleen: A mobile target for radiotherapy
WS0478,PubMed,23433611,kept,,2013,holst,10.1016/j.jemermed.2012.11.063,44,395,The Journal of emergency medicine,Acute abdominal pain in the pediatric emergency department: a case of right lower  quadrant wandering spleen that acutely torsed.
WS0478,Scopus,84878598609,duplicate,T1 DOI,2013,holst,10.1016/j.jemermed.2012.11.063,44,395,Journal of Emergency Medicine,Acute abdominal pain in the pediatric emergency department: A case of right lower quadrant wandering spleen that acutely torsed
WS0479,PubMed,23418034,kept,,2013,kargl,10.1136/archdischild-2012-303481,98,537,Archives of disease in childhood,Acute abdomen due to splenic torsion.
WS0479,Scopus,84879688857,duplicate,T1 DOI,2013,kargl,10.1136/archdischild-2012-303481,98,537,Archives of Disease in Childhood,Acute abdomen due to splenic torsion
WS0479,WoS,WOS:000320167400015,duplicate,T1 DOI,2013,kargl,10.1136/archdischild-2012-303481,98,537,ARCHIVES OF DISEASE IN CHILDHOOD,Acute abdomen due to splenic torsion
WS0480,PubMed,23416830,kept,,2013,akhter,,22,186,Mymensingh medical journal : MMJ,Wandering spleen associated with beta-Thalassemia: a case report.
WS0480,Scopus,84879296507,duplicate,T3 similar title+author+year,2013,akhter,,22,186,Mymensingh medical journal : MMJ,Wandering spleen associated with β-Thalassemia: a case report.
WS0481,PubMed,23415210,kept,,2012,de,,80,283,Cirugia y cirujanos,[Acute torsion of wandering spleen: a rare cause of acute abdomen].
WS0481,Scopus,84864704231,duplicate,T2 title+author+year,2012,de,,80,283,Cirugia y Cirujanos,Acute torsion of wandering spleen: A rare cause of acute abdomen
WS0481,WoS,WOS:000306687500013,duplicate,T2 title+author+year,2012,de,,80,262,CIRUGIA Y CIRUJANOS,Acute torsion of wandering spleen: a rare cause of acute abdomen
WS0482,PubMed,23414901,kept,,2013,tran,10.1016/j.jpedsurg.2012.11.043,48,41,Journal of pediatric surgery,"Prune belly syndrome, splenic torsion, and malrotation: a case report."
WS0482,Scopus,84873682876,duplicate,T1 DOI,2013,tran,10.1016/j.jpedsurg.2012.11.043,48,41,Journal of Pediatric Surgery,"Prune belly syndrome, splenic torsion, and malrotation: A case report"
WS0482,WoS,WOS:000314882800009,duplicate,T1 DOI,2013,tran,10.1016/j.jpedsurg.2012.11.043,48,41,JOURNAL OF PEDIATRIC SURGERY,"Prune belly syndrome, splenic torsion, and malrotation: A case report"
WS0483,PubMed,23352860,kept,,2013,centonze,10.1016/j.jemermed.2012.05.038,44,851,The Journal of emergency medicine,Atypical presentation of a wandering spleen in niemann-pick disease.
WS0483,Scopus,84875759423,duplicate,T1 DOI,2013,centonze,10.1016/j.jemermed.2012.05.038,44,851,Journal of Emergency Medicine,Atypical presentation of a wandering spleen in niemann-pick disease
WS0483,WoS,WOS:000317282000032,duplicate,T1 DOI,2013,centonze,10.1016/j.jemermed.2012.05.038,44,851,JOURNAL OF EMERGENCY MEDICINE,ATYPICAL PRESENTATION OF A WANDERING SPLEEN IN NIEMANN-PICK DISEASE
WS0484,PubMed,23331810,kept,,2013,papillon,10.1016/j.jpedsurg.2012.10.033,48,164,Journal of pediatric surgery,Congenital heart disease and heterotaxy: upper gastrointestinal fluoroscopy can  be misleading and surgery in an asymptomatic patient is not beneficial.
WS0485,PubMed,23322835,kept,,2013,lubner,10.1148/rg.331125016,33,155,"Radiographics : a review publication of the Radiological Society of North  America, Inc",Emergent and nonemergent nonbowel torsion: spectrum of imaging and clinical  findings.
WS0485,WoS,WOS:000313748500016,duplicate,T1 DOI,2013,lubner,10.1148/rg.331125016,33,155,RADIOGRAPHICS,Emergent and Nonemergent Nonbowel Torsion: Spectrum of Imaging and Clinical Findings
WS0486,PubMed,25931877,kept,,2013,yilmaz,10.5152/ucd.2013.47,29,200,Ulusal cerrahi dergisi,Torsion of wandering spleen as a rare reason for acute abdomen: A presentation of  two cases.
WS0486,Scopus,84892162628,duplicate,T1 DOI,2013,yilmaz,10.5152/ucd.2013.47,29,200,Turkish Journal of Surgery,Torsion of wandering spleen as a rare reason for acute abdomen: A presentation of two cases
WS0487,PubMed,23271043,kept,,2013,catalano,10.1007/s10120-012-0225-7,16,563,Gastric cancer : official journal of the International Gastric Cancer Association  and the Japanese Gastric Cancer Association,Endoscopic submucosal dissection in the treatment of gastric submucosal tumors:  results from a retrospective cohort study.
WS0487,Scopus,84885956737,duplicate,T1 DOI,2013,catalano,10.1007/s10120-012-0225-7,16,563,Gastric Cancer,Endoscopic submucosal dissection in the treatment of gastric submucosal tumors: Results from a retrospective cohort study
WS0487,WoS,WOS:000325613200018,duplicate,T1 DOI,2013,catalano,10.1007/s10120-012-0225-7,16,563,GASTRIC CANCER,Endoscopic submucosal dissection in the treatment of gastric submucosal tumors: results from a retrospective cohort study
WS0488,PubMed,23246505,kept,,2012,tanaka,10.1016/j.cellimm.2012.11.007,279,145,Cellular immunology,Characterization of PrP(Sc) transmission from immune cells to neuronal cells.
WS0488,Scopus,84870888358,duplicate,T1 DOI,2012,tanaka,10.1016/j.cellimm.2012.11.007,279,145,Cellular Immunology,Characterization of PrPSc transmission from immune cells to neuronal cells
WS0488,WoS,WOS:000314377700005,duplicate,T1 DOI,2012,tanaka,10.1016/j.cellimm.2012.11.007,279,145,CELLULAR IMMUNOLOGY,Characterization of PrPsc transmission from immune cells to neuronal cells
WS0489,PubMed,23238797,kept,,2013,magowska,10.1007/s00268-012-1880-x,37,545,World journal of surgery,"Wandering spleen: a medical enigma, its natural history and rationalization."
WS0489,Scopus,84874110643,duplicate,T1 DOI,2013,magowska,10.1007/s00268-012-1880-x,37,545,World Journal of Surgery,"Wandering spleen: A medical enigma, its natural history and rationalization"
WS0489,WoS,WOS:000317359100010,duplicate,T1 DOI,2013,magowska,10.1007/s00268-012-1880-x,37,545,WORLD JOURNAL OF SURGERY,"Wandering Spleen: A Medical Enigma, Its Natural History and Rationalization"
WS0490,PubMed,23155637,kept,,2011,diaz,,24,228,Cirugia pediatrica : organo oficial de la Sociedad Espanola de Cirugia Pediatrica,[Initial experience in single site laparoscopic surgery in a pediatric hospital  of Bogota].
WS0490,Scopus,84871875937,duplicate,T2 title+author+year,2011,diaz,,24,228,Cirugía pediátrica : organo oficial de la Sociedad Española de Cirugía Pediátrica,[Initial experience in single site laparoscopic surgery in a pediatric hospital of Bogotá].
WS0491,PubMed,23019995,kept,,2012,ben,10.5334/jbr-btr.633,95,257,JBR-BTR : organe de la Societe royale belge de radiologie (SRBR) = orgaan van de  Koninklijke Belgische Vereniging voor Radiologie (KBVR),"Combination of partial situs inversus, polysplenia and annular pancreas with  duodenal obstruction and intestinal malrotation."
WS0492,PubMed,22968096,kept,,2012,o,10.1016/j.gie.2012.07.011,76,1047,Gastrointestinal endoscopy,Ectopic spleen presenting as a gastric submucosal tumor.
WS0492,Scopus,84877063705,duplicate,T1 DOI,2012,o,10.1016/j.gie.2012.07.011,76,1047,Gastrointestinal Endoscopy,Ectopic spleen presenting as a gastric submucosal tumor
WS0492,WoS,WOS:000311011500020,duplicate,T1 DOI,2012,robbins,10.1016/j.gie.2012.07.011,76,1047,GASTROINTESTINAL ENDOSCOPY,Ectopic spleen presenting as a gastric submucosal tumor
WS0493,PubMed,22966728,kept,,2012,cecchetto,10.4081/pmc.2012.81,34,146,La Pediatria medica e chirurgica : Medical and surgical pediatrics,Acute splenic torsion in children: which is the best treatment? A case report.
WS0493,Scopus,84867883192,duplicate,T1 DOI,2012,cecchetto,10.4081/pmc.2012.81,34,146,La Pediatria medica e chirurgica : Medical and surgical pediatrics,Acute splenic torsion in children: which is the best treatment? A case report.
WS0494,PubMed,22906354,kept,,2012,le,10.4293/108680812x13291597716861,16,184,JSLS : Journal of the Society of Laparoendoscopic Surgeons,Splenic torsion requiring splenectomy six years following laparoscopic Nissen  fundoplication.
WS0494,Scopus,84866162263,duplicate,T1 DOI,2012,le,10.4293/108680812x13291597716861,16,184,Journal of the Society of Laparoendoscopic Surgeons,Splenic torsion requiring splenectomy six years following laparoscopic nissen fundoplication
WS0494,WoS,WOS:000307316100034,duplicate,T1 DOI,2012,le,10.4293/108680812x13291597716861,16,184,JSLS-JOURNAL OF THE SOCIETY OF LAPAROENDOSCOPIC SURGEONS,Splenic Torsion Requiring Splenectomy Six Years Following Laparoscopic Nissen Fundoplication
WS0495,PubMed,22897380,kept,,2012,erkol,10.4149/bll_2012_114,113,508,Bratislavske lekarske listy,Volvulus of splenic flexure: an autopsy case.
WS0496,PubMed,22880514,kept,,2012,kocakoc,10.5334/jbr-btr.592,95,148,JBR-BTR : organe de la Societe royale belge de radiologie (SRBR) = orgaan van de  Koninklijke Belgische Vereniging voor Radiologie (KBVR),Torsion of the wandering spleen.
WS0496,Scopus,84865096759,duplicate,T1 DOI,2012,kocakoc,10.5334/jbr-btr.592,95,148,JBR-BTR,Torsion of the wandering spleen
WS0496,WoS,WOS:000307263200013,duplicate,T1 DOI,2012,kocakoc,10.5334/jbr-btr.592,95,148,JBR-BTR,TORSION OF THE WANDERING SPLEEN
WS0497,PubMed,22852571,kept,,2012,grange,10.2460/javma.241.4.461,241,461,Journal of the American Veterinary Medical Association,Evaluation of splenectomy as a risk factor for gastric dilatation-volvulus.
WS0497,Scopus,84864629727,duplicate,T1 DOI,2012,grange,10.2460/javma.241.4.461,241,461,Journal of the American Veterinary Medical Association,Evaluation of splenectomy as a risk factor for gastric dilatation-volvulus
WS0497,WoS,WOS:000307367200012,duplicate,T1 DOI,2012,grange,10.2460/javma.241.4.461,241,461,JAVMA-JOURNAL OF THE AMERICAN VETERINARY MEDICAL ASSOCIATION,Evaluation of splenectomy as a risk factor for gastric dilatation-volvulus
WS0498,PubMed,22829098,kept,,2013,priyadarshi,10.1007/s00261-012-9944-9,38,835,Abdominal imaging,Torsion in wandering spleen: CT demonstration of whirl sign.
WS0498,Scopus,84882286421,duplicate,T1 DOI,2013,priyadarshi,10.1007/s00261-012-9944-9,38,835,Abdominal Imaging,Torsion in wandering spleen: CT demonstration of whirl sign
WS0498,WoS,WOS:000323052400021,duplicate,T1 DOI,2013,priyadarshi,10.1007/s00261-012-9944-9,38,835,ABDOMINAL IMAGING,Torsion in wandering spleen: CT demonstration of whirl sign
WS0499,PubMed,22808638,kept,,2012,swenson,,95,161,"Medicine and health, Rhode Island",14 year-old female with splenic torsion.
WS0499,Scopus,84864552911,duplicate,T2 title+author+year,2012,swenson,,95,161,"Medicine and health, Rhode Island",14 year-old female with splenic torsion.
WS0500,PubMed,22771291,kept,,2012,fabiano,10.1016/j.ciresp.2012.04.006,90,477,Cirugia espanola,[Laparoscopic splenectomy for torsion of a wandering spleen].
WS0500,Scopus,84865752476,duplicate,T1 DOI,2012,fabiano,10.1016/j.ciresp.2012.04.006,90,477,Cirugia Espanola,Laparoscopic splenectomy for torsion of a wandering spleen
WS0500,WoS,WOS:000309517900019,duplicate,T1 DOI,2012,fabiano,10.1016/j.ciresp.2012.04.006,90,477,CIRUGIA ESPANOLA,Laparoscopic splenectomy for torsion of a wandering spleen
WS0501,Scopus,84864868568,kept,T1 DOI,2012,romer,10.5334/jbr-btr.75,95,61,JBR-BTR,"The accessory spleen: Prevalence and imaging findings in 1,735 consecutive patients examined by multidetector computed tomography"
WS0501,WoS,WOS:000304738600001,duplicate,T2 title+author+year,2012,romer,10.5334/jbr-btr.75,95,61,JBR-BTR,"THE ACCESSORY SPLEEN: PREVALENCE AND IMAGING FINDINGS IN 1,735 CONSECUTIVE PATIENTS EXAMINED BY MULTIDETECTOR COMPUTED TOMOGRAPHY"
WS0501,PubMed,22764656,duplicate,,2012,romer,,95,61,JBR-BTR : organe de la Societe royale belge de radiologie (SRBR) = orgaan van de  Koninklijke Belgische Vereniging voor Radiologie (KBVR),"The accessory spleen: prevalence and imaging findings in 1,735 consecutive  patients examined by multidetector computed tomography."
WS0502,PubMed,22730032,kept,,2013,udare,10.1007/s12664-012-0188-y,32,211,Indian journal of gastroenterology : official journal of the Indian Society of  Gastroenterology,Torsion of wandering spleen.
WS0502,Scopus,84878318127,duplicate,T1 DOI,2013,udare,10.1007/s12664-012-0188-y,32,211,Indian Journal of Gastroenterology,Torsion of wandering spleen
WS0503,PubMed,22720985,kept,,2012,geyer,10.2460/javma.241.1.45,241,45,Journal of the American Veterinary Medical Association,What is your diagnosis? Gastric dilatation-volvulus (GDV) with secondary  peritoneal effusion and splenic congestion or torsion.
WS0504,PubMed,22688174,kept,,2012,morita,,109,969,Nihon Shokakibyo Gakkai zasshi = The Japanese journal of gastro-enterology,[Large accessory spleen torsion with a distorted fascicular structure; a case  report].
WS0504,Scopus,84863332479,duplicate,T2 title+author+year,2012,morita,,109,969,Journal of Japanese Society of Gastroenterology,Large accessory spleen torsion with a distorted fascicular structure; a case report
WS0505,PubMed,22655096,kept,,2012,khalid,,11,62,The Pan African medical journal,[Acute abdomen in a torsion of an ectopic spleen: report of a case].
WS0505,Scopus,84865295321,duplicate,T4 author+year+volume+first page,2012,khalid,,11,62,Pan African Medical Journal,Abdomen Acute torsion of ectopic spleen: A report of a case
WS0506,PubMed,22551626,kept,,2013,perez-legaz,10.1016/j.ciresp.2011.10.011,91,344,Cirugia espanola,[Ectopic spleen. Urgent or elective surgery?].
WS0506,Scopus,84877067972,duplicate,T1 DOI,2013,perez-legaz,10.1016/j.ciresp.2011.10.011,91,344,Cirugia Espanola,Ectopic spleen. Urgent or elective surgery?
WS0506,WoS,WOS:000318897200018,duplicate,T1 DOI,2013,perez-legaz,10.1016/j.ciresp.2011.10.011,91,344,CIRUGIA ESPANOLA,Ectopic spleen. Urgent or elective surgery?
WS0507,PubMed,22532185,kept,,2012,szumilo,,71,45,Folia morphologica,Intrapancreatic accessory spleen.
WS0507,Scopus,84864883722,duplicate,T5 title+volume+pages,2012,szumiło,,71,45,Folia Morphologica (Poland),Intrapancreatic accessory spleen
WS0507,WoS,WOS:000305658400009,duplicate,T2 title+author+year,2012,szumilo,,71,45,FOLIA MORPHOLOGICA,Intrapancreatic accessory spleen
WS0508,PubMed,22514765,kept,,2012,bouassida,,11,31,The Pan African medical journal,A wandering spleen presenting as a hypogastric mass: case report.
WS0508,Scopus,84865299864,duplicate,T2 title+author+year,2012,bouassida,,11,31,Pan African Medical Journal,A wandering spleen presenting as a hypogastric mass: Case report
WS0509,PubMed,22509658,kept,,2011,sudak,,90,701,Rozhledy v chirurgii : mesicnik Ceskoslovenske chirurgicke spolecnosti,[Torsion of dystopic spleen--possible solutions].
WS0509,Scopus,84861155531,duplicate,T2 title+author+year,2011,sudak,,90,701,Rozhledy v chirurgii : měsíčník Československé chirurgické společnosti,[Torsion of dystopic spleen--possible solutions].
WS0510,PubMed,22487633,kept,,2012,yucel,10.1097/sle.0b013e318246beb5,22,102,"Surgical laparoscopy, endoscopy & percutaneous techniques",Laparoscopic splenectomy for the treatment of wandering spleen in a pregnant  woman: a case report.
WS0510,Scopus,84859628862,duplicate,T1 DOI,2012,yucel,10.1097/sle.0b013e318246beb5,22,102,"Surgical Laparoscopy, Endoscopy and Percutaneous Techniques",Laparoscopic splenectomy for the treatment of wandering spleen in a pregnant woman: A case report
WS0510,WoS,WOS:000302771700014,duplicate,T1 DOI,2012,yucel,10.1097/sle.0b013e318246beb5,22,102,SURGICAL LAPAROSCOPY ENDOSCOPY & PERCUTANEOUS TECHNIQUES,Laparoscopic Splenectomy for the Treatment of Wandering Spleen in a Pregnant Woman: A Case Report
WS0511,PubMed,22477742,kept,,2012,lam,,18,160,Hong Kong medical journal = Xianggang yi xue za zhi,Acute torsion of a wandering spleen.
WS0511,Scopus,84861149246,duplicate,T2 title+author+year,2012,lam,,18,160,Hong Kong Medical Journal,Acute torsion of a wandering spleen
WS0511,WoS,WOS:000302592600014,duplicate,T2 title+author+year,2012,lam,,18,160,HONG KONG MEDICAL JOURNAL,Acute torsion of a wandering spleen
WS0512,PubMed,22450011,kept,,2012,ishibashi,10.2152/jmi.59.220,59,220,The journal of medical investigation : JMI,Torsion of an accessory spleen with situs inversus in a child.
WS0512,Scopus,84857678954,duplicate,T1 DOI,2012,ishibashi,10.2152/jmi.59.220,59,220,Journal of Medical Investigation,Torsion of an accessory spleen with situs inversus in a child
WS0513,PubMed,22405183,kept,,2012,kocak,10.1016/j.crohns.2011.12.012,6,394,Journal of Crohn's & colitis,Ectopic spleen presenting as an abdominal mass in a patient with Crohn's disease.
WS0513,Scopus,84858071186,duplicate,T1 DOI,2012,kocak,10.1016/j.crohns.2011.12.012,6,394,Journal of Crohn's and Colitis,Ectopi{dotless}c spleen presenti{dotless}ng as an abdomi{dotless}nal mass i{dotless}n a pati{dotless}ent wi{dotless}th Crohn's di{dotless}sease
WS0513,WoS,WOS:000303076500023,duplicate,T1 DOI,2012,kocak,10.1016/j.crohns.2011.12.012,6,394,JOURNAL OF CROHNS & COLITIS,Ectopic spleen presenting as an abdominal mass in a patient with Crohn's disease
WS0514,PubMed,22396942,kept,,2012,ayaz,,14,64,Medical ultrasonography,Wandering spleen in a child with symptoms of acute abdomen: ultrasonographic  diagnosis. Case report.
WS0514,Scopus,84862698512,duplicate,T2 title+author+year,2012,ayaz,,14,64,Medical Ultrasonography,Wandering spleen in a child with symptoms of acute abdomen: Ultrasonographic diagnosis. Case report
WS0514,WoS,WOS:000208903200012,duplicate,T2 title+author+year,2012,ayaz,,14,64,MEDICAL ULTRASONOGRAPHY,Wandering spleen in a child with symptoms of acute abdomen: ultrasonographic diagnosis. Case report
WS0515,PubMed,22382032,kept,,2012,bekheit,10.1016/j.ijscr.2011.10.020,3,151,International journal of surgery case reports,Wandering hemi-spleen: Laparoscopic management of wandering spleen in a case of  polysplenia.
WS0515,Scopus,84862208681,duplicate,T1 DOI,2012,bekheit,10.1016/j.ijscr.2011.10.020,3,151,International Journal of Surgery Case Reports,Wandering hemi-spleen: Laparoscopic management of wandering spleen in a case of polysplenia
WS0516,PubMed,22381612,kept,,2013,fonseca,10.1016/j.jemermed.2011.06.146,44,33,The Journal of emergency medicine,Torsion of a wandering spleen treated with partial splenectomy and splenopexy.
WS0516,Scopus,84872297243,duplicate,T1 DOI,2013,fonseca,10.1016/j.jemermed.2011.06.146,44,33,Journal of Emergency Medicine,Torsion of a wandering spleen treated with partial splenectomy and splenopexy
WS0516,WoS,WOS:000313755200009,duplicate,T1 DOI,2013,fonseca,10.1016/j.jemermed.2011.06.146,44,33,JOURNAL OF EMERGENCY MEDICINE,TORSION OF A WANDERING SPLEEN TREATED WITH PARTIAL SPLENECTOMY AND SPLENOPEXY
WS0517,PubMed,22368139,kept,,2012,chen,10.7863/jum.2012.31.3.483,31,483,Journal of ultrasound in medicine : official journal of the American Institute of  Ultrasound in Medicine,Sonographic diagnosis of a subclinical wandering spleen: role of the decubitus  position.
WS0517,Scopus,84857877746,duplicate,T1 DOI,2012,chen,10.7863/jum.2012.31.3.483,31,483,Journal of Ultrasound in Medicine,Sonographic diagnosis of a subclinical wandering spleen: Role of the decubitus position
WS0517,WoS,WOS:000301316000016,duplicate,T1 DOI,2012,chen,10.7863/jum.2012.31.3.483,31,483,JOURNAL OF ULTRASOUND IN MEDICINE,Sonographic Diagnosis of a Subclinical Wandering Spleen Role of the Decubitus Position
WS0518,PubMed,22287875,kept,,2011,mirkes,10.2147/jbm.s24168,2,161,Journal of blood medicine,The wandering spleen: an unusual case of thrombocytopenia.
WS0519,PubMed,22259909,kept,,2011,salem,,59,170,Le Journal medical libanais. The Lebanese medical journal,[A case of wandering spleen: a rare cause of acute abdomen].
WS0519,Scopus,80054784855,duplicate,T2 title+author+year,2011,salem,,59,170,Journal Medical Libanais,A case of wandering spleen: A rare cause of acute abdomen
WS0520,PubMed,26504696,kept,,2012,lemke,10.3205/iprs000014,1,14,GMS Interdisciplinary plastic and reconstructive surgery DGPW,Laparoscopic splenectomy of a wandering spleen with coincidental enormous  splenomegaly.
WS0521,PubMed,22165526,kept,,2011,nyundo,,32,477,Revue medicale de Bruxelles,[Torsion of an ectopic spleen presented as an acute abdomen].
WS0521,Scopus,82555191260,duplicate,T2 title+author+year,2011,nyundo,,32,477,Revue Medicale de Bruxelles,Torsion of an ectopic spleen presented as an acute abdomen
WS0522,PubMed,22130511,kept,,2012,parrondo,10.1016/j.rx.2011.05.005,54,91,Radiologia,[Solution to case 38. Torsion of the spleen].
WS0522,Scopus,84857500260,duplicate,T1 DOI,2012,parrondo,10.1016/j.rx.2011.05.005,54,91,Radiologia,Solution to case 38. Torsion of the spleen
WS0523,PubMed,22097663,kept,,2011,nobre,,24,122,Cirugia pediatrica : organo oficial de la Sociedad Espanola de Cirugia Pediatrica,[Sudden abdominal pain...is it a surprise? Necrosis of an ectopic spleen].
WS0523,Scopus,84555169143,duplicate,T2 title+author+year,2011,nobre,,24,122,Cirugía pediátrica : organo oficial de la Sociedad Española de Cirugía Pediátrica,[Sudden abdominal pain...is it a surprise? Necrosis of an ectopic spleen].
WS0524,PubMed,22035554,kept,,2011,somalwar,10.1016/s0140-6736(11)61183-5,378,1604,"Lancet (London, England)",I wonder what the mobile mass is?
WS0524,Scopus,80155127237,duplicate,T1 DOI,2011,somalwar,10.1016/s0140-6736(11)61183-5,378,1604,The Lancet,I wonder what the mobile mass is?
WS0524,WoS,WOS:000296767500026,duplicate,T1 DOI,2011,somalwar,10.1016/s0140-6736(11)61183-5,378,1604,LANCET,I wonder what the mobile mass is?
WS0525,PubMed,22008358,kept,,2011,inoue,10.1016/j.jpedsurg.2011.06.019,46,25,Journal of pediatric surgery,Laparoscopic detorsion and colopexy for splenic flexure volvulus in an infant.
WS0525,Scopus,80054718845,duplicate,T1 DOI,2011,inoue,10.1016/j.jpedsurg.2011.06.019,46,25,Journal of Pediatric Surgery,Laparoscopic detorsion and colopexy for splenic flexure volvulus in an infant
WS0525,WoS,WOS:000296373200005,duplicate,T1 DOI,2011,inoue,10.1016/j.jpedsurg.2011.06.019,46,25,JOURNAL OF PEDIATRIC SURGERY,Laparoscopic detorsion and colopexy for splenic flexure volvulus in an infant
WS0526,PubMed,21977832,kept,,2010,broadis,10.4314/mmj.v22i4.63948,22,120,Malawi medical journal : the journal of Medical Association of Malawi,Paediatric wandering spleens in Malawi.
WS0526,Scopus,79952340660,duplicate,T2 title+author+year,2010,broadis,,22,120,Malawi Medical Journal,Paediatric wandering spleens in Malawi
WS0526,WoS,WOS:000208382600004,duplicate,T2 title+author+year,2010,broadis,,22,120,MALAWI MEDICAL JOURNAL,Paediatric Wandering Spleens in Malawi
WS0527,PubMed,21859343,kept,,2011,garrett,10.1089/lap.2011.0148,21,965,Journal of laparoendoscopic & advanced surgical techniques. Part A,Single-incision laparoscopic approach to management of splenic pathology in  children: an early experience.
WS0527,Scopus,82455204671,duplicate,T1 DOI,2011,garrett,10.1089/lap.2011.0148,21,965,Journal of Laparoendoscopic and Advanced Surgical Techniques,Single-incision laparoscopic approach to management of splenic pathology in children: An early experience
WS0527,WoS,WOS:000298138800015,duplicate,T1 DOI,2011,garrett,10.1089/lap.2011.0148,21,965,JOURNAL OF LAPAROENDOSCOPIC & ADVANCED SURGICAL TECHNIQUES,Single-Incision Laparoscopic Approach to Management of Splenic Pathology in Children: An Early Experience
WS0528,PubMed,21838134,kept,,2011,kratochvil,,90,298,Rozhledy v chirurgii : mesicnik Ceskoslovenske chirurgicke spolecnosti,[Impingement of an accessory intraabdominal organ as an uncommon intraoperative  diagnosis--a case review].
WS0529,PubMed,21816894,kept,,2011,chu,10.1258/ar.2011.100504,52,911,"Acta radiologica (Stockholm, Sweden : 1987)",Wandering spleen with torsion and complete infarction.
WS0529,Scopus,83155183411,duplicate,T1 DOI,2011,chu,10.1258/ar.2011.100504,52,911,Acta Radiologica,Wandering spleen with torsion and complete infarction
WS0529,WoS,WOS:000296488400017,duplicate,T1 DOI,2011,chu,10.1258/ar.2011.100504,52,911,ACTA RADIOLOGICA,Wandering spleen with torsion and complete infarction
WS0530,PubMed,21808945,kept,,2011,noushif,,52,141,Singapore medical journal,Splenic pseudocyst: a rare association with splenoptosis and vertebral  segmentation anomalies.
WS0530,Scopus,79961072820,duplicate,T2 title+author+year,2011,noushif,,52,141,Singapore Medical Journal,Splenic pseudocyst: A rare association with splenoptosis and vertebral segmentation anomalies
WS0530,WoS,WOS:000294165900001,duplicate,T2 title+author+year,2011,noushif,,52,141,SINGAPORE MEDICAL JOURNAL,Splenic pseudocyst: a rare association with splenoptosis and vertebral segmentation anomalies
WS0531,PubMed,21484700,kept,,2011,maamouri,,89,403,La Tunisie medicale,Asymptomatic chronic torsion of a pelvic wandering spleen.
WS0531,Scopus,79955544330,duplicate,T2 title+author+year,2011,maamouri,,89,403,Tunisie Medicale,Asymptomatic chronic torsion of a pelvic wandering spleen
WS0532,PubMed,21480120,kept,,2011,irak,10.4318/tjg.2011.0165,22,93,The Turkish journal of gastroenterology : the official journal of Turkish Society  of Gastroenterology,A case of torsion of the wandering spleen presenting as hypersplenism and gastric  fundal varices.
WS0532,Scopus,79953852923,duplicate,T1 DOI,2011,irak,10.4318/tjg.2011.0165,22,93,Turkish Journal of Gastroenterology,A case of torsion of the wandering spleen presenting as hypersplenism and gastric fundal varices
WS0532,WoS,WOS:000289710100018,duplicate,T1 DOI,2011,irak,10.4318/tjg.2011.0165,22,93,TURKISH JOURNAL OF GASTROENTEROLOGY,A case of torsion of the wandering spleen presenting as hypersplenism and gastric fundal varices
WS0533,Scopus,79952420805,kept,T2 title+author+year,2011,ityel,,13,119,Israel Medical Association Journal,Splenic torsion of a wandering spleen
WS0533,PubMed,21443043,duplicate,,2011,ityel,,13,119,The Israel Medical Association journal : IMAJ,Splenic torsion of a wandering spleen.
WS0533,WoS,WOS:000288183200015,duplicate,T2 title+author+year,2011,ityel,,13,119,ISRAEL MEDICAL ASSOCIATION JOURNAL,Splenic Torsion of a Wandering Spleen
WS0534,PubMed,21414616,kept,,2012,ramos-clemente,10.1016/j.ciresp.2010.10.015,90,126,Cirugia espanola,[Splenic torsion in a patient with ectopic spleen].
WS0534,Scopus,84857053984,duplicate,T1 DOI,2012,ramos-clemente,10.1016/j.ciresp.2010.10.015,90,126,Cirugia Espanola,Splenic torsion in a patient with ectopic spleen
WS0534,WoS,WOS:000301503700014,duplicate,T1 DOI,2012,romero,10.1016/j.ciresp.2010.10.015,90,126,CIRUGIA ESPANOLA,Splenic torsion in a patient with ectopic spleen
WS0535,PubMed,21411071,kept,,2012,planellas,10.1016/j.ciresp.2010.12.016,90,61,Cirugia espanola,[Laparoscopy of acute abdomen due to splenic torsion].
WS0535,Scopus,84856235836,duplicate,T1 DOI,2012,planellas,10.1016/j.ciresp.2010.12.016,90,61,Cirugia Espanola,Laparoscopy of acute abdomen due to splenic torsion
WS0535,WoS,WOS:000300131700017,duplicate,T1 DOI,2012,gine,10.1016/j.ciresp.2010.12.016,90,61,CIRUGIA ESPANOLA,Laparoscopy of acute abdomen due to splenic torsion
WS0536,PubMed,21392125,kept,,2011,hasegawa,10.1111/j.1442-2042.2011.02746.x,18,466,International journal of urology : official journal of the Japanese Urological  Association,Transverse testicular ectopia with splenogonadal fusion: a case report.
WS0536,Scopus,79956273768,duplicate,T1 DOI,2011,hasegawa,10.1111/j.1442-2042.2011.02746.x,18,466,International Journal of Urology,Transverse testicular ectopia with splenogonadal fusion: A case report
WS0536,WoS,WOS:000290868800011,duplicate,T1 DOI,2011,hasegawa,10.1111/j.1442-2042.2011.02746.x,18,466,INTERNATIONAL JOURNAL OF UROLOGY,Transverse testicular ectopia with splenogonadal fusion: A case report
WS0537,PubMed,21375417,kept,,2011,magno,10.1089/lap.2010.0417,21,467,Journal of laparoendoscopic & advanced surgical techniques. Part A,An unusual case of acute pancreatitis and gastric outlet obstruction associated  with wandering spleen treated by laparoscopic splenopexy.
WS0537,Scopus,79958202424,duplicate,T1 DOI,2011,magno,10.1089/lap.2010.0417,21,467,Journal of Laparoendoscopic and Advanced Surgical Techniques,An unusual case of acute pancreatitis and gastric outlet obstruction associated with wandering spleen treated by laparoscopic splenopexy
WS0537,WoS,WOS:000291382700016,duplicate,T1 DOI,2011,magno,10.1089/lap.2010.0417,21,467,JOURNAL OF LAPAROENDOSCOPIC & ADVANCED SURGICAL TECHNIQUES,An Unusual Case of Acute Pancreatitis and Gastric Outlet Obstruction Associated with Wandering Spleen Treated by Laparoscopic Splenopexy
WS0538,PubMed,21352678,kept,,2010,familua,,76,235,The American surgeon,Wandering spleen mimicking acute appendicitis-an unusual presentation of a rare  surgical anomaly.
WS0538,Scopus,78651365943,duplicate,T2 title+author+year,2010,familua,,76,235,American Surgeon,Wandering spleen mimicking acute appendicitis - An unusual presentation of a rare surgical anomaly
WS0539,PubMed,22540075,kept,,2011,sucandy,10.4297/najms.2011.399,3,99,North American journal of medical sciences,Spontaneous massive hemoperitoneum: A potentially life threatening presentation  of the wandering spleen.
WS0539,Scopus,79952608415,duplicate,T1 DOI,2011,sucandy,10.4297/najms.2011.399,3,99,North American Journal of Medical Sciences,Spontaneous massive hemoperitoneum: A potentially life threatening presentation of the wandering spleen
WS0540,PubMed,21229243,kept,,2011,lips,10.1007/s00259-010-1714-8,38,982,European journal of nuclear medicine and molecular imaging,Wandering spleen on a 68Ga-DOTATOC-PET/CT scan.
WS0540,Scopus,79953721154,duplicate,T1 DOI,2011,lips,10.1007/s00259-010-1714-8,38,982,European Journal of Nuclear Medicine and Molecular Imaging,Wandering spleen on a 68Ga-DOTATOC-PET/CT scan
WS0540,WoS,WOS:000289144800022,duplicate,T1 DOI,2011,lips,10.1007/s00259-010-1714-8,38,982,EUROPEAN JOURNAL OF NUCLEAR MEDICINE AND MOLECULAR IMAGING,Wandering spleen on a 68Ga-DOTATOC-PET/CT scan
WS0541,PubMed,22675015,kept,,2011,parisinos,10.1136/bcr.08.2011.4676,2011,,BMJ case reports,Right abdominal mass in a 2 year-old child.
WS0541,Scopus,80054742895,duplicate,T1 DOI,2011,parisinos,10.1136/bcr.08.2011.4676,,,BMJ Case Reports,Right abdominal mass in a 2 year-old child
WS0542,PubMed,20975498,kept,,2010,montenovo,10.1097/sle.0b013e3181f69ce2,20,182,"Surgical laparoscopy, endoscopy & percutaneous techniques",Laparoscopic splenopexy for wandering spleen: case report and review of the  literature.
WS0542,Scopus,78149403766,duplicate,T1 DOI,2010,montenovo,10.1097/sle.0b013e3181f69ce2,20,182,"Surgical Laparoscopy, Endoscopy and Percutaneous Techniques",Laparoscopic splenopexy for wandering spleen: Case report and review of the literature
WS0542,WoS,WOS:000283486000010,duplicate,T1 DOI,2010,montenovo,10.1097/sle.0b013e3181f69ce2,20,182,SURGICAL LAPAROSCOPY ENDOSCOPY & PERCUTANEOUS TECHNIQUES,Laparoscopic Splenopexy for Wandering Spleen: Case Report and Review of the Literature
WS0543,PubMed,20941976,kept,,2010,fagarasanu,,105,527,"Chirurgia (Bucharest, Romania : 1990)",[Torsion of the splenic pedicle.1935].
WS0543,WoS,WOS:000281760700013,duplicate,T3 similar title+author+year,2010,fagarasanu,,105,527,CHIRURGIA,Torsion of the splenic pedicle
WS0544,PubMed,20939205,kept,,2010,carmona,,102,47,Boletin de la Asociacion Medica de Puerto Rico,Laparoscopic splenectomy for infarcted splenoptosis in a child: a case report.
WS0544,Scopus,79952054750,duplicate,T2 title+author+year,2010,carmona,,102,47,Boletín de la Asociación Médica de Puerto Rico,Laparoscopic splenectomy for infarcted splenoptosis in a child: a case report.
WS0545,PubMed,20871196,kept,,2010,el,10.4103/1319-3767.70618,16,288,Saudi journal of gastroenterology : official journal of the Saudi  Gastroenterology Association,Torsion of a wandering spleen.
WS0545,Scopus,77957725392,duplicate,T1 DOI,2010,el,10.4103/1319-3767.70618,16,288,Saudi Journal of Gastroenterology,Torsion of a wandering spleen
WS0546,PubMed,20852856,kept,,2010,gok,10.1007/s00247-010-1822-4,40 Suppl 1,88,Pediatric radiology,Torsion of a splenule.
WS0546,WoS,WOS:000285153000044,duplicate,T1 DOI,2010,gok,10.1007/s00247-010-1822-4,40,88,PEDIATRIC RADIOLOGY,Torsion of a splenule
WS0547,PubMed,20851558,kept,,2012,kapan,10.1016/j.jemermed.2010.06.029,43,303,The Journal of emergency medicine,A wandering spleen presenting as an acute abdomen: case report.
WS0547,Scopus,84869082764,duplicate,T1 DOI,2012,kapan,10.1016/j.jemermed.2010.06.029,43,303,Journal of Emergency Medicine,A wandering spleen presenting as an acute abdomen: Case report
WS0547,WoS,WOS:000311034400008,duplicate,T1 DOI,2012,kapan,10.1016/j.jemermed.2010.06.029,43,303,JOURNAL OF EMERGENCY MEDICINE,A WANDERING SPLEEN PRESENTING AS AN ACUTE ABDOMEN: CASE REPORT
WS0548,PubMed,20739346,kept,,2010,saouab,10.1259/bjr/88857252,83,804,The British journal of radiology,Post-traumatic acute abdominal pain.
WS0548,Scopus,77956008406,duplicate,T1 DOI,2010,saouab,10.1259/bjr/88857252,83,804,British Journal of Radiology,Post-traumatic acute abdominal pain
WS0548,WoS,WOS:000281252800016,duplicate,T1 DOI,2010,saouab,10.1259/bjr/88857252,83,804,BRITISH JOURNAL OF RADIOLOGY,Post-traumatic acute abdominal pain
WS0549,PubMed,20676299,kept,,2010,schnier,,51,527,The Canadian veterinary journal = La revue veterinaire canadienne,A case of splenic torsion with progressive anemia and thrombocytopenia.
WS0549,Scopus,77953771790,duplicate,T2 title+author+year,2010,schnier,,51,527,Canadian Veterinary Journal,A case of splenic torsion with progressive anemia and thrombocytopenia
WS0549,WoS,WOS:000278132500014,duplicate,T2 title+author+year,2010,schnier,,51,527,CANADIAN VETERINARY JOURNAL-REVUE VETERINAIRE CANADIENNE,A case of splenic torsion with progressive anemia and thrombocytopenia
WS0550,PubMed,20638536,kept,,2010,fiquet-francois,10.1016/j.jpedsurg.2010.03.003,45,1519,Journal of pediatric surgery,Wandering spleen in children: multicenter retrospective study.
WS0550,Scopus,77955597677,duplicate,T1 DOI,2010,fiquet-francois,10.1016/j.jpedsurg.2010.03.003,45,1519,Journal of Pediatric Surgery,Wandering spleen in children: Multicenter retrospective study
WS0550,WoS,WOS:000280064100023,duplicate,T1 DOI,2010,fiquet-francois,10.1016/j.jpedsurg.2010.03.003,45,1519,JOURNAL OF PEDIATRIC SURGERY,Wandering spleen in children: multicenter retrospective study
WS0551,PubMed,20630344,kept,,2010,arleo,10.1016/j.clinimag.2009.09.001,34,302,Clinical imaging,Multimodality imaging of a neonatal wandering spleen.
WS0551,Scopus,77954116086,duplicate,T1 DOI,2010,arleo,10.1016/j.clinimag.2009.09.001,34,302,Clinical Imaging,Multimodality imaging of a neonatal wandering spleen
WS0551,WoS,WOS:000279765500010,duplicate,T1 DOI,2010,arleo,10.1016/j.clinimag.2009.09.001,34,302,CLINICAL IMAGING,Multimodality imaging of a neonatal wandering spleen
WS0552,PubMed,20625747,kept,,2010,okazaki,10.1007/s00383-010-2657-7,26,1053,Pediatric surgery international,Laparoscopic splenopexy and gastropexy for wandering spleen associated with  gastric volvulus.
WS0552,Scopus,77957598642,duplicate,T1 DOI,2010,okazaki,10.1007/s00383-010-2657-7,26,1053,Pediatric Surgery International,Laparoscopic splenopexy and gastropexy for wandering spleen associated with gastric volvulus
WS0552,WoS,WOS:000282127600023,duplicate,T1 DOI,2010,okazaki,10.1007/s00383-010-2657-7,26,1053,PEDIATRIC SURGERY INTERNATIONAL,Laparoscopic splenopexy and gastropexy for wandering spleen associated with gastric volvulus
WS0553,PubMed,20593169,kept,,2010,sanchez,10.1007/s00247-010-1756-x,40 Suppl 1,89,Pediatric radiology,Wandering spleen causing gastric outlet obstruction and pancreatitis.
WS0553,Scopus,79955656415,duplicate,T1 DOI,2010,sanchez,10.1007/s00247-010-1756-x,40,89,Pediatric Radiology,Wandering spleen causing gastric outlet obstruction and pancreatitis
WS0553,WoS,WOS:000285153000045,duplicate,T1 DOI,2010,sanchez,10.1007/s00247-010-1756-x,40,89,PEDIATRIC RADIOLOGY,Wandering spleen causing gastric outlet obstruction and pancreatitis
WS0554,PubMed,20591443,kept,,2010,maschio,10.1016/j.jpeds.2010.04.046,157,859,The Journal of pediatrics,Splenomegaly as presentation of a wandering spleen.
WS0554,Scopus,77958039218,duplicate,T1 DOI,2010,maschio,10.1016/j.jpeds.2010.04.046,157,859,Journal of Pediatrics,Splenomegaly as presentation of a wandering spleen
WS0554,WoS,WOS:000283045900038,duplicate,T1 DOI,2010,maschio,10.1016/j.jpeds.2010.04.046,157,859,JOURNAL OF PEDIATRICS,Splenomegaly as Presentation of a Wandering Spleen
WS0555,PubMed,20529485,kept,,2010,hussain,10.1308/147870810x12699662980592,92,51,Annals of the Royal College of Surgeons of England,Splenic torsion: a case report.
WS0555,Scopus,77955296190,duplicate,T1 DOI,2010,hussain,10.1308/147870810x12699662980592,92,51,Annals of the Royal College of Surgeons of England,Splenic torsion: A case report
WS0556,PubMed,20512509,kept,,2011,cripps,10.1007/s00464-010-1120-0,25,312,Surgical endoscopy,Video. Hand-assisted laparoscopy for wandering spleen.
WS0556,Scopus,85027917436,duplicate,T1 DOI,2011,cripps,10.1007/s00464-010-1120-0,25,312,Surgical endoscopy,Video. Hand-assisted laparoscopy for wandering spleen.
WS0556,WoS,WOS:000285754000048,duplicate,T1 DOI,2011,cripps,10.1007/s00464-010-1120-0,25,312,SURGICAL ENDOSCOPY AND OTHER INTERVENTIONAL TECHNIQUES,Hand-assisted laparoscopy for wandering spleen
WS0557,PubMed,20362957,kept,,2010,ghazeeri,10.1016/j.ajog.2010.02.013,202,662,American journal of obstetrics and gynecology,"The wanderer At 12 weeks' gestation, the patient presented with abdominal pain  and a palpable mass."
WS0558,PubMed,20131554,kept,,2009,biondi,,80,395,Annali italiani di chirurgia,"[Pelvic splenomegaly. Ptosic, migrant or accessory spleen?]."
WS0558,Scopus,77950358851,duplicate,T2 title+author+year,2009,biondi,,80,395,Annali Italiani di Chirurgia,"Pelvic splenomegaly. Ptosic, migrant or accessory spleen?"
WS0558,WoS,WOS:000273580400010,duplicate,T4 author+year+volume+first page,2009,biondi,,80,395,ANNALI ITALIANI DI CHIRURGIA,"Splenomegaly in the pelvis. Spleen ptosica, migrant or accessory?"
WS0559,PubMed,20120444,kept,,2009,dirican,,110,723,Bratislavske lekarske listy,Torsion of wandering spleen.
WS0559,Scopus,75649146244,duplicate,T2 title+author+year,2009,dirican,,110,723,Bratislava Medical Journal,Torsion of wandering spleen
WS0559,WoS,WOS:000272667600013,duplicate,T2 title+author+year,2009,dirican,,110,723,BRATISLAVA MEDICAL JOURNAL-BRATISLAVSKE LEKARSKE LISTY,Torsion of wandering spleen
WS0560,PubMed,23057261,kept,,2010,mwango,10.4314/eamj.v87i2.60605,87,84,East African medical journal,Wandering spleen: case report.
WS0560,Scopus,84872036656,duplicate,T2 title+author+year,2010,mwango,,87,84,East African Medical Journal,Wandering spleen: Case report
WS0561,PubMed,24945841,kept,,2010,lahiri,10.1093/jscr/2010.10.4,2010,4,Journal of surgical case reports,A case of splenic torsion and rupture presenting as ruptured ectopic pregnancy.
WS0561,Scopus,85062934498,duplicate,T1 DOI,2010,lahiri,10.1093/jscr/2010.10.4,2010,4,Journal of Surgical Case Reports,A case of splenic torsion and rupture presenting as ruptured ectopic pregnancy
WS0562,PubMed,23754883,kept,,2010,turhan,10.2147/imcrj.s8937,3,19,International medical case reports journal,Wandering spleen: Report of two cases.
WS0562,Scopus,77953468177,duplicate,T2 title+author+year,2010,turhan,,3,19,International Medical Case Reports Journal,Wandering spleen: Report of two cases
WS0563,PubMed,19995153,kept,,2010,ozdil,10.3109/09537100903420285,21,70,Platelets,Recurrent hypersplenism caused by giant accessory spleen due to portal  hypertension after splenectomia.
WS0563,Scopus,75449110934,duplicate,T1 DOI,2010,ozdil,10.3109/09537100903420285,21,70,Platelets,Recurrent hypersplenism caused by giant accessory spleen due to portal hypertension after splenectomia
WS0563,WoS,WOS:000275057800012,duplicate,T1 DOI,2010,ozdil,10.3109/09537100903420285,21,70,PLATELETS,Recurrent hypersplenism caused by giant accessory spleen due to portal hypertension after splenectomia
WS0564,PubMed,19959908,kept,,2009,ohta,10.1292/jvms.001533,71,1533,The Journal of veterinary medical science,Primary splenic torsion in a Boston terrier.
WS0564,Scopus,71749101999,duplicate,T1 DOI,2009,ohta,10.1292/jvms.001533,71,1533,Journal of Veterinary Medical Science,Primary splenic torsion in a boston terrier
WS0564,WoS,WOS:000272660300020,duplicate,T1 DOI,2009,ohta,10.1292/jvms.001533,71,1533,JOURNAL OF VETERINARY MEDICAL SCIENCE,Primary Splenic Torsion in a Boston Terrier
WS0565,PubMed,19946246,kept,,2009,varga,,15,269,Medical science monitor : international medical journal of experimental and  clinical research,Congenital anomalies of the spleen from an embryological point of view.
WS0565,Scopus,75149160182,duplicate,T2 title+author+year,2009,varga,,15,269,Medical Science Monitor,Congenital anomalies of the spleen from an embryological point of view
WS0565,WoS,WOS:000273120300024,duplicate,T2 title+author+year,2009,varga,,15,269,MEDICAL SCIENCE MONITOR,Congenital anomalies of the spleen from an embryological point of view
WS0566,PubMed,19943607,kept,,2009,darius,10.1080/00015458.2009.11680453,109,419,Acta chirurgica Belgica,"A true ectopic, locally vascularized spleen: a very rare anomaly."
WS0566,Scopus,73949099014,duplicate,T1 DOI,2009,darius,10.1080/00015458.2009.11680453,109,419,Acta Chirurgica Belgica,"A True ectopic, locally vascularized spleen : A very rare anomaly"
WS0566,WoS,WOS:000270191900030,duplicate,T2 title+author+year,2009,darius,,109,419,ACTA CHIRURGICA BELGICA,"A True Ectopic, Locally Vascularized Spleen : a Very Rare Anomaly"
WS0567,PubMed,19860367,kept,,2009,liapis,,36,187,Clinical and experimental obstetrics & gynecology,Ectopic pelvic spleen. Presentation of two cases.
WS0567,Scopus,70349682948,duplicate,T2 title+author+year,2009,liapis,,36,187,Clinical and Experimental Obstetrics and Gynecology,Ectopic pelvic spleen. Presentation of two cases
WS0567,WoS,WOS:000268958300018,duplicate,T2 title+author+year,2009,liapis,,36,187,CLINICAL AND EXPERIMENTAL OBSTETRICS & GYNECOLOGY,Ectopic pelvic spleen. Presentation of two cases
WS0568,PubMed,19838993,kept,,2010,tsitouridis,10.4261/1305-3825.dir.1855-08.1,16,145,"Diagnostic and interventional radiology (Ankara, Turkey)",CT and MRI of intraperitoneal splenosis.
WS0568,Scopus,77954873161,duplicate,T1 DOI,2010,tsitouridis,10.4261/1305-3825.dir.1855-08.1,16,145,Diagnostic and Interventional Radiology,CT and MRI of intraperitoneal splenosis
WS0568,WoS,WOS:000278427200011,duplicate,T1 DOI,2010,tsitouridis,10.4261/1305-3825.dir.1855-08.1,16,145,DIAGNOSTIC AND INTERVENTIONAL RADIOLOGY,CT and MRI of intraperitoneal splenosis
WS0569,PubMed,19821213,kept,,2009,parlakgumus,10.4318/tjg.2009.0018,20,237,The Turkish journal of gastroenterology : the official journal of Turkish Society  of Gastroenterology,Wandering spleen accompanied by hilar angiomatosis causing intestinal obstruction  in a paraplegic patient.
WS0569,Scopus,70350158982,duplicate,T1 DOI,2009,parlakgumus,10.4318/tjg.2009.0018,20,237,Turkish Journal of Gastroenterology,Wandering spleen accompanied by hilar angiomatosis causing intestinal obstruction in a paraplegic patient
WS0569,WoS,WOS:000283605800018,duplicate,T1 DOI,2009,parlakgumus,10.4318/tjg.2009.0018,20,237,TURKISH JOURNAL OF GASTROENTEROLOGY,Wandering spleen accompanied by hilar angiomatosis causing intestinal obstruction in a paraplegic patient
WS0570,PubMed,19776410,kept,,2009,tseng,10.1056/nejmicm0802024,361,1291,The New England journal of medicine,Images in clinical medicine. Pelvic spleen.
WS0570,Scopus,70349564256,duplicate,T1 DOI,2009,tseng,10.1056/nejmicm0802024,361,1291,New England Journal of Medicine,Pelvic spleen
WS0570,WoS,WOS:000270078700010,duplicate,T1 DOI,2009,tseng,10.1056/nejmicm0802024,361,1291,NEW ENGLAND JOURNAL OF MEDICINE,Pelvic Spleen
WS0571,PubMed,19750894,kept,,2009,lien,10.1016/s1875-9572(09)60059-0,50,177,Pediatrics and neonatology,Acute torsion of wandering spleen: report of one case.
WS0571,Scopus,70349336975,duplicate,T1 DOI,2009,lien,10.1016/s1875-9572(09)60059-0,50,177,Pediatrics and Neonatology,Acute Torsion of Wandering Spleen: Report of One Case
WS0571,WoS,WOS:000269408600010,duplicate,T1 DOI,2009,lien,10.1016/s1875-9572(09)60059-0,50,177,PEDIATRICS AND NEONATOLOGY,Acute Torsion of Wandering Spleen: Report of One Case
WS0572,PubMed,19735802,kept,,2009,impellizzeri,10.1016/j.jpedsurg.2009.06.029,44,15,Journal of pediatric surgery,Accessory spleen torsion: rare cause of acute abdomen in children and review of  literature.
WS0572,Scopus,69549124257,duplicate,T1 DOI,2009,impellizzeri,10.1016/j.jpedsurg.2009.06.029,44,15,Journal of Pediatric Surgery,Accessory spleen torsion: rare cause of acute abdomen in children and review of literature
WS0572,WoS,WOS:000270065100004,duplicate,T1 DOI,2009,impellizzeri,10.1016/j.jpedsurg.2009.06.029,44,15,JOURNAL OF PEDIATRIC SURGERY,Accessory spleen torsion: rare cause of acute abdomen in children and review of literature
WS0573,PubMed,19720280,kept,,2009,oda,10.1053/j.gastro.2009.02.010,137,9,Gastroenterology,A solid mass in pelvic region.
WS0573,Scopus,70349428406,duplicate,T1 DOI,2009,oda,10.1053/j.gastro.2009.02.010,137,9,Gastroenterology,A Solid Mass in Pelvic Region
WS0574,PubMed,19717143,kept,,2010,perez,10.1016/j.ciresp.2009.05.019,88,46,Cirugia espanola,[Wandering spleen in an asymptomatic patient].
WS0574,Scopus,77954314156,duplicate,T1 DOI,2010,perez,10.1016/j.ciresp.2009.05.019,88,46,Cirugia Espanola,Wandering spleen in an asymptomatic patient
WS0574,WoS,WOS:000280026400009,duplicate,T1 DOI,2010,legaz,10.1016/j.ciresp.2009.05.019,88,46,CIRUGIA ESPANOLA,Wandering spleen in an asymptomatic patient
WS0575,PubMed,19693469,kept,,2009,karabulut,10.1007/s12519-009-0043-0,5,226,World journal of pediatrics : WJP,Delayed presentation of congenital diaphragmatic hernia with intrathoracic  gastric volvulus.
WS0575,Scopus,69249192939,duplicate,T1 DOI,2009,karabulut,10.1007/s12519-009-0043-0,5,226,World Journal of Pediatrics,Delayed presentation of congenital diaphragmatic hernia with intrathoracic gastric volvulus
WS0575,WoS,WOS:000268821600013,duplicate,T1 DOI,2009,karabulut,10.1007/s12519-009-0043-0,5,226,WORLD JOURNAL OF PEDIATRICS,Delayed presentation of congenital diaphragmatic hernia with intrathoracic gastric volvulus
WS0576,PubMed,19682201,kept,,2009,kim,10.1111/j.1440-1746.2009.05957.x,24,1308,Journal of gastroenterology and hepatology,Education and imaging. Hepatobiliary and pancreatic: torsion of an accessory  spleen.
WS0576,Scopus,70350453930,duplicate,T1 DOI,2009,kim,10.1111/j.1440-1746.2009.05957.x,24,1308,Journal of gastroenterology and hepatology,Education and imaging. Hepatobiliary and pancreatic: torsion of an accessory spleen.
WS0576,WoS,WOS:000268456900030,duplicate,T1 DOI,2009,kim,10.1111/j.1440-1746.2009.05957.x,24,1308,JOURNAL OF GASTROENTEROLOGY AND HEPATOLOGY,Hepatobiliary and pancreatic: Torsion of an accessory spleen
WS0577,PubMed,19680643,kept,,2010,dillman,10.1007/s00247-009-1376-5,40,231,Pediatric radiology,"Clinical image. The ""wandering"" spleen."
WS0577,Scopus,76449105241,duplicate,T1 DOI,2010,dillman,10.1007/s00247-009-1376-5,40,231,Pediatric Radiology,The wandering spleen
WS0577,WoS,WOS:000273470200018,duplicate,T1 DOI,2010,dillman,10.1007/s00247-009-1376-5,40,231,PEDIATRIC RADIOLOGY,"The ""wandering"" spleen"
WS0578,PubMed,19679397,kept,,2009,trotta,10.1016/j.vetpar.2009.07.022,165,318,Veterinary parasitology,"Clinicopathological findings, molecular detection and characterization of Babesia  gibsoni infection in a sick dog from Italy."
WS0578,Scopus,70349780407,duplicate,T1 DOI,2009,trotta,10.1016/j.vetpar.2009.07.022,165,318,Veterinary Parasitology,"Clinicopathological findings, molecular detection and characterization of Babesia gibsoni infection in a sick dog from Italy"
WS0578,WoS,WOS:000271543400015,duplicate,T1 DOI,2009,trotta,10.1016/j.vetpar.2009.07.022,165,318,VETERINARY PARASITOLOGY,"Clinicopathological findings, molecular detection and characterization of Babesia gibsoni infection in a sick dog from Italy"
WS0579,PubMed,19665370,kept,,2010,durowicz,10.1016/j.suronc.2009.07.003,19,85,Surgical oncology,Spleen migrating dendritic cells primed with CC531 colon cancer antigen and LPS -  is it a method to compromise liver metastases?
WS0580,PubMed,19573677,kept,,2009,di,10.1016/j.jpedsurg.2009.02.062,44,1446,Journal of pediatric surgery,Abdominal pain and wandering spleen in young children: the importance of an early  diagnosis.
WS0580,Scopus,67649313526,duplicate,T1 DOI,2009,di,10.1016/j.jpedsurg.2009.02.062,44,1446,Journal of Pediatric Surgery,Abdominal pain and wandering spleen in young children: the importance of an early diagnosis
WS0580,WoS,WOS:000267939600027,duplicate,T1 DOI,2009,di,10.1016/j.jpedsurg.2009.02.062,44,1446,JOURNAL OF PEDIATRIC SURGERY,Abdominal pain and wandering spleen in young children: the importance of an early diagnosis
WS0581,PubMed,19548195,kept,,2010,yasuda,10.1055/s-0029-1220708,20,121,European journal of pediatric surgery : official journal of Austrian Association  of Pediatric Surgery ... [et al] = Zeitschrift fur Kinderchirurgie,Wandering spleen causing intestinal obstruction after repair of congenital  diaphragmatic hernia.
WS0581,Scopus,77956641805,duplicate,T1 DOI,2010,yasuda,10.1055/s-0029-1220708,20,121,European Journal of Pediatric Surgery,Wandering spleen causing intestinal obstruction after repair of congenital diaphragmatic hernia
WS0581,WoS,WOS:000276726900012,duplicate,T1 DOI,2010,yasuda,10.1055/s-0029-1220708,20,121,EUROPEAN JOURNAL OF PEDIATRIC SURGERY,Wandering Spleen Causing Intestinal Obstruction after Repair of Congenital Diaphragmatic Hernia
WS0582,PubMed,19482269,kept,,2009,prieto-montano,10.1016/j.ciresp.2009.01.025,86,324,Cirugia espanola,[Torsion of a wandering spleen].
WS0582,Scopus,70349970552,duplicate,T1 DOI,2009,prieto-montano,10.1016/j.ciresp.2009.01.025,86,324,Cirugia Espanola,Torsion of a wandering spleen
WS0582,WoS,WOS:000271300000016,duplicate,T1 DOI,2009,prieto-montano,10.1016/j.ciresp.2009.01.025,86,324,CIRUGIA ESPANOLA,Torsion of a wandering spleen
WS0583,PubMed,19308381,kept,,2009,yousefzadeh,10.1007/s00247-008-1116-2,39 Suppl 2,172,Pediatric radiology,The position of the duodenojejunal junction: the wrong horse to bet on in  diagnosing or excluding malrotation.
WS0584,PubMed,19390772,kept,,2009,hirota,10.1007/s00534-009-0113-7,16,792,Journal of hepato-biliary-pancreatic surgery,Spleen and gastrosplenic ligament preserving distal pancreatectomy under a  minimum incision approach assisted by laparoscopy.
WS0584,Scopus,72449146283,duplicate,T1 DOI,2009,hirota,10.1007/s00534-009-0113-7,16,792,Journal of Hepato-Biliary-Pancreatic Surgery,Spleen and gastrosplenic ligament preserving distal pancreatectomy under a minimum incision approach assisted by laparoscopy
WS0584,WoS,WOS:000272375800014,duplicate,T1 DOI,2009,hirota,10.1007/s00534-009-0113-7,16,792,JOURNAL OF HEPATO-BILIARY-PANCREATIC SURGERY,Spleen and gastrosplenic ligament preserving distal pancreatectomy under a minimum incision approach assisted by laparoscopy
WS0585,PubMed,19281417,kept,,2009,francois-fiquet,10.1089/lap.2008.0091.supp,19 Suppl 1,137,Journal of laparoendoscopic & advanced surgical techniques. Part A,Laparoscopic gastropexy for the treatment of gastric volvulus associated with  wandering spleen.
WS0585,Scopus,65349120025,duplicate,T1 DOI,2009,franois-fiquet,10.1089/lap.2008.0091.supp,19,137,Journal of Laparoendoscopic and Advanced Surgical Techniques,Laparoscopic gastropexy for the treatment of gastric volvulus associated with wandering spleen
WS0585,WoS,WOS:000265319500034,duplicate,T1 DOI,2009,francois-fiquet,10.1089/lap.2008.0091.supp,19,137,JOURNAL OF LAPAROENDOSCOPIC & ADVANCED SURGICAL TECHNIQUES,Laparoscopic Gastropexy for the Treatment of Gastric Volvulus Associated with Wandering Spleen
WS0586,PubMed,19263715,kept,,2008,satpathi,,56,819,The Journal of the Association of Physicians of India,Ectopic spleen with cirrhosis of liver.
WS0586,Scopus,54349094026,duplicate,T2 title+author+year,2008,satpathi,,56,816,Journal of Association of Physicians of India,Ectopic spleen with cirrhosis of liver
WS0587,PubMed,19258418,kept,,2009,aronsohn,10.5326/0450072,45,72,Journal of the American Animal Hospital Association,Prognosis for acute nontraumatic hemoperitoneum in the dog: a retrospective  analysis of 60 cases (2003-2006).
WS0587,Scopus,67650237125,duplicate,T1 DOI,2009,aronsohn,10.5326/0450072,45,72,Journal of the American Animal Hospital Association,Prognosis for acute nontraumatic hemoperitoneum in the dog: A retrospective analysis of 60 cases (2003-2006)
WS0587,WoS,WOS:000263847600003,duplicate,T1 DOI,2009,aronsohn,10.5326/0450072,45,72,JOURNAL OF THE AMERICAN ANIMAL HOSPITAL ASSOCIATION,Prognosis for Acute Nontraumatic Hemoperitoneum in the Dog: A Retrospective Analysis of 60 Cases (2003-2006)
WS0588,PubMed,19208319,kept,,2009,iqbal,,19,123,Journal of the College of Physicians and Surgeons--Pakistan : JCPSP,Torsion of a wandering spleen presenting as a case of acute abdomen.
WS0588,Scopus,64149129085,duplicate,T2 title+author+year,2009,iqbal,,19,123,Journal of the College of Physicians and Surgeons Pakistan,Torsion of a wandering spleen presenting as a case of acute abdomen
WS0588,WoS,WOS:000264859100014,duplicate,T2 title+author+year,2009,iqbal,,19,123,JCPSP-JOURNAL OF THE COLLEGE OF PHYSICIANS AND SURGEONS PAKISTAN,Torsion of a Wandering Spleen Presenting as a Case of Acute Abdomen
WS0589,PubMed,19174088,kept,,2008,menendez,10.1016/s0210-5705(08)75824-2,31,711,Gastroenterologia y hepatologia,[Ectopic or wandering spleen associated with leukopenia and thrombocytopenia].
WS0589,Scopus,60149089850,duplicate,T1 DOI,2008,menendez,10.1016/s0210-5705(08)75824-2,31,711,Gastroenterologia y Hepatologia,Ectopic or wandering spleen associated with leukopenia and plaquetopenia
WS0590,PubMed,19081521,kept,,2008,wani,10.1016/j.cgh.2008.06.005,6,24,Clinical gastroenterology and hepatology : the official clinical practice journal  of the American Gastroenterological Association,Gastric variceal hemorrhage secondary to torsion of wandering spleen.
WS0590,Scopus,57149120566,duplicate,T1 DOI,2008,wani,10.1016/j.cgh.2008.06.005,6,24,Clinical Gastroenterology and Hepatology,Gastric Variceal Hemorrhage Secondary to Torsion of Wandering Spleen
WS0590,WoS,WOS:000261724300002,duplicate,T1 DOI,2008,wani,10.1016/j.cgh.2008.06.005,6,,CLINICAL GASTROENTEROLOGY AND HEPATOLOGY,Gastric Variceal Hemorrhage Secondary to Torsion of Wandering Spleen
WS0591,PubMed,18942912,kept,,2008,martinez-ramos,10.4321/s1130-01082008000800019,100,521,Revista espanola de enfermedades digestivas,[Volvulus of the splenic flexure of the colon].
WS0592,PubMed,22334844,kept,,2008,alshukry,,23,287,Oman medical journal,Splenic torsion.
WS0592,Scopus,84874113849,duplicate,T2 title+author+year,2008,alshukry,,23,287,Oman Medical Journal,Splenic torsion
WS0593,PubMed,18810347,kept,,2008,cho,10.1007/s12098-008-0181-8,75,1181,Indian journal of pediatrics,Wandering spleen presenting as recurrent abdominal pain in a young female.
WS0593,Scopus,59649117442,duplicate,T1 DOI,2008,cho,10.1007/s12098-008-0181-8,75,1181,Indian Journal of Pediatrics,Wandering spleen presenting as recurrent abdominal pain in a young female
WS0593,WoS,WOS:000263098900014,duplicate,T1 DOI,2008,choh,10.1007/s12098-008-0181-8,75,1181,INDIAN JOURNAL OF PEDIATRICS,Wandering Spleen Presenting as Recurrent Abdominal Pain in a Young Female
WS0594,PubMed,18799886,kept,,2008,yilmaz,10.1159/000155899,41,331,European surgical research. Europaische chirurgische Forschung. Recherches  chirurgicales europeennes,Unusual association of omphalocele and wandering spleen.
WS0594,Scopus,51749090620,duplicate,T1 DOI,2008,yilmaz,10.1159/000155899,41,331,European Surgical Research,Unusual association of omphalocele and wandering spleen
WS0594,WoS,WOS:000260241500004,duplicate,T1 DOI,2008,yilmaz,10.1159/000155899,41,331,EUROPEAN SURGICAL RESEARCH,Unusual Association of Omphalocele and Wandering Spleen
WS0595,PubMed,18783625,kept,,2008,feroci,10.1186/1757-1626-1-149,1,149,Cases journal,The torsion of a wandering pelvic spleen: A case report.
WS0595,Scopus,70349951889,duplicate,T1 DOI,2008,feroci,10.1186/1757-1626-1-149,1,,Cases Journal,The torsion of a wandering pelvic spleen: A case report
WS0596,PubMed,18765060,kept,,2008,lebron,,12,310,JSLS : Journal of the Society of Laparoendoscopic Surgeons,Wandering spleen presenting as recurrent pancreatitis.
WS0596,Scopus,70350462147,duplicate,T2 title+author+year,2008,lebron,,12,314,Journal of the Society of Laparoendoscopic Surgeons,Wandering spleen presenting as recurrent pancreatitis
WS0596,WoS,WOS:000258833000019,duplicate,T2 title+author+year,2008,lebron,,12,310,JSLS-JOURNAL OF THE SOCIETY OF LAPAROENDOSCOPIC SURGEONS,Wandering spleen presenting as recurrent pancreatitis
WS0597,PubMed,18669771,kept,,2008,wallace,10.1097/aog.0b013e3181809671,112,478,Obstetrics and gynecology,A wandering spleen: unusual cause of a pelvic mass.
WS0597,Scopus,51149118264,duplicate,T1 DOI,2008,wallace,10.1097/aog.0b013e3181809671,112,478,Obstetrics and Gynecology,A Wandering spleen: Unusual cause of a pelvic mass
WS0597,WoS,WOS:000258237200025,duplicate,T1 DOI,2008,wallace,10.1097/aog.0b013e3181809671,112,478,OBSTETRICS AND GYNECOLOGY,A wandering spleen - Unusual cause of a pelvic mass
WS0598,PubMed,18628325,kept,,2008,demir,10.1259/bjr/95830827,81,204,The British journal of radiology,Rare coincidence of congenital short and annular pancreas with gallbladder  agenesis and splenic malrotation.
WS0599,PubMed,18597115,kept,,2009,dijkman,10.1007/s00431-008-0752-8,168,355,European journal of pediatrics,Vanishing spleen after Nissen fundoplication: a case report.
WS0599,Scopus,59449103097,duplicate,T1 DOI,2009,dijkman,10.1007/s00431-008-0752-8,168,355,European Journal of Pediatrics,Vanishing spleen after Nissen fundoplication: A case report
WS0599,WoS,WOS:000262826600017,duplicate,T1 DOI,2009,dijkman,10.1007/s00431-008-0752-8,168,355,EUROPEAN JOURNAL OF PEDIATRICS,Vanishing spleen after Nissen fundoplication: a case report
WS0600,PubMed,18534317,kept,,2008,singla,10.1016/j.ajem.2007.10.026,26,637,The American journal of emergency medicine,Wandering spleen presenting as bleeding gastric varices.
WS0600,Scopus,44449175539,duplicate,T1 DOI,2008,singla,10.1016/j.ajem.2007.10.026,26,637,American Journal of Emergency Medicine,Wandering spleen presenting as bleeding gastric varices
WS0601,PubMed,18485931,kept,,2008,ben,10.1016/j.jpedsurg.2007.12.077,43,23,Journal of pediatric surgery,Familial wandering spleen: a first instance.
WS0601,Scopus,43249099540,duplicate,T1 DOI,2008,ben,10.1016/j.jpedsurg.2007.12.077,43,23,Journal of Pediatric Surgery,Familial wandering spleen: a first instance
WS0601,WoS,WOS:000256551300050,duplicate,T1 DOI,2008,ben,10.1016/j.jpedsurg.2007.12.077,43,,JOURNAL OF PEDIATRIC SURGERY,Familial wandering spleen: a first instance
WS0602,PubMed,18440937,kept,,2008,sodhi,10.1259/bjr/30123041,81,145,The British journal of radiology,Marfanoid hypermobility syndrome and skeletal abnormalities in a rare case of  torsion of wandering spleen.
WS0602,Scopus,44949151764,duplicate,T1 DOI,2008,sodhi,10.1259/bjr/30123041,81,145,The British journal of radiology,Marfanoid hypermobility syndrome and skeletal abnormalities in a rare case of torsion of wandering spleen.
WS0603,PubMed,18434987,kept,,2008,safarov,,,57,Khirurgiia,[Torsion of floating spleen].
WS0603,Scopus,44849111936,duplicate,T2 title+author+year,2008,safarov,,,57,Khirurgiia,Torsion of floating spleen
WS0604,PubMed,18421191,kept,,2008,nakajima,10.2169/internalmedicine.47.0689,47,743,"Internal medicine (Tokyo, Japan)",Intrahepatic splenosis with severe iron deposition presenting with atypical  magnetic resonance images.
WS0604,Scopus,44649198031,duplicate,T1 DOI,2008,nakajima,10.2169/internalmedicine.47.0689,47,743,Internal Medicine,Intrahepatic splenosis with severe iron deposition presenting with atypical magnetic resonance images
WS0604,WoS,WOS:000258893800010,duplicate,T1 DOI,2008,nakajima,10.2169/internalmedicine.47.0689,47,743,INTERNAL MEDICINE,Intrahepatic splenosis with severe iron deposition presenting with atypical magnetic resonance images
WS0605,PubMed,18405033,kept,,2008,planelles,10.4321/s0004-06142008000100012,61,75,Archivos espanoles de urologia,[Supernumerary spleen simulating a renal tumor. Case report].
WS0605,Scopus,40749137028,duplicate,T5 title+volume+pages,2008,gomez,,61,75,Archivos Espanoles de Urologia,Supernumerary spleen simulating a renal tumor. Case report
WS0606,PubMed,18378103,kept,,2008,cherni,10.1016/j.gcb.2008.01.035,32,606,Gastroenterologie clinique et biologique,[Volvulus of the small intestine in adults: CT diagnostic of polysplenia  syndrome].
WS0607,PubMed,18376777,kept,,2007,jans,,90,543,JBR-BTR : organe de la Societe royale belge de radiologie (SRBR) = orgaan van de  Koninklijke Belgische Vereniging voor Radiologie (KBVR),Wandering spleen with torsion.
WS0607,Scopus,39749132158,duplicate,T2 title+author+year,2007,jans,,90,543,Journal Belge de Radiologie,Wandering spleen with torsion
WS0607,WoS,WOS:000260089600023,duplicate,T2 title+author+year,2007,jans,,90,543,JBR-BTR,Wandering spleen with torsion
WS0608,PubMed,18317717,kept,,2008,golder,10.1007/s00117-008-1631-z,48,1066,Der Radiologe,[Tortuosity and calcification of the splenic artery. More than an additional  finding].
WS0609,PubMed,18283148,kept,,2008,chen,10.1001/archsurg.2007.33-a,143,205,"Archives of surgery (Chicago, Ill. : 1960)",Image of the month. Ectopic spleen in the pancreatic tail.
WS0609,WoS,WOS:000252927200023,duplicate,T1 DOI,2008,chen,10.1001/archsurg.2007.33-a,143,205,ARCHIVES OF SURGERY,Image of the month - Ectopic spleen in the pancreatic tail
WS0610,PubMed,18261615,kept,,2008,sen-oran,10.1016/j.transproceed.2007.11.027,40,313,Transplantation proceedings,"Cadaveric liver transplantation in biliary atresia splenic malformation syndrome  with the absence of retrohepatic inferior vena cava, preduodenal portal vein, and intestinal malrotation: a case report."
WS0611,PubMed,18167432,kept,,2007,kim,,49,37,The Korean journal of gastroenterology = Taehan Sohwagi Hakhoe chi,[Chronic recurrent volvulus of the colonic splenic flexure associated with the  eventration of left diaphragm].
WS0612,PubMed,27303560,kept,,2008,dejohn,10.2484/rcr.v3i4.229,3,229,Radiology case reports,Wandering Spleen: A Rare Diagnosis with Variable Presentation.
WS0612,Scopus,84983120364,duplicate,T1 DOI,2008,dejohn,10.2484/rcr.v3i4.229,3,229,Radiology Case Reports,Wandering Spleen: A Rare Diagnosis with Variable Presentation
WS0613,PubMed,18082687,kept,,2007,basaklar,10.1016/j.jpedsurg.2007.08.055,42,23,Journal of pediatric surgery,"An unusual case: a giant paraesophageal hiatal hernia with intrathoracic spleen,  preduodenal portal vein, malrotation, and left inferior vena cava."
WS0613,Scopus,36849094528,duplicate,T1 DOI,2007,basaklar,10.1016/j.jpedsurg.2007.08.055,42,23,Journal of Pediatric Surgery,"An unusual case: a giant paraesophageal hiatal hernia with intrathoracic spleen, preduodenal portal vein, malrotation, and left inferior vena cava"
WS0614,PubMed,18070724,kept,,2008,misawa,10.1016/j.amjsurg.2006.08.083,195,504,American journal of surgery,Wandering spleen with chronic torsion.
WS0614,Scopus,40949089015,duplicate,T1 DOI,2008,misawa,10.1016/j.amjsurg.2006.08.083,195,504,American Journal of Surgery,Wandering spleen with chronic torsion
WS0614,WoS,WOS:000254806300017,duplicate,T1 DOI,2008,misawa,10.1016/j.amjsurg.2006.08.083,195,504,AMERICAN JOURNAL OF SURGERY,Wandering spleen with chronic torsion
WS0615,PubMed,18049417,kept,,2007,barbaros,10.1097/sle.0b013e3180ca9b54,17,462,"Surgical laparoscopy, endoscopy & percutaneous techniques",Laparoscopic treatment of a wandering spleen causing partial colonic obstruction:  report of a case.
WS0615,Scopus,38849160133,duplicate,T1 DOI,2007,barbaros,10.1097/sle.0b013e3180ca9b54,17,462,"Surgical Laparoscopy, Endoscopy and Percutaneous Techniques",Laparoscopic treatment of a wandering spleen causing partial colonic obstruction: Report of a case
WS0615,WoS,WOS:000250420700026,duplicate,T1 DOI,2007,barbaros,10.1097/sle.0b013e3180ca9b54,17,462,SURGICAL LAPAROSCOPY ENDOSCOPY & PERCUTANEOUS TECHNIQUES,Laparoscopic treatment of a wandering partial colonic obstruction -: Report of a case
WS0616,PubMed,17893505,kept,,2007,rescorla,10.1097/sla.0b013e318155abb9,246,683,Annals of surgery,Laparoscopic splenic procedures in children: experience in 231 children.
WS0616,Scopus,34748899421,duplicate,T1 DOI,2007,rescorla,10.1097/sla.0b013e318155abb9,246,683,Annals of Surgery,Laparoscopic splenic procedures in children: Experience in 231 children
WS0616,WoS,WOS:000249753500020,duplicate,T1 DOI,2007,rescorla,10.1097/sla.0b013e318155abb9,246,683,ANNALS OF SURGERY,Laparoscopic splenic procedures in children - Experience in 231 children
WS0617,PubMed,17848333,kept,,2007,amer,10.1016/j.jmig.2007.04.016,14,660,Journal of minimally invasive gynecology,Infarcted ectopic spleen presenting as retroperitoneal mass.
WS0617,Scopus,34548383452,duplicate,T1 DOI,2007,amer,10.1016/j.jmig.2007.04.016,14,660,Journal of Minimally Invasive Gynecology,Infarcted ectopic spleen presenting as retroperitoneal mass
WS0617,WoS,WOS:000249767300026,duplicate,T1 DOI,2007,amer,10.1016/j.jmig.2007.04.016,14,660,JOURNAL OF MINIMALLY INVASIVE GYNECOLOGY,Infarcted ectopic spleen presenting as retroperitoneal mass
WS0618,PubMed,17761090,kept,,2007,palanivelu,,11,246,JSLS : Journal of the Society of Laparoendoscopic Surgeons,Laparoscopic mesh splenopexy (sandwich technique) for wandering spleen.
WS0618,Scopus,34748902325,duplicate,T2 title+author+year,2007,palanivelu,,11,246,JSLS : Journal of the Society of Laparoendoscopic Surgeons / Society of Laparoendoscopic Surgeons,Laparoscopic mesh splenopexy (sandwich technique) for wandering spleen.
WS0619,PubMed,17706517,kept,,2007,falchetti,10.1016/j.jpedsurg.2007.03.063,42,1457,Journal of pediatric surgery,Splenic cyst in a wandering spleen: laparoscopic treatment with preservation of  splenic function.
WS0619,Scopus,34547838209,duplicate,T1 DOI,2007,falchetti,10.1016/j.jpedsurg.2007.03.063,42,1457,Journal of Pediatric Surgery,Splenic cyst in a wandering spleen: laparoscopic treatment with preservation of splenic function
WS0619,WoS,WOS:000249718300030,duplicate,T1 DOI,2007,falchetti,10.1016/j.jpedsurg.2007.03.063,42,1457,JOURNAL OF PEDIATRIC SURGERY,Splenic cyst in a wandering spleen: laparoscopic treatment with preservation of splenic function
WS0620,PubMed,17629171,kept,,2007,peitsidis,,34,120,Clinical and experimental obstetrics & gynecology,Splenosis of the peritoneal cavity resembling an adnexal tumor: case report.
WS0620,Scopus,34447282190,duplicate,T2 title+author+year,2007,peitsidis,,34,120,Clinical and Experimental Obstetrics and Gynecology,Splenosis of the peritoneal cavity resembling an adnexal tumor: Case report
WS0620,WoS,WOS:000247160400017,duplicate,T2 title+author+year,2007,peitsidis,,34,120,CLINICAL AND EXPERIMENTAL OBSTETRICS & GYNECOLOGY,Splenosis of the peritoneal cavity resembling an adnexal tumor: case report
WS0621,PubMed,17594676,kept,,2007,zarrintan,,66,152,Folia morphologica,A wandering spleen presenting as a pelvic mass: case report and review of the  literature.
WS0621,Scopus,34250672423,duplicate,T2 title+author+year,2007,zarrintan,,66,152,Folia Morphologica,A wandering spleen presenting as a pelvic mass: Case report and review of the literature
WS0622,PubMed,17570203,kept,,2007,ng,10.1053/j.gastro.2007.04.055,132,2296,Gastroenterology,Clinical challenges and images in GI.
WS0622,WoS,WOS:000247146900009,duplicate,T1 DOI,2007,ng,10.1053/j.gastro.2007.04.055,132,2296,GASTROENTEROLOGY,Clinical challenges and images in GI
WS0623,PubMed,17502172,kept,,2007,upadhyaya,10.1016/j.jpedsurg.2007.03.001,42,23,Journal of pediatric surgery,Laparoscopic splenopexy and cystectomy for an enlarged wandering spleen and  splenic cyst.
WS0623,Scopus,34248189255,duplicate,T1 DOI,2007,upadhyaya,10.1016/j.jpedsurg.2007.03.001,42,23,Journal of Pediatric Surgery,Laparoscopic splenopexy and cystectomy for an enlarged wandering spleen and splenic cyst
WS0623,WoS,WOS:000247010500041,duplicate,T1 DOI,2007,upadhyaya,10.1016/j.jpedsurg.2007.03.001,42,,JOURNAL OF PEDIATRIC SURGERY,Laparoscopic splenopexy and cystectomy for an enlarged wandering spleen and splenic cyst
WS0624,PubMed,17484662,kept,,2007,lacreuse,10.1089/lap.2006.0005,17,255,Journal of laparoendoscopic & advanced surgical techniques. Part A,Laparoscopic splenopexy for a wandering spleen in a child.
WS0624,Scopus,34247570333,duplicate,T1 DOI,2007,lacreuse,10.1089/lap.2006.0005,17,255,Journal of Laparoendoscopic and Advanced Surgical Techniques,Laparoscopic splenopexy for a wandering spleen in a child
WS0624,WoS,WOS:000246005000024,duplicate,T1 DOI,2007,lacreuse,10.1089/lap.2006.0005,17,255,JOURNAL OF LAPAROENDOSCOPIC & ADVANCED SURGICAL TECHNIQUES,Laparoscopic splenopexy for a wandering spleen in a child
WS0625,PubMed,17464253,kept,,2007,merran,10.1016/s0221-0363(07)89854-4,88,549,Journal de radiologie,[CT anatomy of the normal spleen: variants and pitfalls].
WS0625,Scopus,34247568509,duplicate,T1 DOI,2007,merran,10.1016/s0221-0363(07)89854-4,88,549,Journal de Radiologie,CT anatomy of the normal spleen: Variants and pitfalls
WS0625,WoS,WOS:000246661900004,duplicate,T1 DOI,2007,merran,10.1016/s0221-0363(07)89854-4,88,549,JOURNAL DE RADIOLOGIE,CT anatomy of the normal spleen: variants and pitfalls
WS0626,PubMed,17398279,kept,,2007,buckley,10.1016/j.crad.2006.11.018,62,504,Clinical radiology,MRI of the wandering spleen.
WS0626,Scopus,33947589700,duplicate,T1 DOI,2007,buckley,10.1016/j.crad.2006.11.018,62,504,Clinical Radiology,MRI of the wandering spleen
WS0626,WoS,WOS:000246266100017,duplicate,T1 DOI,2007,buckley,10.1016/j.crad.2006.11.018,62,504,CLINICAL RADIOLOGY,MRI of the wandering spleen
WS0627,PubMed,17395571,kept,,2007,hsueh,10.1016/s1607-551x(09)70400-0,23,207,The Kaohsiung journal of medical sciences,Splenic flexure colonic volvulus: a pediatric case report.
WS0628,PubMed,17384868,kept,,2007,tan,,48,122,Singapore medical journal,Recurrent abdominal pain in a woman with a wandering spleen.
WS0628,Scopus,34247886168,duplicate,T2 title+author+year,2007,tan,,48,122,Singapore Medical Journal,Recurrent abdominal pain in a woman with a wandering spleen
WS0629,PubMed,17376999,kept,,2007,liu,10.2214/ajr.05.0672,188,328,AJR. American journal of roentgenology,Wandering spleen: an unusual association with gastric volvulus.
WS0629,Scopus,34047103811,duplicate,T1 DOI,2007,liu,10.2214/ajr.05.0672,188,328,AJR. American journal of roentgenology,Wandering spleen: an unusual association with gastric volvulus.
WS0629,WoS,WOS:000245663700021,duplicate,T1 DOI,2007,liu,10.2214/ajr.05.0672,188,328,AMERICAN JOURNAL OF ROENTGENOLOGY,Wandering spleen: An unusual association with gastric volvulus
WS0630,PubMed,17342372,kept,,2007,soleimani,10.1007/s00595-006-3389-0,37,261,Surgery today,Surgical treatment of patients with wandering spleen: report of six cases with a  review of the literature.
WS0630,Scopus,33847664769,duplicate,T1 DOI,2007,soleimani,10.1007/s00595-006-3389-0,37,261,Surgery Today,Surgical treatment of patients with wandering spleen: Report of six cases with a review of the literature
WS0630,WoS,WOS:000244753100020,duplicate,T1 DOI,2007,soleimani,10.1007/s00595-006-3389-0,37,261,SURGERY TODAY,Surgical treatment of patients with wandering spleen:: Report of six cases with a review of the literature
WS0631,PubMed,17342279,kept,,2007,mittal,,48,87,Singapore medical journal,Primary splenic flexure volvulus.
WS0632,PubMed,17337837,kept,,2007,kulkarni,10.1007/s12098-007-0018-x,74,202,Indian journal of pediatrics,Eventration of the diaphragm and associations.
WS0632,Scopus,33947725214,duplicate,T1 DOI,2007,kulkarni,10.1007/s12098-007-0018-x,74,202,Indian Journal of Pediatrics,Eventration of the diaphragm and associations
WS0632,WoS,WOS:000249504500018,duplicate,T1 DOI,2007,kulkarni,10.1007/s12098-007-0018-x,74,202,INDIAN JOURNAL OF PEDIATRICS,Eventration of the diaphragm and associations
WS0633,PubMed,17207485,kept,,2007,pagoti,10.1016/j.ijgo.2006.09.036,96,51,International journal of gynaecology and obstetrics: the official organ of the  International Federation of Gynaecology and Obstetrics,Ectopic spleen presenting as a pelvic mass.
WS0633,Scopus,33846217841,duplicate,T1 DOI,2007,pagoti,10.1016/j.ijgo.2006.09.036,96,51,International Journal of Gynecology and Obstetrics,Ectopic spleen presenting as a pelvic mass
WS0633,WoS,WOS:000244165000031,duplicate,T1 DOI,2007,pagoti,10.1016/j.ijgo.2006.09.036,96,51,INTERNATIONAL JOURNAL OF GYNECOLOGY & OBSTETRICS,Ectopic spleen presenting as a pelvic mass
WS0634,PubMed,17206307,kept,,2007,safioleas,,28,135,Saudi medical journal,Wandering spleen with torsion of the pedicle.
WS0634,Scopus,34249823707,duplicate,T2 title+author+year,2007,safioleas,,28,135,Saudi Medical Journal,Wandering spleen with torsion of the pedicle
WS0634,WoS,WOS:000244212000026,duplicate,T2 title+author+year,2007,safioleas,,28,135,SAUDI MEDICAL JOURNAL,Wandering spleen with torsion of the pedicle
WS0635,PubMed,17192227,kept,,2006,castellon-pavon,10.1016/s0009-739x(06)70996-4,80,406,Cirugia espanola,[Laparoscopic splenectomy due to torsion of a wandering spleen].
WS0635,Scopus,34447310295,duplicate,T1 DOI,2006,castellon-pavon,10.1016/s0009-739x(06)70996-4,80,406,Cirugia Espanola,Laparoscopic splenectomy due to torsion of a wandering spleen
WS0636,PubMed,17175476,kept,,2006,huang,10.1016/s1028-4559(09)60237-0,45,257,Taiwanese journal of obstetrics & gynecology,Postcesarean splenic torsion.
WS0636,Scopus,33749467827,duplicate,T1 DOI,2006,huang,10.1016/s1028-4559(09)60237-0,45,257,Taiwanese Journal of Obstetrics and Gynecology,Postcesarean splenic torsion
WS0637,PubMed,17146281,kept,,2002,qandali,10.5144/0256-4947.2002.412,22,412,Annals of Saudi medicine,Torsion of wandering spleen: case report and literature review.
WS0637,Scopus,0036765616,duplicate,T1 DOI,2002,qandali,10.5144/0256-4947.2002.412,22,412,Annals of Saudi Medicine,Torsion of wandering spleen: Case report and literature review [4]
WS0637,WoS,WOS:000181601000040,duplicate,T1 DOI,2002,qandali,10.5144/0256-4947.2002.412,22,412,ANNALS OF SAUDI MEDICINE,Torsion of wandering spleen: Case report and literature review
WS0638,PubMed,17123138,kept,,2006,takayasu,10.1007/s00595-006-3303-9,36,1094,Surgery today,Splenic autotransplantation for a congested and enlarged wandering spleen with  torsion: report of a case.
WS0638,Scopus,33751416884,duplicate,T1 DOI,2006,takayasu,10.1007/s00595-006-3303-9,36,1094,Surgery Today,Splenic autotransplantation for a congested and enlarged wandering spleen with torsion: Report of a case
WS0638,WoS,WOS:000242300500009,duplicate,T1 DOI,2006,takayasu,10.1007/s00595-006-3303-9,36,1094,SURGERY TODAY,Splenic autotransplantation for a congested and enlarged wandering spleen with torsion: Report of a case
WS0639,PubMed,17070922,kept,,2007,hamlin,10.1016/j.pharmthera.2006.08.006,113,276,Pharmacology & therapeutics,Animal models of ventricular arrhythmias.
WS0639,Scopus,33846532323,duplicate,T1 DOI,2007,hamlin,10.1016/j.pharmthera.2006.08.006,113,276,Pharmacology and Therapeutics,Animal models of ventricular arrhythmias
WS0639,WoS,WOS:000244408500004,duplicate,T1 DOI,2007,hamlin,10.1016/j.pharmthera.2006.08.006,113,276,PHARMACOLOGY & THERAPEUTICS,Animal models of ventricular arrhythmias
WS0640,PubMed,17058642,kept,,2006,sarria,10.1016/s0033-8338(06)73149-6,48,173,Radiologia,[Wandering spleen associated to inflammatory pseudotumor].
WS0640,Scopus,33745972963,duplicate,T1 DOI,2006,sarria,10.1016/s0033-8338(06)73149-6,48,173,Radiologia,Wandering spleen associated to inflammatory pseudotumor
WS0641,PubMed,17048452,kept,,2006,gayer,10.1053/j.sult.2006.06.002,27,358,"Seminars in ultrasound, CT, and MR",Congenital anomalies of the spleen.
WS0641,Scopus,33748944297,duplicate,T1 DOI,2006,gayer,10.1053/j.sult.2006.06.002,27,358,"Seminars in Ultrasound, CT and MRI",Congenital Anomalies of the Spleen
WS0641,WoS,WOS:000241312600002,duplicate,T1 DOI,2006,gayer,10.1053/j.sult.2006.06.002,27,358,SEMINARS IN ULTRASOUND CT AND MRI,Congenital anomalies of the spleen
WS0642,PubMed,17018308,kept,,2006,ben,10.1016/j.crad.2006.06.007,61,954,Clinical radiology,The wandering spleen: CT findings and possible pitfalls in diagnosis.
WS0642,Scopus,33749078528,duplicate,T1 DOI,2006,ben,10.1016/j.crad.2006.06.007,61,954,Clinical Radiology,The wandering spleen: CT findings and possible pitfalls in diagnosis
WS0642,WoS,WOS:000241713300008,duplicate,T1 DOI,2006,ben,10.1016/j.crad.2006.06.007,61,954,CLINICAL RADIOLOGY,The wandering spleen: CT findings and possible pitfalls in diagnosis
WS0643,PubMed,17016699,kept,,2006,mendi,10.1007/s00247-006-0323-y,36,1319,Pediatric radiology,Evolution of the CT imaging findings of accessory spleen infarction.
WS0643,Scopus,33845526257,duplicate,T1 DOI,2006,mendi,10.1007/s00247-006-0323-y,36,1319,Pediatric Radiology,Evolution of the CT imaging findings of accessory spleen infarction
WS0643,WoS,WOS:000242831000014,duplicate,T1 DOI,2006,mendi,10.1007/s00247-006-0323-y,36,1319,PEDIATRIC RADIOLOGY,Evolution of the CT imaging findings of accessory spleen infarction
WS0644,PubMed,17009514,kept,,2006,mai,10.1111/j.1740-8261.2006.00169.x,47,487,Veterinary radiology & ultrasound : the official journal of the American College  of Veterinary Radiology and the International Veterinary Radiology Association,The hilar perivenous hyperechoic triangle as a sign of acute splenic torsion in  dogs.
WS0644,Scopus,33747845346,duplicate,T1 DOI,2006,mai,10.1111/j.1740-8261.2006.00169.x,47,487,Veterinary Radiology and Ultrasound,The hilar perivenous hyperechoic triangle as a sign of acute splenic torsion in dogs
WS0644,WoS,WOS:000239978900012,duplicate,T1 DOI,2006,mai,10.1111/j.1740-8261.2006.00169.x,47,487,VETERINARY RADIOLOGY & ULTRASOUND,The hilar perivenous hyperechoic triangle as a sign of acute splenic torsion in dogs
WS0645,PubMed,16944182,kept,,2006,fukuzawa,10.1007/s00383-006-1760-2,22,931,Pediatric surgery international,Laparoscopic splenopexy for wandering spleen: extraperitoneal pocket splenopexy.
WS0645,Scopus,33750302521,duplicate,T1 DOI,2006,fukuzawa,10.1007/s00383-006-1760-2,22,931,Pediatric Surgery International,Laparoscopic splenopexy for wandering spleen: Extraperitoneal pocket splenopexy
WS0645,WoS,WOS:000241521500011,duplicate,T1 DOI,2006,fukuzawa,10.1007/s00383-006-1760-2,22,931,PEDIATRIC SURGERY INTERNATIONAL,Laparoscopic splenopexy for wandering spleen: extraperitoneal pocket splenopexy
WS0646,PubMed,16941258,kept,,2006,kayhan,,17,216,The Turkish journal of gastroenterology : the official journal of Turkish Society  of Gastroenterology,Hypoplastic pancreas and ectopic spleen as an abdominal mass: a case report.
WS0646,Scopus,34147183307,duplicate,T2 title+author+year,2006,kayhan,,17,216,Turkish Journal of Gastroenterology,Hypoplastic pancreas and ectopic spleen as an abdominal mass: A case report
WS0647,PubMed,16937293,kept,,2006,matsushima,10.1007/s00595-006-3262-1,36,843,Surgery today,Laparoscopic repair of gastric volvulus associated with wandering spleen in an  adult: report of a case.
WS0647,Scopus,33748097278,duplicate,T1 DOI,2006,matsushima,10.1007/s00595-006-3262-1,36,843,Surgery Today,Laparoscopic repair of gastric volvulus associated with wandering spleen in an adult: Report of a case
WS0647,WoS,WOS:000240097100017,duplicate,T1 DOI,2006,matsushima,10.1007/s00595-006-3262-1,36,843,SURGERY TODAY,Laparoscopic repair of gastric volvulus associated with wandering spleen in an adult: Report of a case
WS0648,PubMed,16933842,kept,,2006,barisic-skok,,60,273,Acta medica Croatica : casopis Hravatske akademije medicinskih znanosti,[Diagnostic methods in torsion of the spleen].
WS0648,Scopus,33750598025,duplicate,T2 title+author+year,2006,barisic-skok,,60,273,Acta Medica Croatica,Diagnostic methods in torsion of the spleen
WS0649,PubMed,16921709,kept,,2006,plummer,10.1590/s0043-31442006000200013,55,125,The West Indian medical journal,Splenic flexure volvulus associated with systemic lupus erythematosus: A case  report.
WS0650,PubMed,16910845,kept,,2006,jaeger,10.2460/javma.229.4.501,229,501,Journal of the American Veterinary Medical Association,What is your diagnosis? Splenic torsion.
WS0650,WoS,WOS:000239748400014,duplicate,T1 DOI,2006,jaeger,10.2460/javma.229.4.501,229,501,JAVMA-JOURNAL OF THE AMERICAN VETERINARY MEDICAL ASSOCIATION,What is your diagnosis?
WS0651,PubMed,16832673,kept,,2006,osuka,10.1007/s00383-006-1716-6,22,833,Pediatric surgery international,Splenic flexure volvulus in a child with chronic idiopathic intestinal  pseudo-obstruction syndrome.
WS0652,Scopus,33746541174,kept,T2 title+author+year,2006,mazariegos,10.1177/000313480607200622,72,560,American Surgeon,Anguishing over a spleen
WS0652,PubMed,16808215,duplicate,,2006,mazariegos,,72,560,The American surgeon,Anguishing over a spleen.
WS0652,WoS,WOS:000238370400020,duplicate,T2 title+author+year,2006,mazariegos,,72,560,AMERICAN SURGEON,Anguishing over a spleen
WS0653,PubMed,16796453,kept,,2006,kleiner,10.1089/lap.2006.16.328,16,328,Journal of laparoendoscopic & advanced surgical techniques. Part A,Pediatric wandering spleen successfully treated by laparoscopic splenopexy.
WS0653,Scopus,33750221036,duplicate,T1 DOI,2006,kleiner,10.1089/lap.2006.16.328,16,328,Journal of Laparoendoscopic and Advanced Surgical Techniques,Pediatric wandering spleen successfully treated by laparoscopic splenopexy
WS0653,WoS,WOS:000238670100022,duplicate,T1 DOI,2006,kleiner,10.1089/lap.2006.16.328,16,328,JOURNAL OF LAPAROENDOSCOPIC & ADVANCED SURGICAL TECHNIQUES,Pediatric wandering spleen successfully treated by laparoscopic splenopexy
WS0654,PubMed,16784379,kept,,2006,parton,10.2460/javma.228.12.1895,228,1895,Journal of the American Veterinary Medical Association,Gastric ulceration subsequent to partial invagination of the stomach in a dog  with gastric dilatation-volvulus.
WS0654,Scopus,33745049206,duplicate,T1 DOI,2006,parton,10.2460/javma.228.12.1895,228,1895,Journal of the American Veterinary Medical Association,Gastric ulceration subsequent to partial invagination of the stomach in a dog with gastric dilatation-volvulus
WS0654,WoS,WOS:000238170200022,duplicate,T1 DOI,2006,parton,10.2460/javma.228.12.1895,228,1895,JAVMA-JOURNAL OF THE AMERICAN VETERINARY MEDICAL ASSOCIATION,Gastric ulceration subsequent to partial invagination of the stomach in a dog with gastric dilatation-volvulus
WS0655,PubMed,16721152,kept,,2006,borenstein,10.1097/01.mop.0000193313.75827.e9,18,294,Current opinion in pediatrics,Heterotaxia syndromes and their abdominal manifestations.
WS0656,PubMed,16609899,kept,,2006,sinha,10.1007/s00383-006-1673-0,22,605,Pediatric surgery international,Splenoptosis complicated by a large splenic cyst: case report and discussion of  combined management.
WS0656,Scopus,33745588563,duplicate,T1 DOI,2006,sinha,10.1007/s00383-006-1673-0,22,605,Pediatric Surgery International,Splenoptosis complicated by a large splenic cyst: Case report and discussion of combined management
WS0656,WoS,WOS:000238683800007,duplicate,T1 DOI,2006,sinha,10.1007/s00383-006-1673-0,22,605,PEDIATRIC SURGERY INTERNATIONAL,Splenoptosis complicated by a large splenic cyst: case report and discussion of combined management
WS0657,PubMed,16534584,kept,,2006,lachmann,10.1007/s00247-006-0111-8,36,572,Pediatric radiology,Visceral heterotaxia with polysplenia syndrome and haemorrhagic splenic  infarction as a rare cause of the acute paediatric abdomen.
WS0658,PubMed,16534164,kept,,2006,lopez-tomassetti,,52,41,Journal of postgraduate medicine,An unusual case of hemoperitoneum owing to acute splenic torsion in a child with  immunoglobulin deficiency.
WS0658,Scopus,33645006754,duplicate,T2 title+author+year,2006,lopez-tomassetti,,52,41,Journal of Postgraduate Medicine,An unusual case of hemoperitoneum owing to acute splenic torsion in a child with immunoglobulin deficiency
WS0658,WoS,WOS:000239223500014,duplicate,T5 title+volume+pages,2006,fernandez,,52,41,JOURNAL OF POSTGRADUATE MEDICINE,An unusual case of hemoperitoneum owing to acute splenic torsion in a child with immunoglobulin deficiency
WS0659,PubMed,16527098,kept,,2006,prada,10.1157/13085518,64,277,"Anales de pediatria (Barcelona, Spain : 2003)",[Supernumerary intrascrotal ectopic spleen: discontinuous splenogonadal fusion].
WS0659,Scopus,33645826753,duplicate,T1 DOI,2006,prada,10.1157/13085518,64,277,Anales de Pediatria,Supernumerary intrascrotal ectopic spleen: Discontinuous splenogonadal fusion
WS0660,PubMed,16515121,kept,,2005,thambidorai,,60,653,The Medical journal of Malaysia,Torsion of a wandering spleen with whorled appearance of the splenic hilum in CT  scan.
WS0660,Scopus,33645647663,duplicate,T2 title+author+year,2005,thambidorai,,60,653,Medical Journal of Malaysia,Torsion of a wandering spleen with whorled appearance of the splenic hilum in CT scan
WS0661,PubMed,16435091,kept,,2006,volk,10.1007/s00117-005-1333-8,46,229,Der Radiologe,[Diagnostic imaging of splenic disease].
WS0661,Scopus,33645226123,duplicate,T1 DOI,2006,volk,10.1007/s00117-005-1333-8,46,229,Radiologe,Diagnostic imaging of splenic disease
WS0661,WoS,WOS:000237007700007,duplicate,T1 DOI,2006,volk,10.1007/s00117-005-1333-8,46,229,RADIOLOGE,Diagnostic imaging of splenic disease
WS0662,PubMed,27407856,kept,,2006,alam,10.1016/s0377-1237(06)80169-3,62,81,"Medical journal, Armed Forces India",Torsion of Wandering Spleen: Diagnosis using Magnetic Resonance Imaging.
WS0663,PubMed,16385380,kept,,2005,lin,,104,755,Journal of the Formosan Medical Association = Taiwan yi zhi,Wandering spleen with torsion and gastric volvulus.
WS0663,Scopus,33644878349,duplicate,T2 title+author+year,2005,lin,,104,755,Journal of the Formosan Medical Association,Wandering spleen with torsion and gastric volvulus
WS0663,WoS,WOS:000235640000010,duplicate,T2 title+author+year,2005,lin,,104,755,JOURNAL OF THE FORMOSAN MEDICAL ASSOCIATION,Wandering spleen with torsion and gastric volvulus
WS0664,PubMed,16366881,kept,,2005,hedeshian,10.1089/lap.2005.15.670,15,670,Journal of laparoendoscopic & advanced surgical techniques. Part A,Laparoscopic splenopexy of a pediatric wandering spleen by creation of a  retroperitoneal pocket.
WS0664,Scopus,30344452324,duplicate,T1 DOI,2005,hedeshian,10.1089/lap.2005.15.670,15,670,Journal of Laparoendoscopic and Advanced Surgical Techniques - Part A,Laparoscopic splenopexy of a pediatric wandering spleen by creation of a retroperitoneal pocket
WS0664,WoS,WOS:000234372400021,duplicate,T1 DOI,2005,hedeshian,10.1089/lap.2005.15.670,15,670,JOURNAL OF LAPAROENDOSCOPIC & ADVANCED SURGICAL TECHNIQUES,Laparoscopic splenopexy of a pediatric wandering spleen by creation of a retroperitoneal pocket
WS0665,PubMed,16365821,kept,,2005,appu,10.1007/s00534-005-1011-2,12,470,Journal of hepato-biliary-pancreatic surgery,"Peritoneal ""pillowcase"" for the displaced spleen post-distal pancreatectomy."
WS0665,Scopus,31144444470,duplicate,T1 DOI,2005,appu,10.1007/s00534-005-1011-2,12,470,Journal of Hepato-Biliary-Pancreatic Surgery,"Peritoneal ""pillowcase"" for the displaced spleen post-distal pancreatectomy"
WS0665,WoS,WOS:000235770600008,duplicate,T1 DOI,2005,appu,10.1007/s00534-005-1011-2,12,470,JOURNAL OF HEPATO-BILIARY-PANCREATIC SURGERY,"Peritoneal ""pillowcase"" for the displaced spleen post-digital pancreatectomy"
WS0666,PubMed,16317489,kept,,2006,grinbaum,10.1007/s00261-005-0042-0,31,110,Abdominal imaging,Torsion of an accessory spleen.
WS0666,Scopus,30544432224,duplicate,T1 DOI,2006,grinbaum,10.1007/s00261-005-0042-0,31,110,Abdominal Imaging,Torsion of an accessory spleen
WS0666,WoS,WOS:000234344200020,duplicate,T1 DOI,2006,grinbaum,10.1007/s00261-005-0042-0,31,110,ABDOMINAL IMAGING,Torsion of an accessory spleen
WS0667,PubMed,16309003,kept,,2005,sharon,,7,744,The Israel Medical Association journal : IMAJ,Weird activity and the wandering spleen.
WS0667,Scopus,28244465023,duplicate,T2 title+author+year,2005,sharon,,7,744,Israel Medical Association Journal,Weird activity and the wandering spleen
WS0667,WoS,WOS:000233377400016,duplicate,T2 title+author+year,2005,sharon,,7,744,ISRAEL MEDICAL ASSOCIATION JOURNAL,Weird activity and the wandering spleen
WS0668,PubMed,16281274,kept,,2005,karmazyn,10.1002/jcu.20165,33,433,Journal of clinical ultrasound : JCU,Wandering spleen--the challenge of ultrasound diagnosis: report of 7 cases.
WS0668,Scopus,28244469588,duplicate,T1 DOI,2005,karmazyn,10.1002/jcu.20165,33,433,Journal of Clinical Ultrasound,Wandering spleen - The challenge of ultrasound diagnosis: Report of 7 cases
WS0668,WoS,WOS:000233580200001,duplicate,T1 DOI,2005,karmazyn,10.1002/jcu.20165,33,433,JOURNAL OF CLINICAL ULTRASOUND,Wandering spleen - the challenge of ultrasound diagnosis: Report of 7 cases
WS0669,PubMed,16249609,kept,,2005,taori,10.1259/bjr/33073529,78,1050,The British journal of radiology,Pseudocyst formation: a rare complication of wandering spleen.
WS0669,Scopus,28044456334,duplicate,T1 DOI,2005,taori,10.1259/bjr/33073529,78,1050,British Journal of Radiology,Pseudocyst formation: A rare complication of wandering spleen
WS0669,WoS,WOS:000233256800014,duplicate,T1 DOI,2005,taori,10.1259/bjr/33073529,78,1050,BRITISH JOURNAL OF RADIOLOGY,Pseudocyst formation: a rare complication of wandering spleen
WS0670,PubMed,16231828,kept,,2005,puglisi,,57,373,Chirurgia italiana,Wandering spleen as a cause of acute abdomen: a case report.
WS0670,Scopus,32944466629,duplicate,T2 title+author+year,2005,puglisi,,57,373,Chirurgia italiana,Wandering spleen as a cause of acute abdomen: a case report.
WS0671,PubMed,16208194,kept,,2005,hammerer,10.1016/s0761-8417(05)84826-6,61,275,Revue de pneumologie clinique,[Duplication of the superior vena cava and other malformations discovered at  insertion of a port-a-cath].
WS0672,PubMed,16117070,kept,,2005,abutarbush,10.2460/javma.2005.227.603,227,603,Journal of the American Veterinary Medical Association,Comparison of surgical versus medical treatment of nephrosplenic entrapment of  the large colon in horses: 19 cases (1992-2002).
WS0673,PubMed,16109253,kept,,2005,burcharth,,167,3058,Ugeskrift for laeger,[Wandering spleen].
WS0673,Scopus,23844457064,duplicate,T4 author+year+volume+first page,2005,burcharth,,167,3058,Ugeskrift for Laeger,Wandering spleen: Report of a case and a review
WS0674,PubMed,16102952,kept,,2005,mcheik,10.1016/j.arcped.2005.06.021,12,1496,Archives de pediatrie : organe officiel de la Societe francaise de pediatrie,[Torsion of the spleen in children].
WS0674,Scopus,26444561796,duplicate,T1 DOI,2005,mcheik,10.1016/j.arcped.2005.06.021,12,1496,Archives de Pediatrie,Torsion of the spleen in children
WS0674,WoS,WOS:000233213900010,duplicate,T1 DOI,2005,mcheik,10.1016/j.arcped.2005.06.021,12,1496,ARCHIVES DE PEDIATRIE,Torsion of the spleen in children
WS0675,PubMed,16044649,kept,,2005,hernandez-siverio,,18,101,Cirugia pediatrica : organo oficial de la Sociedad Espanola de Cirugia Pediatrica,[Wandering spleen torsion].
WS0675,Scopus,26044469827,duplicate,T2 title+author+year,2005,hernandez-siverio,,18,101,Cirugía pediátrica : organo oficial de la Sociedad Española de Cirugía Pediátrica,Wandering spleen torsion
WS0676,PubMed,15991744,kept,,2005,hurme,,121,998,Duodecim; laaketieteellinen aikakauskirja,[Diagnosis and treatment of acute torsion and wandering spleen].
WS0676,Scopus,33644666032,duplicate,T2 title+author+year,2005,hurme,,121,998,Duodecim; lääketieteellinen aikakauskirja,Diagnosis and treatment of acute torsion and wandering spleen
WS0677,PubMed,15977700,kept,,2005,awe,10.5144/0256-4947.2005.168,25,168,Annals of Saudi medicine,Wandering spleen associated with a splenic cyst.
WS0677,Scopus,18744409543,duplicate,T1 DOI,2005,awe,10.5144/0256-4947.2005.168,25,168,Annals of Saudi Medicine,Wandering spleen associated with a splenic cyst
WS0677,WoS,WOS:000228826200019,duplicate,T1 DOI,2005,awe,10.5144/0256-4947.2005.168,25,168,ANNALS OF SAUDI MEDICINE,Wandering spleen associated with a splenic cyst
WS0678,PubMed,15937839,kept,,2005,martinez-ferro,10.1016/j.jpedsurg.2005.02.009,40,882,Journal of pediatric surgery,Laparoscopic pocket splenopexy for wandering spleen: a case report.
WS0678,Scopus,19444383101,duplicate,T1 DOI,2005,martinez-ferro,10.1016/j.jpedsurg.2005.02.009,40,882,Journal of Pediatric Surgery,Laparoscopic pocket splenopexy for wandering spleen: A case report
WS0678,WoS,WOS:000229652200031,duplicate,T1 DOI,2005,martinez-ferro,10.1016/j.jpedsurg.2005.02.009,40,882,JOURNAL OF PEDIATRIC SURGERY,Laparoscopic pocket splenopexy for wandering spleen -: A case report
WS0679,PubMed,15884278,kept,,2004,befikadu,,42,53,Ethiopian medical journal,Torsion of a pelvic wandering spleen as a cause of acute abdomen in a woman: a  case report and review of the literature.
WS0679,Scopus,20644449669,duplicate,T2 title+author+year,2004,befikadu,,42,53,Ethiopian Medical Journal,Torsion of a pelvic wandering spleen as a cause of acute abdomen in a woman: A case report and review of the literature
WS0679,WoS,WOS:000221024800009,duplicate,T2 title+author+year,2004,befikadu,,42,53,ETHIOPIAN MEDICAL JOURNAL,Torsion of a pelvic wandering spleen as a cause of acute abdomen in a woman: A case report and review of the literature
WS0680,PubMed,15847092,kept,,2005,marinaccio,,26,34,Il Giornale di chirurgia,[Uncommon etiology of acute abdomen in pediatric age: the torsion of spleen].
WS0680,Scopus,18244363884,duplicate,T2 title+author+year,2005,marinaccio,,26,34,Il Giornale di chirurgia,Uncommon etiology of acute abdomen in pediatric age: the torsion of spleen
WS0681,PubMed,15803335,kept,,2005,esposito,10.1007/s00383-005-1403-z,21,488,Pediatric surgery international,Enlarged wandering spleen treated with hemisplenectomy and fixation of the  residual spleen.
WS0681,Scopus,21544484096,duplicate,T1 DOI,2005,esposito,10.1007/s00383-005-1403-z,21,488,Pediatric Surgery International,Enlarged wandering spleen treated with hemisplenectomy and fixation of the residual spleen
WS0681,WoS,WOS:000229731500016,duplicate,T1 DOI,2005,esposito,10.1007/s00383-005-1403-z,21,488,PEDIATRIC SURGERY INTERNATIONAL,Enlarged wandering spleen treated with hemisplenectomy and fixation of the residual spleen
WS0682,PubMed,15794055,kept,,2004,colovic,10.2298/sarh0410327c,132,327,Srpski arhiv za celokupno lekarstvo,[Floating spleen with chronic torsion of the pedicle causing splenomegaly and  secondary hypersplenism].
WS0682,Scopus,18244371449,duplicate,T1 DOI,2004,colovic,10.2298/sarh0410327c,132,327,Srpski arhiv za celokupno lekarstvo,Floating spleen with chronic torsion of the pedicle causing splenomegaly and secondary hypersplenism
WS0683,PubMed,15793739,kept,,2005,schaarschmidt,10.1016/j.jpedsurg.2004.11.020,40,575,Journal of pediatric surgery,The technique of laparoscopic retroperitoneal splenopexy for symptomatic  wandering spleen in childhood.
WS0683,Scopus,15744376055,duplicate,T1 DOI,2005,schaarschmidt,10.1016/j.jpedsurg.2004.11.020,40,575,Journal of Pediatric Surgery,The technique of laparoscopic retroperitoneal splenopexy for symptomatic wandering spleen in childhood
WS0683,WoS,WOS:000228487900022,duplicate,T1 DOI,2005,schaarschmidt,10.1016/j.jpedsurg.2004.11.020,40,575,JOURNAL OF PEDIATRIC SURGERY,The technique of laparoscopic retroperitoneal splenopexy for symptomatic wandering spleen in childhood
WS0684,Scopus,14644391518,kept,T1 DOI,2005,yilmaz,10.7863/jum.2005.24.3.379,24,379,Journal of Ultrasound in Medicine,Torsion of a wandering spleen associated with portal vein thrombosis
WS0684,PubMed,15723851,duplicate,,2005,yilmaz,10.7863/jum.2005.24.3.379,24,379,Journal of ultrasound in medicine : official journal of the American Institute of  Ultrasound in Medicine,Torsion of a wandering spleen associated with portal vein thrombosis.
WS0684,WoS,WOS:000227413000014,duplicate,T1 DOI,2005,yilmaz,10.7863/jum.2005.24.3.379,24,379,JOURNAL OF ULTRASOUND IN MEDICINE,Torsion of a wandering spleen associated with portal vein thrombosis
WS0685,PubMed,15720589,kept,,2005,smith,10.1111/j.1532-950x.2005.00001.x,34,1,Veterinary surgery : VS,Splenic torsion in an alpaca.
WS0685,Scopus,23044487358,duplicate,T1 DOI,2005,smith,10.1111/j.1532-950x.2005.00001.x,34,1,Veterinary Surgery,Splenic torsion in an alpaca
WS0685,WoS,WOS:000228051900001,duplicate,T1 DOI,2005,smith,10.1111/j.1532-950x.2005.00001.x,34,1,VETERINARY SURGERY,Splenic torsion in an alpaca
WS0686,PubMed,15717114,kept,,2005,breisch,10.1007/s10024-004-7082-2,8,132,Pediatric and developmental pathology : the official journal of the Society for  Pediatric Pathology and the Paediatric Pathology Society,Autoinfarcted wandering spleen and fatal pneumococcal sepsis in an infant.
WS0686,Scopus,17644425678,duplicate,T1 DOI,2005,breisch,10.1007/s10024-004-7082-2,8,132,Pediatric and Developmental Pathology,Autoinfarcted wandering spleen and fatal pneumococcal sepsis in an infant
WS0686,WoS,WOS:000227809600020,duplicate,T1 DOI,2005,breisch,10.1007/s10024-004-7082-2,8,132,PEDIATRIC AND DEVELOPMENTAL PATHOLOGY,Autoinfarcted wandering spleen and fatal pneumococcal sepsis in an infant
WS0687,PubMed,15674217,kept,,2005,saxena,10.1016/j.surg.2004.06.002,137,265,Surgery,Torsion of a wandering spleen with stomach volvulus and nonrotation:  extraperitoneal pocket splenopexy.
WS0687,Scopus,12944322228,duplicate,T1 DOI,2005,saxena,10.1016/j.surg.2004.06.002,137,265,Surgery,Torsion of a wandering spleen with stomach volvulus and nonrotation: Extraperitoneal pocket splenopexy [1]
WS0687,WoS,WOS:000226873700026,duplicate,T1 DOI,2005,saxena,10.1016/j.surg.2004.06.002,137,265,SURGERY,Torsion of a wandering spleen with stomach volvulus and nonrotation: extraperitoneal pocket splenopexy
WS0688,PubMed,15632981,kept,,2004,parvaiz,10.1100/tsw.2004.208,4,1035,TheScientificWorldJournal,Torted and ruptured wandering spleen presenting as a surgical emergency in  pregnancy.
WS0688,Scopus,33644876301,duplicate,T1 DOI,2004,parvaiz,10.1100/tsw.2004.208,4,1035,TheScientificWorldJournal,Torted and ruptured wandering spleen presenting as a surgical emergency in pregnancy.
WS0689,Scopus,21244442014,kept,T1 DOI,2003,mackintosh,10.1016/s1479-666x(03)80140-3,1,123,The surgeon : journal of the Royal Colleges of Surgeons of Edinburgh and Ireland,"Re: ""Wandering spleen: case report and literature review"" Satyadas et al. J R Coll Edinb 2002; 47: 512-514."
WS0689,WoS,WOS:000182512100016,duplicate,T2 title+author+year,2003,mackintosh,10.1016/s1479-666x(03)80140-3,1,123,SURGEON JOURNAL OF THE ROYAL COLLEGES OF SURGEONS OF EDINBURGH AND IRELAND,"Re:: ""Wandering spleen:: case report and literature review"" Satyadas et al. J R Coll Edinb 2002; 47: 512-514"
WS0689,PubMed,15573637,duplicate,,2003,mackintosh,,1,123,The surgeon : journal of the Royal Colleges of Surgeons of Edinburgh and Ireland,"Re: ""Wandering spleen: case report and literature review"" Satyadas et al. J R  Coll Edinb 2002; 47: 512-514."
WS0690,Scopus,21244439591,kept,T1 DOI,2003,lane,10.1016/s1479-666x(03)80139-7,1,123,Surgeon,"Re: ""Wandering spleen: Case report and literature review"" Satyadas et al. J R Coll Edinb 2002; 47: 512-514 [3]"
WS0690,WoS,WOS:000182512100015,duplicate,T2 title+author+year,2003,lane,10.1016/s1479-666x(03)80139-7,1,123,SURGEON JOURNAL OF THE ROYAL COLLEGES OF SURGEONS OF EDINBURGH AND IRELAND,"Re:: ""Wandering spleen:: case report and literature review"" Satyadas et al. J R Coll Edinb 2002; 47: 512-514"
WS0690,PubMed,15573636,duplicate,,2003,lane,,1,123,The surgeon : journal of the Royal Colleges of Surgeons of Edinburgh and Ireland,"Re: ""Wandering spleen: case report and literature review"" Satyadas et al. J R  Coll Edinb 2002; 47: 512-514."
WS0691,PubMed,15571023,kept,,2004,melissas,10.1080/00015458.2004.11679614,104,559,Acta chirurgica Belgica,Experience with benign splenic disease.
WS0691,Scopus,8744228978,duplicate,T1 DOI,2004,melissas,10.1080/00015458.2004.11679614,104,559,Acta Chirurgica Belgica,Experience with benign splenic disease
WS0691,WoS,WOS:000225102400012,duplicate,T1 DOI,2004,melissas,10.1080/00015458.2004.11679614,104,559,ACTA CHIRURGICA BELGICA,Experience with benign splenic disease
WS0692,PubMed,15449161,kept,,2004,tobinaga,10.1007/s00595-004-2808-3,34,875,Surgery today,Transverse to descending colon volvulus and megacolon with mesenterium commune:  report of a case.
WS0693,PubMed,15345161,kept,,2004,cavazos,10.1089/lap.2004.14.227,14,227,Journal of laparoendoscopic & advanced surgical techniques. Part A,Laparoscopic management of the wandering spleen.
WS0693,Scopus,4344718858,duplicate,T1 DOI,2004,cavazos,10.1089/lap.2004.14.227,14,227,Journal of Laparoendoscopic and Advanced Surgical Techniques - Part A,Laparoscopic management of the wandering spleen
WS0693,WoS,WOS:000223572700008,duplicate,T1 DOI,2004,cavazos,10.1089/lap.2004.14.227,14,227,JOURNAL OF LAPAROENDOSCOPIC & ADVANCED SURGICAL TECHNIQUES-PART A,Laparoscopic management of the wandering spleen
WS0694,PubMed,15321044,kept,,2004,hussain,,14,496,Journal of the College of Physicians and Surgeons--Pakistan : JCPSP,Pelvic spleen with uterovaginal prolapse.
WS0694,Scopus,4544230206,duplicate,T2 title+author+year,2004,hussain,,14,496,Journal of the College of Physicians and Surgeons Pakistan,Pelvic spleen with uterovaginal prolapse
WS0695,PubMed,15219495,kept,,2004,tucker,10.1016/j.amjsurg.2003.11.042,188,96,American journal of surgery,Recurrent torsion of a wandering spleen.
WS0695,Scopus,3042578972,duplicate,T1 DOI,2004,tucker,10.1016/j.amjsurg.2003.11.042,188,96,American Journal of Surgery,Recurrent torsion of a wandering spleen
WS0695,WoS,WOS:000222275400020,duplicate,T1 DOI,2004,tucker,10.1016/j.amjsurg.2003.11.042,188,96,AMERICAN JOURNAL OF SURGERY,Recurrent torsion of a wandering spleen
WS0696,PubMed,15213902,kept,,2004,hosgor,10.1016/j.jpedsurg.2004.03.050,39,1073,Journal of pediatric surgery,Associated malformations in delayed presentation of congenital diaphragmatic  hernia.
WS0696,Scopus,3042845134,duplicate,T1 DOI,2004,hosgor,10.1016/j.jpedsurg.2004.03.050,39,1073,Journal of Pediatric Surgery,Associated malformations in delayed presentation of congenital diaphragmatic hernia
WS0696,WoS,WOS:000222802700015,duplicate,T1 DOI,2004,hosgor,10.1016/j.jpedsurg.2004.03.050,39,1073,JOURNAL OF PEDIATRIC SURGERY,Associated malformations in delayed presentation of congenital diaphragmatic hernia
WS0697,PubMed,15185033,kept,,2004,bakir,10.1007/s00261-004-0174-7,29,707,Abdominal imaging,Acute torsion of a wandering spleen: imaging findings.
WS0697,Scopus,4944238199,duplicate,T1 DOI,2004,bakir,10.1007/s00261-004-0174-7,29,707,Abdominal Imaging,Acute torsion of a wandering spleen: Imaging findings
WS0697,WoS,WOS:000224199900015,duplicate,T1 DOI,2004,bakir,10.1007/s00261-004-0174-7,29,707,ABDOMINAL IMAGING,Acute torsion of a wandering spleen: imaging findings
WS0698,PubMed,15174805,kept,,2004,arda,,87,70,JBR-BTR : organe de la Societe royale belge de radiologie (SRBR) = orgaan van de  Koninklijke Belgische Vereniging voor Radiologie (KBVR),Intermittent torsion of a wandering spleen in a child: the role of MRI in  diagnosis.
WS0698,Scopus,2342549730,duplicate,T2 title+author+year,2004,arda,,87,70,Journal Belge de Radiologie,Intermittent torsion of a wandering spleen in a child: The role of MRI in diagnosis
WS0699,PubMed,15154585,kept,,2004,alimoglu,10.1080/00015458.2004.11679541,104,221,Acta chirurgica Belgica,Torsion of a wandering spleen presenting with acute abdomen: a case report.
WS0699,Scopus,2442562263,duplicate,T1 DOI,2004,alimoglu,10.1080/00015458.2004.11679541,104,221,Acta Chirurgica Belgica,Torsion of a wandering spleen presenting with acute abdomen: A case report
WS0699,WoS,WOS:000221542200021,duplicate,T1 DOI,2004,alimoglu,10.1080/00015458.2004.11679541,104,221,ACTA CHIRURGICA BELGICA,Torsion of a wandering spleen presenting with acute abdomen: A case report
WS0700,PubMed,15150027,kept,,2004,deux,10.2214/ajr.182.6.1821607,182,1607,AJR. American journal of roentgenology,Acute torsion of wandering spleen: MRI findings.
WS0700,Scopus,2442688171,duplicate,T1 DOI,2004,deux,10.2214/ajr.182.6.1821607,182,1607,American Journal of Roentgenology,Acute torsion of wandering spleen: MRI findings
WS0700,WoS,WOS:000221555900067,duplicate,T1 DOI,2004,deux,10.2214/ajr.182.6.1821607,182,1607,AMERICAN JOURNAL OF ROENTGENOLOGY,Acute torsion of wandering spleen: MRI findings
WS0701,PubMed,15115016,kept,,2004,corcione,10.1007/s00464-003-4254-5,18,554,Surgical endoscopy,Laparoscopic splenectomy for the treatment of wandering spleen.
WS0701,Scopus,4043069084,duplicate,T1 DOI,2004,corcione,10.1007/s00464-003-4254-5,18,554,Surgical endoscopy,Laparoscopic splenectomy for the treatment of wandering spleen.
WS0701,WoS,WOS:000222826500043,duplicate,T1 DOI,2004,corcione,10.1007/s00464-003-4254-5,18,,SURGICAL ENDOSCOPY AND OTHER INTERVENTIONAL TECHNIQUES,Laparoscopic splenectomy for the treatment of wandering spleen
WS0702,PubMed,15114488,kept,,2004,qazi,10.1007/s00383-004-1157-z,20,878,Pediatric surgery international,Wandering spleen: a rare cause of mesenteroaxial gastric volvulus.
WS0702,Scopus,13444273195,duplicate,T1 DOI,2004,qazi,10.1007/s00383-004-1157-z,20,878,Pediatric Surgery International,Wandering spleen: A rare cause of mesenteroaxial gastric volvulus
WS0702,WoS,WOS:000226285200016,duplicate,T1 DOI,2004,qazi,10.1007/s00383-004-1157-z,20,878,PEDIATRIC SURGERY INTERNATIONAL,Wandering spleen: a rare cause of mesenteroaxial gastric volvulus
WS0703,PubMed,15024517,kept,,2004,taori,10.1007/s00261-003-0142-7,29,479,Abdominal imaging,Wandering spleen with torsion of vascular pedicle: early diagnosis with  multiplaner reformation technique of multislice spiral CT.
WS0703,Scopus,3042819107,duplicate,T1 DOI,2004,taori,10.1007/s00261-003-0142-7,29,479,Abdominal Imaging,Wandering spleen with torsion of vascular pedicle: Early diagnosis with multiplaner reformation technique of multislice spiral CT
WS0703,WoS,WOS:000222298400014,duplicate,T1 DOI,2004,taori,10.1007/s00261-003-0142-7,29,479,ABDOMINAL IMAGING,Wandering spleen with torsion of vascular pedicle: early diagnosis with multiplaner reformation technique of multislice spiral CT
WS0704,PubMed,14972263,kept,,2003,moran,10.1016/s0149-7944(02)00737-7,60,310,Current surgery,Spontaneous rupture of a wandering spleen: case report and literature review.
WS0704,Scopus,85001655055,duplicate,T1 DOI,2002,moran,10.1016/s0149-7944(02)00737-7,47,512,Journal of the Royal College of Surgeons of Edinburgh,Spontaneous rupture of a wandering spleen: Case report and literature review
WS0704,Scopus,0037408226,duplicate,T1 DOI,2003,moran,10.1016/s0149-7944(02)00737-7,60,310,Current Surgery,Spontaneous rupture of a wandering spleen: Case report and literature review
WS0705,PubMed,14966761,kept,,2004,fearne,10.1016/j.jpedsurg.2003.10.033,39,251,Journal of pediatric surgery,Avulsion of wandering spleen after traumatic torsion.
WS0705,Scopus,0742305381,duplicate,T1 DOI,2004,fearne,10.1016/j.jpedsurg.2003.10.033,39,251,Journal of Pediatric Surgery,Letter to the Editor [4] (multiple letters)
WS0705,WoS,WOS:000189239000049,duplicate,T1 DOI,2004,fearne,10.1016/j.jpedsurg.2003.10.033,39,251,JOURNAL OF PEDIATRIC SURGERY,Untitled
WS0705,Scopus,2642553147,duplicate,T2 title+author+year,2004,fearne,,39,251,Journal of pediatric surgery,Avulsion of wandering spleen after traumatic torsion.
WS0706,PubMed,14966753,kept,,2004,balliu,10.1016/j.jpedsurg.2003.10.025,39,240,Journal of pediatric surgery,Splenic haemorrhage in a newborn as the first manifestation of wandering spleen  syndrome.
WS0706,Scopus,0742323056,duplicate,T1 DOI,2004,balliu,10.1016/j.jpedsurg.2003.10.025,39,240,Journal of Pediatric Surgery,Splenic Haemorrhage in a Newborn as the First Manifestation of Wandering Spleen Syndrome
WS0706,WoS,WOS:000189239000041,duplicate,T1 DOI,2004,balliu,10.1016/j.jpedsurg.2003.10.025,39,240,JOURNAL OF PEDIATRIC SURGERY,Splenic haemorrhage in a newborn as the first manifestation of wandering spleen syndrome
WS0707,PubMed,14963701,kept,,2004,ajello,10.1007/s00431-003-1322-8,163,277,European journal of pediatrics,The wandering spleen: something to bear in mind in the presence of a mobile  abdominal mass.
WS0707,Scopus,2442672681,duplicate,T1 DOI,2004,ajello,10.1007/s00431-003-1322-8,163,277,European Journal of Pediatrics,The wandering spleen: Something to bear in mind in the presence of a mobile abdominal mass
WS0707,WoS,WOS:000220298900025,duplicate,T1 DOI,2004,ajello,10.1007/s00431-003-1322-8,163,277,EUROPEAN JOURNAL OF PEDIATRICS,The wandering spleen: something to bear in mind in the presence of a mobile abdominal mass
WS0708,PubMed,14960990,kept,,2004,lu,10.1097/01.ta.0000033501.57290.ad,56,431,The Journal of trauma,Wandering spleen presenting as gastric outlet obstruction after repair of  traumatic diaphragmatic hernia.
WS0708,Scopus,1542346801,duplicate,T1 DOI,2004,lu,10.1097/01.ta.0000033501.57290.ad,56,431,"Journal of Trauma - Injury, Infection and Critical Care",Wandering Spleen Presenting as Gastric Outlet Obstruction after Repair of Traumatic Diaphragmatic Hernia
WS0708,WoS,WOS:000189215200034,duplicate,T1 DOI,2004,lu,10.1097/01.ta.0000033501.57290.ad,56,431,JOURNAL OF TRAUMA-INJURY INFECTION AND CRITICAL CARE,Wandering spleen presenting as gastric outlet obstruction after repair of traumatic diaphragmatic hernia
WS0709,PubMed,14758498,kept,,2004,vazquez,10.1007/s00383-003-1110-6,20,153,Pediatric surgery international,Acute torsion of the spleen: diagnosis and management.
WS0709,Scopus,1842815209,duplicate,T1 DOI,2004,vazquez,10.1007/s00383-003-1110-6,20,153,Pediatric Surgery International,Acute torsion of the spleen: Diagnosis and management
WS0709,WoS,WOS:000220459300022,duplicate,T1 DOI,2004,vazquez,10.1007/s00383-003-1110-6,20,153,PEDIATRIC SURGERY INTERNATIONAL,Acute torsion of the spleen:: diagnosis and management
WS0710,PubMed,14758389,kept,,2004,al-mashat,,25,91,Saudi medical journal,Wandering spleen.
WS0710,Scopus,1342268293,duplicate,T2 title+author+year,2004,al-mashat,,25,91,Saudi Medical Journal,Wandering spleen
WS0710,WoS,WOS:000189278600021,duplicate,T2 title+author+year,2004,al-mashat,,25,91,SAUDI MEDICAL JOURNAL,Wandering spleen
WS0711,PubMed,14752628,kept,,2004,edwin,10.1007/s00464-003-9007-y,18,407,Surgical endoscopy,Laparoscopic resection of the pancreas: a feasibility study of the short-term  outcome.
WS0711,Scopus,1942422694,duplicate,T1 DOI,2004,edwin,10.1007/s00464-003-9007-y,18,407,Surgical Endoscopy and Other Interventional Techniques,Laparoscopic resection of the pancreas: A feasibility study of the short-term outcome
WS0711,WoS,WOS:000222826500010,duplicate,T1 DOI,2004,edwin,10.1007/s00464-003-9007-y,18,407,SURGICAL ENDOSCOPY AND OTHER INTERVENTIONAL TECHNIQUES,Laparoscopic resection of the pancreas - A feasibility study of the short-term outcome
WS0712,PubMed,14710296,kept,,2003,abba,,24,1404,Saudi medical journal,Wandering spleen.
WS0712,Scopus,0347597809,duplicate,T2 title+author+year,2003,abba,,24,1404,Saudi Medical Journal,Wandering spleen
WS0712,WoS,WOS:000188701300027,duplicate,T2 title+author+year,2003,abba,,24,1404,SAUDI MEDICAL JOURNAL,Wandering spleen
WS0713,PubMed,19861821,kept,,2004,qazi,,10,1,Saudi journal of gastroenterology : official journal of the Saudi  Gastroenterology Association,Wandering spleen.
WS0714,PubMed,14676491,kept,,2003,romero,10.1097/01.pec.0000101582.65509.cc,19,412,Pediatric emergency care,Wandering spleen: a rare cause of abdominal pain.
WS0714,Scopus,0346093575,duplicate,T1 DOI,2003,romero,10.1097/01.pec.0000101582.65509.cc,19,412,Pediatric Emergency Care,Wandering Spleen: A Rare Cause of Abdominal Pain
WS0714,WoS,WOS:000187393200007,duplicate,T1 DOI,2003,romero,10.1097/01.pec.0000101582.65509.cc,19,412,PEDIATRIC EMERGENCY CARE,Wandering spleen: A rare cause of abdominal pain
WS0715,PubMed,14673541,kept,,2003,weiand,10.1007/s00104-003-0714-7,74,1170,Der Chirurg; Zeitschrift fur alle Gebiete der operativen Medizen,"[Accessory spleen in the pancreatic tail -- a neglected entity? A contribution to  embryology, topography and pathology of ectopic splenic tissue]."
WS0715,Scopus,1442351229,duplicate,T1 DOI,2003,weiand,10.1007/s00104-003-0714-7,74,1170,Chirurg,"Accessory spleen of the pancreatic tail - A neglected entity? A contribution to embryology, topography and pathology of ectopic splenic tissue"
WS0715,WoS,WOS:000188056700012,duplicate,T1 DOI,2003,weiand,10.1007/s00104-003-0714-7,74,1170,CHIRURG,"Accessory spleen of the pancreatic tail - a neglected entity? A contribution to embryology, topography and pathology of ectopic splenic tissue"
WS0716,PubMed,14661306,kept,,2003,baykara,,9,105,Tanisal ve girisimsel radyoloji : Tibbi Goruntuleme ve Girisimsel Radyoloji  Dernegi yayin organi,[Case report: Acute abdomen and pelvic mass due to torsion of a wandering  spleen].
WS0716,Scopus,1542545851,duplicate,T2 title+author+year,2003,baykara,,9,105,Tanisal ve girişimsel radyoloji : Tibbi Görüntüleme ve Girişimsel Radyoloji Dernegi yayin organi,Case report: Acute abdomen and pelvic mass due to torsion of a wandering spleen
WS0717,PubMed,14644294,kept,,2003,beutler,10.1016/j.jamcollsurg.2003.05.002,197,1047,Journal of the American College of Surgeons,Splenic volvulus.
WS0717,Scopus,0642333852,duplicate,T1 DOI,2003,beutler,10.1016/j.jamcollsurg.2003.05.002,197,1047,Journal of the American College of Surgeons,Splenic volvulus
WS0717,WoS,WOS:000186917100020,duplicate,T1 DOI,2003,beutler,10.1016/j.jamcollsurg.2003.05.002,197,1047,JOURNAL OF THE AMERICAN COLLEGE OF SURGEONS,Splenic volvulus
WS0718,PubMed,14618529,kept,,2003,estevao-costa,10.1055/s-2003-43579,13,344,European journal of pediatric surgery : official journal of Austrian Association  of Pediatric Surgery ... [et al] = Zeitschrift fur Kinderchirurgie,Neonatal splenic necrosis not related to wandering spleen.
WS0718,Scopus,0344013463,duplicate,T1 DOI,2003,estevao-costa,10.1055/s-2003-43579,13,344,European Journal of Pediatric Surgery,Neonatal Splenic Necrosis Not Related to Wandering Spleen
WS0718,WoS,WOS:000186734300014,duplicate,T2 title+author+year,2003,estevao-costa,,13,344,EUROPEAN JOURNAL OF PEDIATRIC SURGERY,Neonatal splenic necrosis not related to wandering spleen
WS0719,PubMed,14614725,kept,,2003,brown,10.1016/s0022-3468(03)00582-7,38,1676,Journal of pediatric surgery,Wandering spleen and its complications in children: a case series and review of  the literature.
WS0719,Scopus,0242609100,duplicate,T1 DOI,2003,brown,10.1016/s0022-3468(03)00582-7,38,1676,Journal of Pediatric Surgery,Wandering Spleen and its Complications in Children: A Case Series and Review of the Literature
WS0719,WoS,WOS:000186565200025,duplicate,T1 DOI,2003,brown,10.1016/s0022-3468(03)00582-7,38,1676,JOURNAL OF PEDIATRIC SURGERY,Wandering spleen and its complications in children: A case series and review of the literature
WS0720,PubMed,14599168,kept,,2003,gaschen,10.1111/j.1740-8261.2003.tb00506.x,44,553,Veterinary radiology & ultrasound : the official journal of the American College  of Veterinary Radiology and the International Veterinary Radiology Association,Imaging diagnosis: the abdominal air-vasculogram in a dog with splenic torsion  and clostridial infection.
WS0720,Scopus,0642312504,duplicate,T1 DOI,2003,gaschen,10.1111/j.1740-8261.2003.tb00506.x,44,553,Veterinary Radiology and Ultrasound,Imaging diagnosis: The abdominal air-vasculogram in a dog with splenic torsion and clostridial infection
WS0720,WoS,WOS:000185872400009,duplicate,T1 DOI,2003,gaschen,10.1111/j.1740-8261.2003.tb00506.x,44,553,VETERINARY RADIOLOGY & ULTRASOUND,Imaging diagnosis: The abdominal air-vasculogram in a dog with splenic torsion and clostridial infection
WS0721,PubMed,12962451,kept,,2003,dutta,,22,156,Indian journal of gastroenterology : official journal of the Indian Society of  Gastroenterology,Wandering spleen.
WS0721,Scopus,0642376679,duplicate,T3 similar title+author+year,2003,dutta,,22,156,Indian Journal of Gastroenterology,Wandering spleen [6]
WS0722,PubMed,12901997,kept,,2003,sodhi,10.1016/s0736-4679(03)00160-4,25,133,The Journal of emergency medicine,Torsion of a wandering spleen: acute abdominal presentation.
WS0722,Scopus,0042668413,duplicate,T1 DOI,2003,sodhi,10.1016/s0736-4679(03)00160-4,25,133,Journal of Emergency Medicine,Torsion of a wandering spleen: Acute abdominal presentation
WS0722,WoS,WOS:000184520700001,duplicate,T1 DOI,2003,sodhi,10.1016/s0736-4679(03)00160-4,25,133,JOURNAL OF EMERGENCY MEDICINE,Torsion of a wandering spleen: Acute abdominal presentation
WS0723,PubMed,12823635,kept,,2003,jeneby,10.1034/j.1600-0684.2003.00001.x,32,120,Journal of medical primatology,Ectopic splenic nodules in the olive baboon (Papio cynocephalus anubis).
WS0723,Scopus,0038147407,duplicate,T1 DOI,2003,jeneby,10.1034/j.1600-0684.2003.00001.x,32,120,Journal of Medical Primatology,Ectopic splenic nodules in the olive baboon (Papio cynocephalus anubis)
WS0723,WoS,WOS:000182663500008,duplicate,T1 DOI,2003,jeneby,10.1034/j.1600-0684.2003.00001.x,32,120,JOURNAL OF MEDICAL PRIMATOLOGY,Ectopic splenic nodules in the olive baboon (Papio cynocephalus anubis)
WS0724,PubMed,12751865,kept,,2003,kessler,10.7863/jum.2003.22.5.527,22,527,Journal of ultrasound in medicine : official journal of the American Institute of  Ultrasound in Medicine,Mass at the splenic hilum: a clue to torsion of a wandering spleen located in a  normal left upper quadrant position.
WS0724,Scopus,0037625668,duplicate,T1 DOI,2003,kessler,10.7863/jum.2003.22.5.527,22,527,Journal of Ultrasound in Medicine,Mass at the splenic hilum: A clue to torsion of a wandering spleen located in a normal left upper quadrant position
WS0724,WoS,WOS:000182565600012,duplicate,T1 DOI,2003,kessler,10.7863/jum.2003.22.5.527,22,527,JOURNAL OF ULTRASOUND IN MEDICINE,Mass at the splenic hilum - A clue to torsion of a wandering spleen located in a normal left upper quadrant position
WS0725,PubMed,12744100,kept,,2003,benfatto,,55,243,Chirurgia italiana,Acute abdomen due to wandering spleen infarction: a case report.
WS0725,Scopus,0038280041,duplicate,T2 title+author+year,2003,benfatto,,55,243,Chirurgia italiana,Acute abdomen due to wandering spleen infarction: a case report.
WS0726,PubMed,12738116,kept,,2003,dalpe,10.1016/s0029-7844(02)02618-2,101,1102,Obstetrics and gynecology,Wandering spleen as an asymptomatic pelvic mass.
WS0726,Scopus,0037961517,duplicate,T1 DOI,2003,dalpe,10.1016/s0029-7844(02)02618-2,101,1102,Obstetrics and Gynecology,Wandering spleen as an asymptomatic pelvic mass
WS0726,WoS,WOS:000182562600020,duplicate,T1 DOI,2003,dalpe,10.1016/s0029-7844(02)02618-2,101,1102,OBSTETRICS AND GYNECOLOGY,Wandering spleen as an asymptomatic pelvic mass
WS0727,PubMed,12738115,kept,,2003,gilman,10.1016/s0029-7844(02)02617-0,101,1100,Obstetrics and gynecology,Wandering spleen presenting as acute pancreatitis in pregnancy.
WS0727,Scopus,0038637703,duplicate,T1 DOI,2003,gilman,10.1016/s0029-7844(02)02617-0,101,1100,Obstetrics and Gynecology,Wandering spleen presenting as acute pancreatitis in pregnancy
WS0727,WoS,WOS:000182562600019,duplicate,T1 DOI,2003,gilman,10.1016/s0029-7844(02)02617-0,101,1100,OBSTETRICS AND GYNECOLOGY,Wandering spleen presenting as acute pancreatitis in pregnancy
WS0728,PubMed,12731249,kept,,2002,almas,,97,485,"Chirurgia (Bucharest, Romania : 1990)",[Volvulus of the wandering spleen].
WS0728,Scopus,0037664461,duplicate,T2 title+author+year,2002,almas,,97,485,"Chirurgia (Bucharest, Romania : 1990)",Volvulus of the wandering spleen
WS0729,PubMed,12714140,kept,,2003,granel,10.1016/s0002-9343(03)00060-3,114,422,The American journal of medicine,Splenic volvulus in a young woman.
WS0729,Scopus,0037398006,duplicate,T1 DOI,2003,granel,10.1016/s0002-9343(03)00060-3,114,422,American Journal of Medicine,Splenic volvulus in a young woman [4]
WS0729,WoS,WOS:000182436400019,duplicate,T1 DOI,2003,granel,10.1016/s0002-9343(03)00060-3,114,422,AMERICAN JOURNAL OF MEDICINE,Splenic volvulus in a young woman
WS0730,PubMed,12685091,kept,,2003,pasnik,10.7589/0090-3558-39.1.238,39,238,Journal of wildlife diseases,Gastrointestinal torsion in a channel catfish (Ictalurus punctatus).
WS0731,PubMed,12677580,kept,,2003,kim,10.1053/jpsu.2003.50136,38,622,Journal of pediatric surgery,Avulsion of wandering spleen after traumatic torsion.
WS0731,Scopus,0037388793,duplicate,T1 DOI,2003,kim,10.1053/jpsu.2003.50136,38,622,Journal of Pediatric Surgery,Avulsion of wandering spleen after traumatic torsion
WS0731,WoS,WOS:000182020600022,duplicate,T1 DOI,2003,kim,10.1053/jpsu.2003.50136,38,622,JOURNAL OF PEDIATRIC SURGERY,Avulsion of wandering spleen after traumatic torsion
WS0732,PubMed,12640148,kept,,2003,chawla,10.1148/rg.232025110,23,305,"Radiographics : a review publication of the Radiological Society of North  America, Inc",Splenic torsion.
WS0732,Scopus,0037870115,duplicate,T1 DOI,2003,chawla,10.1148/rg.232025110,23,305,Radiographics,Splenic Torsion
WS0732,WoS,WOS:000181617100002,duplicate,T1 DOI,2003,chawla,10.1148/rg.232025110,23,305,RADIOGRAPHICS,Splenic torsion
WS0733,PubMed,12638849,kept,,2002,githaiga,10.4314/eamj.v79i8.8834,79,450,East African medical journal,Wandering spleen presenting as a right hypochondrial mass and intestinal  obstruction.
WS0733,Scopus,0036705095,duplicate,T1 DOI,2002,githaiga,10.4314/eamj.v79i8.8834,79,450,East African Medical Journal,Wandering spleen presenting as a right hypochondrial mass and intestinal obstruction
WS0734,PubMed,12631009,kept,,2003,chang,10.1034/j.1600-0455.2003.00001.x,44,107,"Acta radiologica (Stockholm, Sweden : 1987)",Multidetector-row CT appearance of acute torsion of wandering spleen in a child.
WS0734,Scopus,0037264346,duplicate,T1 DOI,2003,chang,10.1034/j.1600-0455.2003.00001.x,44,107,Acta Radiologica,Multidetector-row CT appearance of acute torsion of wandering spleen in a child
WS0734,WoS,WOS:000181509900021,duplicate,T2 title+author+year,2003,chang,,44,107,ACTA RADIOLOGICA,Multidetector-row CT appearance of acute torsion of wandering spleen in a child
WS0735,PubMed,12587452,kept,,2002,radevic,10.2298/aci0203067r,49,67,Acta chirurgica Iugoslavica,[Partial resection of the spleen in the treatment of benign and traumatic  lesions].
WS0735,Scopus,0036988287,duplicate,T1 DOI,2002,radevic,10.2298/aci0203067r,49,67,Acta chirurgica Iugoslavica,Partial resection of the spleen in the treatment of benign and traumatic lesions
WS0736,PubMed,12515009,kept,,2002,priborsky,,81,492,Rozhledy v chirurgii : mesicnik Ceskoslovenske chirurgicke spolecnosti,[Torsion of the spleen--an unusual cause of sudden acute abdomen].
WS0736,Scopus,0036769124,duplicate,T2 title+author+year,2002,priborsky,,81,492,Rozhledy v chirurgii : mesícník Ceskoslovenské chirurgické spolecnosti,Torsion of the spleen--an unusual cause of sudden acute abdomen
WS0737,Scopus,0037209135,kept,T1 DOI,2003,jain,10.1097/00003072-200301000-00011,28,43,Clinical Nuclear Medicine,An Incidental Pelvic Spleen and Splenule Appearance on Liver-Spleen Imaging
WS0737,PubMed,12493961,duplicate,,2003,jain,10.1097/00003072-200301000-00011,28,43,Clinical nuclear medicine,An incidental pelvic spleen and splenule appearance on liver-spleen imaging.
WS0737,WoS,WOS:000180495800011,duplicate,T1 DOI,2003,jain,10.1097/00003072-200301000-00011,28,43,CLINICAL NUCLEAR MEDICINE,An incidental pelvic spleen and splenule appearance on liver-spleen imaging
WS0738,PubMed,12448175,kept,,2002,pereira,10.1016/s0210-4806(02)72830-1,26,574,Actas urologicas espanolas,[Infrequent left renal pseudomass: ectopic spleen].
WS0738,Scopus,0036728030,duplicate,T1 DOI,2002,pereira,10.1016/s0210-4806(02)72830-1,26,574,Actas urologicas españolas,Infrequent left renal pseudomass: Ectopic spleen
WS0739,PubMed,12440089,kept,,2002,chan,,101,577,Journal of the Formosan Medical Association = Taiwan yi zhi,Acute abdomen due to torsion of a pelvic wandering spleen.
WS0739,Scopus,0036702762,duplicate,T2 title+author+year,2002,chan,,101,577,Journal of the Formosan Medical Association,Acute abdomen due to torsion of a pelvic wandering spleen
WS0739,WoS,WOS:000179030500008,duplicate,T2 title+author+year,2002,chan,,101,577,JOURNAL OF THE FORMOSAN MEDICAL ASSOCIATION,Acute abdomen due to torsion of a pelvic wandering spleen
WS0740,PubMed,12420770,kept,,2002,king,10.2460/javma.2002.220.973,220,973,Journal of the American Veterinary Medical Association,What is your diagnosis? Splenic torsion.
WS0740,WoS,WOS:000174738600017,duplicate,T1 DOI,2002,king,10.2460/javma.2002.220.973,220,973,JOURNAL OF THE AMERICAN VETERINARY MEDICAL ASSOCIATION,What is your diagnosis? Radiographic diagnosis - Soft-tissue opacity containing numerous gas pockets in the right cranioventral abdominal region
WS0741,PubMed,12378476,kept,,2002,steinberg,10.1053/jpsu.2002.35443,37,30,Journal of pediatric surgery,Clinical presentation of wandering spleen.
WS0741,Scopus,19044397518,duplicate,T2 title+author+year,2002,steinberg,,37,30,Journal of pediatric surgery,Clinical presentation of wandering spleen.
WS0742,PubMed,12356230,kept,,2002,kanmaz,10.1007/bf02722716,69,729,Indian journal of pediatrics,The split notochord syndrome with dorsal enteric fistula.
WS0742,Scopus,0036692321,duplicate,T1 DOI,2002,kanmaz,10.1007/bf02722716,69,729,Indian Journal of Pediatrics,The split notochord syndrome with dorsal enteric fistula
WS0743,PubMed,12324776,kept,,2002,sayeed,10.1067/msy.2002.119494,132,535,Surgery,Torsion of a wandering spleen.
WS0743,Scopus,0036748105,duplicate,T1 DOI,2002,sayeed,10.1067/msy.2002.119494,132,535,Surgery,Torsion of a wandering spleen
WS0743,WoS,WOS:000178378800024,duplicate,T1 DOI,2002,sayeed,10.1067/msy.2002.119494,132,535,SURGERY,Torsion of a wandering spleen
WS0744,PubMed,12197093,kept,,2002,miele,,24,313,La Pediatria medica e chirurgica : Medical and surgical pediatrics,[Torsion of a wandering spleen: ultrasonography and computer tomography in  conservative treatment. A case report].
WS0744,Scopus,0036633776,duplicate,T2 title+author+year,2002,miele,,24,313,La Pediatria medica e chirurgica : Medical and surgical pediatrics,Torsion of a wandering spleen: ultrasonography and computer tomography in conservative treatment. A case report
WS0745,PubMed,12192943,kept,,2002,bombardieri,,54,417,Chirurgia italiana,[Wandering spleen with torsion of the pedicle. A case report and review of the  literature].
WS0745,Scopus,0036583563,duplicate,T2 title+author+year,2002,bombardieri,,54,417,Chirurgia italiana,Wandering spleen with torsion of the pedicle. A case report and review of the literature
WS0746,PubMed,12183881,kept,,2002,gayer,,4,658,The Israel Medical Association journal : IMAJ,Torsion of a wandering spleen.
WS0746,Scopus,0036335620,duplicate,T2 title+author+year,2002,gayer,,4,658,Israel Medical Association Journal,Torsion of a wandering spleen
WS0746,WoS,WOS:000182574500023,duplicate,T2 title+author+year,2002,gayer,,4,658,ISRAEL MEDICAL ASSOCIATION JOURNAL,Torsion of a wandering spleen
WS0747,PubMed,12165835,kept,,2002,rosin,10.1007/s00464-001-0078-3,16,1110,Surgical endoscopy,Laparoscopic splenectomy for torsion of wandering spleen associated with celiac  axis occlusion.
WS0747,Scopus,0036634729,duplicate,T1 DOI,2002,rosin,10.1007/s00464-001-0078-3,16,1110,Surgical Endoscopy,Laparoscopic splenectomy for torsion of wandering spleen associated with celiac axis occlusion
WS0748,PubMed,12045854,kept,,2002,benevento,10.1007/s00464-002-4213-6,16,1364,Surgical endoscopy,"Emergency laparoscopic splenectomy for ""wandering"" (pelvic) spleen: case report  and review of the literature on laparoscopic approach to splenic diseases."
WS0748,Scopus,0036729876,duplicate,T2 title+author+year,2002,benevento,,16,1364,Surgical endoscopy,"Emergency laparoscopic splenectomy for ""wandering"" (pelvic) spleen: case report and review of the literature on laparoscopic approach to splenic diseases."
WS0749,PubMed,12018698,kept,,2002,satyadas,,47,512,Journal of the Royal College of Surgeons of Edinburgh,Wandering spleen: case report and literature review.
WS0749,Scopus,0036242478,duplicate,T2 title+author+year,2002,satyadas,,47,512,Journal of the Royal College of Surgeons of Edinburgh,Wandering spleen: Case report and literature review
WS0749,WoS,WOS:000175357600011,duplicate,T2 title+author+year,2002,satyadas,,47,512,JOURNAL OF THE ROYAL COLLEGE OF SURGEONS OF EDINBURGH,Wandering spleen: case report and literature review
WS0750,PubMed,11918980,kept,,2002,teomete,10.1016/s0895-6111(01)00037-4,26,177,Computerized medical imaging and graphics : the official journal of the  Computerized Medical Imaging Society,Ectopic spleen and left-sided vena cava in Beckwith-Wiedemann syndrome.
WS0750,Scopus,0037029079,duplicate,T1 DOI,2002,teomete,10.1016/s0895-6111(01)00037-4,26,177,Computerized Medical Imaging and Graphics,Ectopic spleen and left–sided vena cava in Beckwith-Wiedemann syndrome
WS0750,WoS,WOS:000175260100006,duplicate,T1 DOI,2002,teomete,10.1016/s0895-6111(01)00037-4,26,177,COMPUTERIZED MEDICAL IMAGING AND GRAPHICS,Ectopic spleen and left-sided vena cava in Beckwith-Wiedemann syndrome
WS0751,PubMed,11904097,kept,,2002,hamel,10.1016/s0001-706x(02)00025-6,82,1,Acta tropica,Nonoperative treatment of splenic rupture in malaria tropica: review of  literature and case report.
WS0751,Scopus,0036126605,duplicate,T1 DOI,2002,hamel,10.1016/s0001-706x(02)00025-6,82,1,Acta Tropica,Nonoperative treatment of splenic rupture in malaria tropica: Review of literature and case report
WS0751,WoS,WOS:000175126200001,duplicate,T1 DOI,2002,hamel,10.1016/s0001-706x(02)00025-6,82,1,ACTA TROPICA,Nonoperative treatment of splenic rupture in malaria tropica: review of literature and case report
WS0752,PubMed,11870427,kept,,2002,karantanas,10.1007/s003300100984,12,309,European radiology,The value of MR angiography in predicting the risk of torsion of a pelvic spleen  during pregnancy.
WS0752,Scopus,0036484807,duplicate,T1 DOI,2002,karantanas,10.1007/s003300100984,12,309,European Radiology,The value of MR angiography in predicting the risk of torsion of a pelvic spleen during pregnancy
WS0752,WoS,WOS:000174127700007,duplicate,T1 DOI,2002,karantanas,10.1007/s003300100984,12,309,EUROPEAN RADIOLOGY,The value of MR angiography in predicting the risk of torsion of a pelvic spleen during pregnancy
WS0753,PubMed,11846716,kept,,2001,matorras,10.1034/j.1600-0412.2001.801215.x,80,1146,Acta obstetricia et gynecologica Scandinavica,Pelvic spleen: a very rare entity not to be misdiagnosed by the laparoscopic  surgeon.
WS0753,Scopus,0035692968,duplicate,T1 DOI,2001,matorras,10.1034/j.1600-0412.2001.801215.x,80,1146,Acta Obstetricia et Gynecologica Scandinavica,Pelvic spleen: A very rare entity not to be misdiagnosed by the laparoscopic surgeon
WS0753,WoS,WOS:000173282600015,duplicate,T1 DOI,2001,matorras,10.1034/j.1600-0412.2001.801215.x,80,1146,ACTA OBSTETRICIA ET GYNECOLOGICA SCANDINAVICA,Pelvic spleen: a very rare entity not to be misdiagnosed by the laparoscopic surgeon
WS0754,PubMed,11770276,kept,,2001,d'halluin,10.1016/s1297-9589(01)00226-0,29,821,"Gynecologie, obstetrique & fertilite",[Torsion of the accessory spleen: an atypical etiology for acute abdomen].
WS0754,Scopus,18544412955,duplicate,T1 DOI,2001,d'halluin,10.1016/s1297-9589(01)00226-0,29,821,Gynecologie Obstetrique Fertilite,Torsion de rate accessoire: Une étiologie de syndrome péritonéal bien atypique
WS0755,PubMed,11760582,kept,,2001,habib,10.1016/s0003-3944(01)00623-x,126,896,Annales de chirurgie,[Hematemesis revealing chronic volvulus of a wandering spleen].
WS0755,Scopus,0035178633,duplicate,T1 DOI,2001,habib,10.1016/s0003-3944(01)00623-x,126,896,Annales de Chirurgie,Haematemesis revealing the chronic volvulus of a wandering spleen
WS0755,WoS,WOS:000172335100011,duplicate,T1 DOI,2001,habib,10.1016/s0003-3944(01)00623-x,126,896,ANNALES DE CHIRURGIE,Haematemesis revealing the chronic volvulus of a wandering spleen.
WS0756,PubMed,11592523,kept,,2001,reisli,,43,265,The Turkish journal of pediatrics,A case of osteopetrosis with pelvic ectopic spleen: an unusual association.
WS0756,Scopus,0035404799,duplicate,T2 title+author+year,2001,reisli,,43,265,Turkish Journal of Pediatrics,A case of osteopetrosis with pelvic ectopic spleen: An unusual association
WS0756,WoS,WOS:000171174700018,duplicate,T2 title+author+year,2001,reisli,,43,265,TURKISH JOURNAL OF PEDIATRICS,A case of osteopetrosis with pelvic ectopic spleen:: an unusual association
WS0757,PubMed,11589600,kept,,2000,andley,,85,322,International surgery,Internal herniation of wandering spleen--a rare cause of recurrent abdominal  pain.
WS0757,Scopus,0034305834,duplicate,T2 title+author+year,2000,andley,,85,322,International Surgery,Internal herniation of wandering spleen - A rare cause of recurrent abdominal pain
WS0757,WoS,WOS:000171003700011,duplicate,T2 title+author+year,2000,andley,,85,322,INTERNATIONAL SURGERY,Internal herniation of wandering spleen - A rare cause of recurrent abdominal pain
WS0758,PubMed,11578071,kept,,2001,wen,10.1007/s005350170051,36,643,Journal of gastroenterology,Sonographic findings of wandering spleen.
WS0758,Scopus,0034787643,duplicate,T1 DOI,2001,wen,10.1007/s005350170051,36,643,Journal of Gastroenterology,Sonographic findings of wandering spleen
WS0758,WoS,WOS:000171105200011,duplicate,T1 DOI,2001,wen,10.1007/s005350170051,36,643,JOURNAL OF GASTROENTEROLOGY,Sonographic findings of wandering spleen
WS0759,PubMed,11547636,kept,,2001,ibanez,,14,129,Cirugia pediatrica : organo oficial de la Sociedad Espanola de Cirugia Pediatrica,[Acute gastric volvulus secondary to asplenia in a child with Smith-Lemli-Opitz  syndrome].
WS0759,Scopus,0035404964,duplicate,T2 title+author+year,2001,ibanez,,14,129,Cirugía pediátrica : organo oficial de la Sociedad Española de Cirugía Pediátrica,Acute gastric volvulus secondary to asplenia in a child with Smith-Lemli-Opitz syndrome
WS0760,PubMed,11528630,kept,,2001,tashjian,10.1016/s0022-3468(01)70004-8,36,1468,Journal of pediatric surgery,"Re: ""Gastric volvulus associated with wandering spleen in a child""."
WS0760,Scopus,0034857796,duplicate,T1 DOI,2001,tashjian,10.1016/s0022-3468(01)70004-8,36,1468,Journal of Pediatric Surgery,Correspondence [2]
WS0761,PubMed,11519393,kept,,2001,dweck,,3,623,The Israel Medical Association journal : IMAJ,Wandering spleen in a young girl with Gaucher disease.
WS0761,Scopus,0034821582,duplicate,T2 title+author+year,2001,dweck,,3,623,Israel Medical Association Journal,Wandering spleen in a young girl with Gaucher disease
WS0761,WoS,WOS:000171334800018,duplicate,T2 title+author+year,2001,dweck,,3,623,ISRAEL MEDICAL ASSOCIATION JOURNAL,Wandering spleen in a young girl with Gaucher disease
WS0762,PubMed,11511506,kept,,2001,gayer,10.1259/bjr.74.884.740767,74,767,The British journal of radiology,CT findings in congenital anomalies of the spleen.
WS0762,Scopus,0034876012,duplicate,T1 DOI,2001,gayer,10.1259/bjr.74.884.740767,74,767,British Journal of Radiology,CT findings in congenital anomalies of the spleen
WS0762,WoS,WOS:000170612400018,duplicate,T1 DOI,2001,gayer,10.1259/bjr.74.884.740767,74,767,BRITISH JOURNAL OF RADIOLOGY,CT findings in congenital anomalies of the spleen
WS0763,PubMed,11433685,kept,,2001,bittar,,30,1005,"Presse medicale (Paris, France : 1983)",[Volvulus of the mobile spleen. Conservative laparoscopic treatment].
WS0763,Scopus,0035832475,duplicate,T2 title+author+year,2001,bittar,,30,1005,Presse Medicale,Volvulus of the mobile spleen: Conservative laparoscopic treatment
WS0763,WoS,WOS:000169419200003,duplicate,T2 title+author+year,2001,bittar,,30,1005,PRESSE MEDICALE,Volvulus of the mobile spleen: conservative laparoscopic treatment
WS0764,PubMed,11433574,kept,,2001,resiere,10.1016/s0248-8663(01)00395-2,22,594,La Revue de medecine interne,"[""Wandering"" spleen revealed by hematemesis]."
WS0764,Scopus,0034743592,duplicate,T1 DOI,2001,resiere,10.1016/s0248-8663(01)00395-2,22,594,Revue de Medecine Interne,Wandering spleen' revealed by hematemesis [4]
WS0764,WoS,WOS:000169396900020,duplicate,T1 DOI,2001,resiere,10.1016/s0248-8663(01)00395-2,22,594,REVUE DE MEDECINE INTERNE,'Wandering spleen' revealed by hematemesis
WS0765,PubMed,11429960,kept,,2001,pelizzo,10.1007/s002610000171,26,306,Abdominal imaging,"Gastric volvulus associated with congenital diaphragmatic hernia, wandering  spleen, and intrathoracic left kidney: CT findings."
WS0765,Scopus,0035003280,duplicate,T1 DOI,2001,pelizzo,10.1007/s002610000171,26,306,Abdominal Imaging,"Gastric volvulus associated with congenital diaphragmatic hernia, wandering spleen, and intrathoracic left kidney: CT findings"
WS0765,WoS,WOS:000168470500016,duplicate,T1 DOI,2001,pelizzo,10.1007/s002610000171,26,306,ABDOMINAL IMAGING,"Gastric volvulus associated with congenital diaphragmatic hernia, wandering spleen, and intrathoracic left kidney: CT findings"
WS0766,PubMed,11405265,kept,,2001,patsikas,10.1111/j.1740-8261.2001.tb00931.x,42,235,Veterinary radiology & ultrasound : the official journal of the American College  of Veterinary Radiology and the International Veterinary Radiology Association,Computed tomography diagnosis of isolated splenic torsion in a dog.
WS0766,Scopus,0035348803,duplicate,T1 DOI,2001,patsikas,10.1111/j.1740-8261.2001.tb00931.x,42,235,Veterinary Radiology and Ultrasound,Computed tomography diagnosis of isolated splenic torsion in a dog
WS0766,WoS,WOS:000169077200006,duplicate,T1 DOI,2001,patsikas,10.1111/j.1740-8261.2001.tb00931.x,42,235,VETERINARY RADIOLOGY & ULTRASOUND,Computed tomography diagnosis of isolated splenic torsion in a dog
WS0767,PubMed,11402963,kept,,2001,zaccheo,,101,200,La Radiologia medica,[Wandering spleen: unusual case of pelvic mass].
WS0767,Scopus,0035291696,duplicate,T3 similar title+author+year,2001,zaccheo,,101,200,Radiologia Medica,Wandering spleen: An unusual case of pelvic mass
WS0768,PubMed,11395827,kept,,2001,peitgen,10.1007/s004640040043,15,413,Surgical endoscopy,"Laparoscopic splenopexy by peritoneal and omental pouch construction for  intermittent splenic torsion (""wandering spleen"")."
WS0768,Scopus,19244384522,duplicate,T1 DOI,2001,peitgen,10.1007/s004640040043,15,413,Surgical endoscopy,"Laparoscopic splenopexy by peritoneal and omental pouch construction for intermittent splenic torsion (""wandering spleen"")."
WS0769,PubMed,11380975,kept,,2001,cobellis,10.1046/j.1469-0705.2001.00403.x,17,453,Ultrasound in obstetrics & gynecology : the official journal of the International  Society of Ultrasound in Obstetrics and Gynecology,Ultrasound diagnosis and Doppler monitoring of a pelvic spleen in pregnancy.
WS0769,Scopus,0034992696,duplicate,T1 DOI,2001,cobellis,10.1046/j.1469-0705.2001.00403.x,17,453,Ultrasound in Obstetrics and Gynecology,Ultrasound diagnosis and Doppler monitoring of a pelvic spleen in pregnancy
WS0769,WoS,WOS:000168941600018,duplicate,T1 DOI,2001,cobellis,10.1046/j.1469-0705.2001.00403.x,17,453,ULTRASOUND IN OBSTETRICS & GYNECOLOGY,Ultrasound diagnosis and Doppler monitoring of a pelvic spleen in pregnancy
WS0770,PubMed,11321748,kept,,2001,kao,10.1007/s002470000413,31,283,Pediatric radiology,99mTc-sulphur-colloid and heat-denatured 99mTc-labelled red cell scans  demonstrating a giant intrapelvic spleen in a girl after splenectomy.
WS0770,Scopus,0034744816,duplicate,T1 DOI,2001,kao,10.1007/s002470000413,31,283,Pediatric Radiology,99mTc-sulphur-colloid and heat-denatured 99mTc-labelled red cell scans demonstrating a giant intrapelvic spleen in a girl after splenectomy
WS0770,WoS,WOS:000167836900013,duplicate,T1 DOI,2001,kao,10.1007/s002470000413,31,283,PEDIATRIC RADIOLOGY,99mTc-sulphur-colloid and heat-denatured 99mTc-labelled red cell scans demonstrating a giant intrapelvic spleen in a girl after splenectomy
WS0771,PubMed,11291719,kept,,2001,ratan,10.1007/s005950170209,31,184,Surgery today,Left diaphragmatic eventration with a suprapubic spleen: report of a case.
WS0771,Scopus,0035114549,duplicate,T1 DOI,2001,ratan,10.1007/s005950170209,31,184,Surgery Today,Left diaphragmatic eventration with a suprapubic spleen: Report of a case
WS0771,WoS,WOS:000167355600020,duplicate,T1 DOI,2001,ratan,10.1007/s005950170209,31,184,SURGERY TODAY-THE JAPANESE JOURNAL OF SURGERY,Left diaphragmatic eventuation with a suprapubic spleen: Report of a case
WS0772,PubMed,11288861,kept,,2001,perez,10.1007/s003300000547,11,509,European radiology,"Accessory spleen torsion: US, CT and MR findings."
WS0772,Scopus,0034879816,duplicate,T1 DOI,2001,perez,10.1007/s003300000547,11,509,European Radiology,"Accessory spleen torsion: US, CT and MR findings"
WS0772,WoS,WOS:000167273600023,duplicate,T1 DOI,2001,fontan,10.1007/s003300000547,11,509,EUROPEAN RADIOLOGY,"Accessory spleen torsion:: US, CT and MR findings"
WS0773,PubMed,11255975,kept,,2001,farthouat,10.1016/s0003-3944(00)00460-0,126,67,Annales de chirurgie,[Unusual testicular tumor: an ectopic spleen].
WS0773,Scopus,0035133971,duplicate,T1 DOI,2001,farthouat,10.1016/s0003-3944(00)00460-0,126,67,Annales de Chirurgie,Unusual tumor of the testis: An ectopic spleen
WS0773,WoS,WOS:000166844200011,duplicate,T1 DOI,2001,farthouat,10.1016/s0003-3944(00)00460-0,126,67,ANNALES DE CHIRURGIE,Unusual tumor of the testis: an ectopic spleen
WS0774,PubMed,11202393,kept,,2000,hardy,10.1111/j.2042-3306.2000.tb05342.x,,95,Equine veterinary journal. Supplement,Nephrosplenic entrapment in the horse: a retrospective study of 174 cases.
WS0775,PubMed,11194924,kept,,2001,aoun,10.1007/s003300000545,11,96,European radiology,Left-sided omental torsion: CT appearance.
WS0776,PubMed,11180188,kept,,2001,bhasin,10.1002/1097-0096(200101)29:1<60::aid-jcu11>3.0.co;2-o,29,60,Journal of clinical ultrasound : JCU,Value of power Doppler sonography in the evaluation of torsion in a wandering  spleen.
WS0776,Scopus,0035170232,duplicate,T1 DOI,2001,tateishi,10.1002/1097-0096(200101)29:1<60::aid-jcu11>3.0.co;2-o,29,60,Journal of Clinical Ultrasound,Value of power Doppler sonography in the evaluation of torsion in a wandering spleen [1]
WS0776,WoS,WOS:000166121200011,duplicate,T2 title+author+year,2001,bhasin,,29,60,JOURNAL OF CLINICAL ULTRASOUND,Value of power Doppler sonography in the evaluation of torsion in a wandering spleen
WS0777,PubMed,11167584,kept,,2000,zimmermann,10.1046/j.1440-1622.2000.02008.x,70,904,The Australian and New Zealand journal of surgery,Wandering spleen presenting as an asymptomatic mass.
WS0777,Scopus,0033668604,duplicate,T1 DOI,2000,zimmermann,10.1046/j.1440-1622.2000.02008.x,70,904,Australian and New Zealand Journal of Surgery,Wandering spleen presenting as an asymptomatic mass
WS0777,WoS,WOS:000165936000018,duplicate,T1 DOI,2000,zimmermann,10.1046/j.1440-1622.2000.02008.x,70,904,AUSTRALIAN AND NEW ZEALAND JOURNAL OF SURGERY,Wandering spleen presenting as an asymptomatic mass
WS0778,PubMed,11149406,kept,,2000,emir,10.1007/s003830000353,16,602,Pediatric surgery international,A case of wandering spleen causing urinary symptoms after correction of a  posterolateral diaphragmatic hernia.
WS0778,Scopus,0033672963,duplicate,T1 DOI,2000,emir,10.1007/s003830000353,16,602,Pediatric Surgery International,A case of wandering spleen causing urinary symptoms after correction of a posterolateral diaphragmatic hernia
WS0778,WoS,WOS:000165611700018,duplicate,T1 DOI,2000,emir,10.1007/s003830000353,16,602,PEDIATRIC SURGERY INTERNATIONAL,A case of wandering spleen causing urinary symptoms after correction of a posterolateral diaphragmatic hernia
WS0779,Scopus,0033770832,kept,T2 title+author+year,2000,nomura,10.1097/00129689-200010000-00016,10,332,"Surgical Laparoscopy, Endoscopy and Percutaneous Techniques",Laparoscopic splenopexy for adult wandering spleen: Sandwich method with two sheets of absorbable knitted mesh
WS0779,WoS,WOS:000089804000015,duplicate,T2 title+author+year,2000,nomura,10.1097/00019509-200010000-00016,10,332,SURGICAL LAPAROSCOPY ENDOSCOPY & PERCUTANEOUS TECHNIQUES,Laparoscopic splenopexy for adult wandering spleen: Sandwich method with two sheets of absorbable knitted mesh
WS0779,PubMed,11083221,duplicate,,2000,nomura,,10,332,"Surgical laparoscopy, endoscopy & percutaneous techniques",Laparoscopic splenopexy for adult wandering spleen: sandwich method with two  sheets of absorbable knitted mesh.
WS0780,PubMed,11051164,kept,,2000,nawaz,10.1053/jpsu.2000.16427,35,1508,Journal of pediatric surgery,Intrauterine torsion of a wandering spleen presenting as an abdominal cystic  swelling.
WS0780,Scopus,0033782195,duplicate,T1 DOI,2000,nawaz,10.1053/jpsu.2000.16427,35,1508,Journal of Pediatric Surgery,Intrauterine torsion of a wandering spleen presenting as an abdominal cystic swelling
WS0780,WoS,WOS:000089701200026,duplicate,T1 DOI,2000,nawaz,10.1053/jpsu.2000.16427,35,1508,JOURNAL OF PEDIATRIC SURGERY,Intrauterine torsion of a wandering spleen presenting as an abdominal cystic swelling
WS0781,PubMed,11014490,kept,,2000,szatmari,10.1136/vr.147.9.247,147,247,The Veterinary record,Spontaneous resolution of splenic torsion in a dog.
WS0781,Scopus,0034718269,duplicate,T1 DOI,2000,szatmari,10.1136/vr.147.9.247,147,247,The Veterinary record,Spontaneous resolution of splenic torsion in a dog.
WS0781,WoS,WOS:000089241700011,duplicate,T1 DOI,2000,szatmari,10.1136/vr.147.9.247,147,247,VETERINARY RECORD,Spontaneous resolution of splenic torsion in a dog
WS0782,PubMed,10997513,kept,,2000,weber,10.5326/15473317-36-5-390,36,390,Journal of the American Animal Hospital Association,Chronic primary splenic torsion with peritoneal adhesions in a dog: case report  and literature review.
WS0782,Scopus,0034267042,duplicate,T1 DOI,2000,weber,10.5326/15473317-36-5-390,36,390,Journal of the American Animal Hospital Association,Chronic primary splenic torsion with peritoneal adhesions in a dog: Case report and literature review
WS0782,WoS,WOS:000089340200004,duplicate,T1 DOI,2000,weber,10.5326/15473317-36-5-390,36,390,JOURNAL OF THE AMERICAN ANIMAL HOSPITAL ASSOCIATION,Chronic primary splenic torsion with peritoneal adhesions in a dog: Case report and literature review
WS0783,Scopus,0033847536,kept,T1 DOI,2000,ratani,10.1097/00003072-200009000-00025,25,738,Clinical Nuclear Medicine,An intrathoracic wandering spleen in a patient with Ehlers-Danlos syndrome and diaphragmatic hernia
WS0783,PubMed,10983773,duplicate,,2000,ratani,10.1097/00003072-200009000-00025,25,738,Clinical nuclear medicine,An intrathoracic wandering spleen in a patient with Ehlers-Danlos syndrome and  diaphragmatic hernia.
WS0783,WoS,WOS:000089040500025,duplicate,T1 DOI,2000,ratani,10.1097/00003072-200009000-00025,25,738,CLINICAL NUCLEAR MEDICINE,An intrathoracic wandering spleen in a patient with Ehlers-Danlos syndrome and diaphragmatic hernia
WS0784,PubMed,10965321,kept,,2000,ugolini,10.1067/msy.2000.104121,128,480,Surgery,Gastric outlet obstruction secondary to wandering spleen.
WS0784,Scopus,0033821983,duplicate,T1 DOI,2000,ugolini,10.1067/msy.2000.104121,128,480,Surgery,Gastric outlet obstruction secondary to wandering spleen
WS0784,WoS,WOS:000089154100014,duplicate,T1 DOI,2000,ugolini,10.1067/msy.2000.104121,128,480,SURGERY,Gastric outlet obstruction secondary to wandering spleen
WS0785,PubMed,10914241,kept,,1999,ravid,,136,366,Harefuah,"[The ""wandering spleen"" syndrome]."
WS0785,Scopus,0033085733,duplicate,T2 title+author+year,1999,ravid,,136,366,Harefuah,"The ""wandering spleen"" syndrome"
WS0786,PubMed,10800003,kept,,2000,danaci,10.1002/(sici)1097-0096(200006)28:5<246::aid-jcu6>3.0.co;2-#,28,246,Journal of clinical ultrasound : JCU,Power Doppler sonographic diagnosis of torsion in a wandering spleen.
WS0786,Scopus,0034025068,duplicate,T2 title+author+year,2000,danaci,10.1002/(sici)1097-0096(200006)28:5<246::aid-jcu6>3.0.co;2-%23,28,246,Journal of Clinical Ultrasound,Power Doppler sonographic diagnosis of torsion in a wandering spleen
WS0786,WoS,WOS:000087053200006,duplicate,T1 DOI,2000,danaci,10.1002/(sici)1097-0096(200006)28:5<246::aid-jcu6>3.0.co;2-#,28,246,JOURNAL OF CLINICAL ULTRASOUND,Power Doppler sonographic diagnosis of torsion in a wandering spleen
WS0787,Scopus,0034044438,kept,T1 DOI,2000,sirikci,10.1016/s0022-5347(05)67592-1,163,1901,Journal of Urology,Thoracic kidney associated with superior ectopic spleen
WS0787,WoS,WOS:000086984900113,duplicate,T2 title+author+year,2000,sirikci,10.1016/s0022-5347(05)67592-1,163,1901,JOURNAL OF UROLOGY,Thoracic kidney associated with superior ectopic spleen
WS0787,PubMed,10799223,duplicate,,2000,sirikci,,163,1901,The Journal of urology,Thoracic kidney associated with superior ectopic spleen.
WS0788,PubMed,10770692,kept,,1999,dindar,,41,147,The Turkish journal of pediatrics,"The split notochord syndrome with dorsal enteric fistula, meningomyelocele and  imperforate anus."
WS0788,Scopus,0032600826,duplicate,T2 title+author+year,1999,dindar,,41,147,Turkish Journal of Pediatrics,"The split notochord syndrome with dorsal enteric fistula, meningomyelocele and imperforate anus"
WS0788,WoS,WOS:000078958100020,duplicate,T2 title+author+year,1999,dindar,,41,147,TURKISH JOURNAL OF PEDIATRICS,"The split notochord syndrome with dorsal enteric fistula, meningomyelocele and imperforate anus"
WS0789,PubMed,10770406,kept,,2000,spector,10.1053/jpsu.2000.0350641,35,641,Journal of pediatric surgery,Gastric volvulus associated with wandering spleen in a child.
WS0789,Scopus,0034082842,duplicate,T1 DOI,2000,spector,10.1053/jpsu.2000.0350641,35,641,Journal of Pediatric Surgery,Gastric volvulus associated with wandering spleen in a child
WS0789,WoS,WOS:000086203200030,duplicate,T1 DOI,2000,spector,10.1053/jpsu.2000.0350641,35,641,JOURNAL OF PEDIATRIC SURGERY,Gastric volvulus associated with wandering spleen in a child
WS0790,PubMed,10692797,kept,,1999,lo,,70,759,Annali italiani di chirurgia,[Splenic infarction caused by vascular pedicle torsion].
WS0790,Scopus,0033182109,duplicate,T4 author+year+volume+first page,1999,lo,,70,759,Annali Italiani di Chirurgia,Splenic infarction
WS0791,PubMed,10574027,kept,,1999,dinter,,52,182,Rontgenpraxis; Zeitschrift fur radiologische Technik,"[Wandering spleen: detection with ultrasound, CT, MR(A) and 99mTc scintigraphy  with altered erythrocytes]."
WS0792,PubMed,10555669,kept,,1999,paterson,10.1148/radiographics.19.6.g99no231465,19,1465,"Radiographics : a review publication of the Radiological Society of North  America, Inc",A pattern-oriented approach to splenic imaging in infants and children.
WS0792,Scopus,0033226924,duplicate,T1 DOI,1999,paterson,10.1148/radiographics.19.6.g99no231465,19,1465,Radiographics,A pattern-oriented approach to splenic imaging in infants and children
WS0792,WoS,WOS:000083529800008,duplicate,T1 DOI,1999,paterson,10.1148/radiographics.19.6.g99no231465,19,1465,RADIOGRAPHICS,A pattern-oriented approach to splenic imaging in infants and children
WS0793,PubMed,10525216,kept,,1999,vural,10.1002/(sici)1097-0096(199911/12)27:9<534::aid-jcu8>3.0.co;2-x,27,534,Journal of clinical ultrasound : JCU,Symptomatic wandering accessory spleen in the pelvis: sonographic findings.
WS0793,Scopus,0032735432,duplicate,T1 DOI,1999,vural,10.1002/(sici)1097-0096(199911/12)27:9<534::aid-jcu8>3.0.co;2-x,27,534,Journal of Clinical Ultrasound,Symptomatic wandering accessory spleen in the pelvis: Sonographic findings
WS0793,WoS,WOS:000083386300008,duplicate,T2 title+author+year,1999,vural,10.1002/(sici)1097-0096(199911/12)27:9<534::aid-jcu8>3.3.co;2-o,27,534,JOURNAL OF CLINICAL ULTRASOUND,Symptomatic wandering accessory spleen in the pelvis: Sonographic findings
WS0794,PubMed,10488833,kept,,1999,haj,10.1089/lap.1999.9.357,9,357,Journal of laparoendoscopic & advanced surgical techniques. Part A,Laparoscopic splenopexy of a wandering spleen.
WS0794,Scopus,0032874111,duplicate,T1 DOI,1999,haj,10.1089/lap.1999.9.357,9,357,Journal of Laparoendoscopic and Advanced Surgical Techniques - Part A,Laparoscopic splenopexy of a wandering spleen
WS0794,WoS,WOS:000082244800010,duplicate,T1 DOI,1999,haj,10.1089/lap.1999.9.357,9,357,JOURNAL OF LAPAROENDOSCOPIC & ADVANCED SURGICAL TECHNIQUES-PART A,Laparoscopic splenopexy of a wandering spleen
WS0795,PubMed,10486101,kept,,1999,kapellerova,10.1007/s004310051229,158,870,European journal of pediatrics,Enuresis as a rare symptom of the dystopic spleen in a child.
WS0795,Scopus,0032833818,duplicate,T1 DOI,1999,kapellerova,10.1007/s004310051229,158,870,European Journal of Pediatrics,Enuresis as a rare symptom of the dystopic spleen in a child [5]
WS0795,WoS,WOS:000082612000031,duplicate,T1 DOI,1999,kapellerova,10.1007/s004310051229,158,870,EUROPEAN JOURNAL OF PEDIATRICS,Enuresis as a rare symptom of the dystopic spleen in a child
WS0796,PubMed,10452449,kept,,1999,padilla,10.1016/s0735-6757(99)90103-1,17,429,The American journal of emergency medicine,Acute abdomen due to spontaneous torsion of an accessory spleen.
WS0796,Scopus,0032786987,duplicate,T1 DOI,1999,padilla,10.1016/s0735-6757(99)90103-1,17,429,American Journal of Emergency Medicine,Acute abdomen due to spontaneous torsion of an accessory spleen [2]
WS0796,WoS,WOS:000081837100026,duplicate,T1 DOI,1999,padilla,10.1016/s0735-6757(99)90103-1,17,429,AMERICAN JOURNAL OF EMERGENCY MEDICINE,Acute abdomen due to spontaneous torsion of an accessory spleen
WS0797,PubMed,10450220,kept,,1999,lane,10.1177/014107689909200211,92,84,Journal of the Royal Society of Medicine,Management of a wandering spleen.
WS0797,Scopus,0033007929,duplicate,T1 DOI,1999,lane,10.1177/014107689909200211,92,84,Journal of the Royal Society of Medicine,Management of a wandering spleen
WS0797,WoS,WOS:000084752500011,duplicate,T1 DOI,1999,lane,10.1177/014107689909200211,92,84,JOURNAL OF THE ROYAL SOCIETY OF MEDICINE,Management of a wandering spleen
WS0798,PubMed,10434461,kept,,1999,catani,,70,265,Annali italiani di chirurgia,[Laparoscopy in an abdominal emergency: the diagnosis and therapy in 3 clinical  cases of acute abdomen].
WS0798,Scopus,17544389171,duplicate,T2 title+author+year,1999,catani,,70,265,Annali italiani di chirurgia,Laparoscopy in an abdominal emergency: the diagnosis and therapy in 3 clinical cases of acute abdomen
WS0799,PubMed,10429869,kept,,1999,blanc,,23,585,Gastroenterologie clinique et biologique,[Splenic infarction by torsion of its pedicle: the wandering spleen syndrome].
WS0799,Scopus,0032991440,duplicate,T3 similar title+author+year,1999,blanc,,23,585,Gastroenterologie Clinique et Biologique,Splenic infarction by torsion of its pedicle: The wandering spleen syndrome [1]
WS0799,WoS,WOS:000081689900024,duplicate,T2 title+author+year,1999,blanc,,23,585,GASTROENTEROLOGIE CLINIQUE ET BIOLOGIQUE,Splenic infarction by torsion of its pedicle: the wandering spleen syndrome
WS0800,PubMed,10404483,kept,,1999,baines,,40,251,The Journal of small animal practice,What is your diagnosis?Splenic torsion.
WS0800,Scopus,0033145707,duplicate,T2 title+author+year,1999,baines,,40,251,The Journal of small animal practice,What is your diagnosis?Splenic torsion.
WS0801,Scopus,0032937291,kept,T1 DOI,1999,ohta,10.1097/00003072-199906000-00023,24,458,Clinical Nuclear Medicine,Tc-99m phytate images in a patient with a wandering spleen
WS0801,PubMed,10361952,duplicate,,1999,ohta,10.1097/00003072-199906000-00023,24,458,Clinical nuclear medicine,Tc-99m phytate images in a patient with a wandering spleen.
WS0801,WoS,WOS:000080409300023,duplicate,T1 DOI,1999,ohta,10.1097/00003072-199906000-00023,24,458,CLINICAL NUCLEAR MEDICINE,Tc-99m phytate images in a patient with a wandering spleen
WS0802,Scopus,0033112838,kept,T2 title+author+year,1999,fasse,10.1055/s-2007-1011062,170,404,RöFo : Fortschritte auf dem Gebiete der Röntgenstrahlen und der Nuklearmedizin,The wandering spleen--a rare differential diagnosis of acute abdomen
WS0802,PubMed,10341802,duplicate,,1999,fasse,,170,404,RoFo : Fortschritte auf dem Gebiete der Rontgenstrahlen und der Nuklearmedizin,[The wandering spleen--a rare differential diagnosis of acute abdomen].
WS0802,WoS,WOS:000080152200013,duplicate,T4 author+year+volume+first page,1999,fasse,,170,404,ROFO-FORTSCHRITTE AUF DEM GEBIET DER RONTGENSTRAHLEN UND DER BILDGEBENDEN VERFAHREN,Wandering spleen - An uncommon differential diagnosis of acute abdomen
WS0803,PubMed,10203439,kept,,1999,kanthan,10.1155/1999/828742,13,169,Canadian journal of gastroenterology = Journal canadien de gastroenterologie,The 'true' splenic wanderer.
WS0803,Scopus,0032918450,duplicate,T1 DOI,1999,kanthan,10.1155/1999/828742,13,169,Canadian Journal of Gastroenterology,The 'true' splenic wanderer
WS0803,WoS,WOS:000079751400015,duplicate,T1 DOI,1999,kanthan,10.1155/1999/828742,13,169,CANADIAN JOURNAL OF GASTROENTEROLOGY,The 'true' splenic wanderer
WS0804,PubMed,10050522,kept,,1999,kurguzov,,,66,Khirurgiia,[Mobile spleen].
WS0804,Scopus,0032617439,duplicate,T2 title+author+year,1999,kurguzov,,,66,Khirurgiia,Mobile spleen
WS0805,PubMed,9973913,kept,,1999,kaniklides,10.1080/02841859909174413,40,104,"Acta radiologica (Stockholm, Sweden : 1987)",Accessory wandering spleen associated with short pancreas. A pediatric case  report.
WS0805,Scopus,0032603645,duplicate,T1 DOI,1999,kaniklides,10.1080/02841859909174413,40,104,Acta Radiologica,Accessory wandering spleen associated with short pancreas: A pediatric case report
WS0805,WoS,WOS:000078263000018,duplicate,T2 title+author+year,1999,kaniklides,,40,104,ACTA RADIOLOGICA,Accessory wandering spleen associated with short pancreas - A pediatric case report
WS0806,PubMed,9951938,kept,,1998,benoist,,45,2430,Hepato-gastroenterology,Reversible hypersplenism after splenopexy for wandering spleen.
WS0806,Scopus,0032426702,duplicate,T2 title+author+year,1998,benoist,,45,2430,Hepato-Gastroenterology,Reversible hypersplenism after splenopexy for wandering spleen
WS0806,WoS,WOS:000078380700099,duplicate,T2 title+author+year,1998,benoist,,45,2430,HEPATO-GASTROENTEROLOGY,Reversible hypersplenism after splenopexy for wandering spleen
WS0807,PubMed,9931595,kept,,1998,doede,,115,120,Langenbecks Archiv fur Chirurgie. Supplement. Kongressband. Deutsche Gesellschaft  fur Chirurgie. Kongress,[Laparoscopy in the newborn infant--indications and procedure].
WS0807,Scopus,0032233547,duplicate,T2 title+author+year,1998,doede,,115,120,Langenbecks Archiv für Chirurgie. Supplement. Kongressband. Deutsche Gesellschaft für Chirurgie. Kongress,Laparoscopy in the newborn infant--indications and procedure
WS0808,PubMed,9919346,kept,,1998,khalid,,27,710,"Annals of the Academy of Medicine, Singapore",Pelvic spleen masquerading as an ovarian neoplasm.
WS0808,Scopus,0032152340,duplicate,T2 title+author+year,1998,khalid,,27,710,Annals of the Academy of Medicine Singapore,Pelvic spleen masquerading as an ovarian neoplasm
WS0809,PubMed,9880716,kept,,1998,baglaj,10.1007/s003830050454,14,113,Pediatric surgery international,Epidermoid cyst in a wandering spleen.
WS0809,Scopus,0032446169,duplicate,T1 DOI,1998,baglaj,10.1007/s003830050454,14,113,Pediatric Surgery International,Epidermoid cyst in a wandering spleen
WS0809,WoS,WOS:000077362000034,duplicate,T1 DOI,1998,baglaj,10.1007/s003830050454,14,113,PEDIATRIC SURGERY INTERNATIONAL,Epidermoid cyst in a wandering spleen
WS0810,PubMed,9864785,kept,,1998,kerleau,10.1016/s0248-8663(98)80391-3,19,837,La Revue de medecine interne,[Splenic volvulus or the syndrome of the wandering spleen].
WS0810,WoS,WOS:000077226700011,duplicate,T1 DOI,1998,kerleau,10.1016/s0248-8663(98)80391-3,19,837,REVUE DE MEDECINE INTERNE,Wandering spleen: a new case with original clinical feature and surgical treatment
WS0811,PubMed,9856181,kept,,1998,weijmer,,142,1927,Nederlands tijdschrift voor geneeskunde,[A wandering spleen].
WS0811,Scopus,0032558312,duplicate,T2 title+author+year,1998,weijmer,,142,1927,Nederlands Tijdschrift voor Geneeskunde,A wandering spleen
WS0812,PubMed,9853224,kept,,1998,raissaki,10.1007/s003300050562,8,1409,European radiology,Acute abdomen due to torsion of wandering spleen: CT diagnosis.
WS0812,Scopus,0032246540,duplicate,T1 DOI,1998,raissaki,10.1007/s003300050562,8,1409,European Radiology,Acute abdomen due to torsion of wandering spleen: CT diagnosis
WS0812,WoS,WOS:000076240800016,duplicate,T1 DOI,1998,raissaki,10.1007/s003300050562,8,1409,EUROPEAN RADIOLOGY,Acute abdomen due to torsion of wandering spleen: CT diagnosis
WS0813,PubMed,9805807,kept,,1998,etienne,,52,666,Annales de chirurgie,[The wandering spleen caught in the net. Apropos of a case].
WS0813,Scopus,0031782778,duplicate,T3 similar title+author+year,1998,etienne,,52,666,Annales de Chirurgie,Mobile spleen caught in the net. A case report [2]
WS0813,WoS,WOS:000076013000014,duplicate,T4 author+year+volume+first page,1998,etienne,,52,666,ANNALES DE CHIRURGIE,Mobile spleen caught in the net. A case report.
WS0814,PubMed,9802819,kept,,1998,hirose,10.1016/s0022-3468(98)90503-6,33,1571,Journal of pediatric surgery,Laparoscopic splenopexy for pediatric wandering spleen.
WS0814,Scopus,0031724326,duplicate,T1 DOI,1998,hirose,10.1016/s0022-3468(98)90503-6,33,1571,Journal of Pediatric Surgery,Laparoscopic splenopexy for pediatric wandering spleen
WS0814,WoS,WOS:000076492500030,duplicate,T1 DOI,1998,hirose,10.1016/s0022-3468(98)90503-6,33,1571,JOURNAL OF PEDIATRIC SURGERY,Laparoscopic splenopexy for pediatric wandering spleen
WS0815,Scopus,0031719222,kept,T1 DOI,1998,gurski,10.1097/00019509-199810000-00009,8,363,"Surgical Laparoscopy, Endoscopy and Percutaneous Techniques",Laparoscopic approach to wandering spleen - A case report and an update to the question
WS0815,WoS,WOS:000076221400009,duplicate,T2 title+author+year,1998,gurski,10.1097/00019509-199810000-00009,8,363,SURGICAL LAPAROSCOPY & ENDOSCOPY,Laparoscopic approach to wandering spleen - A case report and an update to the question
WS0815,PubMed,9799146,duplicate,,1998,gurski,,8,363,Surgical laparoscopy & endoscopy,Laparoscopic approach to wandering spleen: a case report and an update to the  question.
WS0816,PubMed,9786291,kept,,1998,majeski,10.1097/00007611-199810000-00010,91,949,Southern medical journal,Splenic artery tortuosity simulating a splenic artery aneurysm.
WS0817,PubMed,9752476,kept,,1998,benammar,,52,390,Annales de chirurgie,[Torsion of a supernumerary spleen. Case report].
WS0817,Scopus,0031968331,duplicate,T2 title+author+year,1998,benammar,,52,390,Annales de Chirurgie,Torsion of a supernumerary spleen. A case report
WS0817,WoS,WOS:000073532600015,duplicate,T3 similar title+author+year,1998,benammar,,52,390,ANNALES DE CHIRURGIE,Torsion of a supernumerary spleen. A case report.
WS0818,PubMed,9727262,kept,,1998,hon,10.1111/j.1440-1673.1998.tb00513.x,42,258,Australasian radiology,Torsion of the wandering spleen.
WS0818,Scopus,0031815084,duplicate,T1 DOI,1998,hon,10.1111/j.1440-1673.1998.tb00513.x,42,258,Australasian Radiology,Torsion of the wandering spleen
WS0819,PubMed,9721997,kept,,1998,idowu,10.1016/s0022-3468(98)90161-0,33,1251,Journal of pediatric surgery,Partial splenectomy in children under 4 years of age with hemoglobinopathy.
WS0819,Scopus,0031880866,duplicate,T1 DOI,1998,idowu,10.1016/s0022-3468(98)90161-0,33,1251,Journal of Pediatric Surgery,Partial splenectomy in children under 4 years of age with hemoglobinopathy
WS0819,WoS,WOS:000075365100014,duplicate,T1 DOI,1998,idowu,10.1016/s0022-3468(98)90161-0,33,1251,JOURNAL OF PEDIATRIC SURGERY,Partial splenectomy in children under 4 years of age with hemoglobinopathy
WS0820,PubMed,9710140,kept,,1998,saunders,10.1111/j.1740-8261.1998.tb01619.x,39,349,Veterinary radiology & ultrasound : the official journal of the American College  of Veterinary Radiology and the International Veterinary Radiology Association,B-mode and Doppler ultrasound imaging of the spleen with canine splenic torsion:  a retrospective evaluation.
WS0820,Scopus,0032119364,duplicate,T1 DOI,1998,saunders,10.1111/j.1740-8261.1998.tb01619.x,39,349,Veterinary Radiology and Ultrasound,B-mode and doppler ultrasound imaging of the spleen with canine splenic torsion: A retrospective evaluation
WS0820,WoS,WOS:000075042800012,duplicate,T1 DOI,1998,saunders,10.1111/j.1740-8261.1998.tb01619.x,39,349,VETERINARY RADIOLOGY & ULTRASOUND,B-mode and Doppler ultrasound imaging of the spleen with canine splenic torsion: A retrospective evaluation
WS0821,Scopus,0031821750,kept,T1 DOI,1998,cohen,10.1097/00019509-199808000-00010,8,286,"Surgical Laparoscopy, Endoscopy and Percutaneous Techniques",Laparoscopic splenopexy for wandering (pelvic) spleen
WS0821,WoS,WOS:000075090600010,duplicate,T2 title+author+year,1998,cohen,10.1097/00019509-199808000-00010,8,286,SURGICAL LAPAROSCOPY & ENDOSCOPY,Laparoscopic splenopexy for wandering (pelvic) spleen
WS0821,PubMed,9703603,duplicate,,1998,cohen,,8,286,Surgical laparoscopy & endoscopy,Laparoscopic splenopexy for wandering (pelvic) spleen.
WS0822,PubMed,9672348,kept,,1998,uc,10.1111/j.1572-0241.1998.00349.x,93,1146,The American journal of gastroenterology,Gastric volvulus and wandering spleen.
WS0822,Scopus,0032463814,duplicate,T2 title+author+year,1998,uc,10.1016/s0002-9270(98)00230-5,93,1146,American Journal of Gastroenterology,Gastric volvulus and wandering spleen
WS0822,WoS,WOS:000074785600028,duplicate,T5 title+volume+pages,1998,ue,,93,1146,AMERICAN JOURNAL OF GASTROENTEROLOGY,Gastric volvulus and wandering spleen
WS0823,PubMed,9639635,kept,,1998,boschert,10.1007/s003830050357,13,426,Pediatric surgery international,Splenic torsion in the presence of renal agenesis.
WS0823,Scopus,0031778664,duplicate,T1 DOI,1998,boschert,10.1007/s003830050357,13,426,Pediatric Surgery International,Splenic torsion in the presence of renal agenesis
WS0823,WoS,WOS:000074737200031,duplicate,T1 DOI,1998,boschert,10.1007/s003830050357,13,426,PEDIATRIC SURGERY INTERNATIONAL,Splenic torsion in the presence of renal agenesis
WS0824,PubMed,9636743,kept,,1998,belet,,95,125,La Radiologia medica,Torsion of a wandering spleen. Radiologic assessment in one case.
WS0824,Scopus,0031603286,duplicate,T2 title+author+year,1998,belet,,95,125,Radiologia Medica,Torsion of a wandering spleen: Radiologic assessment in one case
WS0825,PubMed,9563230,kept,,1998,moorthy,,17,67,Indian journal of gastroenterology : official journal of the Indian Society of  Gastroenterology,Wandering spleen causing splenic flexure volvulus and obstruction.
WS0825,Scopus,0032040009,duplicate,T2 title+author+year,1998,moorthy,,17,67,Indian journal of gastroenterology : official journal of the Indian Society of Gastroenterology,Wandering spleen causing splenic flexure volvulus and obstruction.
WS0826,PubMed,9563059,kept,,1998,zivkovic,10.1007/s003830050300,13,220,Pediatric surgery international,"Sutureless ""button and hole"" splenopexy."
WS0826,Scopus,0031889017,duplicate,T1 DOI,1998,zivkovic,10.1007/s003830050300,13,220,Pediatric Surgery International,Sutureless 'button and hole' splenopexy
WS0826,WoS,WOS:000073015400050,duplicate,T1 DOI,1998,zivkovic,10.1007/s003830050300,13,220,PEDIATRIC SURGERY INTERNATIONAL,"Sutureless ""button and hole"" splenopexy"
WS0827,Scopus,0031937021,kept,T1 DOI,1998,saadaoui,10.1016/s0720-048x(96)01121-7,26,205,European Journal of Radiology,Acute torsion of a wandering spleen in a child: Preoperative diagnosis by ultrasonography and computed tomography
WS0827,PubMed,9518230,duplicate,,1998,saadaoui,10.1016/s0720-048x(96)01121-7,26,205,European journal of radiology,Acute torsion of a wandering spleen in a child: preoperative diagnosis by  ultrasonography and computed tomography.
WS0827,WoS,WOS:000071764300013,duplicate,T1 DOI,1998,saadaoui,10.1016/s0720-048x(96)01121-7,26,205,EUROPEAN JOURNAL OF RADIOLOGY,Acute torsion of a wandering spleen in a child:: preoperative diagnosis by ultrasonography and computed tomography
WS0828,PubMed,9516515,kept,,1998,valls,10.1007/s002619900321,23,194,Abdominal imaging,Torsion of a wandering accessory spleen: CT findings.
WS0828,Scopus,0031920457,duplicate,T1 DOI,1998,valls,10.1007/s002619900321,23,194,Abdominal Imaging,Torsion of a wandering accessory spleen: CT findings
WS0828,WoS,WOS:000072255000021,duplicate,T1 DOI,1998,valls,10.1007/s002619900321,23,194,ABDOMINAL IMAGING,Torsion of a wandering accessory spleen: CT findings
WS0829,PubMed,9434030,kept,,1997,ng,10.1016/s0022-3468(97)90537-6,32,1790,Journal of pediatric surgery,Wandering spleen presenting as duodenal obstruction after repair of congenital  diaphragmatic hernia.
WS0829,Scopus,0031453681,duplicate,T1 DOI,1997,ng,10.1016/s0022-3468(97)90537-6,32,1790,Journal of Pediatric Surgery,Wandering spleen presenting as duodenal obstruction after repair of congenital diaphragmatic hernia
WS0829,WoS,WOS:000071051400036,duplicate,T1 DOI,1997,ng,10.1016/s0022-3468(97)90537-6,32,1790,JOURNAL OF PEDIATRIC SURGERY,Wandering spleen presenting as duodenal obstruction after repair of congenital diaphragmatic hernia
WS0830,PubMed,9420118,kept,,1997,walcher,10.1097/00005373-199712000-00024,43,983,The Journal of trauma,Torsion of a wandering spleen after blunt abdominal trauma.
WS0830,Scopus,0031459580,duplicate,T1 DOI,1997,watcher,10.1097/00005373-199712000-00024,43,983,"Journal of Trauma - Injury, Infection and Critical Care",Torsion of a wandering spleen after blunt abdominal trauma
WS0830,WoS,WOS:000071164700028,duplicate,T1 DOI,1997,walcher,10.1097/00005373-199712000-00024,43,983,JOURNAL OF TRAUMA-INJURY INFECTION AND CRITICAL CARE,Torsion of a wandering spleen after blunt abdominal trauma
WS0831,PubMed,9400054,kept,,1997,jans,,80,229,Journal belge de radiologie,"Torsion of accessory spleen in an adult patient: imaging findings at CT, MRI and  angiography."
WS0831,Scopus,0030730713,duplicate,T2 title+author+year,1997,jans,,80,229,Journal Belge de Radiologie,"Torsion of accessory spleen in an adult patient: Imaging findings at CT, MRI and angiography"
WS0832,PubMed,9322177,kept,,1997,neath,10.1111/j.1748-5827.1997.tb03491.x,38,387,The Journal of small animal practice,Retrospective analysis of 19 cases of isolated torsion of the splenic pedicle in  dogs.
WS0832,Scopus,0031225491,duplicate,T1 DOI,1997,neath,10.1111/j.1748-5827.1997.tb03491.x,38,387,Journal of Small Animal Practice,Retrospective analysis of 19 cases of isolated torsion of the splenic pedicle in dogs
WS0832,WoS,WOS:A1997XZ86700003,duplicate,T1 DOI,1997,neath,10.1111/j.1748-5827.1997.tb03491.x,38,387,JOURNAL OF SMALL ANIMAL PRACTICE,Retrospective analysis of 19 cases of isolated torsion of the splenic pedicle in dogs
WS0833,PubMed,9499013,kept,,1997,adamski,,68,384,Ginekologia polska,[Tumor in the minor pelvis--ectopic spleen. Case report].
WS0833,Scopus,0031196608,duplicate,T2 title+author+year,1997,adamski,,68,384,Ginekologia polska,Tumor in the minor pelvis--ectopic spleen. Case report
WS0834,PubMed,9324928,kept,,1997,janthur,,110,272,Berliner und Munchener tierarztliche Wochenschrift,[Isolated splenic torsion in dogs with special emphasis on B-mode and color  doppler sonography].
WS0834,Scopus,0031180504,duplicate,T2 title+author+year,1997,janthur,,110,272,Berliner und Munchener Tierarztliche Wochenschrift,Splenic torsion in the dog with special emphasis on B-mode and color doppler imaging
WS0834,WoS,WOS:A1997XV09800006,duplicate,T4 author+year+volume+first page,1997,janthur,,110,272,BERLINER UND MUNCHENER TIERARZTLICHE WOCHENSCHRIFT,Splenic torsion in the dog with special emphasis on B-Mode and Color Doppler Imaging
WS0835,PubMed,9378826,kept,,1997,davidson,10.1136/jcp.50.6.532,50,532,Journal of clinical pathology,Intrahepatic splenic tissue.
WS0835,Scopus,0030852170,duplicate,T1 DOI,1997,davidson,10.1136/jcp.50.6.532,50,532,Journal of Clinical Pathology,Intrahepatic splenic tissue
WS0835,WoS,WOS:A1997XK01600023,duplicate,T1 DOI,1997,davidson,10.1136/jcp.50.6.532,50,532,JOURNAL OF CLINICAL PATHOLOGY,Intrahepatic splenic tissue
WS0836,PubMed,9216221,kept,,1997,nakazawa,,94,407,Nihon Shokakibyo Gakkai zasshi = The Japanese journal of gastro-enterology,[Torsion of an accessory spleen].
WS0836,Scopus,0030752392,duplicate,T2 title+author+year,1997,nakazawa,,94,407,Japanese Journal of Gastroenterology,Torsion of an accessory spleen
WS0837,PubMed,9165468,kept,,1997,ando,10.1016/s0022-3468(97)90023-3,32,747,Journal of pediatric surgery,Torsion of autotransplanted splenic tissue in Gaucher disease.
WS0837,Scopus,0030961872,duplicate,T1 DOI,1997,ando,10.1016/s0022-3468(97)90023-3,32,747,Journal of Pediatric Surgery,Torsion of autotransplanted splenic tissue in Gaucher disease
WS0837,WoS,WOS:A1997WZ80300024,duplicate,T1 DOI,1997,ando,10.1016/s0022-3468(97)90023-3,32,747,JOURNAL OF PEDIATRIC SURGERY,Torsion of autotransplanted splenic tissue in Gaucher disease
WS0838,PubMed,10740719,kept,,1997,karande,,43,46,Journal of postgraduate medicine,Gastric volvulus in childhood.
WS0838,Scopus,0031107164,duplicate,T5 title+volume+pages,1997,oak,,43,46,Journal of Postgraduate Medicine,Gastric volvulus in childhood
WS0839,PubMed,9170226,kept,,1997,martin,,3,49,Techniques in urology,"Laparoscopic evaluation and management of a child with ambiguous genitalia,  ectopic spleen, and Meckel's diverticulum."
WS0839,Scopus,0030987250,duplicate,T2 title+author+year,1997,martin,,3,49,Techniques in Urology,"Laparoscopic evaluation and management of a child with ambiguous genitalia, ectopic spleen, and Meckel's diverticulum"
WS0840,PubMed,9147471,kept,,1997,barrios,,10,79,Cirugia pediatrica : organo oficial de la Sociedad Espanola de Cirugia Pediatrica,[Wandering spleen syndrome in childhood].
WS0840,Scopus,0031114683,duplicate,T2 title+author+year,1997,barrios,,10,79,Cirugía pediátrica : organo oficial de la Sociedad Española de Cirugía Pediátrica,Wandering spleen syndrome in childhood
WS0841,PubMed,9114840,kept,,1997,desai,10.1097/00007611-199704000-00017,90,439,Southern medical journal,Wandering spleen: a challenging diagnosis.
WS0841,Scopus,0030909969,duplicate,T1 DOI,1997,desai,10.1097/00007611-199704000-00017,90,439,Southern Medical Journal,Wandering spleen: A challenging diagnosis
WS0841,WoS,WOS:A1997WU96800017,duplicate,T1 DOI,1997,desai,10.1097/00007611-199704000-00017,90,439,SOUTHERN MEDICAL JOURNAL,Wandering spleen: A challenging diagnosis
WS0842,PubMed,9682765,kept,,1997,grumillier,,134,444,Journal de chirurgie,[Splenic volvulus on a mobile spleen].
WS0842,Scopus,0031306454,duplicate,T2 title+author+year,1997,grumillier,,134,444,Journal de Chirurgie,Splenic volvulus on a mobile spleen
WS0842,WoS,WOS:000072246100021,duplicate,T2 title+author+year,1997,grumillier,,134,444,JOURNAL DE CHIRURGIE,Splenic volvulus on a mobile spleen.
WS0843,PubMed,9413067,kept,,1997,sarimurat,10.1007/bf02385795,27,1086,Surgery today,Wandering spleen in childhood: a report of three cases.
WS0843,Scopus,0030731255,duplicate,T1 DOI,1997,sarimurat,10.1007/bf02385795,27,1086,Surgery Today,Wandering spleen in childhood: A report of three cases
WS0843,WoS,WOS:A1997YD39700022,duplicate,T1 DOI,1997,sarimurat,10.1007/bf02385795,27,1086,SURGERY TODAY,Wandering spleen in childhood: A report of three cases
WS0844,PubMed,9297864,kept,,1997,benoit,,51,379,Annales de chirurgie,[Acute intra-abdominal gastric volvulus in adults. Defect of dorsal mesogastrium  fusion].
WS0844,Scopus,0030926332,duplicate,T2 title+author+year,1997,benoit,,51,379,Annales de Chirurgie,Acute intra-abdominal gastric volvulus in adult patients. The absence of dorsal mesogastrium fusion
WS0844,WoS,WOS:A1997WZ82600011,duplicate,T4 author+year+volume+first page,1997,benoit,,51,379,ANNALES DE CHIRURGIE,Acute intra-abdominal gastric volvulus in adult patients. The absence of dorsal mesogastrium fusion.
WS0845,PubMed,9083748,kept,,1997,laszewicz,10.1055/s-2007-1004072,29,56,Endoscopy,Upper gastrointestinal hemorrhage secondary to ectopic spleen.
WS0845,Scopus,0031052959,duplicate,T1 DOI,1997,laszewicz,10.1055/s-2007-1004072,29,56,Endoscopy,Upper gastrointestinal hemorrhage secondary to ectopic spleen
WS0845,WoS,WOS:A1997WL45800024,duplicate,T1 DOI,1997,laszewicz,10.1055/s-2007-1004072,29,56,ENDOSCOPY,Upper gastrointestinal hemorrhage secondary to ectopic spleen
WS0846,PubMed,9021579,kept,,1997,nakada,10.1016/s0022-3468(97)90103-2,32,91,Journal of pediatric surgery,Digestive tract disorders associated with asplenia/polysplenia syndrome.
WS0847,PubMed,8948667,kept,,1996,moll,10.1002/(sici)1096-8652(199612)53:4<259::aid-ajh11>3.0.co;2-7,53,259,American journal of hematology,Thrombocytopenia in association with a wandering spleen.
WS0847,Scopus,10544248172,duplicate,T1 DOI,1996,moll,10.1002/(sici)1096-8652(199612)53:4<259::aid-ajh11>3.0.co;2-7,53,259,American Journal of Hematology,Thrombocytopenia in association with a wandering spleen
WS0848,PubMed,8911189,kept,,1996,papadopoulou,10.2214/ajr.167.5.8911189,167,1243,AJR. American journal of roentgenology,Distal ileocolic intussusception: another cause of inversion of superior  mesenteric vessels in infants.
WS0849,PubMed,8906486,kept,,1996,koda,10.1002/(sici)1097-0096(199611/12)24:9<528::aid-jcu7>3.0.co;2-p,24,528,Journal of clinical ultrasound : JCU,The wandering spleen with collateral vessels containing gastric varices: color  Doppler ultrasound imaging.
WS0849,Scopus,0029911543,duplicate,T1 DOI,1996,koda,10.1002/(sici)1097-0096(199611/12)24:9<528::aid-jcu7>3.0.co;2-p,24,528,Journal of Clinical Ultrasound,The wandering spleen with collateral vessels containing gastric varices: Color Doppler ultrasound imaging
WS0850,PubMed,9011948,kept,,1996,machart,,75,480,Rozhledy v chirurgii : mesicnik Ceskoslovenske chirurgicke spolecnosti,[Chronic torsion of an ectopic spleen in the differential diagnosis of abdominal  pain in a child. Case report].
WS0850,Scopus,0030256762,duplicate,T2 title+author+year,1996,machart,,75,480,Rozhledy v chirurgii : mesícník Ceskoslovenské chirurgické spolecnosti,Chronic torsion of an ectopic spleen in the differential diagnosis of abdominal pain in a child. Case report
WS0851,PubMed,8760550,kept,,1996,horwitz,10.1097/00005373-199608000-00027,41,348,The Journal of trauma,Traumatic rupture of a wandering spleen in a child: case report and literature  review.
WS0851,Scopus,0029771637,duplicate,T1 DOI,1996,horwitz,10.1097/00005373-199608000-00027,41,348,"Journal of Trauma - Injury, Infection and Critical Care",Traumatic rupture of a wandering spleen in a child: Case report and literature review
WS0852,PubMed,8881184,kept,,1996,bonnet,10.1016/0929-693x(96)87094-1,3,701,Archives de pediatrie : organe officiel de la Societe francaise de pediatrie,[Intrathoracic volvulus of the spleen revealing left posterolateral diaphragmatic  hernia].
WS0852,Scopus,0030200815,duplicate,T1 DOI,1996,bonnet,10.1016/0929-693x(96)87094-1,3,701,Archives de Pediatrie,Torsion of the spleen: Unusual presentation of congenital left diaphragmatic hernia
WS0853,PubMed,8689225,kept,,1996,ellis,10.1002/bjs.1800830536,83,712,The British journal of surgery,Wandering spleen: a rare emergency condition.
WS0853,Scopus,0030137603,duplicate,T1 DOI,1996,ellis,10.1002/bjs.1800830536,83,712,British Journal of Surgery,Wandering spleen: A rare emergency condition
WS0854,PubMed,8633547,kept,,1996,choi,,91,1034,The American journal of gastroenterology,"Recurrent acute pancreatitis: an additional manifestation of the ""wandering  spleen"" syndrome""."
WS0854,Scopus,0029988968,duplicate,T2 title+author+year,1996,choi,,91,1034,American Journal of Gastroenterology,"Recurrent acute pancreatitis: An additional manifestation of the ""wandering spleen"" syndrome"
WS0855,PubMed,8925608,kept,,1996,posillico,10.1097/00003072-199604000-00004,21,287,Clinical nuclear medicine,A wandering spleen. Detection by In-111 leukocyte imaging.
WS0855,Scopus,0029962272,duplicate,T1 DOI,1996,posillico,10.1097/00003072-199604000-00004,21,287,Clinical Nuclear Medicine,A wandering spleen: Detection by In-111 leukocyte imaging
WS0856,PubMed,8830147,kept,,1996,chateil,,77,209,Journal de radiologie,[Acute torsion of an accessory spleen].
WS0856,Scopus,0029862841,duplicate,T2 title+author+year,1996,chateil,,77,209,Journal de Radiologie,Acute torsion of an accessory spleen
WS0857,PubMed,8787434,kept,,1996,maxwell-armstrong,10.1136/adc.74.3.247,74,247,Archives of disease in childhood,The wandering spleen.
WS0857,Scopus,0029917144,duplicate,T1 DOI,1996,maxwell-armstrong,10.1136/adc.74.3.247,74,247,Archives of Disease in Childhood,The wandering spleen
WS0858,PubMed,8883242,kept,,1996,calik,10.1007/bf00312088,26,704,Surgery today,Intestinal obstruction caused by splenic volvulus: report of a case.
WS0858,Scopus,0029784585,duplicate,T1 DOI,1996,calik,10.1007/bf00312088,26,704,Surgery Today,Intestinal obstruction caused by splenic volvulus: Report of a case
WS0859,PubMed,8653932,kept,,1996,pizzo,,23,37,Clinical and experimental obstetrics & gynecology,Acute abdomen from pedicle torsion ectopic pelvic spleen. A case report and  review of the literature.
WS0859,Scopus,0029877751,duplicate,T2 title+author+year,1996,pizzo,,23,37,Clinical and Experimental Obstetrics and Gynecology,Acute abdomen from pedicle torsion ectopic pelvic spleen: A case report and review of the literature
WS0860,PubMed,8653362,kept,,1996,papakyriacou,10.1002/bjs.1800830115,83,50,The British journal of surgery,Wandering spleen: a rare emergency condition.
WS0860,Scopus,0006950805,duplicate,T1 DOI,1996,papakyriacou,10.1002/bjs.1800830115,83,50,British Journal of Surgery,Wandering spleen: A rare emergency condition
WS0861,PubMed,8850498,kept,,1995,lopez,10.1016/0720-048x(95)00671-c,21,89,European journal of radiology,The wandering spleen.
WS0861,Scopus,0029619329,duplicate,T1 DOI,1995,lopez,10.1016/0720-048x(95)00671-c,21,89,European Journal of Radiology,The wandering spleen
WS0862,PubMed,8536527,kept,,1995,mcfee,10.1007/bf02220456,40,2656,Digestive diseases and sciences,Wandering spleen with torsion in a geriatric patient. Report of an unusual case  with a brief review of the clinical picture and management.
WS0862,Scopus,0029598508,duplicate,T1 DOI,1995,mcfee,10.1007/bf02220456,40,2656,Digestive Diseases and Sciences,Wandering spleen with torsion in a geriatric patient - Report of an unusual case with a brief review of the clinical picture and management
WS0863,PubMed,8740672,kept,,1995,gigot,,80,299,International surgery,Is laparoscopic splenectomy a justified approach in hematologic disorders?  Preliminary results of a prospective multicenter study. Belgian Group for Endoscopic Surgery.
WS0863,Scopus,0029551424,duplicate,T4 author+year+volume+first page,1995,gigot,,80,299,International Surgery,Is Laparoscopic splenectomy a justified approach in hematologic disorders? Preliminary results of a prospective multicenter study
WS0864,PubMed,8583757,kept,,1995,day,10.1111/j.1748-5827.1995.tb02769.x,36,426,The Journal of small animal practice,A review of pathological diagnoses made from 87 canine splenic biopsies.
WS0865,PubMed,8534588,kept,,1995,shimizu,10.1007/bf03165042,9,145,Annals of nuclear medicine,The value of combined 99mTc-Sn-colloid and 99mTc-RBC scintigraphy in the  evaluation of a wandering spleen.
WS0865,Scopus,0028991791,duplicate,T1 DOI,1995,shimizu,10.1007/bf03165042,9,145,Annals of Nuclear Medicine,The value of combined99mTc-Sn-colloid and99mTc-RBC scintigraphy in the evaluation of a wandering spleen
WS0866,PubMed,8519878,kept,,1995,dahlin,,161,607,The European journal of surgery = Acta chirurgica,Torsion of an accessory spleen in an adult. Case report.
WS0866,Scopus,0029046553,duplicate,T4 author+year+volume+first page,1995,dahlin,,161,607,"European Journal of Surgery, Acta Chirurgica",Torsion of an accessory spleen in an adult
WS0867,PubMed,7628930,kept,,1995,millis,,207,314,Journal of the American Veterinary Medical Association,Gastric dilatation-volvulus after splenic torsion in two dogs.
WS0867,Scopus,0029355474,duplicate,T2 title+author+year,1995,millis,,207,314,Journal of the American Veterinary Medical Association,Gastric dilatation-volvulus after splenic torsion in two dogs.
WS0868,PubMed,7674215,kept,,1995,hardie,10.1111/j.1939-1676.1995.tb03287.x,9,141,Journal of veterinary internal medicine,Splenic infarction in 16 dogs: a retrospective study.
WS0868,Scopus,0029300612,duplicate,T1 DOI,1995,hardie,10.1111/j.1939-1676.1995.tb03287.x,9,141,Journal of Veterinary Internal Medicine,Splenic Infarction in 16 Dogs: A Retrospective Study
WS0869,PubMed,7704177,kept,,1995,murray,10.1001/archpedi.1995.02170160114018,149,460,Archives of pediatrics & adolescent medicine,Radiological case of the month. Pancreatitis associated with a wandering spleen.
WS0870,PubMed,7889709,kept,,1995,walsh,10.1016/s0009-9260(05)83051-x,50,174,Clinical radiology,Congenital anomalies of the portal venous system--CT appearances with  embryological considerations.
WS0871,PubMed,7756237,kept,,1995,melikoglu,10.1055/s-2008-1066163,5,48,European journal of pediatric surgery : official journal of Austrian Association  of Pediatric Surgery ... [et al] = Zeitschrift fur Kinderchirurgie,Two unusual cases of wandering spleen requiring splenectomy.
WS0871,Scopus,0028954027,duplicate,T1 DOI,1995,melikoglu,10.1055/s-2008-1066163,5,48,European Journal of Pediatric Surgery,Two Unusual Cases of Wandering Spleen Requiring Splenectomy
WS0871,Scopus,0029898579,duplicate,T2 title+author+year,1996,melikoglu,,6,48,European Journal of Pediatric Surgery,Two unusual cases of wandering spleen requiring splenectomy
WS0872,PubMed,8975528,kept,,1995,popovic,,42,59,Acta chirurgica Iugoslavica,[Ectopic spleen--2 case reports].
WS0872,Scopus,0029421734,duplicate,T2 title+author+year,1995,popovic,,42,59,Acta chirurgica Iugoslavica,Ectopic spleen--2 case reports
WS0873,PubMed,7822555,kept,,1995,fujiwara,10.1097/00004728-199501000-00016,19,84,Journal of computer assisted tomography,Torsion of the wandering spleen: CT and angiographic appearance.
WS0873,Scopus,0028890789,duplicate,T1 DOI,1995,fujiwara,10.1097/00004728-199501000-00016,19,84,Journal of Computer Assisted Tomography,Torsion of the wandering spleen: Ct and angiographic appearance
WS0874,PubMed,7802574,kept,,1995,liu,10.1001/archsurg.1995.01430010035007,130,33,"Archives of surgery (Chicago, Ill. : 1960)",Allotransplantation of whole spleen in patients with hepatic malignant tumors or  hemophilia A. Operative technique and preliminary results.
WS0875,PubMed,7727607,kept,,1995,peitgen,,161,49,The European journal of surgery = Acta chirurgica,"Management of intermittent splenic torsion (""wandering spleen""): a review."
WS0875,Scopus,0028868025,duplicate,T2 title+author+year,1995,peitgen,,161,49,"European Journal of Surgery, Acta Chirurgica",Management of intermittent splenic torsion ('Wandering spleen'): A review
WS0876,PubMed,7838416,kept,,1994,grismondi,,46,575,Minerva ginecologica,[Emergency surgical indications in pregnancy (3 rarely encountered cases)].
WS0877,PubMed,7950828,kept,,1994,berkenblit,10.1007/bf00206940,19,459,Abdominal imaging,Wandering spleen with torsion: appearance on CT and ultrasound.
WS0877,Scopus,0028145795,duplicate,T1 DOI,1994,berkenblit,10.1007/bf00206940,19,459,Abdominal Imaging,Wandering spleen with torsion: Appearance on CT and ultrasound
WS0878,PubMed,7845284,kept,,1994,wong,,49,295,The Medical journal of Malaysia,A case of torsion of the spleen presenting as an acute abdomen.
WS0878,Scopus,0028507870,duplicate,T2 title+author+year,1994,wong,,49,295,The Medical journal of Malaysia,A case of torsion of the spleen presenting as an acute abdomen.
WS0879,PubMed,7805988,kept,,1994,khalil,10.1016/0020-7292(94)90313-1,46,65,International journal of gynaecology and obstetrics: the official organ of the  International Federation of Gynaecology and Obstetrics,Conservative management of pelvic spleen.
WS0879,Scopus,0027998650,duplicate,T1 DOI,1994,khalil,10.1016/0020-7292(94)90313-1,46,65,International Journal of Gynecology and Obstetrics,Conservative management of pelvic spleen
WS0880,PubMed,8010910,kept,,1994,dawson,10.1111/j.1445-2197.1994.tb02249.x,64,441,The Australian and New Zealand journal of surgery,Management of the wandering spleen.
WS0880,Scopus,0028061289,duplicate,T1 DOI,1994,dawson,10.1111/j.1445-2197.1994.tb02249.x,64,441,Australian and New Zealand Journal of Surgery,MANAGEMENT OF THE WANDERING SPLEEN
WS0881,PubMed,8071787,kept,,1994,murray,10.1097/00005176-199405000-00016,18,486,Journal of pediatric gastroenterology and nutrition,Pancreatitis caused by a wandering spleen.
WS0881,Scopus,0028307874,duplicate,T1 DOI,1994,murray,10.1097/00005176-199405000-00016,18,486,Journal of Pediatric Gastroenterology and Nutrition,Pancreatitis caused by a wandering spleen
WS0882,PubMed,8067617,kept,,1994,wilson,,55,681,American journal of veterinary research,"Histologic and ultrastructural changes after large-colon torsion, with and  without use of a specific platelet-activating factor antagonist (WEB 2086), in ponies."
WS0883,PubMed,8014820,kept,,1994,greig,10.1016/0022-3468(94)90096-5,29,571,Journal of pediatric surgery,"Splenic torsion in a wandering spleen, presenting as an acute abdominal mass."
WS0883,Scopus,0028209974,duplicate,T1 DOI,1994,greig,10.1016/0022-3468(94)90096-5,29,571,Journal of Pediatric Surgery,"Splenic torsion in a wandering spleen, presenting as an acute abdominal mass"
WS0884,PubMed,8191668,kept,,1994,marino,10.1111/j.1532-950x.1994.tb00453.x,23,101,Veterinary surgery : VS,Ventricular arrhythmias in dogs undergoing splenectomy: a prospective study.
WS0884,Scopus,0028398534,duplicate,T1 DOI,1994,marino,10.1111/j.1532-950x.1994.tb00453.x,23,101,Veterinary Surgery,Ventricular Arrhythmias in Dogs Undergoing Splenectomy: A Prospective Study
WS0885,PubMed,7709535,kept,,1994,bazhenov,,152,54,Vestnik khirurgii imeni I. I. Grekova,[Splenic torsion in a child].
WS0885,Scopus,0028403015,duplicate,T2 title+author+year,1994,bazhenov,,152,54,Vestnik Khirurgii Imeni I.I.Grekova,Splenic torsion in a child
WS0886,PubMed,8132792,kept,,1994,masamune,10.1002/jcu.1870220211,22,126,Journal of clinical ultrasound : JCU,Ultrasonic diagnosis of torsion of the wandering spleen.
WS0886,Scopus,0028013737,duplicate,T1 DOI,1994,masamune,10.1002/jcu.1870220211,22,126,Journal of Clinical Ultrasound,Ultrasonic diagnosis of torsion of the wandering spleen
WS0887,Scopus,0028079547,kept,T1 DOI,1994,goldwag,10.1097/00003072-199401000-00020,19,69,Clinical Nuclear Medicine,The 'pseudo-pseudoaneurysm': Left ventricular pseudoaneurysm mimicked by ectopic spleen
WS0887,PubMed,8137592,duplicate,,1994,goldwag,10.1097/00003072-199401000-00020,19,69,Clinical nuclear medicine,"The ""pseudo-pseudoaneurysm"". Left ventricular pseudoaneurysm mimicked by ectopic  spleen."
WS0888,PubMed,8078724,kept,,1994,phillpott,10.1007/bf02020181,24,150,Pediatric radiology,Torsion of the spleen: an unusual presentation of congenital diaphragmatic  hernia.
WS0888,Scopus,0028364222,duplicate,T1 DOI,1994,phillpott,10.1007/bf02020181,24,150,Pediatric Radiology,Torsion of the spleen: An unusual presentation of congenital diaphragmatic hernia
WS0889,PubMed,7885796,kept,,1994,garcia,10.1007/bf02015024,24,535,Pediatric radiology,Wandering spleen and gastric volvulus.
WS0889,Scopus,0028566875,duplicate,T1 DOI,1994,garcia,10.1007/bf02015024,24,535,Pediatric Radiology,Wandering spleen and gastric volvulus
WS0890,PubMed,7885795,kept,,1994,seo,10.1007/bf02015022,24,532,Pediatric radiology,"Torsion of an accessory spleen presenting as an acute abdomen with an  inflammatory mass. US, CT, and MRI findings."
WS0890,Scopus,0028567722,duplicate,T1 DOI,1994,seo,10.1007/bf02015022,24,532,Pediatric Radiology,"Torsion of an accessory spleen presenting as an acute abdomen with an inflammatory mass - US, CT, and MRI findings"
WS0891,PubMed,7800462,kept,,1994,de,10.1007/bf02015468,24,306,Pediatric radiology,Late-onset Bochdalek hernia with a rare postoperative complication: case report.
WS0891,Scopus,0028023439,duplicate,T1 DOI,1994,de,10.1007/bf02015468,24,306,Pediatric Radiology,Late-onset Bochdalek hernia with a rare postoperative complication: Case report
WS0892,PubMed,7800451,kept,,1994,newman,10.1007/bf02015456,24,274,Pediatric radiology,"Recognition of malposition of the liver and spleen: CT, MRI, nuclear scan and  fluoroscopic imaging."
WS0892,Scopus,0027932793,duplicate,T1 DOI,1994,newman,10.1007/bf02015456,24,274,Pediatric Radiology,"Recognition of malposition of the liver and spleen: CT, MRI, nuclear scan and fluoroscopic imaging"
WS0893,PubMed,7602924,kept,,1994,raichuk,,,69,Klinicheskaia khirurgiia,[Torsion of accessory spleen].
WS0893,Scopus,0028715419,duplicate,T2 title+author+year,1994,raichuk,,,69,Klinicheskaya Khirurgiya,Torsion of accessory spleen
WS0894,PubMed,8306862,kept,,1993,maderbacher,,100,468,DTW. Deutsche tierarztliche Wochenschrift,[Causes of mortality in a swine breeding establishment].
WS0894,Scopus,0027764696,duplicate,T2 title+author+year,1993,maderbacher,,100,468,DTW. Deutsche tierärztliche Wochenschrift,Causes of mortality in a swine breeding establishment
WS0895,PubMed,8213112,kept,,1993,azar,10.3109/00016349309058171,72,587,Acta obstetricia et gynecologica Scandinavica,Accessory spleen presenting as adnexal mass.
WS0895,Scopus,0027497076,duplicate,T1 DOI,1993,azar,10.3109/00016349309058171,72,587,Acta Obstetricia et Gynecologica Scandinavica,Accessory spleen presenting as adnexal mass
WS0896,PubMed,8412427,kept,,1993,christensen,,90,3323,Lakartidningen,[A case report. Floating spleen with chronic torsion].
WS0896,Scopus,0027925883,duplicate,T2 title+author+year,1993,christensen,,90,3323,Läkartidningen,A case report. Floating spleen with chronic torsion
WS0897,PubMed,8212481,kept,,1993,robinson,10.1136/vr.133.2.48,133,48,The Veterinary record,Splenic torsion in dogs.
WS0897,Scopus,0027913843,duplicate,T1 DOI,1993,robinson,10.1136/vr.133.2.48,133,48,The Veterinary record,Splenic torsion in dogs.
WS0898,PubMed,8353120,kept,,1993,balik,10.1055/s-2008-1063537,3,174,European journal of pediatric surgery : official journal of Austrian Association  of Pediatric Surgery ... [et al] = Zeitschrift fur Kinderchirurgie,Splenoptosis (wandering spleen).
WS0898,Scopus,0027179578,duplicate,T1 DOI,1993,balik,10.1055/s-2008-1063537,3,174,European Journal of Pediatric Surgery,Splenoptosis (Wandering Spleen)
WS0899,PubMed,8316667,kept,,1993,freeman,10.1148/radiographics.13.3.8316667,13,597,"Radiographics : a review publication of the Radiological Society of North  America, Inc",CT of congenital and acquired abnormalities of the spleen.
WS0899,Scopus,0027604635,duplicate,T1 DOI,1993,freeman,10.1148/radiographics.13.3.8316667,13,597,"Radiographics : a review publication of the Radiological Society of North America, Inc",CT of congenital and acquired abnormalities of the spleen.
WS0900,PubMed,7690532,kept,,1993,lee,,22,372,"Annals of the Academy of Medicine, Singapore",Histogenesis of true splenic cysts: a histological and immunohistochemical study.
WS0900,Scopus,0027602769,duplicate,T2 title+author+year,1993,lee,,22,372,"Annals of the Academy of Medicine, Singapore",Histogenesis of true splenic cysts: a histological and immunohistochemical study.
WS0901,PubMed,8266166,kept,,1993,kum,,34,179,Singapore medical journal,A rare wandering splenic cyst removed with laparoscopic assistance.
WS0901,Scopus,0027573346,duplicate,T2 title+author+year,1993,kum,,34,179,Singapore medical journal,A rare wandering splenic cyst removed with laparoscopic assistance.
WS0902,PubMed,8102549,kept,,1993,balm,,159,249,The European journal of surgery = Acta chirurgica,Torsion of a wandering spleen.
WS0902,Scopus,0027586285,duplicate,T2 title+author+year,1993,balm,,159,249,The European journal of surgery = Acta chirurgica,Torsion of a wandering spleen.
WS0903,PubMed,8462934,kept,,1993,cainzos,,40,78,Hepato-gastroenterology,Acute abdomen caused by torsion of the pedicle in a wandering spleen.
WS0903,Scopus,0027459549,duplicate,T2 title+author+year,1993,cainzos,,40,78,Hepato-Gastroenterology,Acute abdomen caused by torsion of the pedicle in a wandering spleen
WS0904,PubMed,8443301,kept,,1993,zingman,10.1093/clind/16.2.223,16,223,Clinical infectious diseases : an official publication of the Infectious Diseases  Society of America,Splenic complications in malaria: case report and review.
WS0904,Scopus,0027447581,duplicate,T1 DOI,1993,zingman,10.1093/clind/16.2.223,16,223,Clinical Infectious Diseases,Splenic complications in malaria: Case report and review
WS0905,PubMed,8506473,kept,,1993,hani,,135,117,Schweizer Archiv fur Tierheilkunde,"[The ""hemorrhagic bowel syndrome"" of swine: clinical, pathologo-anatomic and  etiopathogenic aspects]."
WS0906,PubMed,8468733,kept,,1993,chen,,9,54,Gaoxiong yi xue ke xue za zhi = The Kaohsiung journal of medical sciences,Giant ectopic pelvic spleen: report of a case and review of the literature.
WS0906,Scopus,0027346288,duplicate,T2 title+author+year,1993,chen,,9,54,Gaoxiong yi xue ke xue za zhi = The Kaohsiung journal of medical sciences,Giant ectopic pelvic spleen: report of a case and review of the literature.
WS0907,PubMed,8428305,kept,,1993,gunning,10.1002/bjs.1800800130,80,93,The British journal of surgery,Symptomatic wandering spleen.
WS0907,Scopus,0027415560,duplicate,T1 DOI,1993,gunning,10.1002/bjs.1800800130,80,93,British Journal of Surgery,Symptomatic wandering spleen
WS0908,PubMed,8326810,kept,,1993,lamesch,10.1007/bf00184468,378,171,Langenbecks Archiv fur Chirurgie,Anomalies of the position of the spleen in the child. Case report and review of  the literature from 1896 to 1990.
WS0908,Scopus,0027213058,duplicate,T1 DOI,1993,lamesch,10.1007/bf00184468,378,171,Langenbecks Archiv fur Chirurgie,Anomalies of the position of the spleen in the child Case report and review of the literature from 1896 to 1990
WS0909,PubMed,8255657,kept,,1993,swischuk,10.1007/bf02012458,23,476,Pediatric radiology,Torsion of wandering spleen: the whorled appearance of the splenic pedicle on CT.
WS0909,Scopus,0027490658,duplicate,T1 DOI,1993,swischuk,10.1007/bf02012458,23,476,Pediatric Radiology,Torsion of wandering spleen: The whorled appearance of the splenic pedicle on CT
WS0910,PubMed,1300478,kept,,1992,perinotti,,83,79,Minerva medica,[Wandering spleen. Considerations on 2 clinical cases].
WS0910,Scopus,0026975738,duplicate,T3 similar title+author+year,1992,perinotti,,83,79,Minerva Medica,The wandering spleen. Considerations on two clinical cases
WS0911,PubMed,1411739,kept,,1992,allen,10.1097/00007611-199210000-00011,85,976,Southern medical journal,Wandering spleen: anatomic and radiologic considerations.
WS0911,Scopus,0026657795,duplicate,T1 DOI,1992,allen,10.1097/00007611-199210000-00011,85,976,Southern Medical Journal,Wandering spleen: Anatomic and radiologic considerations
WS0912,PubMed,1411897,kept,,1992,buehner,,175,373,"Surgery, gynecology & obstetrics",The wandering spleen.
WS0912,Scopus,0026767487,duplicate,T2 title+author+year,1992,buehner,,175,373,Surgery Gynecology and Obstetrics,The wandering spleen
WS0913,PubMed,1392027,kept,,1992,dal,,24,421,The Italian journal of gastroenterology,Splenic torsion: a rare cause of splenomegaly.
WS0913,Scopus,0026775058,duplicate,T2 title+author+year,1992,dal,,24,421,Italian Journal of Gastroenterology,Splenic torsion: A rare cause of splenomegaly
WS0914,PubMed,1403532,kept,,1992,schmidt,10.1016/0022-3468(92)90555-l,27,1043,Journal of pediatric surgery,The splenic snood: an improved approach for the management of the wandering  spleen.
WS0914,Scopus,0026754439,duplicate,T1 DOI,1992,schmidt,10.1016/0022-3468(92)90555-l,27,1043,Journal of Pediatric Surgery,The splenic snood: An improved approach for the management of the wandering spleen
WS0915,PubMed,1305134,kept,,1992,cendrowski,,63,312,Ginekologia polska,[Ectopic spleen in pelvis minor--a case report].
WS0915,Scopus,0026879312,duplicate,T2 title+author+year,1992,cendrowski,,63,312,Ginekologia polska,Ectopic spleen in pelvis minor--a case report
WS0916,PubMed,1582095,kept,,1992,rodkey,10.1177/000992289203100505,31,289,Clinical pediatrics,Pediatric wandering spleen: case report and review of literature.
WS0916,Scopus,0026752991,duplicate,T1 DOI,1992,rodkey,10.1177/000992289203100505,31,289,Clinical Pediatrics,Pediatric Wandering Spleen: Case Report and Review of Literature
WS0917,PubMed,1302934,kept,,1992,konstantinov,,148,75,Vestnik khirurgii imeni I. I. Grekova,[Splenic torsion in a 6-month-old child].
WS0917,Scopus,0026849928,duplicate,T2 title+author+year,1992,konstantinov,,148,75,Vestnik Khirurgii Imeni I.I.Grekova,Splenic torsion in a 6-month-old child
WS0918,PubMed,1595386,kept,,1992,risques,,5,152,Acta medica portuguesa,[Torsion of wandering spleen. An unusual case of abdominal pain].
WS0918,Scopus,0026829049,duplicate,T2 title+author+year,1992,risques,,5,152,Acta médica portuguesa,Torsion of wandering spleen. An unusual case of abdominal pain
WS0919,PubMed,1471446,kept,,1992,diel,,117,619,Zentralblatt fur Chirurgie,"[Pedicle torsion of the accessory spleen within the scope of the  ""polysplenia-asplenia complex"" as a rare differential diagnosis of acute abdomen]."
WS0919,Scopus,0026749422,duplicate,T4 author+year+volume+first page,1992,diel,,117,619,Zentralblatt fur Chirurgie,Torsion of an ectopic second spleen in polysplenia-asplenia syndrome as an unusual differential diagnosis of the acute abdomen
WS0920,PubMed,1339897,kept,,1992,sayad,,40,163,Le Journal medical libanais. The Lebanese medical journal,[Volvulus of a wandering spleen on the 2nd day after birth].
WS0920,Scopus,0027029606,duplicate,T2 title+author+year,1992,sayad,,40,163,Le Journal médical libanais. The Lebanese medical journal,Volvulus of a wandering spleen on the 2nd day after birth
WS0921,PubMed,1802270,kept,,1991,wrigley,,3,574,Problems in veterinary medicine,Ultrasonography of the spleen. Life-threatening splenic disorders.
WS0922,PubMed,1796291,kept,,1991,diel,10.1055/s-2007-1005948,12,297,"Ultraschall in der Medizin (Stuttgart, Germany : 1980)",[Acute abdomen in hemorrhage into a twisted pedicled ectopic second spleen in the  right mesogastrum].
WS0922,Scopus,0026355220,duplicate,T1 DOI,1991,diel,10.1055/s-2007-1005948,12,297,Ultraschall in der Medizin,'Acute abdomen' in haemorrhage into a twisted pediculated ectopic second spleen in the right mesogastrium
WS0923,PubMed,1853811,kept,,1991,nemcek,10.2214/ajr.157.2.1853811,157,307,AJR. American journal of roentgenology,Acute torsion of a wandering spleen: diagnosis by CT and duplex Doppler and color  flow sonography.
WS0923,Scopus,0025788465,duplicate,T1 DOI,1991,nemcek,10.2214/ajr.157.2.1853811,157,307,American Journal of Roentgenology,Acute torsion of a wandering spleen: Diagnosis by CT and duplex Doppler and color flow sonography
WS0924,PubMed,1873727,kept,,1991,jones,10.1002/bjs.1800780737,78,887,The British journal of surgery,Torsion of the spleen managed by splenopexy.
WS0924,Scopus,0025778747,duplicate,T1 DOI,1991,jones,10.1002/bjs.1800780737,78,887,British Journal of Surgery,Torsion of the spleen managed by splenopexy
WS0925,Scopus,0025826707,kept,T2 title+author+year,1991,gupta,,23,367,Italian Journal of Gastroenterology,Wandering spleen presenting as an evanescent abdominal mass
WS0925,PubMed,1742531,duplicate,,1991,gupta,,23,367,The Italian journal of gastroenterology,Wandering spleen presenting as an evanescent abdominal mass.
WS0926,PubMed,1883116,kept,,1991,marco,,34,393,Anales espanoles de pediatria,[Ectopic spleen. Apropos of a case].
WS0927,PubMed,2054084,kept,,1991,flores-rivera,,48,117,Boletin medico del Hospital Infantil de Mexico,[Prenatal testicular torsion. Presentation of a case and review of the  literature].
WS0927,Scopus,0141766086,duplicate,T2 title+author+year,1991,flores-rivera,,48,117,Boletín médico del Hospital Infantil de México,Prenatal testicular torsion. Presentation of a case and review of the literature
WS0928,PubMed,1898552,kept,,1991,herman,10.2214/ajr.156.1.1898552,156,151,AJR. American journal of roentgenology,CT of acute splenic torsion in children with wandering spleen.
WS0928,Scopus,0026003905,duplicate,T1 DOI,1991,herman,10.2214/ajr.156.1.1898552,156,151,American Journal of Roentgenology,CT of acute splenic torsion in children with wandering spleen
WS0929,PubMed,1749683,kept,,1991,herman,10.1007/bf02026685,21,442,Pediatric radiology,"Torsion of a wandering spleen in a one month old, with a confusing ultrasound  examination."
WS0929,Scopus,0025954723,duplicate,T1 DOI,1991,herman,10.1007/bf02026685,21,442,Pediatric Radiology,"Torsion of a wandering spleen in a one month old, with a confusing ultrasound examination"
WS0930,Scopus,84970481919,kept,T2 title+author+year,1990,alerci,10.1080/02841859009173103,31,589,Acta Radiologica,Computed tomography of cystic lymphangioma in a wandering spleen
WS0930,Scopus,0025572493,duplicate,T2 title+author+year,1990,alerci,10.1177/028418519003100611,31,589,Acta Radiologica,Computed tomography of cystic lymphangioma in a wandering spleen
WS0930,PubMed,2278783,duplicate,,1990,alerci,,31,589,"Acta radiologica (Stockholm, Sweden : 1987)",Computed tomography of cystic lymphangioma in a wandering spleen.
WS0931,PubMed,2099424,kept,,1990,hems,10.1136/pgmj.66.780.838,66,838,Postgraduate medical journal,Torsion of an accessory spleen in an elderly patient.
WS0931,Scopus,0025170131,duplicate,T1 DOI,1990,hems,10.1136/pgmj.66.780.838,66,838,Postgraduate Medical Journal,Torsion of an accessory spleen in an elderly patient
WS0932,PubMed,2264450,kept,,1990,vassilopoulos,,156,655,Acta chirurgica Scandinavica,Ectopic spleen in the retroperitoneum. Case report.
WS0932,Scopus,0025050344,duplicate,T4 author+year+volume+first page,1990,vassilopoulos,,156,655,Acta Chirurgica Scandinavica,Ectopic spleen in the retroperitoneum
WS0933,PubMed,2170460,kept,,1990,kinare,10.1002/jcu.1870180712,18,586,Journal of clinical ultrasound : JCU,Sonographic diagnosis of splenic torsion in a spleen situated in the left upper  quadrant.
WS0933,Scopus,0025063136,duplicate,T1 DOI,1990,kinare,10.1002/jcu.1870180712,18,586,Journal of Clinical Ultrasound,Sonographic diagnosis of splenic torsion in a spleen situated in the left upper quadrant
WS0934,PubMed,2176394,kept,,1990,abdulzhavadov,,145,50,Vestnik khirurgii imeni I. I. Grekova,[Torsion of the spleen in pregnancy].
WS0934,Scopus,0025451616,duplicate,T2 title+author+year,1990,abdulzhavadov,,145,50,Vestnik Khirurgii Imeni I.I.Grekova,Torsion of the spleen in pregnancy
WS0935,PubMed,2162860,kept,,1990,bollinger,10.1002/jcu.1870180610,18,510,Journal of clinical ultrasound : JCU,Torsion of a wandering spleen: ultrasonographic findings.
WS0935,Scopus,0025276652,duplicate,T1 DOI,1990,bollinger,10.1002/jcu.1870180610,18,510,Journal of Clinical Ultrasound,Torsion of a wandering spleen: Ultrasonographic findings
WS0936,PubMed,2223255,kept,,1990,marchena,,77,445,Revista espanola de enfermedades digestivas,[Torsion of an ectopic spleen as a cause of acute abdomen].
WS0936,Scopus,17144448351,duplicate,T2 title+author+year,1990,marchena,,77,445,Revista espanola de enfermedades digestivas : organo oficial de la Sociedad Espanola de Patologia Digestiva,Torsion of an ectopic spleen as a cause of acute abdomen
WS0937,PubMed,2221633,kept,,1990,villanueva,,32,545,Anales espanoles de pediatria,[Splenic torsion in a patient with prune belly].
WS0937,Scopus,0025040753,duplicate,T4 author+year+volume+first page,1990,villanueva,,32,545,Anales Espanoles de Pediatria,Splenic torsion in a child with prune belly syndrome
WS0938,PubMed,2303996,kept,,1990,seashore,10.1016/0022-3468(90)90438-f,25,270,Journal of pediatric surgery,Elective splenopexy for wandering spleen.
WS0938,Scopus,0025069837,duplicate,T1 DOI,1990,seashore,10.1016/0022-3468(90)90438-f,25,270,Journal of Pediatric Surgery,Elective splenopexy for wandering spleen
WS0939,PubMed,2201144,kept,,1990,knipping,,115,767,Zentralblatt fur Chirurgie,[Splenopexy of a floating spleen].
WS0939,Scopus,0025108976,duplicate,T3 similar title+author+year,1990,knipping,,115,767,Zentralblatt fur Chirurgie,Splenopexia of floating spleen
WS0940,PubMed,2638785,kept,,1989,naumenko,,144,40,Vestnik khirurgii imeni I. I. Grekova,[Floating spleen simulating abdominal tumor in a child].
WS0940,Scopus,0024792177,duplicate,T2 title+author+year,1989,naumenko,,144,40,Vestnik Khirurgii Imeni I.I.Grekova,Floating spleen simulating abdominal tumor in a child
WS0941,PubMed,2519380,kept,,1989,etcheverry,,117,1403,Revista medica de Chile,"[Ectopic or migrating spleen and supernumerary spleens: detection and  identification with 99mTc, 51Cr and 113In radioisotopes]."
WS0941,Scopus,0024919433,duplicate,T2 title+author+year,1989,etcheverry,,117,1403,Revista medica de Chile,"Ectopic or migrating spleen and supernumerary spleens: detection and identification with 99mTc, 51Cr and 113In radioisotopes"
WS0942,PubMed,2584491,kept,,1989,dautenhahn,10.1097/00004728-198911000-00027,13,1081,Journal of computer assisted tomography,Lymphoma in a pelvic spleen: CT features.
WS0942,Scopus,0024455122,duplicate,T1 DOI,1989,dautenhahn,10.1097/00004728-198911000-00027,13,1081,Journal of Computer Assisted Tomography,Lymphoma in a pelvic spleen: CT features
WS0943,PubMed,2602223,kept,,1989,tonello,10.1016/s0344-0338(89)80080-9,185,523,"Pathology, research and practice",Twisting of the spleen observed in a case of polysplenic disorder associated with  situs viscerum inversus and Kartagener's syndrome.
WS0943,Scopus,0024381351,duplicate,T1 DOI,1989,tonello,10.1016/s0344-0338(89)80080-9,185,523,Pathology Research and Practice,Twisting of the Spleen Observed in a Case of Polysplenic Disorder Associated with Situs Viscerum Inversus and Kartagener's Syndrome
WS0944,PubMed,2593561,kept,,1989,liubarskii,,,130,Khirurgiia,[Torsion of the accessory spleen simulating acute appendicitis].
WS0944,Scopus,0024746964,duplicate,T2 title+author+year,1989,liubarskii,,,130,Khirurgiya,Torsion of the accessory spleen simulating acute appendicitis
WS0945,Scopus,0024468975,kept,T1 DOI,1989,savolaine,10.1097/00003072-198908000-00014,14,623,Clinical Nuclear Medicine,Wandering spleen presenting as a pediatric pelvic mass
WS0945,PubMed,2805544,duplicate,,1989,savolaine,10.1097/00003072-198908000-00014,14,623,Clinical nuclear medicine,Wandering spleen presenting as a pediatric pelvic mass.
WS0946,PubMed,2792945,kept,,1989,lifschitz,,116,630,Harefuah,[Ectopic spleen syndrome].
WS0946,Scopus,0024970638,duplicate,T2 title+author+year,1989,lifschitz,,116,630,Harefuah,Ectopic spleen syndrome
WS0947,PubMed,2699379,kept,,1989,schettini,,35,99,AMB : revista da Associacao Medica Brasileira,[Wandering spleen in children: report of 4 cases].
WS0947,Scopus,0024661132,duplicate,T2 title+author+year,1989,schettini,,35,99,AMB; revista da Associacao Medica Brasileira,Wandering spleen in children: report of 4 cases
WS0948,PubMed,2661792,kept,,1989,allen,10.1016/s0022-3468(89)80395-1,24,432,Journal of pediatric surgery,Pediatric wandering spleen--the case for splenopexy: review of 35 reported cases  in the literature.
WS0948,Scopus,0024518688,duplicate,T1 DOI,1989,allen,10.1016/s0022-3468(89)80395-1,24,432,Journal of Pediatric Surgery,Pediatric wandering spleen-The case for splenopexy: Review of 35 reported cases in the literature
WS0949,PubMed,2807461,kept,,1989,el-mauhoub,10.1007/bf02726632,56,293,Indian journal of pediatrics,Wandering spleen in an infant.
WS0949,Scopus,0024374766,duplicate,T1 DOI,1989,el-mauhoub,10.1007/bf02726632,56,293,The Indian Journal of Pediatrics,Wandering spleen in an infant
WS0950,PubMed,2709433,kept,,1989,aquino,,81,331,Journal of the National Medical Association,Wandering spleen presenting as an adnexal mass.
WS0950,Scopus,0024399136,duplicate,T2 title+author+year,1989,aquino,,81,331,Journal of the National Medical Association,Wandering spleen presenting as an adnexal mass
WS0951,PubMed,2914775,kept,,1989,stickle,,194,103,Journal of the American Veterinary Medical Association,Radiographic signs of isolated splenic torsion in dogs: eight cases (1980-1987).
WS0951,Scopus,0024526538,duplicate,T2 title+author+year,1989,stickle,,194,103,Journal of the American Veterinary Medical Association,Radiographic signs of isolated splenic torsion in dogs: eight cases (1980-1987).
WS0952,PubMed,2771493,kept,,1989,shiels,10.1007/bf02387660,19,465,Pediatric radiology,Chronic torsion of the wandering spleen.
WS0952,Scopus,0024364909,duplicate,T1 DOI,1989,shiels,10.1007/bf02387660,19,465,Pediatric Radiology,Chronic torsion of the wandering spleen
WS0953,PubMed,2680129,kept,,1989,scheye,,30,175,Chirurgie pediatrique,[Intermittent volvulus of the spleen. Importance of splenopexy in children].
WS0953,Scopus,0024418854,duplicate,T4 author+year+volume+first page,1989,scheye,,30,175,Chirurgie Pediatrique,Intermittent wandering spleen interest of splenopexie in a child
WS0954,PubMed,3155168,kept,,1988,codacci-pisanelli,,9,684,Il Giornale di chirurgia,[Torsion of wandering spleen. Considerations on a clinical case].
WS0954,Scopus,0023757311,duplicate,T4 author+year+volume+first page,1988,codacci-pisanelli,,9,684,Giornale di Chirurgia,Wandering spleen. A case report
WS0955,PubMed,3063960,kept,,1988,robinson,,55,428,"The Mount Sinai journal of medicine, New York",Wandering spleen: case report and review.
WS0955,Scopus,0023796848,duplicate,T2 title+author+year,1988,robinson,,55,428,Mount Sinai Journal of Medicine,Wandering spleen: Case report and review
WS0956,PubMed,3054266,kept,,1988,muller,10.1055/s-2008-1033745,200,419,Klinische Padiatrie,"[Accessory spleen torsion. Clinical picture, sonographic diagnosis and  differential diagnosis]."
WS0956,Scopus,0023787439,duplicate,T1 DOI,1988,muller,10.1055/s-2008-1033745,200,419,Klinische Padiatrie,"Accessory spleen torsion clinic, sonographic and differential diagnosis"
WS0957,PubMed,2971064,kept,,1988,franic,,39,232,Canadian Association of Radiologists journal = Journal l'Association canadienne  des radiologistes,Torsion of a wandering spleen.
WS0957,Scopus,0023683258,duplicate,T2 title+author+year,1988,franic,,39,232,Canadian Association of Radiologists Journal,Torsion of a wandering spleen
WS0958,PubMed,3390253,kept,,1988,huang,10.1016/0735-6757(88)90154-4,6,350,The American journal of emergency medicine,Hematometra presenting as acute appendicitis: a case report.
WS0958,Scopus,0023695492,duplicate,T1 DOI,1988,huang,10.1016/0735-6757(88)90154-4,6,350,American Journal of Emergency Medicine,Hematometra presenting as acute appendicitis: A case report
WS0959,Scopus,0008689102,kept,T2 title+author+year,1988,denehy,10.1097/00006254-198843030-00001,43,123,Obstetrical and Gynecological Survey,Splenic torsion and rupture in pregnancy
WS0959,PubMed,3285257,duplicate,,1988,denehy,,43,123,Obstetrical & gynecological survey,Splenic torsion and rupture in pregnancy.
WS0960,PubMed,3415597,kept,,1988,steele,10.1111/j.1445-2197.1988.tb01027.x,58,157,The Australian and New Zealand journal of surgery,A torted pelvic spleen.
WS0960,Scopus,0023959358,duplicate,T1 DOI,1988,steele,10.1111/j.1445-2197.1988.tb01027.x,58,157,Australian and New Zealand Journal of Surgery,A TORTED PELVIC SPLEEN
WS0961,Scopus,0023831631,kept,T1 DOI,1988,kinori,10.7863/jum.1988.7.2.101,7,101,Journal of Ultrasound in Medicine,A truly wandering spleen
WS0961,PubMed,3279223,duplicate,,1988,kinori,10.7863/jum.1988.7.2.101,7,101,Journal of ultrasound in medicine : official journal of the American Institute of  Ultrasound in Medicine,A truly wandering spleen.
WS0962,PubMed,3408373,kept,,1988,volobuev,,50,64,Arkhiv patologii,[A rare complication of splenic torsion in a child].
WS0962,Scopus,0023706408,duplicate,T2 title+author+year,1988,volobuev,,50,64,Arkhiv Patologii,A rare complication of splenic torsion in a child
WS0963,Scopus,0023835987,kept,T1 DOI,1988,bajakian,10.1097/00003072-198801000-00022,13,66,Clinical Nuclear Medicine,Wandering spleen. The use of decubitus views during hepatic imaging
WS0963,PubMed,3349707,duplicate,,1988,bajakian,10.1097/00003072-198801000-00022,13,66,Clinical nuclear medicine,Wandering spleen. The use of decubitus views during hepatic imaging.
WS0964,PubMed,3184649,kept,,1988,kononuchenko,,,70,Klinicheskaia khirurgiia,[Splenic torsion in a 9-year-old child].
WS0964,Scopus,0023859222,duplicate,T2 title+author+year,1988,kononuchenko,,,70,Klinicheskaya Khirurgiya,Splenic torsion in a 9-year-old child
WS0965,PubMed,3072753,kept,,1988,nino-murcia,10.1007/bf02926568,10,195,Urologic radiology,Imaging the effects of an ectopic spleen on the urinary tract.
WS0965,Scopus,0024243167,duplicate,T1 DOI,1988,nino-murcia,10.1007/bf02926568,10,195,Urologic radiology: A journal of diagnostic imaging,Imaging the effects of an ectopic spleen on the urinary tract
WS0966,PubMed,3067882,kept,,1988,mendes,,29,291,Chirurgie pediatrique,[Torsion of the spleen].
WS0966,Scopus,0024240680,duplicate,T2 title+author+year,1988,mendes,,29,291,Chirurgie pédiatrique,Torsion of the spleen
WS0967,PubMed,3686249,kept,,1987,sustr,,66,689,Rozhledy v chirurgii : mesicnik Ceskoslovenske chirurgicke spolecnosti,[Torsion of the spleen in children].
WS0967,Scopus,0023431295,duplicate,T2 title+author+year,1987,sustr,,66,689,Rozhledy v chirurgii,Torsion of the spleen in children
WS0968,PubMed,3448037,kept,,1987,brasch,,72,233,International surgery,Unusual presentation on the right side of ectopic testicular spleen.
WS0968,Scopus,0023609666,duplicate,T2 title+author+year,1987,brasch,,72,233,International Surgery,Unusual presentation on the right side of ectopic testicular spleen
WS0969,PubMed,3323485,kept,,1987,grenier,,68,615,Journal de radiologie,[Chronic volvulus of an ectopic spleen with subcapsular hematoma. CT x-ray  aspect].
WS0969,Scopus,0023514477,duplicate,T4 author+year+volume+first page,1987,grenier,,68,615,Journal de Radiologie,Chronic volvulus of an ectopic spleen with subcapsular haematoma. CT appearance
WS0970,PubMed,3320068,kept,,1987,azoulay,,124,520,Journal de chirurgie,[Volvulus of a mobile spleen. Apropos of a case diagnosed in the preoperative  period by ultrasonography].
WS0970,Scopus,0023472872,duplicate,T4 author+year+volume+first page,1987,azoulay,,124,520,Journal de Chirurgie,Volvulus of a mobile spleen. Preoperative diagnosis by ultrasound imaging in one case
WS0971,PubMed,3134450,kept,,1987,siniluoto,10.1002/jcu.1870150709,15,475,Journal of clinical ultrasound : JCU,A multicystic wandering spleen.
WS0971,Scopus,0023639360,duplicate,T1 DOI,1987,siniluoto,10.1002/jcu.1870150709,15,475,Journal of Clinical Ultrasound,A multicystic wandering spleen
WS0972,Scopus,0023605687,kept,T1 DOI,1987,sawaf,10.1097/00003072-198707000-00019,12,561,Clinical Nuclear Medicine,Wandering spleen and advanced age
WS0972,PubMed,3608340,duplicate,,1987,sawaf,10.1097/00003072-198707000-00019,12,561,Clinical nuclear medicine,Wandering spleen and advanced age.
WS0973,PubMed,3134441,kept,,1987,williams,10.1002/jcu.1870150611,15,409,Journal of clinical ultrasound : JCU,Omphalocele and ectopic spleen.
WS0973,Scopus,0023276942,duplicate,T1 DOI,1987,williams,10.1002/jcu.1870150611,15,409,Journal of Clinical Ultrasound,Omphalocele and ectopic spleen
WS0974,PubMed,3586160,kept,,1987,wood,10.1016/s0022-5347(17)44458-2,137,1219,The Journal of urology,Urological accessory splenic tissue.
WS0974,Scopus,0023279877,duplicate,T1 DOI,1987,wood,10.1016/s0022-5347(17)44458-2,137,1219,Journal of Urology,Urological accessory splenic tissue
WS0975,PubMed,3601125,kept,,1987,marsetti,,42,421,Minerva chirurgica,[Recurrent torsion of ectopic accessory spleen in a patient with agenesis of the  gallbladder].
WS0975,Scopus,0023654127,duplicate,T2 title+author+year,1987,marsetti,,42,421,Minerva Chirurgica,Recurrent torsion of ectopic accessory spleen in a patient with agenesis of the gallbladder
WS0976,PubMed,3815017,kept,,1987,phillips,10.1259/0007-1285-60-710-188,60,188,The British journal of radiology,Wandering spleen.
WS0976,Scopus,0023099975,duplicate,T1 DOI,1987,phillips,10.1259/0007-1285-60-710-188,60,188,British Journal of Radiology,Wandering spleen
WS0977,PubMed,3818247,kept,,1987,mccormack,,77,21,Iowa medicine : journal of the Iowa Medical Society,Wandering spleen in a child.
WS0977,Scopus,0023174732,duplicate,T2 title+author+year,1987,mccormack,,77,21,Iowa medicine : journal of the Iowa Medical Society,Wandering spleen in a child.
WS0978,PubMed,3622569,kept,,1987,park,10.1007/bf00256494,13,210,European journal of nuclear medicine,Unusual case of an ectopic spleen.
WS0978,Scopus,0023618625,duplicate,T1 DOI,1987,park,10.1007/bf00256494,13,210,European Journal of Nuclear Medicine,Unusual case of an ectopic spleen
WS0979,PubMed,3548519,kept,,1987,plaja,,26,69,Anales espanoles de pediatria,[Wandering spleen. Discussion apropos of a case].
WS0979,Scopus,0023085468,duplicate,T2 title+author+year,1987,plaja,,26,69,Anales Espanoles de Pediatria,Wandering spleen. Discussion apropos of a case
WS0980,PubMed,3438105,kept,,1987,valla,,42,457,Pediatrie,[Non-traumatic surgical pathology of the spleen in children (excluding acute  injuries)].
WS0980,Scopus,0023488979,duplicate,T2 title+author+year,1987,valla,,42,457,Pediatrie,Non-traumatic surgical pathology of the spleen in children (excluding acute injuries)
WS0981,PubMed,3327197,kept,,1987,wendt,,15,375,Tierarztliche Praxis,[Stomach torsion in swine].
WS0981,Scopus,0023489585,duplicate,T2 title+author+year,1987,wendt,,15,375,Tierärztliche Praxis,Stomach torsion in swine
WS0982,PubMed,3544686,kept,,1986,smevik,10.1177/028418518602700617,27,715,Acta radiologica: diagnosis,Torsion of a wandering spleen in an infant. Report of a case and a brief review  of the literature.
WS0982,Scopus,0022894662,duplicate,T1 DOI,1986,smevik,10.1177/028418518602700617,27,715,Acta Radiologica - Series Diagnosis,Torsion of a wandering spleen in an infant. Report of a case and a brief review of the literature
WS0983,PubMed,3783517,kept,,1986,caracciolo,,31,242,Journal of the Royal College of Surgeons of Edinburgh,Wandering spleen: treatment with colonic displacement.
WS0983,Scopus,0022980282,duplicate,T2 title+author+year,1986,caracciolo,,31,242,Journal of the Royal College of Surgeons of Edinburgh,Wandering spleen: Treatment with colonic displacement
WS0984,PubMed,3761933,kept,,1986,kushch,,,45,Khirurgiia,[Diagnosis and treatment of splenic dystopia and torsion in children].
WS0984,Scopus,0022759064,duplicate,T2 title+author+year,1986,kushch,,,45,Khirurgiia,Diagnosis and treatment of splenic dystopia and torsion in children
WS0985,PubMed,3746608,kept,,1986,thorup,10.1016/s0022-3468(86)80396-7,21,722,Journal of pediatric surgery,Late return of function after intrathoracic torsion of the spleen in congenital  diaphragmatic hernia.
WS0985,Scopus,0022482071,duplicate,T1 DOI,1986,thorup,10.1016/s0022-3468(86)80396-7,21,722,Journal of Pediatric Surgery,Late return of function after intrathoracic torsion of the spleen in congenital diaphragmatic hernia
WS0986,PubMed,3749920,kept,,1986,moreno,10.1016/s0001-2998(86)80041-1,16,216,Seminars in nuclear medicine,The displaced spleen.
WS0986,Scopus,0022746980,duplicate,T1 DOI,1986,moreno,10.1016/s0001-2998(86)80041-1,16,216,Seminars in Nuclear Medicine,The displaced spleen
WS0987,PubMed,3518976,kept,,1986,scicolone,,38,72,Chirurgia italiana,"[""Wandering spleen"": preoperative diagnosis by echotomography of the abdomen  (review of the literature and report of a case)]."
WS0987,Scopus,0022668398,duplicate,T2 title+author+year,1986,scicolone,,38,72,Chirurgia italiana,"""Wandering spleen"": preoperative diagnosis by echotomography of the abdomen (review of the literature and report of a case)"
WS0988,PubMed,3943244,kept,,1986,groshar,10.1097/00003072-198601000-00015,11,42,Clinical nuclear medicine,The value of scintigraphy in the evaluation of a wandering spleen.
WS0988,Scopus,0022643197,duplicate,T1 DOI,1986,groshar,10.1097/00003072-198601000-00015,11,42,Clinical Nuclear Medicine,The value of scintigraphy in the evaluation of a wandering spleen
WS0989,PubMed,3836170,kept,,1985,weisbord,,109,396,Harefuah,[The clinical spectrum of wandering spleen].
WS0989,Scopus,0022427019,duplicate,T2 title+author+year,1985,weisbord,,109,396,Harefuah,The clinical spectrum of wandering spleen
WS0990,PubMed,4024388,kept,,1985,firor,,12,511,The Urologic clinics of North America,Pediatric surgical intraoperative consultations.
WS0991,PubMed,4050251,kept,,1985,mukendi,,85,217,Acta chirurgica Belgica,"[Occlusive syndrome, ectopic spleen and malaria. Apropos of a case report]."
WS0991,Scopus,0022089101,duplicate,T2 title+author+year,1985,mukendi,,85,217,Acta Chirurgica Belgica,"Occlusive syndrome, ectopic spleen and malaria. Apropos of a case report"
WS0992,PubMed,4035834,kept,,1985,constantine,,24,227,Der Urologe. Ausg. A,[Fusion of an ectopic spleen with the left kidney. Preoperative diagnosis:  adenocarcinoma of the kidney].
WS0992,Scopus,0021815343,duplicate,T3 similar title+author+year,1985,constantine,,24,227,Urologe - Ausgabe A,Fusion of an ectopic spleen with the left kidney. Preoperative diagnosis: Carcinoma of the kidney
WS0993,PubMed,3898381,kept,,1985,sty,10.1016/s0001-2998(85)80005-2,15,276,Seminars in nuclear medicine,The spleen: development and functional evaluation.
WS0993,Scopus,0022092070,duplicate,T1 DOI,1985,sty,10.1016/s0001-2998(85)80005-2,15,276,Seminars in Nuclear Medicine,The spleen: Development and functional evaluation
WS0994,PubMed,3894372,kept,,1985,liu,,36,163,Journal of the Canadian Association of Radiologists,Unusual position of the spleen--a report of two patients.
WS0994,Scopus,0022185807,duplicate,T2 title+author+year,1985,liu,,36,163,Canadian Association of Radiologists Journal,Unusual position of the spleen - A report of two patients
WS0995,PubMed,3892271,kept,,1985,riebel,,133,300,Monatsschrift Kinderheilkunde : Organ der Deutschen Gesellschaft fur  Kinderheilkunde,[Torsion of a wandering spleen].
WS0995,Scopus,0021917360,duplicate,T4 author+year+volume+first page,1985,riebel,,133,300,Monatsschrift fur Kinderheilkunde,Wandering spleen
WS0996,PubMed,3987949,kept,,1985,samuel,10.1016/0028-2243(85)90027-9,19,109,"European journal of obstetrics, gynecology, and reproductive biology",Acute urinary retention as presenting symptom of torsion of a wandering spleen.
WS0996,Scopus,0021913832,duplicate,T1 DOI,1985,samuel,10.1016/0028-2243(85)90027-9,19,109,European Journal of Obstetrics and Gynecology and Reproductive Biology,Acute urinary retention as presenting symptom of torsion of a wandering spleen
WS0997,PubMed,3983052,kept,,1985,witz,10.1136/pgmj.61.712.181,61,181,Postgraduate medical journal,Torsion of a wandering spleen.
WS0997,Scopus,0021926236,duplicate,T1 DOI,1985,witz,10.1136/pgmj.61.712.181,61,181,Postgraduate Medical Journal,Torsion of a wandering spleen
WS0998,PubMed,3920273,kept,,1985,agee,10.1002/jcu.1870130215,13,145,Journal of clinical ultrasound : JCU,Wandering pelvic spleen.
WS0998,Scopus,0022384483,duplicate,T1 DOI,1985,agee,10.1002/jcu.1870130215,13,145,Journal of Clinical Ultrasound,Wandering pelvic spleen
WS0999,PubMed,3920272,kept,,1985,tait,10.1002/jcu.1870130214,13,141,Journal of clinical ultrasound : JCU,The wandering spleen: an ultrasonic diagnosis.
WS0999,Scopus,0022359023,duplicate,T1 DOI,1985,tait,10.1002/jcu.1870130214,13,141,Journal of Clinical Ultrasound,The wandering spleen: An ultrasonic diagnosis
WS1000,PubMed,3999893,kept,,1985,lambrecht,10.1007/bf01262500,363,261,Langenbecks Archiv fur Chirurgie,[Organ preserving spleen surgery in childhood].
WS1000,Scopus,0021911164,duplicate,T1 DOI,1985,lambrecht,10.1007/bf01262500,363,261,Langenbecks Archiv für Chirurgie,Organ saving spleen surgery in childhood
WS1001,PubMed,3971790,kept,,1985,fuchs,,56,59,Der Chirurg; Zeitschrift fur alle Gebiete der operativen Medizen,[Acute abdomen in congenital wandering spleen with complete pedicle torsion in  childhood. Case report].
WS1001,Scopus,0021906703,duplicate,T4 author+year+volume+first page,1985,fuchs,,56,59,Chirurg,Acute abdomen in a child with congenital wandering spleen with complete torsion of the pedicle
WS1002,PubMed,3880638,kept,,1985,pundaleeka,10.1016/s0196-0644(85)80738-1,14,64,Annals of emergency medicine,Splenic torsion presenting as a twisted hemorrhagic ovarian cyst.
WS1002,Scopus,0021979002,duplicate,T1 DOI,1985,pundaleeka,10.1016/s0196-0644(85)80738-1,14,64,Annals of Emergency Medicine,Splenic torsion presenting as a twisted hemorrhagic ovarian cyst
WS1003,PubMed,6596079,kept,,1984,griffiths,10.1111/j.1445-2197.1984.tb05449.x,54,571,The Australian and New Zealand journal of surgery,Torsion of the spleen in the polysplenia syndrome.
WS1003,Scopus,0021708512,duplicate,T1 DOI,1984,griffiths,10.1111/j.1445-2197.1984.tb05449.x,54,571,Australian and New Zealand Journal of Surgery,TORSION OF THE SPLEEN IN THE POLYSPLENIA SYNDROME
WS1004,PubMed,6389625,kept,,1984,parker,10.1097/00004728-198412000-00036,8,1201,Journal of computer assisted tomography,Torsion of a wandering spleen: CT appearance.
WS1004,Scopus,0021677712,duplicate,T1 DOI,1984,parker,10.1097/00004728-198412000-00036,8,1201,Journal of Computer Assisted Tomography,Torsion of a wandering spleen: Ct appearance
WS1005,PubMed,6333975,kept,,1984,angeras,10.1007/bf01317093,29,1159,Digestive diseases and sciences,Acute gastric hemorrhage secondary to wandering spleen.
WS1005,Scopus,0021739728,duplicate,T1 DOI,1984,angeras,10.1007/bf01317093,29,1159,Digestive Diseases and Sciences,Acute gastric hemorrhage secondary to wandering spleen
WS1006,PubMed,6527327,kept,,1984,lau,,29,383,Journal of the Royal College of Surgeons of Edinburgh,Torsion of the spleen.
WS1006,Scopus,0021681608,duplicate,T2 title+author+year,1984,lau,,29,383,Journal of the Royal College of Surgeons of Edinburgh,Torsion of the spleen
WS1007,Scopus,0021224427,kept,T2 title+author+year,1984,barloon,10.1111/j.1572-0241.1984.tb05970.x,79,684,The American Journal of Gastroenterology,Lymphoma Presenting as an Abdominal Mass Involving an Ectopic Spleen
WS1007,PubMed,6475896,duplicate,,1984,barloon,,79,684,The American journal of gastroenterology,Lymphoma presenting as an abdominal mass involving an ectopic spleen.
WS1008,PubMed,6468219,kept,,1984,toback,10.1007/bf01318435,29,868,Digestive diseases and sciences,Splenic torsion. An unusual cause of splenomegaly.
WS1008,Scopus,0021153894,duplicate,T1 DOI,1984,toback,10.1007/bf01318435,29,868,Digestive Diseases and Sciences,Splenic torsion - An unusual cause of splenomegaly
WS1009,PubMed,6465461,kept,,1984,ishchenko,,,68,Akusherstvo i ginekologiia,[Torsional floating spleen simulating ovarian tumor].
WS1009,Scopus,0021426447,duplicate,T2 title+author+year,1984,ishchenko,,,68,Akusherstvo i ginekologiia,Torsional floating spleen simulating ovarian tumor
WS1010,PubMed,6471510,kept,,1984,takahashi,,29,527,Rinsho hoshasen. Clinical radiography,[Concurrent presence of wandering spleen and accessory spleen: report of a case].
WS1010,Scopus,0021246359,duplicate,T2 title+author+year,1984,takahashi,,29,527,Japanese Journal of Clinical Radiology,Concurrent presence of wandering spleen and accessory spleen. Report of a case
WS1011,PubMed,6697094,kept,,1984,barki,10.1259/0007-1285-57-675-267,57,267,The British journal of radiology,Wandering spleen in two children--the role of ultrasonic diagnosis.
WS1011,Scopus,0021342672,duplicate,T1 DOI,1984,barki,10.1259/0007-1285-57-675-267,57,267,British Journal of Radiology,Wandering spleen in two children: The role of ultrasonic diagnosis
WS1012,PubMed,6721663,kept,,1984,colnet,,41,139,Archives francaises de pediatrie,[Wandering spleen. Apropos of a case in a 4-year-old girl].
WS1012,Scopus,0021247067,duplicate,T4 author+year+volume+first page,1984,colnet,,41,139,Archives Francaises de Pediatrie,Wandering spleen. A case report in a 4 year-old girl
WS1013,PubMed,6706545,kept,,1984,siplovich,,20,170,Israel journal of medical sciences,Splenopexy for the wandering spleen.
WS1013,Scopus,0021270954,duplicate,T2 title+author+year,1984,siplovich,,20,170,Israel Journal of Medical Sciences,Splenopexy for the wandering spleen
WS1014,PubMed,6746566,kept,,1984,leeman,,67,25,Journal belge de radiologie,Wandering spleen in supra-hepatic position.
WS1014,Scopus,0021120019,duplicate,T2 title+author+year,1984,leeman,,67,25,Journal Belge de Radiologie,Wandering spleen in supra-hepatic position.
WS1015,PubMed,6724242,kept,,1984,salomonowitz,10.1007/bf01887802,9,57,Gastrointestinal radiology,Radiologic diagnosis of wandering spleen complicated by splenic volvulus and  infarction.
WS1015,Scopus,0021338834,duplicate,T1 DOI,1984,salomonowitz,10.1007/bf01887802,9,57,Gastrointestinal Radiology,Radiologic diagnosis of wandering spleen complicated by splenic volvulus and infarction
WS1016,Scopus,0021340040,kept,T1 DOI,1984,sheflin,10.2214/ajr.142.1.100,142,100,American Journal of Roentgenology,Torsion of wandering spleen and distal pancreas
WS1016,PubMed,6606938,duplicate,,1984,sheflin,10.2214/ajr.142.1.100,142,100,AJR. American journal of roentgenology,Torsion of wandering spleen and distal pancreas.
WS1017,PubMed,6645391,kept,,1983,harleman,,33,463,Laboratory animal science,Ectopic spleen tissue in the pancreas of Himalayan rabbits.
WS1017,Scopus,0020839463,duplicate,T2 title+author+year,1983,harleman,,33,463,Laboratory animal science,Ectopic spleen tissue in the pancreas of Himalayan rabbits.
WS1018,Scopus,0020967812,kept,T2 title+author+year,1983,valleix,,37,440,Annales de Chirurgie,Torsion of an accessory spleen
WS1018,PubMed,6638892,duplicate,,1983,valleix,,37,440,Annales de chirurgie,[Torsion of an accessory spleen].
WS1019,PubMed,6632598,kept,,1983,khaimov,,,70,Klinicheskaia khirurgiia,[Torsion of the spleen peduncle].
WS1019,Scopus,0020824842,duplicate,T2 title+author+year,1983,khaimov,,,70,Klinicheskaya Khirurgiya,Torsion of the spleen peduncle
WS1020,PubMed,6631794,kept,,1983,zakaria,,28,265,Journal of the Royal College of Surgeons of Edinburgh,Wandering spleen.
WS1020,Scopus,0020794864,duplicate,T2 title+author+year,1983,zakaria,,28,265,Journal of the Royal College of Surgeons of Edinburgh,Wandering spleen.
WS1021,PubMed,6623812,kept,,1983,gainanov,,131,114,Vestnik khirurgii imeni I. I. Grekova,[Torsion and rupture of floating spleen in combination with destructive  appendicitis in a 13-year-old girl].
WS1021,Scopus,0020791190,duplicate,T2 title+author+year,1983,gainanov,,131,114,Vestnik Khirurgii Imeni I.I.Grekova,Torsion and rupture of floating spleen in combination with destructive appendicitis in a 13-year-old girl
WS1022,PubMed,6884386,kept,,1983,vermylen,10.1007/bf00441655,140,112,European journal of pediatrics,The wandering spleen.
WS1022,Scopus,0020541127,duplicate,T1 DOI,1983,vermylen,10.1007/bf00441655,140,112,European Journal of Pediatrics,The wandering spleen
WS1023,PubMed,6615583,kept,,1983,zhalelov,,130,97,Vestnik khirurgii imeni I. I. Grekova,[Floating spleen in a 5-year-old girl].
WS1023,Scopus,0020740840,duplicate,T2 title+author+year,1983,zhalelov,,130,97,Vestnik Khirurgii Imeni I.I.Grekova,Floating spleen in a 5-year-old girl
WS1024,PubMed,6836157,kept,,1983,brambilla,,69,161,La Radiologia medica,"[Voluminous ""wandering spleen"" with thromboses of the splenic vein: preoperative  diagnosis with angiography]."
WS1024,Scopus,0020726912,duplicate,T2 title+author+year,1983,brambilla,,69,161,Radiologia Medica,"Voluminous ""wandering spleen"" with thromboses of the splenic vein: preoperative diagnosis with angiography"
WS1025,PubMed,6634437,kept,,1983,andermarcher,,5,141,La Pediatria medica e chirurgica : Medical and surgical pediatrics,[Wandering spleen with acute torsion of the pedicle].
WS1025,Scopus,0020725961,duplicate,T2 title+author+year,1983,andermarcher,,5,141,Pediatria Medica e Chirurgica,Wandering spleen with acute torsion of the pedicle
WS1026,PubMed,6845569,kept,,1983,bolgov,,130,101,Vestnik khirurgii imeni I. I. Grekova,[Torsion of the spleen simulating abdominal tumor in a child].
WS1026,Scopus,0020712593,duplicate,T2 title+author+year,1983,bolgov,,130,101,Vestnik Khirurgii Imeni I.I.Grekova,Torsion of the spleen simulating abdominal tumor in a child
WS1027,PubMed,6218853,kept,,1983,cox,10.1259/0007-1285-56-662-145-c,56,145,The British journal of radiology,The wandering spleen syndrome?
WS1027,Scopus,0020710685,duplicate,T1 DOI,1983,cox,10.1259/0007-1285-56-662-145-c,56,145,The British journal of radiology,The wandering spleen syndrome?
WS1028,PubMed,7174493,kept,,1982,allen,,181,1428,Journal of the American Veterinary Medical Association,Radioisotope imaging for detection of an ectopic spleen in a macaque.
WS1028,Scopus,0020406971,duplicate,T2 title+author+year,1982,allen,,181,1428,Journal of the American Veterinary Medical Association,Radioisotope imaging for detection of an ectopic spleen in a macaque
WS1029,PubMed,7146415,kept,,1982,rao,10.1148/radiology.145.3.7146415,145,805,Radiology,Dual radiopharmaceutical imaging in congenital asplenia syndrome.
WS1029,Scopus,0020344795,duplicate,T1 DOI,1982,rao,10.1148/radiology.145.3.7146415,145,805,Radiology,Dual radiopharmaceutical imaging in congenital asplenia syndrome.
WS1030,PubMed,7120005,kept,,1982,stringel,10.1016/s0022-3468(82)80492-2,17,373,Journal of pediatric surgery,Torsion of the wandering spleen: splenectomy or splenopexy.
WS1030,Scopus,0020029440,duplicate,T1 DOI,1982,stringel,10.1016/s0022-3468(82)80492-2,17,373,Journal of Pediatric Surgery,Torsion of the wandering spleen: Splenectomy or splenopexy
WS1031,Scopus,0019949314,kept,T1 DOI,1982,ackerman,10.1097/00007611-198207000-00043,75,897,Southern Medical Journal,Splenic torsion in the polysplenia syndrome
WS1031,PubMed,7089667,duplicate,,1982,ackerman,10.1097/00007611-198207000-00043,75,897,Southern medical journal,Splenic torsion in the polysplenia syndrome.
WS1032,PubMed,7075098,kept,,1982,kelly,10.1177/000992288202100608,21,365,Clinical pediatrics,Splenic torsion in an infant associated with secondary disseminated Hemophilus  influenzae infection.
WS1032,Scopus,0020472603,duplicate,T1 DOI,1982,kelly,10.1177/000992288202100608,21,365,Clinical Pediatrics,Splenic Torsion in an Infant Associated with Secondary Disseminated Hemophilus influenzae Infection
WS1033,PubMed,7125393,kept,,1982,ros,,16,342,Anales espanoles de pediatria,[Torsion of the spleen].
WS1033,Scopus,0020124064,duplicate,T2 title+author+year,1982,ros,,16,342,Anales Espanoles de Pediatria,Torsion of the spleen
WS1034,Scopus,0019996232,kept,T1 DOI,1982,setiawan,10.1007/bf00971806,12,152,Pediatric Radiology,Ectopic spleen. A sonographic diagnosis
WS1034,PubMed,7110767,duplicate,,1982,setiawan,10.1007/bf00971806,12,152,Pediatric radiology,Ectopic spleen. A sonographic diagnosis.
WS1035,PubMed,7297000,kept,,1981,barnett,10.1097/00003072-198111000-00005,6,528,Clinical nuclear medicine,Sequential liver-spleen scanning for documentation of wandering spleen.
WS1035,Scopus,0019860659,duplicate,T1 DOI,1981,barnett,10.1097/00003072-198111000-00005,6,528,Clinical Nuclear Medicine,Sequential liver-spleen scanning for documentation of wandering spleen
WS1036,PubMed,7298737,kept,,1981,koumare,,118,577,Journal de chirurgie,[Ectopic spleens. About a spleen of the right iliac fossa (author's transl)].
WS1036,Scopus,0019821041,duplicate,T4 author+year+volume+first page,1981,koumare,,118,577,Journal de Chirurgie,Ectopic spleens. About a spleen of the right iliac fossa
WS1037,PubMed,7303422,kept,,1981,gadziev,,127,73,Vestnik khirurgii imeni I. I. Grekova,[Torsion of the spleen].
WS1037,Scopus,0019615942,duplicate,T2 title+author+year,1981,gadziev,,127,73,Vestnik Khirurgii Imeni I.I.Grekova,Torsion of the spleen
WS1038,PubMed,7336159,kept,,1981,nielsen,10.1111/j.1600-0609.1981.tb00451.x,27,51,Scandinavian journal of haematology,Detection of splenosis and ectopic spleens with 99mTc-labelled heat damaged  autologous erythrocytes in 90 splenectomized patients.
WS1038,Scopus,0019401766,duplicate,T1 DOI,1981,nielsen,10.1111/j.1600-0609.1981.tb00451.x,27,51,Scandinavian Journal of Haematology,Detection of Splenosis and Ectopic Spleens with 99mTc‐Labelled Heat Damaged Autologous Erythrocytes in 90 Splenectomized Patients
WS1039,PubMed,7269132,kept,,1981,leont'ev,,126,118,Vestnik khirurgii imeni I. I. Grekova,[Torsion of the pathologically mobile spleen in a 9-year-old child].
WS1039,Scopus,0019576784,duplicate,T2 title+author+year,1981,leont'ev,,126,118,Vestnik Khirurgii Imeni I.I.Grekova,Torsion of the pathologically mobile spleen in a 9-year-old child
WS1040,PubMed,7268588,kept,,1981,vlcek,,60,408,Rozhledy v chirurgii : mesicnik Ceskoslovenske chirurgicke spolecnosti,[Acute abdomen after jumping into water].
WS1041,PubMed,7263209,kept,,1981,grunspan,,17,458,Israel journal of medical sciences,Torsion of an accessory spleen simulating acute appendicitis.
WS1041,Scopus,0019447604,duplicate,T2 title+author+year,1981,grunspan,,17,458,Israel Journal of Medical Sciences,Torsion of an accessory spleen simulating acute appendicitis
WS1042,Scopus,0019417480,kept,T4 author+year+volume+first page,1981,dettori,,35,447,Annales de Chirurgie,One case of recurrent torsion of a visceroptotic spleen
WS1042,PubMed,7259040,duplicate,,1981,dettori,,35,447,Annales de chirurgie,[One case of recurrent torsion of a visceroptosed spleen (author's transl)].
WS1043,PubMed,7247110,kept,,1981,lewis,,47,275,The American surgeon,Wandering spleen.
WS1043,Scopus,0019435381,duplicate,T2 title+author+year,1981,lewis,,47,275,American Surgeon,Wandering spleen
WS1044,PubMed,7282038,kept,,1981,van,10.1055/s-2008-1063242,32,94,"Zeitschrift fur Kinderchirurgie : organ der Deutschen, der Schweizerischen und  der Osterreichischen Gesellschaft fur Kinderchirurgie = Surgery in infancy and childhood",Splenopexy in a case of wandering spleen.
WS1044,Scopus,0019365017,duplicate,T1 DOI,1981,van,10.1055/s-2008-1063242,32,94,European Journal of Pediatric Surgery,Splenopexy in a Case of Wandering Spleen
WS1045,PubMed,7230075,kept,,1981,koppikar,,27,42,Journal of postgraduate medicine,Wandering spleen.
WS1045,Scopus,0019398015,duplicate,T2 title+author+year,1981,koppikar,,27,42,Journal of Postgraduate Medicine,Wandering spleen.
WS1046,PubMed,6450279,kept,,1981,teramoto,10.1016/s0022-3476(81)80548-3,98,91,The Journal of pediatrics,Splenic torsion with prune belly syndrome.
WS1046,Scopus,0019352397,duplicate,T1 DOI,1981,teramoto,10.1016/s0022-3476(81)80548-3,98,91,The Journal of Pediatrics,Splenic torsion with prune belly syndrome
WS1047,PubMed,7449592,kept,,1980,davidson,10.1007/bf01308048,25,964,Digestive diseases and sciences,Epidermoid splenic cyst occurring in an intrapancreatic accessory spleen.
WS1047,Scopus,0019123277,duplicate,T1 DOI,1980,davidson,10.1007/bf01308048,25,964,Digestive Diseases and Sciences,Epidermoid splenic cyst occurring in an intrapancreatic accessory spleen
WS1048,Scopus,0019331486,kept,T1 DOI,1980,van,10.1056/nejm198010233031714,303,1002,New England Journal of Medicine,Bowel Obstruction Due to Torsion of the Spleen
WS1048,PubMed,7412841,duplicate,,1980,van,10.1056/nejm198010233031714,303,1002,The New England journal of medicine,Bowel obstruction due to torsion of the spleen.
WS1049,Scopus,0019133878,kept,T2 title+author+year,1980,yanay,,99,12,Harefuah,Acute abdomen due to torsion of a wandering spleen
WS1049,PubMed,7450581,duplicate,,1980,yanay,,99,12,Harefuah,[Acute abdomen due to torsion of a wandering spleen].
WS1050,Scopus,0019297921,kept,T2 title+author+year,1980,daneshgar,10.1016/0016-5085(80)90089-x,79,141,Gastroenterology,Bleeding gastric varices and gastric torsion secondary to a wandering spleen
WS1050,PubMed,6966594,duplicate,,1980,daneshgar,,79,141,Gastroenterology,Bleeding gastric varices and gastric torsion secondary to a wandering spleen.
WS1051,PubMed,7405229,kept,,1980,symonowicz,,33,651,"Wiadomosci lekarskie (Warsaw, Poland : 1960)",[Splenomegaly caused by splenic pedicle torsion].
WS1051,Scopus,0019003952,duplicate,T2 title+author+year,1980,symonowicz,,33,651,Wiadomosci Lekarskie,Splenomegaly caused by splenic pedicle torsion
WS1052,PubMed,7357776,kept,,1980,thompson,10.1177/000992288001900309,19,221,Clinical pediatrics,The wandering spleen in infancy and childhood.
WS1052,Scopus,0018866781,duplicate,T1 DOI,1980,thompson,10.1177/000992288001900309,19,221,Clinical Pediatrics,The Wandering Spleen in Infancy and Childhood
WS1053,PubMed,7358247,kept,,1980,sorgen,10.1007/bf01888595,5,25,Gastrointestinal radiology,Bleeding gastric varices secondary to wandering spleen.
WS1053,Scopus,0018841034,duplicate,T1 DOI,1980,sorgen,10.1007/bf01888595,5,25,Gastrointestinal Radiology,Bleeding gastric varices secondary to wandering spleen
WS1054,PubMed,7189456,kept,,1980,tsyrlova,,250,502,Doklady Akademii nauk SSSR,[Establishment of erythropoiesis and antibody formation in ectopic spleen  transplants].
WS1054,Scopus,0018850280,duplicate,T2 title+author+year,1980,tsyrlova,,250,502,Doklady Akademii nauk SSSR,Establishment of erythropoiesis and antibody formation in ectopic spleen transplants
WS1055,PubMed,517482,kept,,1979,zarinjooee,10.1001/archpedi.1979.02130120074016,133,1282,American journal of diseases of children (1960),Splenic torsion in a child.
WS1055,Scopus,0018561008,duplicate,T1 DOI,1979,zarinjooee,10.1001/archpedi.1979.02130120074016,133,1282,American Journal of Diseases of Children,Splenic Torsion in a Child
WS1056,PubMed,514704,kept,,1979,gruner-zarnoch,,54,1323,Pediatria polska,[Chronic torsion of wandering spleen in an infant].
WS1056,Scopus,0018538428,duplicate,T2 title+author+year,1979,gruner-zarnoch,,54,1323,Pediatria Polska,Chronic torsion of wandering spleen in an infant
WS1057,PubMed,483454,kept,,1979,lindhardt,,141,2605,Ugeskrift for laeger,[Torsion of the peduncle in wandering spleen].
WS1057,Scopus,0018293277,duplicate,T4 author+year+volume+first page,1979,lindhardt,,141,2605,Ugeskrift for Laeger,Torsion of the peduncle in a case of floating spleen
WS1058,PubMed,485538,kept,,1979,coutifaris,,228,646,Archives of gynecology,[Pregnancy following pelvic spleen exstirpation with urogenital abnormalities].
WS1058,Scopus,0018796882,duplicate,T2 title+author+year,1979,coutifaris,,228,646,Archives of Gynecology,Pregnancy following pelvic spleen exstirpation with urogenital abnormalities
WS1059,PubMed,547374,kept,,1979,bonnin,,4,149,Revista interamericana de radiologia,[Segmental portal hypertension caused by volvulus of the spleen].
WS1059,Scopus,0018581498,duplicate,T3 similar title+author+year,1979,bonnin,,4,149,Revista Interamericana de Radiologia,Segmental portal hypertension due to volvulus of the spleen
WS1060,PubMed,450285,kept,,1979,beluffi,,70,1467,Minerva medica,[A case of splenic torsion in a child].
WS1060,Scopus,0018763118,duplicate,T3 similar title+author+year,1979,beluffi,,70,1467,Minerva Medica,A case of spleen torsion in a child
WS1061,PubMed,463004,kept,,1979,bienkowski,,32,497,"Wiadomosci lekarskie (Warsaw, Poland : 1960)",[Case of torsion of spleen displaced below the right costal arch].
WS1061,Scopus,0018462416,duplicate,T2 title+author+year,1979,bienkowski,,32,497,Wiadomosci Lekarskie,Case of torsion of spleen displaced below the right costal arch
WS1062,PubMed,758872,kept,,1979,lee,10.1001/archsurg.1979.01370250015002,114,13,"Archives of surgery (Chicago, Ill. : 1960)",Ultrasound demonstration of wandering spleen.
WS1062,Scopus,0018403728,duplicate,T1 DOI,1979,lee,10.1001/archsurg.1979.01370250015002,114,13,Archives of Surgery,Ultrasound Demonstration of Wandering Spleen
WS1063,PubMed,422342,kept,,1979,fried,,15,35,Israel journal of medical sciences,Torsion of the spleen in a five-and-a-half-month-old infant.
WS1063,Scopus,0018377116,duplicate,T2 title+author+year,1979,fried,,15,35,Israel Journal of Medical Sciences,Torsion of the spleen in a five-and-a-half-month-old infant
WS1064,PubMed,581564,kept,,1978,waldman,10.1097/00003072-197811000-00001,3,417,Clinical nuclear medicine,Lymphosarcoma in an ectopic pelvic spleen.
WS1064,Scopus,0018215356,duplicate,T1 DOI,1978,waldman,10.1097/00003072-197811000-00001,3,417,Clinical Nuclear Medicine,Lymphosarcoma in an ectopic pelvic spleen
WS1065,PubMed,757911,kept,,1978,heij,,12,122,Medical journal of Zambia,Torsion of the spleen.
WS1065,Scopus,0018020582,duplicate,T2 title+author+year,1978,heij,,12,122,Medical Journal of Zambia,Torsion of the spleen.
WS1066,PubMed,103907,kept,,1978,fried,10.1002/jcu.1870060518,6,348,Journal of clinical ultrasound : JCU,Pelvic spleen in the nullipara.
WS1066,Scopus,0018130622,duplicate,T1 DOI,1978,fried,10.1002/jcu.1870060518,6,348,Journal of Clinical Ultrasound,Pelvic spleen in the nullipara
WS1067,Scopus,0018171088,kept,T2 title+author+year,1978,keidar,10.1111/j.1572-0241.1978.tb04628.x,69,701,The American Journal of Gastroenterology,Intestinal Obstruction Due to a Wandering Spleen
WS1067,PubMed,707467,duplicate,,1978,keidar,,69,701,The American journal of gastroenterology,Intestinal obstruction due to a wandering spleen.
WS1068,PubMed,675612,kept,,1978,westvik,,98,773,"Tidsskrift for den Norske laegeforening : tidsskrift for praktisk medicin, ny  raekke",[Circulatory disturbances in a wandering spleen].
WS1068,Scopus,0018279561,duplicate,T5 title+volume+pages,1978,bergsaker-aspoy,,98,773,Tidsskrift for den Norske Laegeforening,Circulatory disturbances in a wandering spleen
WS1069,PubMed,150053,kept,,1978,heydenrych,,53,637,South African medical journal = Suid-Afrikaanse tydskrif vir geneeskunde,Torsion of the spleen and associated 'prune belly syndrome'. A case report and  review of the literature.
WS1069,Scopus,0018139286,duplicate,T2 title+author+year,1978,heydenrych,,53,637,South African Medical Journal,Torsion of the spleen and associated 'prune belly syndrome'. A case report and review of the literature
WS1070,PubMed,650359,kept,,1978,muckmel,10.1016/s0022-3468(78)80003-7,13,127,Journal of pediatric surgery,Wandering spleen with torsion of pedicle in a child presenting as an  intermittently-appearing abdominal mass.
WS1070,Scopus,0017821177,duplicate,T1 DOI,1978,muckmel,10.1016/s0022-3468(78)80003-7,13,127,Journal of Pediatric Surgery,Wandering spleen with torsion of pedicle in a child presenting as an intermittently-appearing abdominal mass
WS1071,PubMed,643349,kept,,1978,broker,10.1007/bf00975539,6,211,Pediatric radiology,Wandering spleen in three children.
WS1071,Scopus,0017893591,duplicate,T1 DOI,1978,broker,10.1007/bf00975539,6,211,Pediatric Radiology,Wandering spleen in three children
WS1072,PubMed,606747,kept,,1977,lernau,,18,1208,"Journal of nuclear medicine : official publication, Society of Nuclear Medicine",Torsion of the spleen with incomplete infarction: case report.
WS1072,Scopus,0017692519,duplicate,T2 title+author+year,1977,lernau,,18,1208,Journal of Nuclear Medicine,Torsion of the spleen with incomplete infarction: case report
WS1073,PubMed,410267,kept,,1977,hunter,10.2214/ajr.129.5.925,129,925,AJR. American journal of roentgenology,Sonographic diagnosis of a wandering spleen.
WS1073,Scopus,0017668482,duplicate,T1 DOI,1977,hunter,10.2214/ajr.129.5.925,129,925,American Journal of Roentgenology,Sonographic diagnosis of a wandering spleen
WS1074,PubMed,897185,kept,,1977,gordon,10.1148/125.1.39,125,39,Radiology,Wandering spleen--the radiological and clinical spectrum.
WS1074,Scopus,0017712417,duplicate,T1 DOI,1977,gordon,10.1148/125.1.39,125,39,Radiology,Wandering spleen: the radiological and clinical spectrum
WS1075,PubMed,919228,kept,,1977,ievlev,,119,84,Vestnik khirurgii imeni I. I. Grekova,[Torsion of a dytopic spleen in a child].
WS1075,Scopus,0017530921,duplicate,T2 title+author+year,1977,ievlev,,119,84,Vestnik Khirurgii Imeni I.I.Grekova,Torsion of a dytopic spleen in a child
WS1076,PubMed,864801,kept,,1977,jacobson,10.1097/00005373-197706000-00010,17,470,The Journal of trauma,Splenic injury due to indirect torsion.
WS1076,Scopus,0017660260,duplicate,T1 DOI,1977,jacobson,10.1097/00005373-197706000-00010,17,470,"Journal of Trauma - Injury, Infection and Critical Care",Splenic injury due to indirect torsion
WS1077,PubMed,865690,kept,,1977,parravicini,,32,431,Minerva chirurgica,[A case of simulation of ovarian cyst in volvulus of an ectopic spleen].
WS1077,Scopus,0017410786,duplicate,T4 author+year+volume+first page,1977,parravicini,,32,431,Minerva Chirurgica,Volvulus of ectopic spleen mimicking ovarian cyst
WS1078,PubMed,867699,kept,,1977,nazarov,,118,122,Vestnik khirurgii imeni I. I. Grekova,[Torsion of the spleen].
WS1078,Scopus,0017479948,duplicate,T2 title+author+year,1977,nazarov,,118,122,Vestnik Khirurgii Imeni I.I.Grekova,Torsion of the spleen
WS1079,PubMed,847169,kept,,1977,isikoff,10.1148/123.1.36,123,36,Radiology,Torsion of the wandering spleen seen as a migratory abdominal mass.
WS1079,Scopus,0017347785,duplicate,T1 DOI,1977,isikoff,10.1148/123.1.36,123,36,Radiology,"Torsion of the wandering spleen, seen as a migratory abdominal mass"
WS1080,PubMed,576270,kept,,1977,pollak,,237,469,JAMA,Volvulus of the spleen.
WS1080,Scopus,0017329006,duplicate,T2 title+author+year,1977,pollak,10.1001/jama.1977.03270320047021,237,469,JAMA: The Journal of the American Medical Association,Volvulus of the Spleen
WS1081,PubMed,830520,kept,,1977,wenz,10.1055/s-0028-1104835,102,20,Deutsche medizinische Wochenschrift (1946),[Upside-down spleen (author's transl)].
WS1082,PubMed,836721,kept,,1977,peniche,,34,47,Boletin medico del Hospital Infantil de Mexico,[Torsion and infarct of the spleen with benign lymphoid hyperplasia of the  colon].
WS1083,PubMed,830634,kept,,1977,,,170,65,Journal of the American Veterinary Medical Association,Clinico-pathologic conference.
WS1083,Scopus,0017617042,duplicate,T5 title+volume+pages,1977,lipowitz,,170,65,Journal of the American Veterinary Medical Association,Clinico pathologic conference
WS1084,Scopus,0017146137,kept,T1 DOI,1976,dublin,10.1259/0007-1285-49-588-1045,49,1045,British Journal of Radiology,Diagnosis of splenic torsion: a combined radiographic approach
WS1084,PubMed,1000173,duplicate,,1976,dublin,10.1259/0007-1285-49-588-1045,49,1045,The British journal of radiology,Diagnosis of splenic torsion: a combined radiographic approach.
WS1085,PubMed,1049480,kept,,1976,iverson,,71,1565,"Veterinary medicine, small animal clinician : VM, SAC",Torsion of the splenic pedicle and complete splenic separation in a St. Bernard.
WS1085,Scopus,0017024347,duplicate,T2 title+author+year,1976,iverson,,71,1565,"Veterinary medicine, small animal clinician : VM, SAC",Torsion of the splenic pedicle and complete splenic separation in a St. Bernard.
WS1086,PubMed,937848,kept,,1976,collins,,42,427,The American surgeon,Chronic torsion of the spleen.
WS1086,Scopus,0017071008,duplicate,T2 title+author+year,1976,collins,,42,427,American Surgeon,Chronic torsion of the spleen
WS1087,PubMed,1267614,kept,,1976,hatfield,10.1001/archsurg.1976.01360230103022,111,603,"Archives of surgery (Chicago, Ill. : 1960)",Ectopic pelvic spleen.
WS1087,Scopus,0017051563,duplicate,T1 DOI,1976,hatfield,10.1001/archsurg.1976.01360230103022,111,603,Archives of Surgery,Ectopic Pelvic Spleen
WS1088,PubMed,1249450,kept,,1976,caterine,,66,20,Journal of the Iowa Medical Society,Wandering spleen in the child: a case study.
WS1088,Scopus,0016884599,duplicate,T2 title+author+year,1976,caterine,,66,20,Journal of the Iowa Medical Society,Wandering spleen in the child: a case study.
WS1089,PubMed,1247005,kept,,1976,shende,10.1001/archpedi.1976.02120020090019,130,88,American journal of diseases of children (1960),Torsion of a visceroptosed spleen.
WS1089,Scopus,0017086631,duplicate,T1 DOI,1976,shende,10.1001/archpedi.1976.02120020090019,130,88,American Journal of Diseases of Children,Torsion of a Visceroptosed Spleen
WS1090,PubMed,1202176,kept,,1975,broker,10.1016/s0022-3468(75)80095-9,10,913,Journal of pediatric surgery,Splenic torsion and accessory spleen: a scintigraphic demonstration.
WS1090,Scopus,0016621835,duplicate,T1 DOI,1975,broker,10.1016/s0022-3468(75)80095-9,10,913,Journal of Pediatric Surgery,Splenic torsion and accessory spleen: A scintigraphic demonstration
WS1091,PubMed,829532,kept,,1975,miller,10.1002/jcu.1870030409,3,281,Journal of clinical ultrasound : JCU,Wandering spleen and pregnancy: case report.
WS1091,Scopus,0016836941,duplicate,T1 DOI,1975,miller,10.1002/jcu.1870030409,3,281,Journal of Clinical Ultrasound,Wandering spleen and pregnancy: Case report
WS1092,Scopus,0016587658,kept,T2 title+author+year,1975,colin,,52,596,East African Medical Journal,Torsion of the spleen in a two year old boy. Case report
WS1092,PubMed,1204540,duplicate,,1975,colin,,52,596,East African medical journal,Torsion of the spleen in a two-year-old boy. Case report.
WS1093,PubMed,1107595,kept,,1975,ducassou,,81,630,Journal d'urologie et de nephrologie,[Exceptional retroperitoneal tumor. Ectopic spleen].
WS1093,Scopus,0016716730,duplicate,T4 author+year+volume+first page,1975,ducassou,,81,630,Journal d'Urologie et de Nephrologie,A rare retro peritoneal tumour: ectopic spleen
WS1094,PubMed,1040426,kept,,1975,howenstein,,70,548,"Veterinary medicine, small animal clinician : VM, SAC",Torsion of the splenic pedicle in a St. Bernard.
WS1094,Scopus,0016500019,duplicate,T2 title+author+year,1975,howenstein,,70,548,"Veterinary medicine, small animal clinician : VM, SAC",Torsion of the splenic pedicle in a St. Bernard.
WS1095,PubMed,1168412,kept,,1975,smulewicz,10.1007/bf01070730,20,274,The American journal of digestive diseases,Torsion of the wandering spleen.
WS1095,Scopus,0016614478,duplicate,T1 DOI,1975,smulewicz,10.1007/bf01070730,20,274,The American Journal of Digestive Diseases,Torsion of the wandering spleen
WS1096,PubMed,1154971,kept,,1975,wilander,,141,163,Acta chirurgica Scandinavica,Splenic-gonadal fusion. A case report.
WS1096,Scopus,0016640937,duplicate,T2 title+author+year,1975,wilander,,141,163,Acta Chirurgica Scandinavica,Splenic gonadal fusion: a case report
WS1097,PubMed,133129,kept,,1975,gaujoux,,4,5,"Journal de gynecologie, obstetrique et biologie de la reproduction",[Incidents and accidents in laparoscopy. (Apropos of 2335 cases)].
WS1098,Scopus,0016396514,kept,T2 title+author+year,1974,weinreb,10.1001/jama.1974.03240070049030,230,1015,JAMA: The Journal of the American Medical Association,Torsion of the Spleen as a Rare Cause of Hypersplenism
WS1098,PubMed,4479502,duplicate,,1974,weinreb,,230,1015,JAMA,Torsion of the spleen as a rare cause of hypersplenism.
WS1099,PubMed,4412798,kept,,1974,cross,10.1136/bmj.3.5930.564,3,564,British medical journal,Diagnostic clue to acute splenic torsion in the tropics.
WS1099,Scopus,0016198632,duplicate,T1 DOI,1974,cross,10.1136/bmj.3.5930.564,3,564,British Medical Journal,Diagnostic Clue to Acute Splenic Torsion in the Tropics
WS1100,PubMed,4857805,kept,,1974,kipnis,,164,1202,Journal of the American Veterinary Medical Association,Torsion of the splenic pedicle and gastric volvulus in a dog.
WS1100,Scopus,0016393373,duplicate,T2 title+author+year,1974,kipnis,,164,1202,Journal of the American Veterinary Medical Association,Torsion of the splenic pedicle and gastric volvulus in a dog.
WS1101,Scopus,0016229905,kept,T1 DOI,1974,carswell,10.1002/bjs.1800610620,61,495,British Journal of Surgery,Wandering spleen: 11 cases from Uganda
WS1101,PubMed,4835204,duplicate,,1974,carswell,10.1002/bjs.1800610620,61,495,The British journal of surgery,Wandering spleen: 11 cases from Uganda.
WS1102,PubMed,4832074,kept,,1974,brodie,10.1136/vr.94.14.322,94,322,The Veterinary record,Splenic torsion in the dog.
WS1102,Scopus,0015972351,duplicate,T1 DOI,1974,brodie,10.1136/vr.94.14.322,94,322,Veterinary Record,Splenic torsion in the dog
WS1103,PubMed,4427317,kept,,1974,menanteau,,55,352,"Journal de radiologie, d'electrologie, et de medecine nucleaire",[Proceedings: Angiographic aspect of the ectopic spleen].
WS1103,Scopus,0016050784,duplicate,T2 title+author+year,1974,menanteau,,55,352,"Journal de radiologie, d""electrologie, et de medecine nucleaire",Proceedings: Angiographic aspect of the ectopic spleen
WS1104,Scopus,0015966907,kept,T1 DOI,1974,babcock,10.1016/0002-9610(74)90044-0,127,336,The American Journal of Surgery,Infarction of an accessory spleen causing an acute abdomen
WS1104,PubMed,4812242,duplicate,,1974,babcock,10.1016/0002-9610(74)90044-0,127,336,American journal of surgery,Infarction of an accessory spleen causing an acute abdomen.
WS1105,Scopus,0015954993,kept,T1 DOI,1974,rosenthall,10.1148/110.2.427,110,427,Radiology,A nucleographic and radioangiographic study of a patient with torsion of the spleen
WS1105,PubMed,4810157,duplicate,,1974,rosenthall,10.1148/110.2.427,110,427,Radiology,A nucleographic and radioangiographic study of a patient with torsion of the  spleen.
WS1106,Scopus,0015988634,kept,T1 DOI,1974,may,10.1016/s0022-5347(17)59904-8,111,120,Journal of Urology,Ectopic spleen in the scrotum: report of 2 cases
WS1106,PubMed,4813546,duplicate,,1974,may,10.1016/s0022-5347(17)59904-8,111,120,The Journal of urology,Ectopic spleen in the scrotum: report of 2 cases.
WS1107,Scopus,0015793597,kept,T2 title+author+year,1973,debartolo,,48,783,Mayo Clinic Proceedings,Torsion of the spleen: a case report
WS1107,PubMed,4758149,duplicate,,1973,debartolo,,48,783,Mayo Clinic proceedings,Torsion of the spleen; a case report.
WS1108,PubMed,4366827,kept,,1973,levasseur,,49,2697,La semaine des hopitaux : organe fonde par l'Association d'enseignement medical  des hopitaux de Paris,[Splenomegaly and ectopic spleen].
WS1108,Scopus,0015845950,duplicate,T4 author+year+volume+first page,1973,levasseur,,49,2697,Semaine des Hopitaux,Splenomegaly due to ectopic spleen
WS1109,PubMed,4773415,kept,,1973,khokholia,,110,96,Vestnik khirurgii imeni I. I. Grekova,[Torsion of the spleen in a 13-year-old child].
WS1109,Scopus,0015638616,duplicate,T2 title+author+year,1973,khokholia,,110,96,Vestnik Khirurgii Imeni I.I.Grekova,Torsion of the spleen in a 13-year-old child
WS1110,PubMed,4773414,kept,,1973,sevast'ianov,,110,96,Vestnik khirurgii imeni I. I. Grekova,[Torsion of the spleen in a 5-year-old child].
WS1110,Scopus,0015637189,duplicate,T2 title+author+year,1973,sevast'ianov,,110,96,Vestnik Khirurgii Imeni I.I.Grekova,Torsion of the spleen in a 5-year-old child
WS1111,PubMed,5048559,kept,,1972,pribyl,,51,418,Rozhledy v chirurgii : mesicnik Ceskoslovenske chirurgicke spolecnosti,[Torsion of the spleen in situs viscerum inversus].
WS1111,Scopus,0015366960,duplicate,T2 title+author+year,1972,pribyl,,51,418,Rozhledy v chirurgii,Torsion of the spleen in situs viscerum inversus
WS1112,PubMed,5016937,kept,,1972,orman,,160,1099,Journal of the American Veterinary Medical Association,Torsion of the splenic pedicle in a dog.
WS1112,Scopus,0015508107,duplicate,T2 title+author+year,1972,orman,,160,1099,Journal of the American Veterinary Medical Association,Torsion of the splenic pedicle in a dog.
WS1113,PubMed,5008070,kept,,1972,minhas,10.1136/bmj.1.5798.509,1,509,British medical journal,Wandering spleen with complete procidentia.
WS1113,Scopus,84971582008,duplicate,T1 DOI,1972,minhas,10.1136/bmj.1.5798.509,1,509,British Medical Journal,Wandering spleen with complete procidentia
WS1114,PubMed,5316176,kept,,1971,boscaino,,78,145,Il Policlinico. Sezione chirurgica,[A case of ectopic spleen in the stomach revealed by grave gastric hemorrhage].
WS1114,Scopus,0015053058,duplicate,T2 title+author+year,1971,boscaino,,78,145,Policlinico - Sezione Chirurgica,A case of ectopic spleen in the stomach revealed by grave gastric hemorrhage
WS1115,Scopus,0015060087,kept,T1 DOI,1971,iancu,10.1111/j.1651-2227.1971.tb06671.x,60,353,Acta Pædiatrica,ECTOPIC SPLEEN IN AN Rh INCOMPATIBLE INFANT
WS1115,PubMed,4996266,duplicate,,1971,iancu,10.1111/j.1651-2227.1971.tb06671.x,60,353,Acta paediatrica Scandinavica,Ectopic spleen in an Rh incompatible infant.
WS1116,PubMed,5540737,kept,,1971,gottlob,,96,258,Deutsche medizinische Wochenschrift (1946),"[Splenopexy with ""grid adhesives"". A new method for the formation of anastomoses  between portal and systemic circulation]."
WS1116,Scopus,0015211089,duplicate,T2 title+author+year,1971,gottlob,,96,258,Deutsche Medizinische Wochenschrift,"Splenopexy with ""grid adhesives"". A new method for the formation of anastomoses between portal and systemic circulation"
WS1117,PubMed,5148609,kept,,1971,opanov,,24,104,Khirurgiia,[Splenic torsion].
WS1117,Scopus,0015195656,duplicate,T2 title+author+year,1971,opanov,,24,104,Khirurgiia,Splenic torsion
WS1118,PubMed,5103913,kept,,1971,gottlob,,1,9,German medical monthly,Splenopexy by grid adhesion. A new method for producing anastomoses between the  portal and systemic circulations.
WS1118,Scopus,0015026515,duplicate,T2 title+author+year,1971,gottlob,,1,9,German medical monthly,Splenopexy by grid adhesion. A new method for producing anastomoses between the portal and systemic circulations.
WS1119,PubMed,5533661,kept,,1970,maxie,,11,249,The Canadian veterinary journal = La revue veterinaire canadienne,Case report. Splenic torsion in three great danes.
WS1119,Scopus,0014903749,duplicate,T2 title+author+year,1970,maxie,,11,249,Canadian Veterinary Journal,Case report. Splenic torsion in three great danes.
WS1120,PubMed,5489195,kept,,1970,kompacheva,,104,102,Vestnik khirurgii imeni I. I. Grekova,[Torsion of the spleen].
WS1120,Scopus,0014796768,duplicate,T2 title+author+year,1970,kompacheva,,104,102,Vestnik Khirurgii Imeni I.I.Grekova,Torsion of the spleen
WS1121,PubMed,5426638,kept,,1970,soleto,,53,437,International surgery,[Volvulus of the ectopic spleen].
WS1121,Scopus,0014802502,duplicate,T2 title+author+year,1970,soleto,,53,437,International Surgery,Volvulus of the ectopic spleen
WS1122,PubMed,5436056,kept,,1970,burns,,66,385,The Ohio State medical journal,Wandering spleen--an unusual complication of infectious mononucleosis. Report of  a case.
WS1122,Scopus,0014767628,duplicate,T2 title+author+year,1970,burns,,66,385,Ohio State Medical Journal,Wandering spleen--an unusual complication of infectious mononucleosis. Report of a case.
WS1123,PubMed,5419224,kept,,1970,pietri,,59,281,Archives francaises des maladies de l'appareil digestif,[Ectopic spleen. A case diagnosed by means of splenic scintiscanning].
WS1123,Scopus,0014772999,duplicate,T2 title+author+year,1970,pietri,,59,281,"Archives francaises des maladies de l""appareil digestif",Ectopic spleen. A case diagnosed by means of splenic scintiscanning
WS1124,PubMed,5513309,kept,,1970,courbil,,15,381,Bulletin de la Societe medicale d'Afrique noire de langue francaise,[2 cases of pedicular torsion of ectopic spleens].
WS1124,Scopus,0014921027,duplicate,T2 title+author+year,1970,courbil,,15,381,"Bulletin de la Societe medicale d""Afrique noire de langue francaise",2 cases of pedicular torsion of ectopic spleens
WS1125,Scopus,0014702564,kept,T1 DOI,1970,font,10.1007/bf02239346,15,49,The American Journal of Digestive Diseases,Ectopic spleen mimicking an intrinsic fundal lesion of the stomach
WS1125,PubMed,5410865,duplicate,,1970,font,10.1007/bf02239346,15,49,The American journal of digestive diseases,Ectopic spleen mimicking an intrinsic fundal lesion of the stomach.
WS1126,PubMed,5347768,kept,,1969,mendez,10.1016/s0022-5347(17)62208-0,102,598,The Journal of urology,Ectopic spleen simulating testicular tumor.
WS1126,Scopus,0014610152,duplicate,T1 DOI,1969,mendez,10.1016/s0022-5347(17)62208-0,102,598,The Journal of urology,Ectopic spleen simulating testicular tumor.
WS1127,PubMed,5368531,kept,,1969,junemann,,94,978,Zentralblatt fur Chirurgie,[Dystopic spleen and wandering spleen with twisted pedicle in males].
WS1127,Scopus,0014684132,duplicate,T2 title+author+year,1969,junemann,,94,978,Zentralblatt fur Chirurgie,Dystopic spleen and wandering spleen with twisted pedicle in males
WS1128,PubMed,5805944,kept,,1969,darle,,135,51,Acta chirurgica Scandinavica,Torsion of the spleen imitating acute cholecystitis. Report of a case.
WS1128,Scopus,0014452364,duplicate,T2 title+author+year,1969,darle,,135,51,Acta Chirurgica Scandinavica,Torsion of the spleen imitating acute cholecystitis. Report of a case.
WS1129,PubMed,5762896,kept,,1969,crosett,,124,28,The Johns Hopkins medical journal,Wandering spleen.
WS1129,Scopus,0014446724,duplicate,T2 title+author+year,1969,crosett,,124,28,The Johns Hopkins medical journal,Wandering spleen.
WS1130,PubMed,5407330,kept,,1969,sitkovskii,,31,25,Pediatriia akusherstvo i ginekologiia,"[Wandering spleen in a girl with acquired hemolytic anemia, simulating mesenteric  cyst of the small intestine]."
WS1130,Scopus,0014612909,duplicate,T2 title+author+year,1969,sitkovskii,,31,25,Pediatriia akusherstvo i ginekologiia,"Wandering spleen in a girl with acquired hemolytic anemia, simulating mesenteric cyst of the small intestine"
WS1131,PubMed,5201615,kept,,1969,todorovic,,97,1233,Srpski arhiv za celokupno lekarstvo,[Mobile spleen].
WS1131,Scopus,0014659613,duplicate,T2 title+author+year,1969,todorovic,,97,1233,Srpski Arhiv Za Celokupno Lekarstvo,Mobile spleen
WS1132,PubMed,5719059,kept,,1968,choksey,,51,576,Journal of the Indian Medical Association,Wandering spleen with torsion of the pedicle.
WS1132,Scopus,0014366288,duplicate,T2 title+author+year,1968,choksey,,51,576,Journal of the Indian Medical Association,Wandering spleen with torsion of the pedicle.
WS1133,PubMed,5745321,kept,,1968,mensi,,18,6,Minerva nipiologica,[Acute abdomen caused by torsion of a dystopic spleen].
WS1133,Scopus,0014356977,duplicate,T2 title+author+year,1968,mensi,,18,6,Minerva nipiologica,Acute abdomen caused by torsion of a dystopic spleen
WS1134,PubMed,5643197,kept,,1968,bookstaver,10.1016/s0002-9378(15)33421-9,100,1152,American journal of obstetrics and gynecology,Postpartum torsion of the spleen causing intestinal obstruction.
WS1134,Scopus,0014416125,duplicate,T1 DOI,1968,bookstaver,10.1016/s0002-9378(15)33421-9,100,1152,American journal of obstetrics and gynecology,Postpartum torsion of the spleen causing intestinal obstruction.
WS1135,PubMed,5746979,kept,,1968,oganesian,,46,67,Klinicheskaia meditsina,[2 cases of wandering spleen].
WS1135,Scopus,0014251333,duplicate,T2 title+author+year,1968,oganesian,,46,67,Klinicheskaya Meditsina,2 cases of wandering spleen
WS1136,PubMed,5732609,kept,,1968,oganesian,,2,67,Klinicheskaia khirurgiia,[2 cases of floating spleen].
WS1136,Scopus,0014251414,duplicate,T2 title+author+year,1968,oganesian,,2,67,Klinicheskaya Khirurgiya,2 cases of floating spleen
WS1137,PubMed,5727677,kept,,1968,ferri,,94,435,Archivio italiano di chirurgia,[Clinical contribution to knowledge of torsion of the spleen].
WS1137,Scopus,0014365077,duplicate,T2 title+author+year,1968,ferri,,94,435,Archivio italiano di chirurgia,Clinical contribution to knowledge of torsion of the spleen
WS1138,Scopus,0014170348,kept,T1 DOI,1967,woodward,10.1016/0002-9610(67)90424-2,114,953,The American Journal of Surgery,Torsion of the spleen
WS1138,PubMed,6060776,duplicate,,1967,woodward,10.1016/0002-9610(67)90424-2,114,953,American journal of surgery,Torsion of the spleen.
WS1139,PubMed,6058605,kept,,1967,bass,10.1056/nejm196711302772207,277,1190,The New England journal of medicine,Torsion of an accessory spleen of the cecum presenting as acute appendicitis.
WS1139,Scopus,0014221912,duplicate,T1 DOI,1967,bass,10.1056/nejm196711302772207,277,1190,The New England journal of medicine,Torsion of an accessory spleen of the cecum presenting as acute appendicitis.
WS1140,PubMed,5618344,kept,,1967,bourrel,,21,1415,Annales de chirurgie,[3 male cases of ectopic spleen].
WS1140,Scopus,0014151229,duplicate,T2 title+author+year,1967,bourrel,,21,1415,Annales de Chirurgie,3 male cases of ectopic spleen
WS1141,PubMed,4382954,kept,,1967,evans,,63,1062,The Ohio State medical journal,Wandering spleen with torsion of pedicle. Report of a case with multiple  congenital anomalies.
WS1141,Scopus,0014118330,duplicate,T2 title+author+year,1967,evans,,63,1062,Ohio State Medical Journal,Wandering spleen with torsion of pedicle. Report of a case with multiple congenital anomalies.
WS1142,PubMed,6056458,kept,,1967,knopinski,,23,511,Przeglad lekarski,[Torsion of a floating spleen in a 13-year-old girl].
WS1142,Scopus,0014101938,duplicate,T2 title+author+year,1967,knopinski,,23,511,Przeglad Lekarski,Torsion of a floating spleen in a 13-year-old girl
WS1143,PubMed,6068048,kept,,1967,mcnish,10.1136/vr.80.17.518,80,518,The Veterinary record,A case of torsion of the spleen in a dog.
WS1143,Scopus,0014220436,duplicate,T1 DOI,1967,mcnish,10.1136/vr.80.17.518,80,518,The Veterinary record,A case of torsion of the spleen in a dog.
WS1144,PubMed,6021025,kept,,1967,mcclain,,29,475,Obstetrics and gynecology,Radiographic evidence of splenic torsion; report of a case.
WS1144,Scopus,0014077158,duplicate,T2 title+author+year,1967,mcclain,,29,475,Obstetrics and Gynecology,Radiographic evidence of splenic torsion: Report of a case
WS1145,PubMed,5612738,kept,,1967,klassen,,98,114,Vestnik khirurgii imeni I. I. Grekova,[Wandering spleen associated with a non-parasitic cyst].
WS1145,Scopus,0014074112,duplicate,T2 title+author+year,1967,klassen,,98,114,Vestnik Khirurgii Imeni I.I.Grekova,Wandering spleen associated with a non-parasitic cyst
WS1146,PubMed,6082832,kept,,1967,berchtold,,34,103,Helvetica chirurgica acta,[On the clarification of the so-called hemodynamic spleen decompensation].
WS1147,PubMed,6016757,kept,,1967,binns,10.1002/bjs.1800540119,54,79,The British journal of surgery,Wandering spleen associated with enlargement of the left kidney.
WS1147,Scopus,0014037638,duplicate,T1 DOI,1967,binns,10.1002/bjs.1800540119,54,79,British Journal of Surgery,Wandering spleen associated with enlargement of the left kidney
WS1148,PubMed,5923576,kept,,1966,switkiewicz,,38,679,Polski przeglad chirurgiczny,[Torsion of the migrating spleen].
WS1148,Scopus,0013933038,duplicate,T2 title+author+year,1966,switkiewicz,,38,679,Polski Przeglad Chirurgiczny,Torsion of the migrating spleen
WS1149,PubMed,5905370,kept,,1966,perrine,,45,164,International surgery,Torsion of the accessory splenic pedicle. A case report.
WS1149,Scopus,0013881244,duplicate,T2 title+author+year,1966,perrine,,45,164,International Surgery,Torsion of the accessory splenic pedicle. A case report.
WS1150,PubMed,5942855,kept,,1966,tudzinski,,38,55,Polski przeglad chirurgiczny,[Torsion of the peduncle of one of the 2 excessively mobile spleens].
WS1150,Scopus,19244379181,duplicate,T2 title+author+year,1966,tudzinski,,38,55,Polski Przeglad Chirurgiczny,Torsion of the peduncle of one of the 2 excessively mobile spleens
WS1151,PubMed,5906440,kept,,1966,auvert,,5,83,Annales de chirurgie thoracique et cardio-vasculaire,[Therapeutic possibilities of intra-pulmonary splenopexy in certain cases of  portal hypertension].
WS1151,Scopus,0013874336,duplicate,T2 title+author+year,1966,auvert,,5,83,Annales de chirurgie thoracique et cardio-vasculaire,Therapeutic possibilities of intra-pulmonary splenopexy in certain cases of portal hypertension
WS1152,PubMed,5855638,kept,,1965,essomba,,55,241,Bulletin et memoires de la Societe des chirurgiens de Paris,[Apropos of a pelvic spleen: splenectomy and death].
WS1152,Scopus,17144474702,duplicate,T2 title+author+year,1965,essomba,,55,241,Bulletin et memoires de la Societe des chirurgiens de Paris,Apropos of a pelvic spleen: splenectomy and death
WS1153,PubMed,5852629,kept,,1965,lombardi,,20,746,Minerva chirurgica,[Hypoplastic kidney associated with ectopic spleen].
WS1153,Scopus,0013848618,duplicate,T2 title+author+year,1965,lombardi,,20,746,Minerva Chirurgica,Hypoplastic kidney associated with ectopic spleen
WS1154,PubMed,5180774,kept,,1965,de,,17,457,Chirurgia italiana,[On a semiological finding in a case of ptotic spleen twisted on its pedicle].
WS1154,Scopus,0013791706,duplicate,T2 title+author+year,1965,de,,17,457,Chirurgia Italiana,On a semiological finding in a case of ptotic spleen twisted on its pedicle
WS1155,PubMed,5847584,kept,,1965,dellepiane,,52,1329,Prensa medica argentina,[Floating spleen].
WS1155,Scopus,0013846047,duplicate,T2 title+author+year,1965,dellepiane,,52,1329,Prensa Medica Argentina,Floating spleen
WS1156,PubMed,5843671,kept,,1965,martin,,6,149,Annales de chirurgie infantile,[A case of acute torsion of the spleen in a 6-month-old infant].
WS1156,Scopus,0013784254,duplicate,T2 title+author+year,1965,martin,,6,149,Annales de chirurgie infantile,A case of acute torsion of the spleen in a 6-month-old infant
WS1157,PubMed,14286978,kept,,1965,simpson,10.1002/bjs.1800520506,52,344,The British journal of surgery,TORSION OF WANDERING SPLEEN.
WS1157,Scopus,33847630111,duplicate,T1 DOI,1965,simpson,10.1002/bjs.1800520506,52,344,British Journal of Surgery,Torsion of wandering spleen
WS1158,PubMed,14286977,kept,,1965,anand,10.1002/bjs.1800520505,52,335,The British journal of surgery,SURGERY OF THE SPLEEN IN NIGERIA.
WS1159,PubMed,14210827,kept,,1965,clifford,,43,26,The Journal of the International College of Surgeons,ACCESSORY WANDERING SPLEEN CAUSING INTESTINAL OBSTRUCTION IN PREGNANCY. A CASE  REPORT.
WS1159,Scopus,9544233623,duplicate,T2 title+author+year,1965,clifford,,43,26,The Journal of the International College of Surgeons,ACCESSORY WANDERING SPLEEN CAUSING INTESTINAL OBSTRUCTION IN PREGNANCY. A CASE REPORT.
WS1160,PubMed,5835607,kept,,1965,doganov,,4,156,Akusherstvo i ginekologiia,[On a case of an exceptionally movable spleen].
WS1160,Scopus,76549186294,duplicate,T2 title+author+year,1965,doganov,,4,156,Akusherstvo i ginekologiia,On a case of an exceptionally movable spleen
WS1161,PubMed,14216386,kept,,1964,rappel,,64,125,The Journal of the American Osteopathic Association,VOLVULUS OF THE STOMACH: CASE REPORT.
WS1162,PubMed,14201747,kept,,1964,tranier,,24,466,Medecine tropicale : revue du Corps de sante colonial,[APROPOS OF A CASE OF ACUTE VOLVULUS OF THE SPLEEN].
WS1162,Scopus,75949159712,duplicate,T2 title+author+year,1964,tranier,,24,466,Médecine tropicale : revue du Corps de santé colonial,APROPOS OF A CASE OF ACUTE VOLVULUS OF THE SPLEEN.
WS1163,PubMed,14153403,kept,,1964,pearson,10.1002/bjs.1800510530,51,393,The British journal of surgery,TORSION OF THE SPLEEN ASSOCIATED WITH CONGENITAL ABSENCE OF THE LEFT KIDNEY.
WS1163,Scopus,0242627852,duplicate,T1 DOI,1964,pearson,10.1002/bjs.1800510530,51,393,British Journal of Surgery,Torsion of the spleen associated with congenital absence of the left kidney
WS1164,PubMed,14108477,kept,,1964,seah,10.1136/bmj.1.5389.1028,1,1028,British medical journal,TORSION OF SPLEEN WITH SPONTANEOUS RUPTURE OF SPLENIC VEIN PRESENTING AS A CASE  OF ACCIDENTAL HAEMORRHAGE.
WS1164,Scopus,75549099231,duplicate,T1 DOI,1964,seah,10.1136/bmj.1.5389.1028,1,1028,British Medical Journal,Torsion of Spleen With Spontaneous Rupture of Splenic Vein Presenting as a Case of Accidental Haemorrhage
WS1165,PubMed,14167331,kept,,1964,maleki,,7,601,Annales de radiologie,[A PELVIC SPLEEN].
WS1165,Scopus,75949151341,duplicate,T2 title+author+year,1964,maleki,,112,601,Annales de radiologie,A PELVIC SPLEEN.
WS1166,PubMed,14162750,kept,,1964,korotkov,,92,87,Vestnik khirurgii imeni I. I. Grekova,[ON SPLENIC TORSION].
WS1166,Scopus,75949162324,duplicate,T2 title+author+year,1964,korotkov,,92,87,Vestnik khirurgii imeni I. I. Grekova,ON SPLENIC TORSION.
WS1167,PubMed,14177601,kept,,1963,cerra,,67,3720,Gazzetta internazionale di medicina e chirurgia,[A CASE OF ENLARGED ECTOPIC SPLEEN IN A SUBUMBILICAL SITE].
WS1167,Scopus,75549105213,duplicate,T2 title+author+year,1963,cerra,,68,3720,Gazzetta internazionale di medicina e chirurgia,A CASE OF ENLARGED ECTOPIC SPLEEN IN A SUBUMBILICAL SITE.
WS1168,PubMed,13958916,kept,,1963,foti,,18,335,Minerva chirurgica,[Acute abdomen caused by torsion of an abdominal ectopic spleen; mesenteric  accessory spleen].
WS1168,Scopus,73649182536,duplicate,T2 title+author+year,1963,foti,,18,335,Minerva chirurgica,Acute abdomen caused by torsion of an abdominal ectopic spleen; mesenteric accessory spleen
WS1169,PubMed,14066809,kept,,1963,dimitrov,,16,480,Khirurgiia,[A CASE OF PELVIC SPLEEN DYSTOPY].
WS1169,Scopus,75449138911,duplicate,T2 title+author+year,1963,dimitrov,,16,480,Khirurgiia,A CASE OF PELVIC SPLEEN DYSTOPY.
WS1170,PubMed,13942829,kept,,1963,petkov,,16,200,Khirurgiia,[Features of a case of torsion of the spleen].
WS1170,Scopus,73649159460,duplicate,T2 title+author+year,1963,petkov,,16,200,Khirurgiia,Features of a case of torsion of the spleen.
WS1171,PubMed,14034399,kept,,1962,kollegova,,38,113,Khirurgiia,[A case of acute gastrointestinal obstruction on the basis of torsion of the  splenic pedicle].
WS1171,Scopus,73649176608,duplicate,T2 title+author+year,1962,kollegova,,38,113,Khirurgiia,A case of acute gastrointestinal obstruction on the basis of torsion of the splenic pedicle.
WS1172,PubMed,13985251,kept,,1962,todd,,62,3634,New York state journal of medicine,Volvulus of the splenic flexure and tension pneumoperitoneum complicating routine  cesarean section.
WS1173,PubMed,14017784,kept,,1962,calabrese,,37,265,"Archivio ""de Vecchi"" per l'anatomia patologica e la medicina clinica",[Rare cases of splenic pathology. 1. Ptosic spleen twisted on its peduncle. 2.  Accessory spleen in an undescended testicle].
WS1173,Scopus,73649175750,duplicate,T2 title+author+year,1962,calabrese,,37,265,"Archivio ""de Vecchi"" per l'anatomia patologica e la medicina clinica",Rare cases of splenic pathology. 1. Ptosic spleen twisted on its peduncle. 2. Accessory spleen in an undescended testicle.
WS1174,PubMed,17421519,kept,,1962,graham,,3,279,The Canadian veterinary journal = La revue veterinaire canadienne,A Comparison of Gastric Torsion with Torsion of the Splenic Pedicle.
WS1175,PubMed,13970226,kept,,1962,bedurishvili,,89,121,Vestnik khirurgii imeni I. I. Grekova,[On splenic torsion].
WS1175,Scopus,73649174059,duplicate,T2 title+author+year,1962,bedurishvili,,89,121,Vestnik khirurgii imeni I. I. Grekova,On splenic torsion.
WS1176,PubMed,14470065,kept,,1962,marks,,97,75,California medicine,Surprises in operations on the inguinal area in young children.
WS1177,PubMed,14464853,kept,,1962,lewis,10.1136/bmj.1.5277.527,1,527,British medical journal,Torsion of the spleen in pregnancy.
WS1177,Scopus,84923953568,duplicate,T1 DOI,1962,lewis,10.1136/bmj.1.5277.527,1,527,British Medical Journal,Torsion of the Spleen in Pregnancy
WS1178,PubMed,13907512,kept,,1961,hinck,,60,1183,Northwest medicine,Wandering spleen.
WS1178,Scopus,0012412464,duplicate,T2 title+author+year,1961,hinck,,60,1183,Northwest medicine,Wandering spleen.
WS1179,PubMed,13861641,kept,,1961,anikandrov,,11,36,Novyi khirurgicheskii arkhiv,[On wandering spleen and torsion of its pedicle].
WS1179,Scopus,73049163636,duplicate,T2 title+author+year,1961,anikandrov,,11,36,Novaia khirurgiia,On wandering spleen and torsion of its pedicle.
WS1180,PubMed,13697498,kept,,1960,ets,,85,130,Vestnik khirurgii imeni I. I. Grekova,[Torsion of the spleen].
WS1180,Scopus,84925549426,duplicate,T2 title+author+year,1960,ets,,85,130,Vestnik khirurgii imeni I. I. Grekova,[Torsion of the spleen]
WS1181,PubMed,13777471,kept,,1960,torchiana,,16,439,Acta chirurgica Italica,[On a case of splenic volvulus in a newborn infant].
WS1181,Scopus,84925552685,duplicate,T2 title+author+year,1960,torchiana,,16,439,Acta chirurgica Italica,[On a case of splenic volvulus in a newborn infant]
WS1182,PubMed,13830203,kept,,1960,guimaraes,,56,171,Revista paulista de medicina,[Subcutaneous splenopexy for the study of the splenoporto-hepatic system in dogs:  experimental hepatic fibrosis].
WS1182,Scopus,78651116049,duplicate,T4 author+year+volume+first page,1960,guimaraes,,56,171,Revista paulista de medicina,Subcutaneous splenopexy for the study of the splenoporto-hepatic system
WS1183,PubMed,13828057,kept,,1960,giordano,,15,25,Il Friuli medico,[A case of torsion of the spleen on its pedicle].
WS1183,Scopus,84924033667,duplicate,T2 title+author+year,1960,giordano,,15,25,Il Friuli medico,[A case of torsion of the spleen on its pedicle]
WS1184,PubMed,14445342,kept,,1959,shabanov,,83,94,Vestnik khirurgii imeni I. I. Grekova,[Torsion of the spleen].
WS1184,Scopus,84925556452,duplicate,T2 title+author+year,1959,shabanov,,83,94,Vestnik khirurgii imeni I. I. Grekova,[Torsion of the spleen]
WS1185,PubMed,13629699,kept,,1959,tosovsky,,14,167,Ceskoslovenska pediatrie,Torsion of the spleen.
WS1185,Scopus,25344440240,duplicate,T2 title+author+year,1959,tosovsky,,14,167,Ceskoslovenská pediatrie,[Torsion of the spleen]
WS1186,PubMed,13633308,kept,,1959,sertoli,,47,21,L' Ospedale maggiore,[Torsion of the peduncle of a migrating spleen in right iliac site].
WS1186,Scopus,84924635265,duplicate,T2 title+author+year,1959,sertoli,,47,21,L' Ospedale maggiore,[Torsion of the peduncle of a migrating spleen in right iliac site]
WS1187,PubMed,13629003,kept,,1958,blumberg,10.1002/bjs.18004619720,46,292,The British journal of surgery,Volvulus of the splenic flexure; report of a case with a review of the  literature.
WS1188,PubMed,13614662,kept,,1958,balestra,,44,1025,La Radiologia medica,[Splenic dystopia; with special reference to relations of the ectopic spleen to  the stomach & to gastrodiaphragmatic interposition of the spleen].
WS1188,Scopus,70449239805,duplicate,T2 title+author+year,1958,balestra,,44,1025,La Radiologia medica,Splenic dystopia; with special reference to relations of the ectopic spleen to the stomach & to gastrodiaphragmatic interposition of the spleen.
WS1189,PubMed,13573435,kept,,1958,wilson,,4,299,The Central African journal of medicine,Torsion of a wandering spleen; report of a case.
WS1189,Scopus,84924638164,duplicate,T2 title+author+year,1958,wilson,,4,299,The Central African journal of medicine,Torsion of a wandering spleen; report of a case
WS1190,PubMed,13553635,kept,,1958,ingelrans,,13,100,Pediatrie,[Floating spleen with infarction in a newborn infant].
WS1190,Scopus,84924636539,duplicate,T2 title+author+year,1958,ingelrans,,13,100,Pédiatrie,[Floating spleen with infarction in a newborn infant]
WS1191,PubMed,13474453,kept,,1957,billich,,144,188,Gynaecologia. International monthly review of obstetrics and gynecology. Revue  internationale mensuelle d'obstetrique et de gynecologie. Monatsschrift fur Geburtshilfe und Gynakologie,[Differential diagnosis of genital tumors & floating spleens].
WS1191,Scopus,84924646386,duplicate,T2 title+author+year,1957,billich,,144,188,Gynaecologia. International monthly review of obstetrics and gynecology. Revue internationale mensuelle d'obstétrique et de gynécologie. Monatsschrift für Geburtshilfe und Gynäkologie,[Differential diagnosis of genital tumors & floating spleens]
WS1192,Scopus,70449189408,kept,T4 author+year+volume+first page,1957,neimeier,10.1159/000306852,144,76,Gynecologic and Obstetric Investigation,Gynäkologische Fehldiagnose bei dystoper Milz
WS1192,PubMed,13474440,duplicate,,1957,neimeier,,144,76,Gynaecologia. International monthly review of obstetrics and gynecology. Revue  internationale mensuelle d'obstetrique et de gynecologie. Monatsschrift fur Geburtshilfe und Gynakologie,[Gynecologic errors in diagnosis of dystopic spleen].
WS1193,PubMed,13466116,kept,,1957,familiari,,37,597,Rassegna internazionale di clinica e terapia,[Torsion of the spleen].
WS1193,Scopus,84924646089,duplicate,T2 title+author+year,1957,familiari,,37,597,Rassegna internazionale di clinica e terapia,[Torsion of the spleen]
WS1194,PubMed,13526982,kept,,1957,lago,,49,295,Pathologica,Value of splenopexy with magnesium trisilicate in portal hypertension.
WS1194,Scopus,84961023468,duplicate,T2 title+author+year,1957,lago,,49,295,Pathologica,Value of splenopexy with magnesium trisilicate in portal hypertension
WS1195,PubMed,13432713,kept,,1957,rossetti,,87,458,Schweizerische medizinische Wochenschrift,[Isolated intrathoracic spleen displacement in diaphragmatic hernia].
WS1196,PubMed,13443108,kept,,1957,lazarev,,78,110,Vestnik khirurgii imeni I. I. Grekova,[Splenectomy in enlarged twisted spleen].
WS1196,Scopus,70449141018,duplicate,T2 title+author+year,1957,lazarev,,78,110,Vestnik khirurgii imeni I. I. Grekova,Splenectomy in enlarged twisted spleen.
WS1197,PubMed,13384180,kept,,1956,van,,8,314,Documenta de medicina geographica et tropica,A case of splenoptosis.
WS1197,Scopus,84924459506,duplicate,T2 title+author+year,1956,van,,8,314,Documenta de medicina geographica et tropica,A case of splenoptosis
WS1198,PubMed,13377141,kept,,1956,,,23,741,"Journal of the Mount Sinai Hospital, New York",CASE OF volvulus of the splenic flexure.
WS1199,PubMed,13354610,kept,,1956,abrams,10.1007/bf02233468,1,380,The American journal of digestive diseases,Volvulus of the splenic flexure.
WS1200,PubMed,13363635,kept,,1956,tortora,,61,214,Archivio di ostetricia e ginecologia,[Unsuspected finding of floating spleen and gastric volvulus].
WS1200,Scopus,84924643800,duplicate,T2 title+author+year,1956,tortora,,61,214,Archivio di ostetricia e ginecologia,[Unsuspected finding of floating spleen and gastric volvulus]
WS1201,PubMed,13333687,kept,,1956,maynadier,,82,163,Memoires. Academie de chirurgie (France),[Acute torsion of the spleen in a 12 year old child].
WS1201,Scopus,84928583179,duplicate,T2 title+author+year,1956,maynadier,,82,163,Mémoires. Académie de chirurgie (France),[Acute torsion of the spleen in a 12 year old child]
WS1202,Scopus,84913929328,kept,T2 title+author+year,1956,bellmaine,10.5694/j.1326-5377.1956.tb35252.x,43,236,The Medical journal of Australia,Splenoptosis in infancy:  two cases
WS1202,PubMed,13308548,duplicate,,1956,bellmaine,,43,236,The Medical journal of Australia,Splenoptosis in infancy: two cases.
WS1203,PubMed,13306740,kept,,1956,thompson,,31,19,The Journal of the Christian Medical Association of India,Torsion of the splenic pedicle as a complication of pneumoperitoneum; a case  report.
WS1203,Scopus,84924452761,duplicate,T2 title+author+year,1956,thompson,,31,19,The Journal of the Christian Medical Association of India,Torsion of the splenic pedicle as a complication of pneumoperitoneum; a case report
WS1204,PubMed,13284852,kept,,1955,moudry,,19,338,Ceskoslovenska gynekologie,[Dystopic spleen in the small pelvis simulating ovarian tumor].
WS1204,Scopus,84924644982,duplicate,T2 title+author+year,1955,moudry,,19,338,Ceskoslovenská gynekologie,[Dystopic spleen in the small pelvis simulating ovarian tumor]
WS1205,PubMed,13328608,kept,,1955,hossne,,18,193,Arquivos de cirurgia clinica e experimental,[Torsion of pedicle in the floating spleen].
WS1205,Scopus,84924827366,duplicate,T2 title+author+year,1955,hossne,,18,193,Arquivos de cirurgia clinica e experimental,[Torsion of pedicle in the floating spleen]
WS1206,PubMed,14373324,kept,,1955,young,,37,983,Surgery,Coexistent volvulus of the splenic flexure and cecum.
WS1207,PubMed,13273833,kept,,1955,weinreich,,24,385,Revue belge de pathologie et de medecine experimentale,[Bone marrow inhibition of splenic origin in a case of movable spleen].
WS1207,Scopus,77049230626,duplicate,T2 title+author+year,1955,weinreich,,24,385,Revue belge de pathologie et de médecine expérimentale,Bone marrow inhibition of splenic origin in a case of movable spleen.
WS1208,PubMed,13274993,kept,,1955,blanke,,80,1287,Zentralblatt fur Chirurgie,[Extremely misplaced floating spleen with the report of a personal case which  simulated uterine tumor].
WS1208,Scopus,78651055802,duplicate,T4 author+year+volume+first page,1955,blanke,,80,1287,Zentralblatt für Chirurgie,Extremely misplaced floating spleen with the report of a personal case
WS1209,PubMed,13175460,kept,,1954,michaels,10.1016/s0140-6736(54)90008-2,267,23,"Lancet (London, England)",Spontaneous torsion of spleen involving tail of pancreas.
WS1209,Scopus,50449147672,duplicate,T1 DOI,1954,michaels,10.1016/s0140-6736(54)90008-2,264,23,The Lancet,SPONTANEOUS TORSION OF SPLEEN INVOLVING TAIL OF PANCREAS
WS1210,PubMed,13158827,kept,,1954,falor,10.1164/art.1954.70.1.166,70,166,American review of tuberculosis,Torsion of the spleen associated with pneumoperitoneum.
WS1210,Scopus,84924832799,duplicate,T2 title+author+year,1954,falor,,70,166,American review of tuberculosis,Torsion of the spleen associated with pneumoperitoneum
WS1211,PubMed,13114513,kept,,1954,buenger,,71,81,"The American journal of roentgenology, radium therapy, and nuclear medicine",Volvulus of the splenic flexure of the colon.
WS1212,PubMed,13122243,kept,,1953,stein,,27,1113,South African medical journal = Suid-Afrikaanse tydskrif vir geneeskunde,A case of ectopic spleen.
WS1212,Scopus,77049185861,duplicate,T2 title+author+year,1953,stein,,27,1113,South African medical journal = Suid-Afrikaanse tydskrif vir geneeskunde,A case of ectopic spleen.
WS1213,PubMed,13056999,kept,,1953,fisher,10.1016/s0041-3879(53)80065-6,34,144,Tubercle,"A patient with torsion of the spleen, complicating pneumoperitoneum treatment."
WS1213,Scopus,58149445243,duplicate,T1 DOI,1953,fisher,10.1016/s0041-3879(53)80065-6,34,144,Tubercle,A patient with torsion of the spleen. Complicating pneumoperitoneum treatment
WS1214,PubMed,13062436,kept,,1953,lazarev,,70,72,Khirurgiia,[Torsion of the spleen in splenomegaly].
WS1214,Scopus,84924837522,duplicate,T2 title+author+year,1953,lazarev,,70,72,Khirurgiia,[Torsion of the spleen in splenomegaly]
WS1215,PubMed,13081340,kept,,1953,settimi,,76,196,Archivio italiano di chirurgia,[Torsion of the spleen].
WS1215,Scopus,84924844990,duplicate,T2 title+author+year,1953,settimi,,76,196,Archivio italiano di chirurgia,[Torsion of the spleen]
WS1216,PubMed,14916213,kept,,1952,hall,10.1136/bmj.1.4765.957,1,957,British medical journal,Wandering spleen during first decade of life.
WS1216,Scopus,76949119178,duplicate,T1 DOI,1952,hall,10.1136/bmj.1.4765.957,1,957,British Medical Journal,Wandering Spleen During First Decade of Life
WS1217,PubMed,12983962,kept,,1952,ricci-oddi,,5,603,Rivista di anatomia patologica e di oncologia,[Hemoperitoneum with volvulus of the spleen; case report and etiopathogenic  considerations].
WS1217,Scopus,84924846105,duplicate,T2 title+author+year,1952,ricci-oddi,,5,603,Rivista di anatomia patologica e di oncologia,[Hemoperitoneum with volvulus of the spleen; case report and etiopathogenic considerations]
WS1218,PubMed,14927945,kept,,1952,ferraz,,17,521,The Journal of the International College of Surgeons,Blood cyst in a wandering spleen; report of a case.
WS1218,Scopus,0242459409,duplicate,T2 title+author+year,1952,ferraz,,17,521,The Journal of the International College of Surgeons,Blood cyst in a wandering spleen; report of a case.
WS1219,PubMed,14874077,kept,,1951,neibrief,,48,414,The Journal of the Medical Society of New Jersey,Wandering spleen with torsion of pedicle.
WS1219,Scopus,76949135940,duplicate,T2 title+author+year,1951,neibrief,,48,414,The Journal of the Medical Society of New Jersey,Wandering spleen with torsion of pedicle.
WS1220,PubMed,14864307,kept,,1951,martinez,,38,1584,Prensa medica argentina,[Splenoptosis with pedicular torsion; presentation of a case].
WS1220,Scopus,77951324174,duplicate,T4 author+year+volume+first page,1951,martinez,,38,1584,Prensa médica argentina,Esplenoptosis con torsión de pedäculo. Presentación de un caso.
WS1221,PubMed,14852360,kept,,1951,lopez-porrua,,19,257,Medicina,[Chronic pedicular torsion in a case of splenoptosis].
WS1221,Scopus,77951311641,duplicate,T4 author+year+volume+first page,1951,lopez-porrua,,19,257,Medicamenta,Torsión crónica del pedäculo en un caso de esplenoptosis.
WS1222,PubMed,14830499,kept,,1951,silvestri,,91,307,Archivio per le scienze mediche,[The importance of congenital factors in ptosis and torsion of the spleen].
WS1222,Scopus,77049356105,duplicate,T2 title+author+year,1951,silvestri,,91,307,Archivio per le scienze mediche,The importance of congenital factors in ptosis and torsion of the spleen.
WS1223,PubMed,14801820,kept,,1950,lan,,68,365,"Chinese medical journal (Peking, China : 1932)",Wandering spleen with torsion of the pedicle.
WS1223,Scopus,76549243312,duplicate,T2 title+author+year,1950,lan,,68,365,Chinese medical journal,Wandering spleen with torsion of the pedicle.
WS1224,PubMed,14771454,kept,,1950,middleton,10.1164/art.1950.62.4.439,62,439,American review of tuberculosis,Torsion of the spleen associated with pneumoperitoneum.
WS1224,Scopus,76549203649,duplicate,T2 title+author+year,1950,middleton,,62,439,American review of tuberculosis,Torsion of the spleen associated with pneumoperitoneum.
WS1225,PubMed,14781627,kept,,1950,lorizio,,64,862,La Riforma medica,[Mechanical intestinal occlusion due to ectopic spleen twisted on the peduncle].
WS1225,Scopus,77049315714,duplicate,T4 author+year+volume+first page,1950,lorizio,,64,862,La Riforma medica,Occlusione intestinale meccanica da milza ectopica torta sul peduncolo.
WS1226,PubMed,15428690,kept,,1950,anton,,14,89,The Journal of the International College of Surgeons,Ectopic spleen with twisted pedicle; report of a case.
WS1226,Scopus,76549251502,duplicate,T2 title+author+year,1950,anton,,14,89,The Journal of the International College of Surgeons,Ectopic spleen with twisted pedicle; report of a case.
WS1227,PubMed,15438732,kept,,1950,bachy,,76,633,Memoires. Academie de chirurgie (France),[Supernumerary spleen with twisted pedicle].
WS1227,Scopus,77049358261,duplicate,T4 author+year+volume+first page,1950,bachy,,76,633,Mémoires. Académie de chirurgie (France),A propos d'une rate surnuméraire à pédicule tordu.
WS1228,PubMed,15402424,kept,,1949,santi,,40,907,Minerva medica,[Voluminous migrating spleen in the course of Malta fever: effects of  splenectomy].
WS1229,PubMed,18145420,kept,,1949,lombardi,,63,322,La Riforma medica,[On a Case of Spleen Twisted On the Peduncle].
WS1230,PubMed,17859322,kept,,1949,dowidar,10.1097/00000658-194903000-00014,129,408,Annals of surgery,Wandering Spleen: Report of a Case Complicated by a Traumatic Cyst.
WS1230,Scopus,0012106487,duplicate,T1 DOI,1949,dowidar,10.1097/00000658-194903000-00014,129,408,Annals of surgery,Wandering Spleen: Report of a Case Complicated by a Traumatic Cyst
WS1231,PubMed,18143686,kept,,1949,lotfy,,32,6,The Journal of the Egyptian Medical Association,Wandering spleen.
WS1231,Scopus,84958279945,duplicate,T2 title+author+year,1949,lotfy,,32,6,The Journal of the Egyptian Medical Association,Wandering spleen
WS1232,PubMed,18123787,kept,,1949,krontiris,,12,45,The Journal of the International College of Surgeons,Total necrosis of ectopic spleen following chronic torsion of the splenic  pedicle.
WS1232,Scopus,78651013370,duplicate,T4 author+year+volume+first page,1949,krontiris,,12,45,The Journal of the International College of Surgeons,Total necrosis of ectopic spleen following chronic torsion of the
WS1233,PubMed,18104777,kept,,1948,martinez,,20,717,Galicia-clinica,[Modest fourth with swords on splenoptosis and belly bands].
WS1234,PubMed,18905742,kept,,1948,schiff,,18,224,American journal of clinical pathology,Aberrant spleen with torsion of pedicle.
WS1234,Scopus,78651008689,duplicate,T2 title+author+year,1948,schiff,,18,224,American journal of clinical pathology,Aberrant spleen with torsion of pedicle.
WS1235,PubMed,18878290,kept,,1948,bignami,,20,181,Annali di radiologia diagnostica,[Diaphragmatic hernia and splenic ectopia].
WS1235,Scopus,84957844333,duplicate,T4 author+year+volume+first page,1948,bignami,,20,181,Annali di radiologia diagnostica,Not Available
WS1236,PubMed,18867828,kept,,1948,ferriere,10.1080/17843286.1948.11716454,3,103,Acta clinica Belgica,[Congestive splenomy with diaphragmatic deviation and gastric volvulus].
WS1237,PubMed,18100331,kept,,1948,stefanik,,13,251,Ceskoslovenska gynekologie,[Torsion of the spleen during pregnancy].
WS1237,Scopus,84957380082,duplicate,T5 title+volume+pages,1948,,,13,251,Ceskoslovenská gynekologie,Torsion of the spleen during pregnancy
WS1238,PubMed,20271247,kept,,1947,cunningham,10.5694/j.1326-5377.1947.tb70367.x,2,451,The Medical journal of Australia,Splenoptosis and transposition of the colon.
WS1238,Scopus,84957353719,duplicate,T1 DOI,1947,cunningham,10.5694/j.1326-5377.1947.tb70367.x,2,451,The Medical journal of Australia,Splenoptosis and transposition of the colon
WS1239,PubMed,20246490,kept,,1947,charleux,,28,350,Journal de medecine de Lyon,[Acute torsion of an ectopic spleen].
WS1239,Scopus,84925032332,duplicate,T4 author+year+volume+first page,1947,charleux,,28,350,Journal de médecine de Lyon,Not Available
WS1240,PubMed,20340726,kept,,1947,barone,,13,201,Ginecologia,"[Observations of a large ectopic spleen, seat partially pelvic arteriovenous with  complete thrombosis]."
WS1240,Scopus,84957363403,duplicate,T2 title+author+year,1947,barone,,13,201,Ginecología,"Observations of a large ectopic spleen, seat partially pelvic arteriovenous with complete thrombosis"
WS1241,PubMed,20282243,kept,,1946,zuckermann,,14,195,"Revista mexicana de cirugia, ginecologia y cancer",[Leukemic spleen with twisted pedicle that simulated gynecological disease;  splenectomy required].
WS1241,Scopus,84956560395,duplicate,T4 author+year+volume+first page,1946,zuckermann,,14,195,"Revista mexicana de cirugía, ginecología y cáncer",Not Available
WS1242,PubMed,20996860,kept,,1946,daumerie,,9,223,Acta gastro-enterologica Belgica,[About a case of torsion of the spleen].
WS1242,Scopus,84956849413,duplicate,T4 author+year+volume+first page,1946,daumerie,,9,223,Acta gastro-enterologica Belgica,Not Available
WS1243,PubMed,20343396,kept,,1946,dardill,,72,138,Memoires. Academie de chirurgie (France),"[Pedicular torsion of a large malarial spleen, with anemia and leukopenia]."
WS1243,Scopus,84956545148,duplicate,T4 author+year+volume+first page,1946,dardill,,72,138,Mémoires. Académie de chirurgie (France),Not Available
WS1244,PubMed,17858221,kept,,1943,emmett,10.1097/00000658-194305000-00013,117,754,Annals of surgery,ACCESSORY SPLEEN IN THE SCROTUM: REVIEW OF LITERATURE ON ECTOPIC SPLEENS AND  THEIR ASSOCIATED SURGICAL SIGNIFICANCE.
WS1245,PubMed,17857547,kept,,1940,bohrer,10.1097/00000658-194003000-00008,111,416,Annals of surgery,TORSION OF A WANDERING SPLEEN: COMPLICATED BY DIAPHRAGMATIC HERNIA.
WS1246,PubMed,17857187,kept,,1938,adkins,10.1097/00000658-193805000-00020,107,832,Annals of surgery,PTOSED SPLEEN WITH TORSION OF PEDICLE.
WS1247,PubMed,17867068,kept,,1933,abell,10.1097/00000658-193310000-00020,98,722,Annals of surgery,WANDERING SPLEEN WITH TORSION OF THE PEDICLE.
WS1248,PubMed,17866359,kept,,1930,salvin,10.1097/00000658-193008000-00011,92,263,Annals of surgery,ECTOPIC SPLEEN CAUSING INTESTINAL OBSTRUCTION.
WS1249,PubMed,29011632,kept,,1928,vaidya,,63,390,The Indian medical gazette,Floating Spleen: Splenectomy: Recovery.
WS1250,PubMed,29011143,kept,,1926,vaidya,,61,601,The Indian medical gazette,A Case of Wandering Spleen-Splenectomy.
WS1251,PubMed,29010467,kept,,1925,sen,,60,576,The Indian medical gazette,An Enlarged Wandering Spleen Mistaken for an Ovarian Tumour. Splenectomy and  Recovery.
WS1252,PubMed,17865307,kept,,1925,sutton,10.1097/00000658-192508000-00008,82,239,Annals of surgery,WANDERING SPLEEN WITH TORSION OF ITS PEDICLE.
WS1253,PubMed,19977511,kept,,1914,leslie,10.1177/003591571400700256,7,107,Proceedings of the Royal Society of Medicine,Enlarged Movable Spleen (Splenoptosis) in a Case of Early Graves's Disease.
WS1253,Scopus,84964144173,duplicate,T1 DOI,1914,leslie,10.1177/003591571400700256,7,107,Journal of the Royal Society of Medicine,Enlarged Movable Spleen (Splenoptosis) in a Case of Early Graves's Disease
WS1254,PubMed,17862761,kept,,1911,lahey,10.1097/00000658-191111000-00006,54,612,Annals of surgery,VI. Prolapsed Spleen with Acute Torsion; Splenopexy: With Table of Unreported  Cases to Date.
WS1255,PubMed,17862543,kept,,1910,maclaren,10.1097/00000658-191006000-00009,51,834,Annals of surgery,"IX. Wandering Spleen: Report of a Case with Twisted Pedicle, Producing a Tumor in  the Pelvis."
WS1256,PubMed,20763184,kept,,1907,meek,10.1136/bmj.1.2416.928,1,928,British medical journal,DISLOCATED SPLEEN WITH TORSION OF PEDICLE COMPLICATING PREGNANCY: REMOVAL OF  SPLEEN: DELIVERY AT TERM.
WS1256,Scopus,84965216784,duplicate,T1 DOI,1907,meek,10.1136/bmj.1.2416.928,1,928,British Medical Journal,Dislocated Spleen with Torsion of Pedicle Complicating Pregnancy
WS1257,PubMed,20762437,kept,,1905,childe,10.1136/bmj.2.2347.1631,2,1631,British medical journal,WANDERING SPLEEN: HAEMORRHAGE WITHIN THE CAPSULE: SPLENECTOMY: RECOVERY.
WS1257,Scopus,84965213213,duplicate,T1 DOI,1905,childe,10.1136/bmj.2.2347.1631,2,1631,British Medical Journal,Wandering spleen: Haemorrhage within the capsule: Splenectomy: Recovery
WS1258,PubMed,17861270,kept,,1903,hall,,37,481,Annals of surgery,I. Splenopexy for Wandering Spleen: With Report of a Case.
WS1259,PubMed,20759267,kept,,1900,power,10.1136/bmj.2.2081.1428,2,1428,British medical journal,Successful Removal of an Enlarged and Displaced Spleen.
WS1259,Scopus,84965216057,duplicate,T1 DOI,1900,power,10.1136/bmj.2.2081.1428,2,1428,British Medical Journal,Successful removal of an enlarged and displaced spleen
WS1260,PubMed,17860751,kept,,1899,stone,10.1097/00000658-189907000-00027,30,321,Annals of surgery,"VII. Splenectomy for Floating Spleen, with Twisted Pedicle."
WS1261,PubMed,20756735,kept,,1897,sutton,10.1136/bmj.1.1881.132,1,132,British medical journal,Remarks on Wandering Spleens: A Paper read before the Medical Society of London.
WS1262,PubMed,29001651,kept,,1894,drury,,29,433,The Indian medical gazette,Pathology and Bacteriology-Non-Alcoholic Cirrhosis of the Liver by  Auto-Intoxication of Gastro - Intestinal Origin - Floating Spleen with Twisted Pedicle-Influence of Atmospheric Pressure on the Prevalence of Pneumonia - Bacteriology of Diphtheria.
WS1263,PubMed,29000518,kept,,1890,fink,,25,334,The Indian medical gazette,Hypertrophied Wandering Spleen with Ascites. Treatment. Recovery.
WS1264,Scopus,2942709902,kept,T2 title+author+year,2004,steffl,,59,270,Tierarztliche Umschau,Splenic torsion and chronic splenic necrosis in a Bernese mountain dog
WS1264,WoS,WOS:000221201200002,duplicate,,2004,steffl,,59,270,TIERARZTLICHE UMSCHAU,Splenic torsion and chronic splenic necrosis in a Bernese mountain dog
WS1265,Scopus,85194583191,kept,T1 DOI,2024,panhwer,10.37184/lnjpc.2707-3521.6.10,6,96,Liaquat National Journal of Primary Care,Wandering Spleen: A Rare Condition with Splenic Torsion and Infarction in an Elderly Patient
WS1265,WoS,WOS:001639213100018,duplicate,,2024,panhwer,10.37184/lnjpc.2707-3521.6.10,6,96,LIAQUAT NATIONAL JOURNAL OF PRIMARY CARE,Wandering Spleen: A Rare Condition with Splenic Torsion and Infarction in an Elderly Patient
WS1266,WoS,WOS:001283041200458,kept,,2024,samant,,367,276,AMERICAN JOURNAL OF THE MEDICAL SCIENCES,"Oh spleen, where are you? A case report of a wandering spleen and splenic torsion"
WS1267,Scopus,85098193919,kept,T1 DOI,2021,aaqib,10.1016/j.epsc.2020.101756,65,,Journal of Pediatric Surgery Case Reports,Wandering spleen with torsion of splenic vein and gastric varicies
WS1267,WoS,WOS:000609013500020,duplicate,,2021,aaqib,10.1016/j.epsc.2020.101756,65,,JOURNAL OF PEDIATRIC SURGERY CASE REPORTS,Wandering spleen with torsion of splenic vein and gastric varicies
WS1268,Scopus,105002727492,kept,T1 DOI,2025,stillman,10.1002/vrc2.70060,13,,Veterinary Record Case Reports,Primary splenic torsion and subsequent avulsion in an English bulldog (Canis lupus familiaris)
WS1268,WoS,WOS:001468860800001,duplicate,,2025,stillman,10.1002/vrc2.70060,13,,VETERINARY RECORD CASE REPORTS,Primary splenic torsion and subsequent avulsion in an English bulldog (Canis lupus familiaris)
WS1269,Scopus,33646887993,kept,T1 DOI,2006,stoneham,10.1111/j.1476-4431.2005.00164.x,16,131,Journal of Veterinary Emergency and Critical Care,Resolution of severe thrombocytopenia in two standard Poodles with surgical correction of splenic torsion
WS1269,WoS,WOS:000237634300008,duplicate,,2006,stoneham,10.1111/j.1476-4431.2005.00164.x,16,131,JOURNAL OF VETERINARY EMERGENCY AND CRITICAL CARE,Resolution of severe thrombocytopenia in two standard Poodles with surgical correction of splenic torsion
WS1270,Scopus,0347644717,kept,T2 title+author+year,2000,putcuyps,,69,116,Vlaams Diergeneeskundig Tijdschrift,Primary Splenic Torsion in the Dog: Case report and Literature Review
WS1270,WoS,WOS:000087196800003,duplicate,,2000,putcuyps,,69,116,VLAAMS DIERGENEESKUNDIG TIJDSCHRIFT,Primary splenic torsion in the dog: Case report and literature review
WS1271,WoS,WOS:000542317200217,kept,,2020,cosariu,,107,55,BRITISH JOURNAL OF SURGERY,Splenic Infarction Due to Torsion of the Splenic Pedicle in the Postpartum Period: A Case Report
WS1272,Scopus,85116877287,kept,T1 DOI,2021,kennedy,10.1016/j.epsc.2021.102070,75,,Journal of Pediatric Surgery Case Reports,Splenic torsion in the setting of polysplenia syndrome
WS1272,WoS,WOS:000729961700016,duplicate,,2021,kennedy,10.1016/j.epsc.2021.102070,75,,JOURNAL OF PEDIATRIC SURGERY CASE REPORTS,Splenic torsion in the setting of polysplenia syndrome
WS1273,Scopus,0031325353,kept,T2 title+author+year,1997,zonderland,,141,447,Annales de Medecine Veterinaire,Torsion of the splenic pedicle in a dog
WS1273,WoS,WOS:000071311900003,duplicate,,1997,zonderland,,141,447,ANNALES DE MEDECINE VETERINAIRE,Torsion of the splenic pedicle in a dog
WS1274,WoS,WOS:001329289500013,kept,,2024,timbo,10.5935/1981-2965.20240005,18,,BRAZILIAN JOURNAL OF HYGIENE AND ANIMAL SANITY,Surgical and anesthetic approach to primary splenic torsion in a dog: case report
WS1275,Scopus,0041878489,kept,T1 DOI,2003,pepperl,10.1007/s00112-002-0531-y,151,875,Monatsschrift fur Kinderheilkunde,Splenic torsion in a child with situs ambiguus and polysplenism. A rare differential diagnosis of the abdominal pain in childhood
WS1275,WoS,WOS:000185225400011,duplicate,,2003,pepperl,10.1007/s00112-002-0531-y,151,875,MONATSSCHRIFT KINDERHEILKUNDE,Splenic torsion in a child with situd ambiguus and polysplenism. A rare differential diagnosis of the abdominal pain in childhood
WS1276,Scopus,105007996668,kept,T1 DOI,2025,souza,10.21897/rmvz.3685,30,,Revista MVZ Cordoba,Partial splenic torsion with spontaneous resolution in a dog
WS1276,WoS,WOS:001538408200001,duplicate,,2025,souza,10.21897/rmvz.3685,30,,REVISTA MVZ CORDOBA,Partial splenic torsion with spontaneous resolution in a dog
WS1277,Scopus,85037354680,kept,T1 DOI,2017,wiebogen,10.2377/0023-2076-62-679,62,679,Kleintierpraxis,Acute primary splenic torsion in a French bulldogg
WS1277,WoS,WOS:000418208400002,duplicate,,2017,wiebogen,10.2377/0023-2076-62-679,62,679,KLEINTIERPRAXIS,Acute primary splenic torsion in a French bulldogg
WS1278,WoS,WOS:000424144900017,kept,,2017,salgueiro,,45,,ACTA SCIENTIAE VETERINARIAE,Sonographic Aspects of Splenic Torsion Due to Abdominal Eventration in a Dog
WS1279,WoS,WOS:001650329500001,kept,,2025,gandhi,10.1093/bjs/znaf270.063,112,,BJS-BRITISH JOURNAL OF SURGERY,Acute Splenic Torsion of Wandering Spleen in Association with Intestinal Nonrotation and Situs Inversus
WS1280,Scopus,84894325266,kept,T2 title+author+year,2011,azevedo,,33,89,Revista Brasileira de Medicina Veterinaria,Primary splenic torsion in dogs -case report
WS1280,WoS,WOS:000296315700007,duplicate,,2011,azevedo,,33,89,REVISTA BRASILEIRA DE MEDICINA VETERINARIA,PRIMARY SPLENIC TORSION IN DOGS - CASE REPORT
WS1281,Scopus,85077540782,kept,T2 title+author+year,2018,marinho,10.22456/1679-9216.87332,46,,Acta Scientiae Veterinariae,Primary splenic torsion in dog as a cause of atypical acute abdomen
WS1281,WoS,WOS:000606326600062,duplicate,,2018,marinho,,46,,ACTA SCIENTIAE VETERINARIAE,Primary Splenic Torsion in Dog as a Cause of Atypical Acute Abdomen
WS1282,Scopus,78751486522,kept,T1 DOI,2011,yakan,10.1177/102490791101800107,18,34,Hong Kong Journal of Emergency Medicine,Acute torsion of a wandering spleen causing acute abdomen
WS1282,WoS,WOS:000287264500007,duplicate,,2011,yakan,10.1177/102490791101800107,18,34,HONG KONG JOURNAL OF EMERGENCY MEDICINE,Acute torsion of a wandering spleen causing acute abdomen
WS1283,Scopus,105048786250,kept,T1 DOI,2026,khan,10.1016/j.epsc.2026.103340,133,,Journal of Pediatric Surgery Case Reports,Splenic torsion of a wandering spleen and polysplenia syndrome in a 10-year-old boy with cyanotic congenital heart disease: A case report
WS1283,WoS,WOS:001866596600001,duplicate,,2026,khan,10.1016/j.epsc.2026.103340,133,,JOURNAL OF PEDIATRIC SURGERY CASE REPORTS,Splenic torsion of a wandering spleen and polysplenia syndrome in a 10-year-old boy with cyanotic congenital heart disease: A case report
WS1284,Scopus,24144490065,kept,T2 title+author+year,2000,bhadwal,,77,603,Indian Veterinary Journal,Clinico - Pathological studies on experimentally induced torsion of spleen in dogs
WS1284,WoS,WOS:000088198700017,duplicate,,2000,bhadwal,,77,603,INDIAN VETERINARY JOURNAL,Clinico-pathological studies on experimentally induced torsion of spleen in dogs
WS1285,Scopus,24344503865,kept,T2 title+author+year,2000,bhadwal,,77,402,Indian Veterinary Journal,Haematological changes following splenic torsion in dogs
WS1285,WoS,WOS:000087250000010,duplicate,,2000,bhadwal,,77,402,INDIAN VETERINARY JOURNAL,Haematological changes following splenic torsion in dogs
WS1286,WoS,WOS:000439259006225,kept,,2017,uy,10.14309/00000434-201710001-02622,112,1436,AMERICAN JOURNAL OF GASTROENTEROLOGY,Torsion of a Wandering Spleen With Splenic and Gastric Varices Presenting as Abdominal Pain
WS1287,Scopus,85077639969,kept,T1 DOI,2019,dos,10.22456/1679-9216.97394,47,,Acta Scientiae Veterinariae,Primary splenic torsion associated with accessory spleen in a dog
WS1287,WoS,WOS:000511110100099,duplicate,,2019,dos,10.22456/1679-9216.97394,47,,ACTA SCIENTIAE VETERINARIAE,Primary Splenic Torsion Associated with Accessory Spleen in a Dog
WS1288,WoS,WOS:001190409900366,kept,,2023,nebo,10.1093/bjs/znad258.365,110,,BRITISH JOURNAL OF SURGERY,The Acute Abdomen: Have You Ruled Out Splenic Torsion?
WS1289,Scopus,85096184947,kept,T1 DOI,2021,alsaleh,10.1016/j.epsc.2020.101702,64,,Journal of Pediatric Surgery Case Reports,Splenic infarction: Torsion of a wandering spleen in a child
WS1289,WoS,WOS:000600790400023,duplicate,,2021,alsaleh,10.1016/j.epsc.2020.101702,64,,JOURNAL OF PEDIATRIC SURGERY CASE REPORTS,Splenic infarction: Torsion of a wandering spleen in a child
WS1290,WoS,WOS:000227074500020,kept,,2005,patsikas,,83,37,AUSTRALIAN VETERINARY JOURNAL,"Depression, anorexia and abdominal pain in a young dog with an abdominal mass"
WS1291,Scopus,84918770342,kept,T2 title+author+year,2014,ul,,24,245,Journal of the College of Physicians and Surgeons Pakistan,Torsion of a wandering spleen: An unusual abdominal catastrophe
WS1291,WoS,WOS:000351754600036,duplicate,,2014,ul,,24,245,JCPSP-JOURNAL OF THE COLLEGE OF PHYSICIANS AND SURGEONS PAKISTAN,Torsion of a Wandering Spleen: An Unusual Abdominal Catastrophe
WS1292,Scopus,0347122108,kept,T3 similar title+author+year,2001,szatmari,,123,618,Magyar Allatorvosok Lapja,"Bi-directional stagnant (""to-and-fro"") flow in the parenchymal splenic veins of a dog with splenic torsion detected by Doppler ultrasonography"
WS1292,WoS,WOS:000171898800008,duplicate,,2001,szatmari,,123,618,MAGYAR ALLATORVOSOK LAPJA,"Bi-directional stagnant (""to-and-fro"") flow in the parenchymal splenic veins of a dog with splenic torsion detected by Doppler ultrasonography -: Case report"
WS1293,Scopus,85086592308,kept,T1 DOI,2021,freesmeyer,10.1007/s00259-020-04899-4,48,644,European Journal of Nuclear Medicine and Molecular Imaging,PET/CT with [68Ga]gallium-oxine-labeled heat-denatured red blood cells for detection of dystopic splenic tissue
WS1293,WoS,WOS:000540951900002,duplicate,,2021,freesmeyer,10.1007/s00259-020-04899-4,48,644,EUROPEAN JOURNAL OF NUCLEAR MEDICINE AND MOLECULAR IMAGING,PET/CT with [68Ga]gallium-oxine-labeled heat-denatured red blood cells for detection of dystopic splenic tissue
WS1294,Scopus,105008819713,kept,T1 DOI,2025,amine,10.1016/j.epsc.2025.103046,120,,Journal of Pediatric Surgery Case Reports,Wandering spleen and intestinal malrotation in a 14-year-old female: a case report
WS1294,WoS,WOS:001521619700001,duplicate,,2025,amine,10.1016/j.epsc.2025.103046,120,,JOURNAL OF PEDIATRIC SURGERY CASE REPORTS,Wandering spleen and intestinal malrotation in a 14-year-old female: a case report
WS1295,Scopus,0034389961,kept,T3 similar title+author+year,2000,frese,,55,239,Tierarztliche Umschau,Lung lobe and splenic torsion in an Irisch Wolfshound
WS1295,WoS,WOS:000086794200001,duplicate,,2000,frese,,55,239,TIERARZTLICHE UMSCHAU,Lung lobe and splenic torsion in an Irish Wolfshound
WS1296,Scopus,84999007074,kept,T1 DOI,2016,ortiz,10.1590/1678-4162-8817,68,1195,Arquivo Brasileiro de Medicina Veterinaria e Zootecnia,Primary splenic torsion in a dog: Case report
WS1296,WoS,WOS:000387657100014,duplicate,,2016,ortiz,10.1590/1678-4162-8817,68,1195,ARQUIVO BRASILEIRO DE MEDICINA VETERINARIA E ZOOTECNIA,Primary splenic torsion in a dog: case report
WS1297,WoS,WOS:000182691500003,kept,,2003,bischoff,10.1016/1096-2867(03)90021-1,18,7,CLINICAL TECHNIQUES IN SMALL ANIMAL PRACTICE,Radiographic techniques and interpretation of the acute abdomen
WS1298,WoS,WOS:000257677100013,kept,,2007,kisli,,24,248,TRAKYA UNIVERSITESI TIP FAKULTESI DERGISI,Torsion of wandering spleen as a rare cause of acute abdomen:: A case report
WS1299,WoS,WOS:000282917700771,kept,,2010,sharma,10.14309/00000434-201010001-00777,105,282,AMERICAN JOURNAL OF GASTROENTEROLOGY,Recurrent Abdominal Pain and Gastrointestinal Bleeding due to Splenic Torsion in a Young Male
WS1300,WoS,WOS:001817055600001,kept,,2026,carmichael,10.1093/bjs/znag063.356,113,,BJS-BRITISH JOURNAL OF SURGERY,Wandering Spleen with Torsion and Coexisting Splenic Cyst: A Rare Triple Pathology in a Single Case
WS1301,Scopus,85190464192,kept,T1 DOI,2024,hummel,10.1002/vrc2.866,12,,Veterinary Record Case Reports,Ultrasonographic findings of a rare case of splenic rupture and torsion in a dog
WS1301,WoS,WOS:001199811000001,duplicate,,2024,hummel,10.1002/vrc2.866,12,,VETERINARY RECORD CASE REPORTS,Ultrasonographic findings of a rare case of splenic rupture and torsion in a dog
WS1302,WoS,WOS:000085267000005,kept,,2000,janthur,,28,19,TIERARZTLICHE PRAXIS AUSGABE KLEINTIERE HEIMTIERE,Use of abdominal color Doppler ultrasonography in dogs and cats
WS1303,Scopus,84857028930,kept,T2 title+author+year,2011,cizmic,,55,277,Paediatria Croatica,Ectopic spleen with torsion of the vessels
WS1303,WoS,WOS:000299139400005,duplicate,,2011,cizmic,,55,277,PAEDIATRIA CROATICA,ECTOPIC SPLEEN WITH TORSION OF THE VESSELS
WS1304,WoS,WOS:001632544500001,kept,,2025,mantawil,10.5348/100108z04am2025ra,15,,INTERNATIONAL JOURNAL OF HEPATOBILIARY AND PANCREATIC DISEASES,Splenic torsion with partial colonic obstruction caused by a wandering spleen in a teenager: A case report
WS1305,Scopus,85138757763,kept,T1 DOI,2022,guzman,10.1016/j.epsc.2022.102452,86,,Journal of Pediatric Surgery Case Reports,Symptomatic splenogonadal fusion with splenic torsion in an adolescent female
WS1305,WoS,WOS:000875905500001,duplicate,,2022,guzman,10.1016/j.epsc.2022.102452,86,,JOURNAL OF PEDIATRIC SURGERY CASE REPORTS,Symptomatic splenogonadal fusion with splenic torsion in an adolescent female
WS1306,WoS,WOS:001848832600023,kept,,2026,elkaffas,10.21608/ejsur.2025.442435.1660,45,494,EGYPTIAN JOURNAL OF SURGERY,Splenic Torsion in a Patient with Cerebral Palsy: A Rare Surgical Emergency and Case Report
WS1307,Scopus,0034346694,kept,T2 title+author+year,2000,ameh,,77,681,East African Medical Journal,Management of the wandering spleen in childhood: Report of two cases
WS1307,WoS,WOS:000166136300013,duplicate,,2000,ameh,,77,681,EAST AFRICAN MEDICAL JOURNAL,Management of the wandering spleen in childhood: Report of two cases
WS1308,WoS,WOS:000370168800034,kept,,2016,jara,,103,9,BRITISH JOURNAL OF SURGERY,TORSION OF THE SPLENIC PEDICLE AND DISTAL PANCREAS
WS1309,WoS,WOS:000281760700014,kept,,2010,constantinescu,,105,530,CHIRURGIA,Torsion of the splenic pedicle
WS1310,WoS,WOS:000391248200004,kept,,2016,jakus,,138,721,MAGYAR ALLATORVOSOK LAPJA,Torsion of the abdominal parenchymal organs in dogs
WS1311,WoS,WOS:001784058300001,kept,,2026,misagh,10.1002/ccr3.72788,14,,CLINICAL CASE REPORTS,Wandering Spleen Torsion as A Rare Cause of Acute Abdomen: A Case Report
WS1312,Scopus,85187558070,kept,T1 DOI,2024,rahimi,10.1016/j.epsc.2024.102793,103,,Journal of Pediatric Surgery Case Reports,Splenic infarction following recurrent torsion of a wandering spleen: A case report
WS1312,WoS,WOS:001206724300001,duplicate,,2024,rahimi,10.1016/j.epsc.2024.102793,103,,JOURNAL OF PEDIATRIC SURGERY CASE REPORTS,Splenic infarction following recurrent torsion of a wandering spleen: A case report
WS1313,Scopus,85214087190,kept,T1 DOI,2024,moraes,10.22456/1679-9216.139193,52,,Acta Scientiae Veterinariae,Primary Splenic Torsion in Lesser Grison (Galictis cuja)
WS1313,WoS,WOS:001388885600006,duplicate,,2024,moraes,10.22456/1679-9216.139193,52,,ACTA SCIENTIAE VETERINARIAE,Primary Splenic Torsion in Lesser Grison ( Galictis cuja)
WS1314,Scopus,38849203769,kept,T1 DOI,2008,herold,10.1111/j.1476-4431.2007.00265.x,18,40,Journal of Veterinary Emergency and Critical Care,Clinical evaluation and management of hemoperitoneum in dogs
WS1314,WoS,WOS:000252931900004,duplicate,,2008,herold,10.1111/j.1476-4431.2007.00265.x,18,40,JOURNAL OF VETERINARY EMERGENCY AND CRITICAL CARE,Clinical evaluation and management of hemoperitoneum in dogs
WS1315,Scopus,3242768385,kept,T5 title+volume+pages,2004,lecœur,,35,50,Point Veterinaire,Splenic masses in dogs and cats
WS1315,WoS,WOS:000223360000010,duplicate,,2004,lecoeur,,35,50,POINT VETERINAIRE,Splenic masses in dogs and cats
WS1316,Scopus,0032452121,kept,T2 title+author+year,1998,moger,10.1139/z98-125,76,1957,Canadian Journal of Zoology,Elevated urinary cortisol in a timber wolf (Canis lupus): A result of social behaviour or adrenal pathology
WS1316,WoS,WOS:000079903300017,duplicate,,1998,moger,10.1139/cjz-76-10-1957,76,1957,CANADIAN JOURNAL OF ZOOLOGY-REVUE CANADIENNE DE ZOOLOGIE,Elevated urinary cortisol in a timber wolf (Canis lupus):: a result of social behaviour or adrenal pathology?
WS1317,WoS,WOS:000184705900017,kept,,2003,biricik,,27,601,TURKISH JOURNAL OF VETERINARY & ANIMAL SCIENCES,Color-coded duplex sonography of abdominal blood vessels in dogs
WS1318,WoS,WOS:000252331800005,kept,,2008,heng,10.1111/j.1740-8261.2007.00312.x,49,26,VETERINARY RADIOLOGY & ULTRASOUND,Postmortem abdominal radiographic findings in feline cadavers
WS1319,WoS,WOS:000494649200003,kept,,2019,specchi,10.1111/vru.12780,60,613,VETERINARY RADIOLOGY & ULTRASOUND,Diagnostic imaging for the assessment of acquired abdominal vascular diseases in small animals: A pictorial review
WS1320,WoS,WOS:001628945500016,kept,,2025,serra,10.1111/vru.70104,66,,VETERINARY RADIOLOGY & ULTRASOUND,Diagnosis and Treatment of Renal Torsion in a Dog
WS1321,WoS,WOS:000572317000001,kept,,2020,white,10.1111/jsap.13234,61,766,JOURNAL OF SMALL ANIMAL PRACTICE,CT findings in dogs with gastric malposition: 6 cases (2016-2019)
WS1322,Scopus,85093831584,kept,T2 title+author+year,2020,ozer,10.9775/kvfd.2020.24551,26,841,Kafkas Universitesi Veteriner Fakultesi Dergisi,An overlooked entities in small animal surgery: Splenic disorders
WS1322,WoS,WOS:000582334700019,duplicate,,2020,ozer,10.9775/kvfd.2020.24000,26,841,KAFKAS UNIVERSITESI VETERINER FAKULTESI DERGISI,An Overlooked Entities in Small Animal Surgery: Splenic Disorders
WS1323,Scopus,105028488794,kept,T1 DOI,2026,nascimben,10.1016/j.epsc.2026.103194,126,,Journal of Pediatric Surgery Case Reports,Wandering spleen in a Cornelia De Lange young woman: a case report
WS1323,WoS,WOS:001678831200001,duplicate,,2026,nascimben,10.1016/j.epsc.2026.103194,126,,JOURNAL OF PEDIATRIC SURGERY CASE REPORTS,Wandering spleen in a Cornelia De Lange young woman: a case report
WS1324,WoS,WOS:001720895100007,kept,,2026,alabdulrahim,10.7860/jcdr/2026/80490.22698,20,01,JOURNAL OF CLINICAL AND DIAGNOSTIC RESEARCH,Non-surgical Management of Splenic Volvulus and Infarction of Ectopic Spleen in an Adult Female: A Case Report
WS1325,Scopus,105006422694,kept,T1 DOI,2025,galvani,10.1002/vrc2.70101,13,,Veterinary Record Case Reports,Gastric dilatation secondary to incarceration through a gastrosplenic omental rent in a dog
WS1325,WoS,WOS:001495479000001,duplicate,,2025,galvani,10.1002/vrc2.70101,13,,VETERINARY RECORD CASE REPORTS,Gastric dilatation secondary to incarceration through a gastrosplenic omental rent in a dog
WS1326,WoS,WOS:000273633500002,kept,,2010,goldhammer,10.1111/j.1748-5827.2009.00844.x,51,23,JOURNAL OF SMALL ANIMAL PRACTICE,Assessment of the incidence of GDV following splenectomy in dogs
WS1327,Scopus,85168381835,kept,T1 DOI,2023,unterkofler,10.3390/parasitologia3010008,3,59,Parasitologia,Case Report of a Fatal Babesia vulpes Infection in a Splenectomised Dog
WS1327,WoS,WOS:001274669800001,duplicate,,2023,unterkofler,10.3390/parasitologia3010008,3,59,PARASITOLOGIA,Case Report of a Fatal Babesia vulpes Infection in a Splenectomised Dog
WS1328,Scopus,29144478740,kept,T2 title+author+year,2005,klopper,,86,884,Praktische Tierarzt,Acute primary torsion of the spleen in dogs
WS1328,WoS,WOS:000235613200003,duplicate,,2005,klopper,,86,884,PRAKTISCHE TIERARZT,Acute primary torsion of the spleen in dogs
WS1329,WoS,WOS:000310961100002,kept,,2012,shanaman,10.1111/j.1740-8261.2012.01973.x,53,605,VETERINARY RADIOLOGY & ULTRASOUND,FEASIBILITY FOR USING DUAL-PHASE CONTRAST-ENHANCED MULTI-DETECTOR HELICAL COMPUTED TOMOGRAPHY TO EVALUATE AWAKE AND SEDATED DOGS WITH ACUTE ABDOMINAL SIGNS
WS1330,Scopus,77953397737,kept,T2 title+author+year,2008,zandi,,5,141,Iranian Journal of Radiology,Wandering spleen presenting as an asymptomatic pelvic mass: A case report
WS1330,WoS,WOS:000267329200003,duplicate,,2008,zandi,,5,141,IRANIAN JOURNAL OF RADIOLOGY,Wandering Spleen Presenting as an Asymptomatic Pelvic Mass: A Case Report
WS1331,WoS,WOS:001286316500008,kept,,2024,fairfield,10.2460/javma.23.11.0616,262,,JAVMA-JOURNAL OF THE AMERICAN VETERINARY MEDICAL ASSOCIATION,Minimally invasive splenectomy is associated with a low perioperative complication rate and short operative time in cats
WS1332,Scopus,33845805153,kept,T2 title+author+year,2006,gradner,,93,58,Wiener Tierarztliche Monatsschrift,Intra-abdominal testicular torsion in a cryptorchid dog
WS1332,WoS,WOS:000245112500001,duplicate,,2006,gradner,,93,58,WIENER TIERARZTLICHE MONATSSCHRIFT,Intra-abdominal testicular torsion in a cryptorchid dog
WS1333,Scopus,85124761886,kept,T1 DOI,2023,aleksandra,10.1007/s12262-022-03309-3,85,181,Indian Journal of Surgery,Unusual Presentation of Wandering Spleen Mimicking Pelvic Mass
WS1333,WoS,WOS:000754470800003,duplicate,,2023,aleksandra,10.1007/s12262-022-03309-3,85,181,INDIAN JOURNAL OF SURGERY,Unusual Presentation of Wandering Spleen Mimicking Pelvic Mass
WS1334,Scopus,0030974365,kept,T1 DOI,1997,germann,10.1007/s001120050120,145,235,Monatsschrift fur Kinderheilkunde,Typical cases of congenital wandering spleen
WS1334,WoS,WOS:A1997WW35400005,duplicate,,1997,germann,10.1007/s001120050120,145,235,MONATSSCHRIFT KINDERHEILKUNDE,Typical cases of congenital wandering spleen
WS1335,WoS,WOS:000863599700219,kept,,2022,said,,81,131,HISTOPATHOLOGY,Intrapancreatic ectopic spleen: clinical-pathologic correlation of 56 cases
WS1336,WoS,WOS:000178031900004,kept,,2002,nautrup,,30,255,TIERARZTLICHE PRAXIS AUSGABE KLEINTIERE HEIMTIERE,"The normal blood flow of intrasplenic arteries and veins in adult dogs and cats, shown by colour coded and pulsed wave Doppler ultrasonography"
WS1337,WoS,WOS:001326562705077,kept,,2024,thornhill,10.1016/j.chest.2024.06.3030,166,5098,CHEST,ADULT PRESENTATION OF BOCHDALEK HERNIA: A RARE CASE OF GASTRIC VOLVULUS WITH WANDERING SPLEEN AND PANCREATIC INVOLVEMENT
WS1338,WoS,WOS:000541963200438,kept,,2019,canty,10.1136/archdischild-2019-epa.437,104,189,ARCHIVES OF DISEASE IN CHILDHOOD,IN PURSUIT OF A WANDERING SPLEEN
WS1339,WoS,WOS:000644913200002,kept,,2021,ilgar,10.33706/jemcr.811390,12,4,JOURNAL OF EMERGENCY MEDICINE CASE REPORTS,An Unexpected Acute Abdomen Case: Torsion of a Wandering Spleen Treated with Splenopexy
WS1340,Scopus,85196043112,kept,T1 DOI,2024,annesi,10.1016/j.epsc.2024.102840,107,,Journal of Pediatric Surgery Case Reports,Wandering spleen resulting in gastric volvulus in a child with vanishing gastroschisis: A case report
WS1340,WoS,WOS:001256293600001,duplicate,,2024,annesi,10.1016/j.epsc.2024.102840,107,,JOURNAL OF PEDIATRIC SURGERY CASE REPORTS,Wandering spleen resulting in gastric volvulus in a child with vanishing gastroschisis: A case report
WS1341,Scopus,85138759539,kept,T1 DOI,2022,mehrnahad,10.30491/tm.2022.351616.1497,27,513,Trauma Monthly,Assessment of Two Cases with Wandering Spleen
WS1341,WoS,WOS:000860652400001,duplicate,,2022,mehrnahad,10.30491/tm.2022.351616.1497,27,513,TRAUMA MONTHLY,Assessment of Two Cases with Wandering Spleen
WS1342,Scopus,85099134896,kept,T1 DOI,2020,han,10.31083/j.ceog.2020.06.5498,47,974,Clinical and Experimental Obstetrics and Gynecology,Wandering spleen in a postpartum female: A case report
WS1342,WoS,WOS:000598997300029,duplicate,,2020,han,10.31083/j.ceog.2020.06.5498,47,974,CLINICAL AND EXPERIMENTAL OBSTETRICS & GYNECOLOGY,Wandering spleen in a postpartum female: a case report
WS1343,WoS,WOS:000354593500007,kept,,2015,rodriguez,,107,229,REVISTA ESPANOLA DE ENFERMEDADES DIGESTIVAS,Acute abdomen secondary to ectopic spleen torsion
WS1344,WoS,WOS:000074749500690,kept,,1998,van,,85,204,BRITISH JOURNAL OF SURGERY,The laparoscopic extirpation of a wandering spleen
WS1345,WoS,WOS:001539038500008,kept,,2023,rowland,10.14309/01.ajg.0000958004.08164.44,118,1519,AMERICAN JOURNAL OF GASTROENTEROLOGY,A Twisted Tale of Intractable Vomiting: The Wandering Spleen
WS1345,WoS,WOS:001091849304319,duplicate,T2 title+author+year,2023,rowland,,118,1519,AMERICAN JOURNAL OF GASTROENTEROLOGY,A Twisted Tale of Intractable Vomiting: The Wandering Spleen
WS1346,WoS,WOS:000368130400477,kept,,2015,braganza,,102,139,BRITISH JOURNAL OF SURGERY,Bockdalek Hernia with an Infarcted Torted Wandering Pelvic Spleen
WS1347,WoS,WOS:000607196707248,kept,,2020,flores,,115,1540,AMERICAN JOURNAL OF GASTROENTEROLOGY,"Ectopic Spleen Tissue Mimicking Gastrointestinal Stromal Tumor, a Case Report of a Gastric Subepithelial Lesion"
WS1348,WoS,WOS:000449266204049,kept,,2018,oksuzoglu,,45,429,EUROPEAN JOURNAL OF NUCLEAR MEDICINE AND MOLECULAR IMAGING,Wandering spleen on FDG PET/CT
WS1349,Scopus,84876560891,kept,T1 DOI,2013,frank,10.1200/jco.2012.44.4877,31,206,Journal of Clinical Oncology,Rare case of a dislocated spleen in a patient with B-cell lymphoma
WS1349,WoS,WOS:000317831500005,duplicate,,2013,frank,10.1200/jco.2012.44.4877,31,206,JOURNAL OF CLINICAL ONCOLOGY,Rare Case of a Dislocated Spleen in a Patient With B-Cell Lymphoma
WS1350,Scopus,77953369017,kept,T2 title+author+year,2009,sharath,,6,178,Iranian Journal of Radiology,Torsion of a wandering spleen: A pediatric acute abdominal presentation
WS1350,WoS,WOS:000272789800013,duplicate,,2009,sharath,,6,178,IRANIAN JOURNAL OF RADIOLOGY,Torsion of a Wandering Spleen: A Pediatric Acute Abdominal Presentation
WS1351,WoS,WOS:000777353000001,kept,,2022,muller,10.1007/s00104-022-01589-9,93,711,CHIRURGIE,A rare differential diagnosis of lower abdominal pain in pediatrics
WS1352,WoS,WOS:000395764602098,kept,,2016,ahmed,10.14309/00000434-201610001-01249,111,552,AMERICAN JOURNAL OF GASTROENTEROLOGY,Intrapancreatic Ectopic Spleen Mimicking a Pancreatic Tumor: A Case Report
WS1353,Scopus,85182091718,kept,T1 DOI,2024,yang,10.4103/singaporemedj.smj-2022-120,65,45,Singapore Medical Journal,Clinics in diagnostic imaging (218)
WS1353,WoS,WOS:001381351700001,duplicate,,2024,yang,10.4103/singaporemedj.smj-2022-120,65,45,SINGAPORE MEDICAL JOURNAL,Clinics in diagnostic imaging (218)
WS1354,WoS,WOS:000263430201452,kept,,2008,fabio,,93,472,HAEMATOLOGICA-THE HEMATOLOGY JOURNAL,THE WANDERING SPLEEN: CASE REPORT AND REVIEW OF THE LITERATURE
WS1355,WoS,WOS:000335085400048,kept,,2014,ito,10.5754/hge13974,61,493,HEPATO-GASTROENTEROLOGY,Comparison of Standard Laparoscopic Distal Pancreatectomy with Minimally Invasive Distal Pancreatectomy Using the da Vinci S System
WS1355,Scopus,84902689986,duplicate,T2 title+author+year,2014,ito,,61,493,Hepato-gastroenterology,Comparison of standard laparoscopic distal pancreatectomy with minimally invasive distal pancreatectomy using the da Vinci S system.
WS1356,Scopus,85099627795,kept,T1 DOI,2021,mustafa,10.1016/j.epsc.2021.101785,66,,Journal of Pediatric Surgery Case Reports,Torsion of an accessory spleen
WS1356,WoS,WOS:000620662300014,duplicate,,2021,mustafa,10.1016/j.epsc.2021.101785,66,,JOURNAL OF PEDIATRIC SURGERY CASE REPORTS,Torsion of an accessory spleen
WS1357,WoS,WOS:000184035000026,kept,,2003,granel,10.1016/s0248-8663(03)80659-8,24,226,REVUE DE MEDECINE INTERNE,Wandering spleen
WS1358,Scopus,85129309475,kept,T1 DOI,2022,huang,10.4103/fjs.fjs_85_21,55,52,Formosan Journal of Surgery,Pelvic splenosis in a patient with a 20-year history of splenectomy
WS1358,WoS,WOS:000808040500003,duplicate,,2022,huang,10.4103/fjs.fjs_85_21,55,52,FORMOSAN JOURNAL OF SURGERY,Pelvic splenosis in a patient with a 20-year history of splenectomy
WS1359,WoS,WOS:000178230400453,kept,,2002,nguyen,10.1016/s0002-9270(02)04924-9,97,150,AMERICAN JOURNAL OF GASTROENTEROLOGY,"Gastric variceal bleed due to a ""wandering spleen"""
WS1360,WoS,WOS:000835293300015,kept,,2022,sosa,10.4103/injms.injms_18_22,13,201,INDIAN JOURNAL OF MEDICAL SPECIALITIES,Wandering Spleen Torsion: A Rare Case of Acute Abdomen
WS1361,Scopus,78649722208,kept,T2 title+author+year,2010,hajirajabi,,12,668,Iranian Red Crescent Medical Journal,Torsion of wandering spleen and resulting rupture of splenic hilum with whorled sign in CT: A case report
WS1361,WoS,WOS:000285080500013,duplicate,,2010,hajirajabi,,12,668,IRANIAN RED CRESCENT MEDICAL JOURNAL,Torsion of Wandering Spleen and Resulting Rupture of Splenic Hilum with Whorled Sign in CT: A Case Report
WS1362,Scopus,85107128289,kept,T1 DOI,2021,ioannis,10.1016/j.epsc.2021.101848,71,,Journal of Pediatric Surgery Case Reports,"Torsion of wandering spleen, splenectomy and autotransplantation of splenic slices"
WS1362,WoS,WOS:000669696900007,duplicate,,2021,ioannis,10.1016/j.epsc.2021.101848,71,,JOURNAL OF PEDIATRIC SURGERY CASE REPORTS,"Torsion of wandering spleen, splenectomy and autotransplantation of splenic slices"
WS1363,Scopus,85129285078,kept,T1 DOI,2022,kumar,10.1016/j.clinimag.2022.04.005,87,11,Clinical Imaging,Twists and turns in acute abdomen: imaging spectrum of torsions and volvulus
WS1363,WoS,WOS:000797043900003,duplicate,,2022,kumar,10.1016/j.clinimag.2022.04.005,87,11,CLINICAL IMAGING,Twists and turns in acute abdomen: imaging spectrum of torsions and volvulus
WS1364,WoS,WOS:A1997XY59800005,kept,,1997,emery,,35,831,RADIOLOGIC CLINICS OF NORTH AMERICA,Splenic emergencies
WS1365,Scopus,85215408693,kept,T1 DOI,2025,andargie,10.1016/j.epsc.2025.102966,114,,Journal of Pediatric Surgery Case Reports,Torsion of accessory spleen mimicking acute appendicitis in a 4-year-old female: A case report
WS1365,WoS,WOS:001404927700001,duplicate,,2025,andargie,10.1016/j.epsc.2025.102966,114,,JOURNAL OF PEDIATRIC SURGERY CASE REPORTS,Torsion of accessory spleen mimicking acute appendicitis in a 4-year-old female: A case report
WS1366,WoS,WOS:000273680400009,kept,,2010,margi,10.1016/j.arcped.2009.10.001,17,42,ARCHIVES DE PEDIATRIE,Splenogonadal fusion: A case report
WS1367,WoS,WOS:001864779900020,kept,,2026,shishir,10.7860/jcdr/2026/84868.24411,20,1,JOURNAL OF CLINICAL AND DIAGNOSTIC RESEARCH,"Wandering Spleen: A Narrative Review of Clinical Spectrum, Pathogenesis, Emerging Diagnostics, and Management Approaches"
WS1368,Scopus,105006757181,kept,T1 DOI,2025,inggriani,10.1186/s43055-025-01488-z,56,,Egyptian Journal of Radiology and Nuclear Medicine,Beyond the usual: three unique cases of wandering spleen in Indonesia
WS1368,WoS,WOS:001497863100001,duplicate,,2025,inggriani,10.1186/s43055-025-01488-z,56,,EGYPTIAN JOURNAL OF RADIOLOGY AND NUCLEAR MEDICINE,Beyond the usual: three unique cases of wandering spleen in Indonesia
WS1369,Scopus,85145701090,kept,T1 DOI,2023,dillberger,10.1002/vrc2.564,11,,Veterinary Record Case Reports,"Wandering, twisted spleen in a deerhound"
WS1369,WoS,WOS:000907975400001,duplicate,,2023,dillberger,10.1002/vrc2.564,11,,VETERINARY RECORD CASE REPORTS,"Wandering, twisted spleen in a deerhound"
WS1370,WoS,WOS:001831120200010,kept,,2026,holm,10.1111/vru.70192,67,,VETERINARY RADIOLOGY & ULTRASOUND,Ultrasound Features of Pancreatic Torsion in a Young Dog
WS1371,Scopus,84993964553,kept,T2 title+author+year,2016,tian,,9,7498,International Journal of Clinical and Experimental Pathology,Diagnosis of multiple splenosis in right thorax and retroperitoneum: A case report and literature review
WS1371,WoS,WOS:000381729200101,duplicate,,2016,tian,,9,7498,INTERNATIONAL JOURNAL OF CLINICAL AND EXPERIMENTAL PATHOLOGY,Diagnosis of multiple splenosis in right thorax and retroperitoneum: a case report and literature review
WS1372,Scopus,23344439215,kept,T1 DOI,2005,hizli,10.1111/j.1442-2042.2005.01104.x,12,591,International Journal of Urology,Splenogonadal fusion: Report of a case
WS1372,WoS,WOS:000230049100015,duplicate,,2005,hizli,10.1111/j.1442-2042.2005.01104.x,12,591,INTERNATIONAL JOURNAL OF UROLOGY,Splenogonadal fusion:: Report of a case
WS1373,Scopus,47249097030,kept,T4 author+year+volume+first page,2007,salvi,,78,529,Annali Italiani di Chirurgia,"Splenic Infarction, rare cause of acute abdomen, only seldom requires splenectomy. Case report and literature review"
WS1373,WoS,WOS:000257120100014,duplicate,,2007,salvi,,78,529,ANNALI ITALIANI DI CHIRURGIA,"Splenic infarction, rare cause of acute abdomen, seldom requires splenectomy. Case report and review of the literature"
WS1374,WoS,WOS:000554926800004,kept,,2020,wilson,10.1016/j.surg.2020.04.022,168,9,SURGERY,Wandering spleen in a pediatric patient
WS1375,WoS,WOS:000370888100176,kept,,2016,lau,10.1016/j.ymgme.2015.12.333,117,71,MOLECULAR GENETICS AND METABOLISM,Wandering spleen in 2 Gaucher patients on enzyme replacement therapy: Diagnosis and management
WS1376,Scopus,0031868597,kept,T1 DOI,1998,rickert,10.1097/00000478-199807000-00011,22,894,American Journal of Surgical Pathology,A unique case of cerebral spleen
WS1376,WoS,WOS:000074610100011,duplicate,,1998,rickert,10.1097/00000478-199807000-00011,22,894,AMERICAN JOURNAL OF SURGICAL PATHOLOGY,A unique case of cerebral spleen
WS1377,Scopus,84879430065,kept,T1 DOI,2013,jayasundara,10.11622/smedj.2013096,54,123,Singapore Medical Journal,A case of continuous-type splenogonadal fusion
WS1377,WoS,WOS:000323321500002,duplicate,,2013,jayasundara,10.11622/smedj.2013096,54,123,SINGAPORE MEDICAL JOURNAL,A case of continuous-type splenogonadal fusion
WS1378,WoS,WOS:000224019900003,kept,,2004,peddu,10.1016/j.crad.2004.01.007,59,777,CLINICAL RADIOLOGY,"Splenic abnormalities: a comparative review of ultrasound, microbubble-enhanced ultrasound and computed tomography"
WS1379,Scopus,105025008411,kept,T1 DOI,2025,ali,10.14309/01.ajg.0001154072.04397.e7,120,1364,American Journal of Gastroenterology,S6403 Rectal Mass or Something Else? A Rare Case of Ectopic Spleen in the Rectum and Diagnosed by Endoscopic Ultrasound
WS1379,WoS,WOS:001598735900003,duplicate,,2025,ali,10.14309/01.ajg.0001154072.04397.e7,120,1364,AMERICAN JOURNAL OF GASTROENTEROLOGY,Rectal Mass or Something Else? A Rare Case of Ectopic Spleen in the Rectum and Diagnosed by Endoscopic Ultrasound
WS1380,WoS,WOS:000232694800020,kept,,2005,kotobi,10.1007/s00383-005-1437-2,21,674,PEDIATRIC SURGERY INTERNATIONAL,Acute mesenteroaxial gastric volvulus and congenital diaphragmatic hernia
WS1381,Scopus,84901457518,kept,T1 DOI,2014,sountoulides,10.4103/0022-3859.132350,60,202,Journal of Postgraduate Medicine,Splenogonadal fusion mimicking a testis tumor
WS1381,WoS,WOS:000336459500026,duplicate,,2014,sountoulides,10.4103/0022-3859.132350,60,202,JOURNAL OF POSTGRADUATE MEDICINE,Splenogonadal fusion mimicking a testis tumor
WS1382,WoS,WOS:A1997WU19400032,kept,,1997,matsui,10.1016/s0022-3468(97)90732-6,32,648,JOURNAL OF PEDIATRIC SURGERY,Splenic infarction in a child with portal hypertension secondary to biliary atresia
WS1383,WoS,WOS:001618237300001,kept,,2025,cushing,10.1093/ajcp/aqaf121.194,164,,AMERICAN JOURNAL OF CLINICAL PATHOLOGY,Ectopic Pregnancy Within an Ectopic Spleen: A Novel Case Report
WS1384,Scopus,0030844150,kept,T1 DOI,1997,mallmann,10.1007/s004310050737,156,889,European Journal of Pediatrics,A girl with congenital adrenal hyperplasia and recurrent abdominal pain
WS1384,WoS,WOS:A1997YF78500017,duplicate,,1997,mallmann,10.1007/s004310050737,156,889,EUROPEAN JOURNAL OF PEDIATRICS,A girl with congenital adrenal hyperplasia and recurrent abdominal pain
WS1385,Scopus,85059596312,kept,T2 title+author+year,2018,al-hammad,,50,473,Kuwait Medical Journal,Wandering spleen containing mesothelial cyst: A case report and review of literature
WS1385,WoS,WOS:000454434000017,duplicate,,2018,al-hammad,,50,473,KUWAIT MEDICAL JOURNAL,Wandering Spleen containing Mesothelial Cyst: A case report and review of literature
WS1386,Scopus,85083041785,kept,T1 DOI,2020,luong,10.1097/rlu.0000000000002997,45,379,Clinical Nuclear Medicine,Ga-Prostate-Specific Membrane Antigen Uptake in a Pancreatic Neuroendocrine Tumor
WS1386,WoS,WOS:000534349900021,duplicate,,2020,luong,10.1097/rlu.0000000000002997,45,379,CLINICAL NUCLEAR MEDICINE,68Ga-Prostate-Specific Membrane Antigen Uptake in a Pancreatic Neuroendocrine Tumor
WS1387,Scopus,0032945458,kept,T1 DOI,1999,lauffer,10.1385/ijgc:25:1:65,25,65,International Journal of Pancreatology,Intrapancreatic accessory spleen: A rare cause of a pancreatic mass
WS1387,WoS,WOS:000079371700010,duplicate,,1999,lauffer,10.1385/ijgc:25:1:65,25,65,INTERNATIONAL JOURNAL OF PANCREATOLOGY,Intrapancreatic accessory spleen -: A rare cause of a pancreatic mass
WS1388,Scopus,85019573887,kept,T1 DOI,2019,haga,10.1097/pec.0000000000001150,35,217,Pediatric Emergency Care,Acute Gastric Volvulus Successfully Treated by Endoscopic Reduction in a 6-Year-Old Girl and a Review of the Japanese Literature
WS1388,WoS,WOS:000497516400007,duplicate,,2019,haga,10.1097/pec.0000000000001150,35,217,PEDIATRIC EMERGENCY CARE,Acute Gastric Volvulus Successfully Treated by Endoscopic Reduction in a 6-Year-Old Girl and a Review of the Japanese Literature
WS1389,Scopus,85204080322,kept,T1 DOI,2024,sommer,10.1016/j.epsc.2024.102877,110,,Journal of Pediatric Surgery Case Reports,Recurrent splenic volvulus after splenopexy in an 11-year-old child: A case report
WS1389,WoS,WOS:001319116100001,duplicate,,2024,sommer,10.1016/j.epsc.2024.102877,110,,JOURNAL OF PEDIATRIC SURGERY CASE REPORTS,Recurrent splenic volvulus after splenopexy in an 11-year-old child: A case report
WS1390,Scopus,84961875419,kept,T1 DOI,2017,williamson,10.1097/pai.0000000000000362,25,27,Applied Immunohistochemistry and Molecular Morphology,Renal Splenosis: Renal Mass Biopsy Diagnosis of a Tumor Clinically Mimicking Renal Cell Carcinoma
WS1390,WoS,WOS:000398850000001,duplicate,,2017,williamson,10.1097/pai.0000000000000362,25,27,APPLIED IMMUNOHISTOCHEMISTRY & MOLECULAR MORPHOLOGY,Renal Splenosis: Renal Mass Biopsy Diagnosis of a Tumor Clinically Mimicking Renal Cell Carcinoma
WS1391,WoS,WOS:000253052500009,kept,,2008,oh,10.1007/s00247-007-0709-5,38,297,PEDIATRIC RADIOLOGY,Gastric volvulus in children: the twists and turns of an unusual entity
WS1392,WoS,WOS:000365380400003,kept,,2015,ecanow,10.1016/j.rcl.2015.06.003,53,1131,RADIOLOGIC CLINICS OF NORTH AMERICA,Evaluating Patients with Left Upper Quadrant Pain
WS1392,Scopus,84952026545,duplicate,T1 DOI,2015,ecanow,10.1016/j.rcl.2015.06.003,53,1131,Radiologic Clinics of North America,Evaluating Patients with Left Upper Quadrant Pain
WS1393,WoS,WOS:000277931100014,kept,,2010,senyuz,10.4274/tpa.45.53,45,53,TURK PEDIATRI ARSIVI-TURKISH ARCHIVES OF PEDIATRICS,Surgical disease of the spleen
WS1394,Scopus,0036767894,kept,T4 author+year+volume+first page,2002,chan,,101,674,Journal of the Formosan Medical Association,Erratum: Acute abdomen of a wandering spleen (Journal of the Formosan Medical Association (2002) vol. 101 (577-580))
WS1394,WoS,WOS:000180758300013,duplicate,,2002,chan,,101,674,JOURNAL OF THE FORMOSAN MEDICAL ASSOCIATION,"Acute abdomen of a wandering spleen. (vol 101, pg 577, 2002)"
WS1395,WoS,WOS:000258822600084,kept,,2008,cribbs,10.1542/peds.2007-3111,122,752,PEDIATRICS,Gastric volvulus in infants and children
WS1396,WoS,WOS:001357328900001,kept,,2024,lukasiewicz,10.1111/vec.13433,34,579,JOURNAL OF VETERINARY EMERGENCY AND CRITICAL CARE,Pancreatic torsion in a puppy with an acute abdomen
WS1397,Scopus,84937580974,kept,T2 title+author+year,2015,de,,43,,Acta Scientiae Veterinariae,Videolaparoscopic splenectomy with bipolar electrosurgery in dog with splenic mass
WS1397,WoS,WOS:000365417200003,duplicate,,2015,de,,43,,ACTA SCIENTIAE VETERINARIAE,Videolaparoscopic Splenectomy with Bipolar Electrosurgery in Dog with Splenic Mass
WS1398,WoS,WOS:000184781700009,kept,,2003,anagnostara,10.1002/jcu.10182,31,383,JOURNAL OF CLINICAL ULTRASOUND,Chronic gastric volvulus and hypertrophic pyloric stenosis in an infant
WS1399,WoS,WOS:001217382100001,kept,,2024,moses,10.1002/vms3.1467,10,,VETERINARY MEDICINE AND SCIENCE,Successful surgical management of pancreatic torsion in a 3-month-old Bernese Mountain dog without evidence of long-term pancreatic dysfunction
WS1400,Scopus,17444427094,kept,T1 DOI,2005,kinkel,10.1007/s00108-004-1325-1,46,329,Internist,Unspecific abdominal complaints: Diagnosis with szintigraphy
WS1400,WoS,WOS:000227447700010,duplicate,,2005,kinkel,10.1007/s00108-004-1325-1,46,329,INTERNIST,Unspecific abdominal complaints: diagnosis with szintigraphy
WS1401,Scopus,79960517843,kept,T1 DOI,2011,timpone,10.2214/ajr.11.6928,197,97,American Journal of Roentgenology,"Abdominal twists and turns: Part 2, solid visceral torsions with pathologic correlation"
WS1401,WoS,WOS:000291991200025,duplicate,,2011,timpone,10.2214/ajr.11.6928,197,97,AMERICAN JOURNAL OF ROENTGENOLOGY,"Abdominal Twists and Turns: Part 2, Solid Visceral Torsions With Pathologic Correlation"
WS1402,Scopus,33751212772,kept,T1 DOI,2006,ando,10.1111/j.1442-2042.2006.01598.x,13,1539,International Journal of Urology,Splenogonadal fusion: Case report and review of published works
WS1402,WoS,WOS:000242112800017,duplicate,,2006,ando,10.1111/j.1442-2042.2006.01598.x,13,1539,INTERNATIONAL JOURNAL OF UROLOGY,Splenogonadal fusion: Case report and review of published works
WS1403,WoS,WOS:001042386100001,kept,,2023,dalrymple,10.1177/00258024231191828,63,316,MEDICINE SCIENCE AND THE LAW,Unexpected death involving the spleen - an overview
WS1404,Scopus,85098527349,kept,T1 DOI,2021,bonney,10.1007/s00261-020-02868-x,46,2942,Abdominal Radiology,A comprehensive radiologic review of abdominal and pelvic torsions
WS1404,WoS,WOS:000604246400001,duplicate,,2021,bonney,10.1007/s00261-020-02868-x,46,2942,ABDOMINAL RADIOLOGY,A comprehensive radiologic review of abdominal and pelvic torsions
WS1405,Scopus,84992179605,kept,T1 DOI,2016,darko,10.1515/acve-2016-0036,66,422,Acta Veterinaria,Gastric dilatation and volvulus in brown bear (URSUS ARCTOS)
WS1405,WoS,WOS:000384771100012,duplicate,,2016,marinkovic,10.1515/acve-2016-0036,66,422,ACTA VETERINARIA-BEOGRAD,GASTRIC DILATATION AND VOLVULUS IN BROWN BEAR (URSUS ARCTOS)
WS1406,Scopus,0030850983,kept,T2 title+author+year,1997,clauss,,13,143,Physica Medica,A one hour rest-stress technetium-99m MIBI myocardial protocol
WS1406,WoS,WOS:A1997YF07900010,duplicate,,1997,clauss,,13,143,PHYSICA MEDICA,A one hour rest-stress technetium-99m MIBI myocardial protocol
WS1407,WoS,WOS:000277008500003,kept,,2010,ward,10.5334/jbr-btr.27,93,7,JBR-BTR,UNUSUAL LONG TERM COMPLICATIONS OF A SPLENIC CYST
WS1408,WoS,WOS:000254803500017,kept,,2008,ayala,10.1016/j.jpedsurg.2007.11.015,43,,JOURNAL OF PEDIATRIC SURGERY,Delayed presentation of congenital diaphragmatic hernia manifesting as combined-type acute gastric volvulus: a case report and review of the literature
WS1409,WoS,WOS:000296939100025,kept,,2011,perloff,10.1016/j.amjcard.2011.06.055,108,1352,AMERICAN JOURNAL OF CARDIOLOGY,The Cardiac Malpositions
WS1410,WoS,WOS:000473214900003,kept,,2019,da,10.1007/s12519-019-00244-4,15,226,WORLD JOURNAL OF PEDIATRICS,Management and outcomes of gastric volvulus in children: a systematic review
WS1411,WoS,WOS:000855404300001,kept,,2022,peschard,10.1177/20551169221116869,8,,JOURNAL OF FELINE MEDICINE AND SURGERY OPEN REPORTS,Ultrasonographic and colour Doppler features of intrapancreatic splenic tissue in a cat
WS1412,Scopus,85089371361,kept,T1 DOI,2020,serra,10.1007/s40336-020-00383-z,8,307,Clinical and Translational Imaging,Pancreatic nodule positive for 68-Ga-DOTAPEPTIDE-PET: NET or ectopic spleen? The importance of a good differential diagnosis
WS1412,WoS,WOS:000559299500002,duplicate,,2020,serra,10.1007/s40336-020-00383-z,8,307,CLINICAL AND TRANSLATIONAL IMAGING,Pancreatic nodule positive for 68-Ga-DOTAPEPTIDE-PET: NET or ectopic spleen? The importance of a good differential diagnosis
WS1413,Scopus,85096128120,kept,T1 DOI,2020,milosavljevic,10.2298/sarh200223052m,148,609,Srpski Arhiv za Celokupno Lekarstvo,"Accessory spleen diagnostically hidden, laparoscopically removed – case report and review of the literature"
WS1413,WoS,WOS:000585087000016,duplicate,,2020,milosavljevic,10.2298/sarh200223052m,148,609,SRPSKI ARHIV ZA CELOKUPNO LEKARSTVO,"Accessory spleen diagnostically hidden, laparoscopically removed - case report and review of the literature"
WS1414,WoS,WOS:000481622100002,kept,,2019,costi,10.1016/j.jpedsurg.2018.11.010,54,1527,JOURNAL OF PEDIATRIC SURGERY,"Partial splenectomy: Who, when and how. A systematic review of the 2130 published cases"
WS1415,WoS,WOS:000305447400072,kept,,2012,ding,10.5754/hge12095,59,1277,HEPATO-GASTROENTEROLOGY,Multi-Visceral Resection of Malignant Tumors with Left-Sided Portal Hypertension
WS1416,WoS,WOS:000227632400321,kept,,2005,kuykendall,,52,81,JOURNAL OF THE AMERICAN ACADEMY OF DERMATOLOGY,Cutaneous splenic ectopia presenting as pigmented lesion in a melanoma patient
WS1417,WoS,WOS:000179184802135,kept,,2002,lobo,,100,502,BLOOD,Splenic ptosis corrected through videolaparoscopy in patients with Gaucher disease.
WS1418,Scopus,0036876653,kept,T4 author+year+volume+first page,2002,bomassi,,37,483,Pratique Medicale et Chirurgicale de l'Animal de Compagnie,Echos of the echo: An abdominal ultrasound examination
WS1418,WoS,WOS:000180587200007,duplicate,,2002,bomassi,,37,483,PRATIQUE MEDICALE ET CHIRURGICALE DE L ANIMAL DE COMPAGNIE,Torsion of the spleen
WS1419,WoS,WOS:000892593300013,kept,,2022,verdecia,10.4103/injms.injms_24_22,13,258,INDIAN JOURNAL OF MEDICAL SPECIALITIES,Accessory Spleen Torsion Simulating Acute Appendicitis
WS1420,Scopus,85084863005,kept,T1 DOI,2021,mladenovic,10.1007/s12262-020-02308-6,83,362,Indian Journal of Surgery,Acute Gastric Volvulus in Eight-Year-Old Male
WS1420,WoS,WOS:000532624900005,duplicate,,2021,mladenovic,10.1007/s12262-020-02308-6,83,362,INDIAN JOURNAL OF SURGERY,Acute Gastric Volvulus in Eight-Year-Old Male
WS1421,Scopus,33645472949,kept,T2 title+author+year,2006,glinska,,62,316,Medycyna Weterynaryjna,Torsion of the urinary bladder in dogs
WS1421,WoS,WOS:000235768900019,duplicate,,2006,glinska,,62,316,MEDYCYNA WETERYNARYJNA-VETERINARY MEDICINE-SCIENCE AND PRACTICE,Torsion of the urinary bladder in dogs
WS1422,Scopus,105048101439,kept,T1 DOI,2026,wang,10.1002/advs.77358,,,Advanced Science,Intrasplenic Thymus Organogenesis from Injectable Tissue Fragments Restores Functional T-Cell Immunity
WS1422,WoS,WOS:001857266900001,duplicate,,2026,wang,10.1002/advs.77358,,,ADVANCED SCIENCE,Intrasplenic Thymus Organogenesis from Injectable Tissue Fragments Restores Functional T-Cell Immunity
WS1423,Scopus,105046992713,kept,T1 DOI,2026,augustin,10.3390/jcm15156082,15,,Journal of Clinical Medicine,Primary Splenic Pregnancy: A Systematic Review of Published Case Reports
WS1423,WoS,WOS:001846912100001,duplicate,,2026,augustin,10.3390/jcm15156082,15,,JOURNAL OF CLINICAL MEDICINE,Primary Splenic Pregnancy: A Systematic Review of Published Case Reports
WS1424,Scopus,105036415104,kept,T1 DOI,2026,xie,10.1007/s11845-026-04376-1,195,1959,Irish Journal of Medical Science,Benign hepatocellular mass in the right atrium: a rare case of ectopic liver tissue and literature review
WS1424,WoS,WOS:001745079000001,duplicate,,2026,xie,10.1007/s11845-026-04376-1,195,1959,IRISH JOURNAL OF MEDICAL SCIENCE,Benign hepatocellular mass in the right atrium: a rare case of ectopic liver tissue and literature review
WS1425,Scopus,105044656337,kept,T1 DOI,2026,fambrini,10.1155/crog/5344541,2026,,Case Reports in Obstetrics and Gynecology,Primary Abdominal Ectopic Pregnancy Involving the Spleen: A Case Study
WS1425,WoS,WOS:001820506500001,duplicate,,2026,fambrini,10.1155/crog/5344541,2026,,CASE REPORTS IN OBSTETRICS AND GYNECOLOGY,Primary Abdominal Ectopic Pregnancy Involving the Spleen: A Case Study
WS1426,Scopus,105010358530,kept,T1 DOI,2025,yan,10.1016/j.asjsur.2025.06.043,48,7671,Asian Journal of Surgery,Ectopic pregnancy in the spleen: Report of a rare case
WS1426,WoS,WOS:001632787400001,duplicate,,2025,yan,10.1016/j.asjsur.2025.06.043,48,7671,ASIAN JOURNAL OF SURGERY,Ectopic pregnancy in the spleen: Report of a rare case
WS1427,Scopus,105017541307,kept,T1 DOI,2026,stilz,10.1177/10406387251379922,38,119,Journal of Veterinary Diagnostic Investigation,"Ectopic splenic tissue in 46 dogs, 2000–2024"
WS1427,WoS,WOS:001586201500001,duplicate,,2026,stilz,10.1177/10406387251379922,38,119,JOURNAL OF VETERINARY DIAGNOSTIC INVESTIGATION,"Ectopic splenic tissue in 46 dogs, 2000-2024"
WS1428,Scopus,105018268905,kept,T1 DOI,2025,edmonds,10.2108/zs240114,42,471,Zoological Science,Regulation of Reproduction and Swimming Ability in the Male Marsh Rice Rat (Oryzomys palustris)
WS1428,WoS,WOS:001588750900005,duplicate,,2025,edmonds,10.2108/zs240114,42,471,ZOOLOGICAL SCIENCE,Regulation of Reproduction and Swimming Ability in the Male Marsh Rice Rat (Oryzomys palustris)
WS1429,Scopus,105004706011,kept,T1 DOI,2025,liao,10.1016/j.fsi.2025.110412,163,,Fish and Shellfish Immunology,PTPN2 modulates antiviral immunity in grouper by promoting TBK1 degradation and suppressing interferon signaling
WS1429,WoS,WOS:001492254700001,duplicate,,2025,liao,10.1016/j.fsi.2025.110412,163,,FISH & SHELLFISH IMMUNOLOGY,PTPN2 modulates antiviral immunity in grouper by promoting TBK1 degradation and suppressing interferon signaling
WS1430,Scopus,105000923255,kept,T1 DOI,2025,zhu,10.1002/bmc.70026,39,,Biomedical Chromatography,Exploring the Mechanism of Action of Honeybran-Fried Cimicifuga Rhizoma in the Treatment of IBS-D Based on Metabolomics and Network Pharmacology
WS1430,WoS,WOS:001450872900001,duplicate,,2025,zhu,10.1002/bmc.70026,39,,BIOMEDICAL CHROMATOGRAPHY,Exploring the Mechanism of Action of Honeybran-Fried Cimicifuga Rhizoma in the Treatment of IBS-D Based on Metabolomics and Network Pharmacology
WS1431,WoS,WOS:001645235500015,kept,,2025,czyzewski,10.5114/ms.2025.154526,41,274,MEDICAL STUDIES-STUDIA MEDYCZNE,Non-traumatic torsion of an accessory spleen as a cause of acute abdomen in adults
WS1432,WoS,WOS:001571409700001,kept,,2025,gripp,10.1155/crip/6644516,2025,,CASE REPORTS IN PATHOLOGY,"""Sneaky Spleen"": Three Cases of Ectopic Splenic Tissue Mimicking Neoplasia"
WS1433,WoS,WOS:001389541400009,kept,,2024,jacob,10.4103/jss.jss_109_24,51,484,JOURNAL OF THE SCIENTIFIC SOCIETY,Dual Heterotropic Tissue Associated with a Type IV A Choledochal Cyst: A Rare Case Report
WS1434,Scopus,85186085963,kept,T1 DOI,2024,wang,10.1016/j.jhep.2024.01.005,80,753,Journal of Hepatology,Molecular force-induced liberation of transforming growth factor-beta remodels the spleen for ectopic liver regeneration
WS1434,WoS,WOS:001255649400001,duplicate,,2024,wang,10.1016/j.jhep.2024.01.005,80,,JOURNAL OF HEPATOLOGY,Molecular force-induced liberation of transforming growth factor-beta remodels the spleen for ectopic liver regeneration
WS1435,Scopus,85188945325,kept,T1 DOI,2024,straksyte,10.3390/medicina60030470,60,,Medicina (Lithuania),Minimally Invasive Management and Diagnosis of Ectopic Splenic Pregnancy
WS1435,WoS,WOS:001192591000001,duplicate,,2024,straksyte,10.3390/medicina60030470,60,,MEDICINA-LITHUANIA,Minimally Invasive Management and Diagnosis of Ectopic Splenic Pregnancy
WS1436,WoS,WOS:001106791200027,kept,,2023,alansari,10.7759/cureus.48546,15,,CUREUS JOURNAL OF MEDICAL SCIENCE,A Rare Twist: Spleen Rupture in Plasmodium vivax Malaria
WS1437,WoS,WOS:000979838800015,kept,,2023,guo,10.12998/wjcc.v11.i10.2276,11,2276,WORLD JOURNAL OF CLINICAL CASES,Primary intra-abdominal paraganglioma: A case report
WS1438,Scopus,85124803741,kept,T1 DOI,2022,wee,10.1136/bcr-2021-247737,15,,BMJ Case Reports,Intrapancreatic accessory spleen with an epidermoid cyst: A malignant mimicry
WS1438,WoS,WOS:000756895600001,duplicate,,2022,wee,10.1136/bcr-2021-247737,15,,BMJ CASE REPORTS,Intrapancreatic accessory spleen with an epidermoid cyst: a malignant mimicry
WS1439,WoS,WOS:000717526104307,kept,,2021,nguyen,,116,1071,AMERICAN JOURNAL OF GASTROENTEROLOGY,A Wandering Accessory Spleen Mimicking a Pancreatic Tumor
WS1440,Scopus,85097003483,kept,T1 DOI,2020,gomez-ramos,10.1097/pec.0000000000001520,36,737,Pediatric Emergency Care,Adolescent with Spontaneous Splenic Rupture as a Cause of Hemoperitoneum in the Emergency Department: Case Report and Literature Review
WS1440,WoS,WOS:000596036400024,duplicate,,2020,gomez-ramos,10.1097/pec.0000000000001520,36,737,PEDIATRIC EMERGENCY CARE,Adolescent With Spontaneous Splenic Rupture as a Cause of Hemoperitoneum in the Emergency Department Case Report and Literature Review
WS1441,Scopus,85083801130,kept,T2 title+author+year,2020,ortega,10.4067/s0717-95022020000300787,38,787,International Journal of Morphology,Presence and biometry of accessory spleen in Chile individuals: Study by computerized tomography
WS1441,WoS,WOS:000525755300039,duplicate,,2020,ortega,,38,787,INTERNATIONAL JOURNAL OF MORPHOLOGY,Presence and Biometry of Accessory Spleen in Chile Individuals: Study by Computerized Tomography
WS1442,Scopus,85085077429,kept,T1 DOI,2020,liu,10.1007/s12262-020-02155-5,82,1287,Indian Journal of Surgery,Spleen Rupture Caused by Ectopic Pregnancy in the Spleen: a Case Report
WS1442,WoS,WOS:000530602100005,duplicate,,2020,liu,10.1007/s12262-020-02155-5,82,1287,INDIAN JOURNAL OF SURGERY,Spleen Rupture Caused by Ectopic Pregnancy in the Spleen: a Case Report
WS1443,WoS,WOS:000527389200089,kept,,2020,luo,10.21037/atm.2020.03.79,8,,ANNALS OF TRANSLATIONAL MEDICINE,Heterotopic accessory spleen with squamous epithelial cyst in pancreas mimicking other pancreatic tumor: a case report
WS1444,Scopus,85083361488,kept,T1 DOI,2020,marshak-rothstein,10.1089/vim.2019.0191,33,246,Viral Immunology,Interplay of cyclic GMP-AMP synthase/stimulator of IFN genes and toll-like receptor nucleic acid sensing pathways in autoinflammation and abnormal bone formation due to DNaseII-deficiency
WS1444,WoS,WOS:000525473700022,duplicate,,2020,marshak-rothstein,10.1089/vim.2019.0191,33,246,VIRAL IMMUNOLOGY,Interplay of Cyclic GMP-AMP Synthase/Stimulator of IFN Genes and Toll-Like Receptor Nucleic Acid Sensing Pathways in Autoinflammation and Abnormal Bone Formation due to DNaseII-Deficiency
WS1445,Scopus,85070764384,kept,T1 DOI,2019,karpathiou,10.1016/j.prp.2019.152546,215,,Pathology Research and Practice,"Splenic tissue in the ovary: Splenosis, accessory spleen or spleno-gonadal fusion?"
WS1445,WoS,WOS:000485207400028,duplicate,,2019,karpathiou,10.1016/j.prp.2019.152546,215,,PATHOLOGY RESEARCH AND PRACTICE,"Splenic tissue in the ovary: Splenosis, accessory spleen or spleno-gonadal fusion?"
WS1446,Scopus,85062332911,kept,T1 DOI,2019,kresinsky,10.1038/s41388-019-0757-y,38,4773,Oncogene,"Lack of CD45 in FLT3-ITD mice results in a myeloproliferative phenotype, cortical porosity, and ectopic bone formation"
WS1446,WoS,WOS:000471160500009,duplicate,,2019,kresinsky,10.1038/s41388-019-0757-y,38,4773,ONCOGENE,"Lack of CD45 in FLT3-ITD mice results in a myeloproliferative phenotype, cortical porosity, and ectopic bone formation"
WS1447,Scopus,85051016882,kept,T1 DOI,2018,bedhiafi,10.1139/apnm-2017-0743,43,782,"Applied Physiology, Nutrition and Metabolism",Supplementation of grape seed and skin extract to orlistat therapy prevents high-fat diet-induced murine spleen lipotoxicity
WS1447,WoS,WOS:000440175700004,duplicate,,2018,bedhiafi,10.1139/apnm-2017-0743,43,782,APPLIED PHYSIOLOGY NUTRITION AND METABOLISM,Supplementation of grape seed and skin extract to orlistat therapy prevents high-fat diet-induced murine spleen lipotoxicity
WS1448,Scopus,85039414721,kept,T1 DOI,2017,yang,10.1097/md.0000000000009040,96,,Medicine (United States),Significance of imaging findings in the diagnosis of heterotopic spleen - An intrapancreatic accessory spleen (IPAS)
WS1448,WoS,WOS:000425386300005,duplicate,,2017,yang,10.1097/md.0000000000009040,96,,MEDICINE,Significance of imaging findings in the diagnosis of heterotopic spleenan intrapancreatic accessory spleen (IPAS): Case report
WS1449,Scopus,85013025538,kept,T1 DOI,2017,tendler,10.1002/jcu.22448,45,600,Journal of Clinical Ultrasound,Symptomatic pelvic accessory spleen in a female adolescent: Case report
WS1449,WoS,WOS:000412599600013,duplicate,,2017,tendler,10.1002/jcu.22448,45,600,JOURNAL OF CLINICAL ULTRASOUND,Symptomatic pelvic accessory spleen in a female adolescent: Case report
WS1450,Scopus,85026508425,kept,T1 DOI,2017,wu,10.1111/jog.13440,43,1778,Journal of Obstetrics and Gynaecology Research,Case of spontaneous splenic rupture caused by ectopic pregnancy in the spleen
WS1450,WoS,WOS:000414326900016,duplicate,,2017,wu,10.1111/jog.13440,43,1778,JOURNAL OF OBSTETRICS AND GYNAECOLOGY RESEARCH,Case of spontaneous splenic rupture caused by ectopic pregnancy in the spleen
WS1451,Scopus,85019567725,kept,T1 DOI,2017,hirabayashi,10.1007/s00428-017-2139-6,471,91,Virchows Archiv,Epidermoid cysts are a characteristic feature of intrapancreatic but not of extrapancreatic accessory spleens
WS1451,WoS,WOS:000404745200009,duplicate,,2017,hirabayashi,10.1007/s00428-017-2139-6,471,91,VIRCHOWS ARCHIV,Epidermoid cysts are a characteristic feature of intrapancreatic but not of extrapancreatic accessory spleens
WS1452,Scopus,84983001505,kept,T1 DOI,2016,wataya,10.3171/2016.2.peds15598,18,183,Journal of Neurosurgery: Pediatrics,Thoracic meningocele in lumbo-costo-vertebral syndrome in a child: Possible enlargement with repeated motion by anchoring to the diaphragm
WS1452,WoS,WOS:000380753700008,duplicate,,2016,wataya,10.3171/2016.2.peds15598,18,183,JOURNAL OF NEUROSURGERY-PEDIATRICS,Thoracic meningocele in lumbo-costo-vertebral syndrome in a child: possible enlargement with repeated motion by anchoring to the diaphragm
WS1453,Scopus,84955302178,kept,T1 DOI,2016,wang,10.1016/j.fsi.2016.01.016,50,1,Fish and Shellfish Immunology,Fish TRIM39 regulates cell cycle progression and exerts its antiviral function against iridovirus and nodavirus
WS1453,WoS,WOS:000372693800001,duplicate,,2016,wang,10.1016/j.fsi.2016.01.016,50,1,FISH & SHELLFISH IMMUNOLOGY,Fish TRIM39 regulates cell cycle progression and exerts its antiviral function against iridovirus and nodavirus
WS1454,Scopus,85019182087,kept,T1 DOI,2015,vander,10.5334/jbr-btr.857,99,58,Journal of the Belgian Society of Radiology,"The ""Jokari sign"", an imaging feature diagnostic of a wandering accessory spleen"
WS1454,WoS,WOS:000374026900011,duplicate,,2015,vander,10.5334/jbr-btr.857,99,58,JOURNAL OF THE BELGIAN SOCIETY OF RADIOLOGY,"The ""Jokari Sign"", An Imaging Feature Diagnostic of a Wandering Accessory Spleen"
WS1455,Scopus,84897591947,kept,T1 DOI,2014,grinbaum,10.1007/s00261-011-9703-3,39,237,Abdominal Imaging,Erratum: Torsion of an accessory spleen (Abdominal Imaging (2006) 31 (110-112) DOI: 10.1007/s00261-005-0042-0)
WS1455,WoS,WOS:000330728900023,duplicate,,2014,grinbaum,10.1007/s00261-011-9703-3,39,237,ABDOMINAL IMAGING,"Torsion of an accessory spleen (vol 31, pg 110, 2006)"
WS1456,Scopus,84875744216,kept,T1 DOI,2013,julania,10.1111/j.1447-0756.2012.01920.x,39,367,Journal of Obstetrics and Gynaecology Research,Heterotopic simultaneous splenic and intrauterine pregnancy after spontaneous conception and review of literature
WS1456,WoS,WOS:000313250800058,duplicate,,2013,julania,10.1111/j.1447-0756.2012.01920.x,39,367,JOURNAL OF OBSTETRICS AND GYNAECOLOGY RESEARCH,Heterotopic simultaneous splenic and intrauterine pregnancy after spontaneous conception and review of literature
WS1457,Scopus,84859904688,kept,T1 DOI,2012,chapard,10.1111/j.1600-0625.2012.01477.x,21,321,Experimental Dermatology,The role of the TRAF-interacting protein in proliferation and differentiation
WS1457,WoS,WOS:000302949800001,duplicate,,2012,chapard,10.1111/j.1600-0625.2012.01477.x,21,321,EXPERIMENTAL DERMATOLOGY,The role of the TRAF-interacting protein in proliferation and differentiation
WS1458,Scopus,79959565624,kept,T1 DOI,2011,czompoly,10.4049/jimmunol.1003770,186,6981,Journal of Immunology,Transcription factor Nkx2-3 controls the vascular identity and lymphocyte homing in the spleen
WS1458,WoS,WOS:000291309700039,duplicate,,2011,czompoly,10.4049/jimmunol.1003770,186,6981,JOURNAL OF IMMUNOLOGY,Transcription Factor Nkx2-3 Controls the Vascular Identity and Lymphocyte Homing in the Spleen
WS1459,Scopus,78751549510,kept,T1 DOI,2011,del,10.1016/j.jpedsurg.2010.09.008,46,21,Journal of Pediatric Surgery,Epithelial cyst of the spleen with foci of ectopic liver
WS1459,WoS,WOS:000286194200005,duplicate,,2011,del,10.1016/j.jpedsurg.2010.09.008,46,21,JOURNAL OF PEDIATRIC SURGERY,Epithelial cyst of the spleen with foci of ectopic liver
WS1460,Scopus,79956300667,kept,T1 DOI,2010,gang,10.1016/j.jmig.2010.07.004,17,794,Journal of Minimally Invasive Gynecology,Successful laparoscopic management of early splenic pregnancy: Case report and review of literature
WS1460,WoS,WOS:000283897500023,duplicate,,2010,gang,10.1016/j.jmig.2010.07.004,17,794,JOURNAL OF MINIMALLY INVASIVE GYNECOLOGY,Successful Laparoscopic Management of Early Splenic Pregnancy: Case Report and Review of Literature
WS1461,Scopus,70350102263,kept,T1 DOI,2009,belkhir,10.1097/rlu.0b013e3181b06b42,34,642,Clinical Nuclear Medicine,Intrapancreatic accessory spleen diagnosed on radionuclide imaging
WS1461,WoS,WOS:000269388700026,duplicate,,2009,belkhir,10.1097/rlu.0b013e3181b06b42,34,642,CLINICAL NUCLEAR MEDICINE,Intrapancreatic Accessory Spleen Diagnosed on Radionuclide Imaging
WS1462,Scopus,61649092046,kept,T1 DOI,2009,liu,10.1080/10731190802663975,37,53,"Artificial Cells, Blood Substitutes, and Biotechnology",Preliminary study on intrasplenic implantation of artificial cell bioencapsulated stem cells to increase the survival of 90% hepatectomized rats
WS1462,WoS,WOS:000263569000008,duplicate,,2009,liu,10.1080/10731190802663975,37,53,ARTIFICIAL CELLS BLOOD SUBSTITUTES AND BIOTECHNOLOGY,Preliminary Study on Intrasplenic Implantation of Artificial Cell Bioencapsulated Stem Cells to Increase the Survival of 90% Hepatectomized Rats
WS1463,Scopus,41049116376,kept,T2 title+author+year,2008,yagmur,,18,48,Journal of the College of Physicians and Surgeons Pakistan,Accessory spleen presenting as mass in the left upper abdomen
WS1463,WoS,WOS:000257190200013,duplicate,,2008,yagmur,,18,48,JCPSP-JOURNAL OF THE COLLEGE OF PHYSICIANS AND SURGEONS PAKISTAN,Accessory spleen presenting as mass in the left upper abdomen
WS1464,Scopus,35848971236,kept,T1 DOI,2007,kannu,10.1002/ajmg.a.31989,143,2607,"American Journal of Medical Genetics, Part A",An unclassifiable short rib-polydactyly syndrome with acromesomelic hypomineralization and campomelia in siblings
WS1464,WoS,WOS:000250668800016,duplicate,,2007,kannu,10.1002/ajmg.a.31989,143A,2607,AMERICAN JOURNAL OF MEDICAL GENETICS PART A,An unclassifiable short rib-polydactyly syndrome with acromesomelic hypomineralization and campomelia in siblings
WS1465,WoS,WOS:000231077700022,kept,,2005,jung,10.1259/bjr/92427993,78,771,BRITISH JOURNAL OF RADIOLOGY,Case of the month - A patient with acute abdominal pain and a peritoneal mass on ultrasound and multidetector CT - The torsion of accessory spleen.
WS1466,Scopus,0346258344,kept,T1 DOI,2003,kim,10.1007/s00330-003-1908-6,13,45,European Radiology,Hepatocellular carcinoma in an ectopic liver: CT findings
WS1466,WoS,WOS:000187789400008,duplicate,,2003,kim,10.1007/s00330-003-1908-6,13,45,EUROPEAN RADIOLOGY,Hepatocellular carcinoma in an ectopic Liver: CT findings
WS1467,Scopus,0036948583,kept,T1 DOI,2002,lehtolainen,10.1038/sj.gt.3301854,9,1693,Gene Therapy,Baculoviruses exhibit restricted cell type especificity in rat brain: A comparison of baculovirus- and adenovirus-mediated intracerebral gene transfer in vivo
WS1467,WoS,WOS:000179898900007,duplicate,,2002,lehtolainen,10.1038/sj.gt.3301854,9,1693,GENE THERAPY,Baculoviruses exhibit restricted cell type specificity in rat brain:: a comparison of baculovirus- and adenovirus-mediated intracerebral gene transfer in vivo
WS1468,Scopus,0036008660,kept,T1 DOI,2002,mak,10.1046/j.1365-2257.2002.00424.x,24,55,Clinical and Laboratory Haematology,Idiopathic myelofibrosis with extramedullary haemopoiesis involving the urinary bladder in a Chinese lady
WS1468,WoS,WOS:000174221900009,duplicate,,2002,mak,10.1046/j.1365-2257.2002.00424.x,24,55,CLINICAL AND LABORATORY HAEMATOLOGY,Idiopathic myelofibrosis with extramedullary haemopoiesis involving the urinary bladder in a Chinese lady
WS1469,Scopus,0034038337,kept,T1 DOI,2000,heller,10.1007/s002470050771,30,400,Pediatric Radiology,Two apparent suprarenal masses. Two cases in children: Heterotaxy syndrome with spleen lying in suprarenal space and gastric duplication cyst lying in suprarenal space
WS1469,WoS,WOS:000087884700009,duplicate,,2000,heller,10.1007/s002470050771,30,400,PEDIATRIC RADIOLOGY,Two apparent suprarenal masses. Two cases in children: heterotaxy syndrome with spleen lying in suprarenal space and gastric duplication cyst lying in suprarenal space
WS1470,Scopus,0034122233,kept,T2 title+author+year,2000,deconinck,,127,2031,Development,FOG acts as a repressor of red blood cell development in Xenopus
WS1470,WoS,WOS:000087636500004,duplicate,,2000,deconinck,,127,2031,DEVELOPMENT,FOG acts as a repressor of red blood cell development in Xenopus
WS1471,Scopus,0033628741,kept,T2 title+author+year,2000,miyagishi,10.3892/ijmm.5.1.27,5,27,International journal of molecular medicine,"Molecular characterization of mesoderm-restricted basic helix-loop-helix protein, POD-1/Capsulin."
WS1471,WoS,WOS:000084350800004,duplicate,,2000,miyagishi,,5,27,INTERNATIONAL JOURNAL OF MOLECULAR MEDICINE,"Molecular characterization of mesoderm-restricted basic helix-loop-helix protein, POD-1/Capsulin"
WS1472,WoS,WOS:000084157400011,kept,,1999,bhadwal,,76,1077,INDIAN VETERINARY JOURNAL,Morphological study of spleen following its torsion in dogs
WS1473,Scopus,24344464972,kept,T2 title+author+year,1999,bhadwal,,76,1079,Indian Veterinary Journal,Morphological study of spleen following its torsion in dogs
WS1473,WoS,WOS:000084157400012,duplicate,,1999,bhadwal,,76,1079,INDIAN VETERINARY JOURNAL,Morphological study of spleen following its torsion in dogs
WS1474,Scopus,0033150573,kept,T1 DOI,1999,niemann,10.1023/a:1008999622117,8,237,Transgenic Research,Expression of human blood clotting factor VIII in the mammary gland of transgenic sheep
WS1474,WoS,WOS:000081718000007,duplicate,,1999,niemann,10.1023/a:1008999622117,8,237,TRANSGENIC RESEARCH,Expression of human blood clotting factor VIII in the mammary gland of transgenic sheep
WS1475,Scopus,18844437816,kept,T1 DOI,1998,rinck,10.1007/bf02239883,44,40,Zeitschrift fur Jagdwissenschaft,Presentation of a twisted stomach in Dingo (Canis familiaris dingo)
WS1475,WoS,WOS:000073205200005,duplicate,,1998,rinck,10.1007/bf02239883,44,40,ZEITSCHRIFT FUR JAGDWISSENSCHAFT,Presentation of a twisted stomach in Dingo (Canis familiaris dingo)
WS1475,Scopus,54749122768,duplicate,T2 title+author+year,1998,rinck,,44,40,European Journal of Wildlife Research,Presentation of a twisted stomach in Dingo (Canis familiaris dingo)
WS1476,Scopus,0032472914,kept,T1 DOI,1998,foley,10.1093/emboj/17.3.774,17,774,EMBO Journal,Targeted disruption of the MYC antagonist MAD1 inhibits cell cycle exit during granulocyte differentiation
WS1476,WoS,WOS:000071891400014,duplicate,,1998,foley,10.1093/emboj/17.3.774,17,774,EMBO JOURNAL,Targeted disruption of the MYC antagonist MAD1 inhibits cell cycle exit during granulocyte differentiation
WS1477,Scopus,0031003402,kept,T1 DOI,1997,paul,10.1007/s001200050102,36,262,Urologe - Ausgabe A,Accessory spleen of the spermatic cord
WS1477,WoS,WOS:A1997XB68200015,duplicate,,1997,paul,10.1007/s001200050102,36,262,UROLOGE A,Accessory spleen of the spermatic cord
WS1478,Scopus,85159165580,kept,,2022,lessin,10.1007/978-3-030-96542-6_57,,639,Pediatric Surgery: Diagnosis and Treatment,Non-malignant splenic disorders
WS1479,Scopus,85074247563,kept,,2019,que,10.1155/2019/4283183,2019,,Gastroenterology Research and Practice,The Application of Spleen-Preserving Splenic Regional Laparoscopic Lymphadenectomy with Spleen Kept in Situ and Laparotomy with Spleen Lifted out of the Abdomen for Locally Advanced Proximal Gastric Cancer: A Retrospective Study
WS1480,Scopus,85048928659,kept,,2018,matarazzo,10.1016/j.jpeds.2018.05.039,202,326,Journal of Pediatrics,"Wandering Liver, Wondering Doctors!"
WS1481,Scopus,85197699929,kept,,2024,hare,10.1136/bcr-2024-260253,17,,BMJ Case Reports,Acute idiopathic mesenteroaxial gastric volvulus managed laparoscopically
WS1482,Scopus,85159739780,kept,,2023,xiao,10.12659/ajcr.939324,24,,American Journal of Case Reports,Challenging Diagnosis of Intrapancreatic Accessory Spleen in the Tail of the Pancreas: A Case Report
WS1483,Scopus,85168318788,kept,,2023,cheng,10.1016/j.annemergmed.2023.03.008,82,89,Annals of Emergency Medicine,Woman With Scooter Injury
WS1484,Scopus,85111060795,kept,,2021,sule,10.4103/smj.smj_13_20,24,90,Sahel Medical Journal,Dextrocardia with situs inversus: An incidental finding in a 9-year-old child
WS1485,Scopus,85140343345,kept,,2022,tikvica,10.1016/j.ejogrb.2022.09.017,278,197,European Journal of Obstetrics and Gynecology and Reproductive Biology,Letter to the editor: Laparoendoscopy in diagnostic and treatment of a rare case of pelveoperitoneal splenosis mimicking adnexal tumors
WS1486,Scopus,105037981331,kept,,2026,callier,10.1016/b978-0-443-12431-0.00046-2,,693,Holcomb and Ashcraft's Pediatric Surgery,Splenic Conditions
WS1487,Scopus,85096904332,kept,,2020,bouchentouf,10.35687/s2452-45492020004778,72,279,Revista de Cirugia,The wandering spleen associated with organoaxial gastric volvulus
WS1488,Scopus,85198137237,kept,,2024,an,10.17555/jvc.2024.41.1.30,41,30,Journal of Veterinary Clinics,Concurrent Torsion of the Caudate Liver Lobe and Spleen in a German Shepherd Dog
WS1489,Scopus,85174542922,kept,,2022,dinesh,10.29005/ijcp.2022.14.2.131-133,14,131,Indian Journal of Canine Practice,SPLEENECTOMY AND GASTROPEXY FOR MANAGING GASTRIC DILATATION VOLVULUS COMPLICATED WITH SPLENIC TORSION IN A DOG
WS1490,Scopus,85073427744,kept,,2019,rathore,10.5146/tjpath.2017.01403,35,242,Turk Patoloji Dergisi,Primary splenic pregnancy- a rare but imperative cause of hemoperitoneum - case report and review of literature
WS1490,Scopus,85190319449,duplicate,T1 DOI,2017,rathore,10.5146/tjpath.2017.01403,1,1,Turk patoloji dergisi,Primary Splenic Pregnancy- A Rare but Imperative Cause of Hemoperitoneum - Case Report and Review of Literature
WS1491,Scopus,85056100100,kept,,2018,holzgreve,10.1007/s15006-018-1082-z,160,36,MMW-Fortschritte der Medizin,Wandering spleen
WS1492,Scopus,85149341326,kept,,2023,vasilatis,10.1111/vcp.13203,52,228,Veterinary Clinical Pathology,Amikacin disaggregates platelet clumps in EDTA blood samples from cats and dogs when added postcollection
WS1493,Scopus,85038129421,kept,,2017,santos,10.1590/s1679-45082017rc3942,15,366,"Einstein (Sao Paulo, Brazil)",Intrapancreatic accessory spleen
WS1494,Scopus,85170541349,kept,,2022,xue,10.3760/cma.j.cn101441-20210903-00386,42,1280,Chinese Journal of Reproduction and Contraception,Clinical analysis of massive intraperitoneal hemorrhagic shock in early pregnancy complicated with myoma caused by mifepristone
WS1495,Scopus,85011964910,kept,,2016,tsai,,41,53,Chinese Journal of Radiology (Taiwan),Wandering spleen in a child with atypical abdominal pain
WS1496,Scopus,85179668711,kept,,2023,oshiba,10.1186/s13256-023-04241-0,17,,Journal of Medical Case Reports,Splenogonadal fusion: a case report
WS1497,Scopus,85180348812,kept,,2023,albes,,51,436,Gynakologische Praxis,Which abdominal organs can torque in women?
WS1498,Scopus,105024993425,kept,,2025,gulla,10.14309/01.ajg.0001154068.48444.24,120,1364,American Journal of Gastroenterology,S6402 A Case of Juvenile Polyposis Syndrome Diagnosed by Genetic Testing Despite Hyperplastic Polyps and No Active Bleeding
WS1499,Scopus,85048319687,kept,,2018,davies,10.1136/bmj.k2324,361,,BMJ (Online),A wanderer returns
WS1500,Scopus,105011018778,kept,,2016,watanabe,10.1002/9781118430309.ch110,,1282,Bergman's Comprehensive Encyclopedia of Human Anatomic Variation,Spleen
WS1501,Scopus,85147182654,kept,,2023,vorontsov,10.17116/endoskop20232901148,29,48,Endoscopic Surgery,Intrapancreatic ectopic spleen: difficulties in differential diagnosis
WS1502,Scopus,105009163522,kept,,2019,abdel-latif,10.1007/978-3-319-26158-4_40,,371,Clinical Embryology: An Atlas of Congenital Malformations,Spleen
WS1503,Scopus,85150574613,kept,,2021,barsness,10.1007/978-3-662-43559-5_115,,249,"Pediatric Surgery: General Pediatric Surgery, Tumors, Trauma and Transplantation",Splenic Disorders
WS1504,Scopus,85055486439,kept,,2018,cieslak,,82,547,Connecticut Medicine,A case of torsion of a “wandering spleen” in a 29-year-old female with left-upper quadrant abdominal pain diagnosed on contrast-enhanced CT of the abdomen
WS1505,Scopus,105000090749,kept,,2018,lynch,10.1002/9781119028994.ch85,1,535,Textbook of Small Animal Emergency Medicine,Splenic Disease
WS1506,Scopus,85218491945,kept,,2025,long,10.1038/s41467-025-57048-6,16,,Nature Communications,Identification of splenic IRF7 as a nanotherapy target for tele-conditioning myocardial reperfusion injury
WS1507,Scopus,85183979522,kept,,2021,zashev,,60,192,Rentgenologiya i Radiologiya,Post traumatic abdominal splenosis
WS1508,Scopus,85021258673,kept,,2017,masui,10.1016/j.epsc.2017.06.003,24,8,Journal of Pediatric Surgery Case Reports,Wandering spleen associated with omphalocele in a neonate: An unusual case with non-operative management
WS1509,Scopus,85062668863,kept,,2018,hanine,10.11604/pamj.2018.29.124.14250,29,,Pan African Medical Journal,Gonado-splenic fusion: About an uncommon case
WS1510,Wanfang,https://d.wanfangdata.com.cn/periodical/CiBQZXJpb2RpY2FsQ0hJU29scjkyMDI2MDkxNTE0MjIxORIRemd5eHl4anMyMDI1MDQwNDYaCGliMWIydWh6,kept,T1 DOI,2025,夏一凡,10.13929/j.issn.1003-3289.2025.04.045,41,695,中国医学影像技术,1例肝内异位脾CT及MRI表现
WS1510,CNKI,https://link.cnki.net/doi/10.13929/j.issn.1003-3289.2025.04.045,duplicate,T1 DOI,2025,夏一凡,10.13929/j.issn.1003-3289.2025.04.045,41,695,中国医学影像技术,1例肝内异位脾CT及MRI表现
WS1510,CBM,2025259550,duplicate,T2 title+author+year,2025,夏一凡,,41,695,中国医学影像技术,1例肝内异位脾CT及MRI表现
WS1510,Scopus,105004895374,duplicate,,2025,,10.13929/j.issn.1003-3289.2025.04.045,41,695,Chinese Journal of Medical Imaging Technology,CT and MRI findings of intrahepatic ectopic spieen: Case report
WS1511,Scopus,105016704691,kept,,2025,lourenco,10.26605/medvet-v19n2-7231,19,156,Medicina Veterinaria (Brazil),Primary splenic torsion in a dog: case report
WS1512,Scopus,105028479068,kept,,2026,farhat,10.12890/2025_005988,13,,European Journal of Case Reports in Internal Medicine,A RARE CASE OF SPLENUNCULUS BURIED WITHIN THE STOMACH
WS1513,Scopus,85010441799,kept,,2017,flippin,10.1016/j.epsc.2016.04.024,18,13,Journal of Pediatric Surgery Case Reports,Splenic torsion presenting as splenic vein thrombosis
WS1514,Wanfang,https://d.wanfangdata.com.cn/periodical/CiBQZXJpb2RpY2FsQ0hJU29scjkyMDI2MDkxNTE0MjIxORIRbGN4ZXdrenoyMDIzMDIwMTYaCGliMWIydWh6,kept,T2 title+author+year,2023,李立帜,10.3760/cma.j.cn101785—202205024—016,22,185,临床小儿外科杂志,小儿脾韧带缺如并原位脾扭转1例并文献复习
WS1514,CNKI,https://kns.cnki.net/kcms2/article/abstract?v=DgjXjbKQq8fwz6Wh0AtLIkIPzzvJceSrhQPtp_NqH_MAbwfkPjVhm4v9e7ZPDTuNSK3iyE0U9V_9ah-Mph_j-MIvJSYppwYcTt4FnF8tMYKqT-HXUbf-q03z7PqtKnk-tTTmc7BdmDX8607yM0DS0MxN1xCg0GDMYG94C9pMgxJJCW6SM6c4-A==&uniplatform=NZKPT&language=CHS,duplicate,,2023,李立帜,,22,185,临床小儿外科杂志,小儿脾韧带缺如并原位脾扭转1例并文献复习
WS1514,CBM,2023313209,duplicate,T2 title+author+year,2023,李立帜,,22,185,临床小儿外科杂志,小儿脾韧带缺如并原位脾扭转1例并文献复习
WS1514,Scopus,85171176357,duplicate,,2023,li,10.3760/cma.j.cn101785-202202018-016,22,185,Journal of Clinical Pediatric Surgery,Absence of splenic ligament and in situ splenic torsion in a child： One case report with a literature review
WS1515,Scopus,85055129078,kept,,2018,yokus,10.5505/ejm.2018.63634,23,325,Eastern Journal of Medicine,Acute abdominal pain due to wandering spleen torsion: A case report
WS1516,Wanfang,https://d.wanfangdata.com.cn/periodical/CiBQZXJpb2RpY2FsQ0hJU29scjkyMDI2MDkxNTE0MjIxORIPemhnZHdrMjAyMjA3MDE1GghpYjFiMnVoeg%3D%3D,kept,T1 DOI,2022,侯娟,10.3760/cma.j.cn113884-20220210-00055,28,555,中华肝胆外科杂志,肝内异位脾种植误诊为肝癌1例
WS1516,CNKI,https://kns.cnki.net/kcms2/article/abstract?v=DgjXjbKQq8d6GDtk1S6R0F8OS-vmGwJK9-KsQUG7J0o9cC22pRCNlsyialFa6Bo9P0FyqFnkrls2WbZbIibeK-hLDqAxBx4IS1aVw4C1zOSa7f0S4CnrwrY4b9TB-Ko0CJwndFu0fYrG_J1h7GOmVGX2gRUl3gUAjK0UgihOqsJ_l7CuNHYyug==&uniplatform=NZKPT&language=CHS,duplicate,,2022,侯娟,,28,555,中华肝胆外科杂志,肝内异位脾种植误诊为肝癌1例
WS1516,CBM,2022427488,duplicate,T2 title+author+year,2022,侯娟,,28,555,中华肝胆外科杂志,肝内异位脾种植误诊为肝癌1例
WS1516,Scopus,85136676960,duplicate,,2022,hou,10.3760/cma.j.cn113884-20220210-00055,28,555,Chinese Journal of Hepatobiliary Surgery,Intrahepatic ectopic splenic implantation misdiagnosed as hepatocellular carcinoma: a case report
WS1517,Scopus,84992125484,kept,,2016,chandra,10.12659/ajcr.898165,17,745,American Journal of Case Reports,Jarcho-levin syndrome with splenic herniation: A rare presentation
WS1518,Scopus,105007566041,kept,,2025,adrejiya,10.7326/aimcc.2024.1294,4,,Annals of Internal Medicine Clinical Cases,Cytomegalovirus-Related Splenic Infarcts: Viral Twist and a Vascular Phenomenon
WS1519,Scopus,85115006549,kept,,2021,lisciandro,10.1002/9781119461005.ch9,,173,Point-of-Care Ultrasound Techniques for the Small Animal Practitioner,POCUS: SPLEEN
WS1520,Scopus,85202513564,kept,,2024,locurto,10.5005/jp-journals-10033-1631,17,185,World Journal of Laparoscopic Surgery,Wandering Accessory Spleen: Laparoscopic Approach for an Extremely Rare Condition: A Case Report
WS1521,Scopus,105010767446,kept,,2025,alghasab,10.37616/2212-5043.1438,37,,Journal of the Saudi Heart Association,"Incidence, Associated Abnormalities, and Outcomes of Dextrocardia: A Registry-based Study in Saudi Arabia"
WS1522,Scopus,85178613826,kept,,2023,wu,10.3233/thc-220475,31,2389,Technology and Health Care,The use of fluorescence laparoscopy in the resection of splenic tissue replantation in the right lobe of the liver: A case report and literature review
WS1523,Scopus,85135091358,kept,,2022,rentiya,10.1016/j.radcr.2022.06.005,17,3519,Radiology Case Reports,Removal of an atypical ovarian dermoid cyst: a case report
WS1524,Scopus,105018053725,kept,,2025,rybalchenko,10.15574/ps.2025.2(87).94102,2025,94,Paediatric Surgery (Ukraine),Additional spleens in children. Literature review and own clinical observations
WS1525,Scopus,105009125593,kept,,2017,elmalik,10.1007/978-3-662-53085-6_25,,173,"Color Atlas of Pediatric Anatomy, Laparoscopy, and Thoracoscopy",Laparoscopic Splenectomy
WS1526,Scopus,85085092484,kept,,2020,ma,10.11855/j.issn.0577-7402.2020.03.16,45,319,Medical Journal of Chinese People's Liberation Army,Clinical and pathological characteristics of abdominal ectopic spleen: 13 cases report
WS1526,Wanfang,https://d.wanfangdata.com.cn/periodical/CiBQZXJpb2RpY2FsQ0hJU29scjkyMDI2MDkxNTE0MjIxORIQamZqeXh6ejIwMjAwMzAxNhoIaWIxYjJ1aHo%3D,duplicate,T1 DOI,2020,马倩,10.11855/j.issn.0577-7402.2020.03.16,45,319,解放军医学杂志,腹腔异位脾的临床及病理特征分析:13例报告
WS1526,CNKI,https://kns.cnki.net/kcms2/article/abstract?v=DgjXjbKQq8fNGJ2q5gI-jm36XVt0bDV2Ij5lGROVNQOdup0iCQzjS5WDpjExQRjtiSn4w3z-L9mP3PnQ9Ze-cGtiYNa36FEZFa0Y8nNFgda1iZvIS966UBy_thd3Gl_PHjRCS3TcZ4Sys-Dsq-fg-otk47G8oUkt-nLisi9qyeZnmBLIqPSYoU1wBusvx-zf&uniplatform=NZKPT&language=CHS,duplicate,,2020,马倩,,45,319,解放军医学杂志,腹腔异位脾的临床及病理特征分析：13例报告
WS1526,CBM,2020455283,duplicate,T2 title+author+year,2020,马倩,,45,319,解放军医学杂志,腹腔异位脾的临床及病理特征分析:13例报告
WS1527,Scopus,105034640277,kept,,2026,zhang,10.1016/j.asjsur.2026.02.220,49,5387,Asian Journal of Surgery,Splenic torsion secondary to a pelvic wandering spleen
WS1528,Scopus,85054808059,kept,,2019,taher,10.1016/j.epsc.2018.10.001,40,13,Journal of Pediatric Surgery Case Reports,Torsion of wandering spleen in an infant associated with hamartomatous vascular malformation
WS1529,Scopus,85123342281,kept,,2022,chonmaitree,10.35755/jmedassocthai.2022.s01.00033,105,134,Journal of the Medical Association of Thailand,Wandering Spleen in Young Adult: A Case Report
WS1530,Scopus,105027678592,kept,,2026,humeau,10.1111/vru.70136,67,,Veterinary Radiology and Ultrasound,Imaging Diagnosis—Peritoneal Splenosis in a Dog: Computed Tomographic Findings
WS1531,Scopus,85042430478,kept,,2018,kitagawa,10.5833/jjgs.2017.0058,51,132,Japanese Journal of Gastroenterological Surgery,A scheduled elective partial splenectomy and splenopexy for wandering spleen with an enlarged cyst
WS1532,Scopus,85087549721,kept,,2020,karvountzis,10.1136/vetreccr-2020-001135,8,,Veterinary Record Case Reports,Splenoptosis in a dairy cow and endoscopic correction of left displacement of abomasum
WS1533,Scopus,85167693508,kept,,2023,chen,10.3760/cma.j.cn421158-20220128-00060,44,394,Chinese Journal of Pediatric Surgery,Accessory spleen torsion in children; a report of 3 cases and literature review
WS1533,CNKI,https://kns.cnki.net/kcms2/article/abstract?v=DgjXjbKQq8fKieM8C1RgwqdhLmK7TTIpKOAU6xDiM8lbbsprC45OWA0j_BYLm2liP0064ANy17L61eBrUF2LYxcOviSnuwoilP9TKYPRAPbDaq_o3UQ4n0cM9Ut7BuLWyzhRwq9yhylct4m-ULaIxZkGWi7Sm7zSEw745xz_G6aQ_uB-z3R8ew==&uniplatform=NZKPT&language=CHS,duplicate,,2023,陈吉,,44,394,中华小儿外科杂志,儿童副脾扭转3例并文献复习
WS1533,CBM,2023329166,duplicate,T2 title+author+year,2023,陈吉,,44,394,中华小儿外科杂志,儿童副脾扭转3例并文献复习
WS1534,Scopus,85199421618,kept,,2024,atamanalp,10.1016/j.ajem.2024.07.016,83,144,American Journal of Emergency Medicine,Comments on “Spleno-sigmoid knotting – An unfamiliar cause of intestinal obstruction”
WS1535,Scopus,84969811712,kept,,2016,ahoury,10.1007/s12157-016-0667-3,10,167,Journal Africain d'Hepato-Gastroenterologie,Diagnosis of wandering spleen by computed tomography multislice
WS1536,Scopus,85078515107,kept,,2020,najid,,16,336,Malaysian Journal of Medicine and Health Sciences,Wandering spleen as a cause of acute abdomen: A surgical conundrum from acute appendicitis to splenic torsion and ischemic small bowel volvulus
WS1537,Scopus,85089146186,kept,,2020,liang,10.1016/j.tria.2020.100082,21,,Translational Research in Anatomy,Torsion of abdominal and pelvic organs: A review
WS1538,Scopus,85192246437,kept,,2023,butt,10.1016/j.gpeds.2023.100090,6,,Global Pediatrics,Surgical crossroads: Unravelling mesenteroaxial volvulus and diaphragmatic eventration
WS1539,Scopus,85195196242,kept,,2025,oyebola,10.1111/bju.16435,135,586,BJU International,"Case of the Month from Northampton General Hospital, Northampton, UK: renal accessory spleen"
WS1540,Scopus,85169332575,kept,,2023,vengjer,10.48193/revistamexicanadeurologa.v83i3.943,83,,Revista Mexicana de Urologia,Ectopic spleen in testicular parenchyma: case report
WS1541,Scopus,105005760906,kept,,2025,qin,10.13444/j.cnki.zgzyykzz.2025.01.014,35,78,China Jounal Of Chinese Ophthalmology,Analysis of Combining Nazhi Method with Conventional Acupoint Puncture in Treating Ptosis Due to Spleen Qi Deficiency
WS1542,Scopus,85104950062,kept,,2021,lobaton,10.1093/jscr/rjaa604,2021,,Journal of Surgical Case Reports,Unusual case of delayed congenital diaphragmatic hernia in Loeys-Dietz syndrome: A case report
WS1543,Scopus,105008481187,kept,,2025,kaba,10.1016/j.annemergmed.2025.01.020,86,103,Annals of Emergency Medicine,Acute-Onset Left Upper Quadrant Pain in a Young Woman
WS1544,Scopus,85214421830,kept,,2024,david,,2024,552,Chirurgische Praxis,Which female abdominal organs can torque? Results from the literature
WS1545,Wanfang,https://d.wanfangdata.com.cn/periodical/CiBQZXJpb2RpY2FsQ0hJU29scjkyMDI2MDkxNTE0MjIxORITemdqcnl4eXpseDIwMTYwOTAxNhoIaWIxYjJ1aHo%3D,kept,T1 DOI,2016,廖凤琴,10.13929/j.1672-8475.2016.09.016,13,585,中国介入影像与治疗学,经阴道超声误诊大网膜异位脾1例
WS1545,CNKI,https://link.cnki.net/doi/10.13929/j.1672-8475.2016.09.016,duplicate,T1 DOI,2016,廖凤琴,10.13929/j.1672-8475.2016.09.016,13,585,中国介入影像与治疗学,经阴道超声误诊大网膜异位脾1例
WS1545,CBM,2016537556,duplicate,T2 title+author+year,2016,廖凤琴,,13,585,中国介入影像与治疗学,经阴道超声误诊大网膜异位脾1例
WS1545,Scopus,85012096229,duplicate,,2016,liao,10.13929/j.1672-8475.2016.09.016,13,585,Chinese Journal of Interventional Imaging and Therapy,Transvaginal sonography misdiagnosed ectopic spleen: Case report
WS1546,Scopus,85165389590,kept,,2023,oliveira,10.1002/9781119533221.ch24,,634,Atlas of Small Animal Diagnostic Imaging,Spleen
WS1547,Scopus,85045054368,kept,,2018,souche,10.1007/s00464-018-6080-9,32,3562,Surgical Endoscopy,Robotic versus laparoscopic distal pancreatectomy: a French prospective single-center experience and cost-effectiveness analysis
WS1548,Scopus,105044366909,kept,,2026,bilhalva,10.1111/vru.70222,67,,Veterinary Radiology and Ultrasound,Ectopic Splenic Tissue Mimicking Malignant Neoplasia in a Dog
WS1549,Scopus,85063303806,kept,,2019,di,10.1007/s40477-018-0341-2,22,503,Journal of Ultrasound,Ultrasonography of the pediatric spleen: a pictorial essay
WS1550,Scopus,85148723931,kept,,2023,ghandeali,10.22038/ijogi.2023.21638,25,98,"Iranian Journal of Obstetrics, Gynecology and Infertility",Hematometra and Endometrioma accompanying with cervical agenesis and unicornuate uterus
WS1551,Scopus,85188903665,kept,,2020,kebede,,58,369,Ethiopian Medical Journal,WANDERING SPLEEN WITH TORSION: A RARE CAUSE ACUTE ABDOMEN IN CHILDREN
WS1552,Scopus,105010915639,kept,,2025,aoun,10.4103/jmas.jmas_202_24,21,231,Journal of Minimal Access Surgery,Minimally invasive surgery for giant splenic cysts
WS1553,Scopus,85162673356,kept,,2022,tivers,10.1002/9781118487181.ch8,,93,"Small Animal Surgical Emergencies, Second Edition",Gastric Dilatation and Volvulus
WS1554,Scopus,85026858039,kept,,2017,eamer,10.1016/j.epsc.2017.08.002,25,40,Journal of Pediatric Surgery Case Reports,Splenic and pancreatic torsion after giant omphalocele repair
WS1555,Scopus,85207933395,kept,,2024,andrea,10.31688/abmu.2024.59.3.06,59,302,Archives of the Balkan Medical Union,AN INCOMPLETE TORSION OF THE WANDERING ENLARGED SPLEEN: A CASE REPORT
WS1556,Scopus,85197056397,kept,,2023,peng,10.1007/978-981-99-2750-0_35,,501,Natural Orifice Specimen Extraction Surgery,Laparoscopic Splenectomy with Transvaginal Specimen Extraction
WS1557,Scopus,85026852509,kept,,2017,back,10.1007/s00247-017-3869-y,47,1069,Pediatric Radiology,"Ultrasound of congenital and inherited disorders of the pediatric hepatobiliary system, pancreas and spleen"
WS1558,Scopus,105023901113,kept,,2020,bravo-tsri,10.1016/j.jidi.2020.05.013,3,354,Journal d'imagerie Diagnostique et Interventionnelle,Infarction of the spleen and tail of the pancreas on wandering spleen
WS1559,Scopus,105026584464,kept,,2025,kherajani,10.14309/01.ajg.0001153768.82486.8f,120,1348,American Journal of Gastroenterology,S6327 Ectopic Splenic Tissue Masquerading as Gastric Tumor
WS1560,Scopus,85130123422,kept,,2022,kryvchenia,10.15574/ps.2022.74.20,,20,Paediatric Surgery (Ukraine),The main risk factors for reoperations in children with congenital diaphragmatic hernias
WS1561,Scopus,85130122573,kept,,2020,kryvchenia,10.15574/ps.2020.67.22,,22,Paediatric Surgery (Ukraine),Hypermobile spleen in congenital diaphragmatic hernia. Prevention and correction of complications
WS1562,Scopus,84971516720,kept,,2016,jia,10.15605/jafes.031.01.08,31,45,Journal of the ASEAN Federation of Endocrine Societies,Torsion of the wandering spleen and pancreatic tail precipitating diabetic ketoacidosis in a patient with prader willi syndrome: A case report
WS1563,Scopus,85127731322,kept,,2022,choi,10.14366/usg.21189,41,416,Ultrasonography,Ultrasonographic atlas of splenic lesions
WS1564,Scopus,85058325614,kept,,2018,prajapati,10.1136/bcr-2018-227288,11,,BMJ Case Reports,Acute subretinal abscess in Staphylococcus aureus septicaemia with endophthalmitis showcased by multimodal retinal imaging and with 2-year follow-up
WS1565,Scopus,85015754052,kept,,2017,lin,10.1016/j.visj.2017.01.024,8,1,Visual Journal of Emergency Medicine,Wandering spleen with torsion of vascular pedicle
WS1566,Wanfang,https://d.wanfangdata.com.cn/periodical/CiBQZXJpb2RpY2FsQ0hJU29scjkyMDI2MDkxNTE0MjIxORIRemd5eHl4anMyMDE4MTIwMjkaCGliMWIydWh6,kept,T1 DOI,2018,刘敏,10.13929/j.1003-3289.201803054,34,1878,中国医学影像技术,脾扭转1例
WS1566,CNKI,https://link.cnki.net/doi/10.13929/j.1003-3289.201803054,duplicate,T1 DOI,2018,刘敏,10.13929/j.1003-3289.201803054,34,1878,中国医学影像技术,脾扭转1例
WS1566,CBM,2019154634,duplicate,T3 similar title+author+year,2018,刘敏,,34,1878,中国医学影像技术,脾扭转1例
WS1566,Scopus,85065101855,duplicate,,2018,,10.13929/j.1003-3289.201803054,34,1878,Chinese Journal of Medical Imaging Technology,Splenic torsion: Case report
WS1567,Scopus,105040514467,kept,,2026,zheng,10.1016/j.asjsur.2026.04.197,,,Asian Journal of Surgery,Gastric ectopic accessory spleen: Report of a rare case with a CT enhancement pattern as diagnostic key for small submucosal lesions
WS1568,Scopus,85205364443,kept,,2025,lee,10.1177/10668969241283484,33,761,International Journal of Surgical Pathology,"Symptomatic, Massive Right-Sided Splenic Heterotopia Masquerading as a Renal Cell Carcinoma With Metastasis"
WS1569,Scopus,85074713422,kept,,2019,hung,10.4103/fjs.fjs_1_19,52,161,Formosan Journal of Surgery,Acute gastric volvulus in children: A systematic review
WS1570,Wanfang,https://d.wanfangdata.com.cn/periodical/CiBQZXJpb2RpY2FsQ0hJU29scjkyMDI2MDkxNTE0MjIxORIRemd5eHl4anMyMDIzMTEwMzAaCGliMWIydWh6,kept,T1 DOI,2023,熊晓晴,10.13929/j.issn.1003-3289.2023.11.028,39,1720,中国医学影像技术,单纯脾蒂扭转1例
WS1570,CNKI,https://link.cnki.net/doi/10.13929/j.issn.1003-3289.2023.11.028,duplicate,T1 DOI,2023,熊晓晴,10.13929/j.issn.1003-3289.2023.11.028,39,1720,中国医学影像技术,单纯脾蒂扭转1例
WS1570,CBM,2024125637,duplicate,T2 title+author+year,2023,熊晓晴,,39,1720,中国医学影像技术,单纯脾蒂扭转1例
WS1570,Scopus,85179977579,duplicate,,2023,,10.13929/j.issn.1003-3289.2023.11.028,39,1720,Chinese Journal of Medical Imaging Technology,Simple torsion of splenic pedicle: Case report
WS1571,Scopus,85126519020,kept,,2022,yeh,10.1016/j.pedneo.2021.11.007,63,422,Pediatrics and Neonatology,Gastric volvulus presented with an upside-down stomach
WS1572,Scopus,105027535965,kept,,2026,artemova,10.1096/fba.2025-00254,8,,FASEB BioAdvances,The Impact of Heterotopic Spleen Regeneration on Tumor Growth
WS1573,Scopus,105050553079,kept,,2026,sau,10.1201/b23323-51,,369,Advanced Pediatric Surgery: Passing the specialist surgical exams,Surgical Disorders of the Spleen
WS1574,CNKI,https://kns.cnki.net/kcms2/article/abstract?v=DgjXjbKQq8f2qjHLHQi6PTtK1kOR94bvYwDZ0GfUwWtlHIRCnZsk3On3upLIQLcMQPpVoGsNXku_00WbDqNvXp-15S-RcKO0RL6zDII1zOVnpVkxsChNfRnXkOyxMAP4jkIRGODZ_NRwytEG8cSEdXt0YcqaEHML-px2RJQPji1iuN2rZ72cOg==&uniplatform=NZKPT&language=CHS,kept,,2023,倪同磊,,22,582,临床小儿外科杂志,儿童巨大副脾扭转1例
WS1574,CBM,2023460134,duplicate,T2 title+author+year,2023,倪同磊,,22,582,临床小儿外科杂志,儿童巨大副脾扭转1例
WS1574,Scopus,85171467045,duplicate,,2023,tonglei,10.3760/cma.j.cn101785-202203071-016,22,582,Journal of Clinical Pediatric Surgery,Giant accessory splenic torsion in children: One case report
WS1575,Scopus,105046581728,kept,,2026,zhou,10.3389/fonc.2026.1871126,16,,Frontiers in Oncology,Giant solid pseudopapillary neoplasm of the pancreas in an adolescent girl: a case report with narrative review
WS1576,Scopus,85200925479,kept,,2024,hany,10.1007/s11695-024-07433-9,34,3445,Obesity Surgery,The Role of Preoperative Abdominal Ultrasound in the Preparation of Patients Undergoing Primary Metabolic and Bariatric Surgery: A Machine Learning Algorithm on 4418 Patients’ Records
WS1577,Scopus,85123475519,kept,,2022,smoot,10.1007/s00261-021-03402-3,47,923,Abdominal Radiology,"Abdominal and pelvic splenosis: atypical findings, pitfalls, and mimics"
WS1578,Scopus,85008395111,kept,,2017,walsh,10.1038/ejhg.2016.156,25,905,European Journal of Human Genetics,Update on a previously reported male with a FLNA missense mutation
WS1579,Scopus,85070199533,kept,,2019,bond,10.1016/j.epsc.2019.101267,48,,Journal of Pediatric Surgery Case Reports,Acute presentation of pediatric splenic torsion
WS1580,Scopus,105025040057,kept,,2025,harb,10.14309/01.ajg.0001154064.23458.50,120,1364,American Journal of Gastroenterology,S6401 Radioembolization Gone Rogue: 90Y Microspheres Causing Rapid Gastric Ulceration Requiring Gastrectomy and Gastrojejunostomy
WS1581,Wanfang,https://d.wanfangdata.com.cn/periodical/CiBQZXJpb2RpY2FsQ0hJU29scjkyMDI2MDkxNTE0MjIxORIPemhnZHdrMjAyMjA1MDE1GghpYjFiMnVoeg%3D%3D,kept,T1 DOI,2022,斯琴塔娜,10.3760/cma.j.cn113884-20220111-00017,28,390,中华肝胆外科杂志,不同原因异位脾脏2例报道
WS1581,CNKI,https://kns.cnki.net/kcms2/article/abstract?v=DgjXjbKQq8ddee3w_Dmr4jV3RaP0jB6DWGMM1CUedRhun3hx3vWjtB0oJu_sP31NlSHVjPQJvXP-U6SoDbi7aDfLRMz4WB7UBLrTXt4V30Xj-aSJx15nItK5ffnWE-f1bIFWDEBynfLvf212O81NSommqX75o1GLAxYz-Xqxa1nvkzVdR82XAg==&uniplatform=NZKPT&language=CHS,duplicate,,2022,斯琴塔娜,,28,390,中华肝胆外科杂志,不同原因异位脾脏2例报道
WS1581,CBM,2022320163,duplicate,T2 title+author+year,2022,斯琴塔娜,,28,390,中华肝胆外科杂志,不同原因异位脾脏2例报道
WS1581,Scopus,85133675207,duplicate,,2022,tana,10.3760/cma.j.cn113884-20220111-00017,28,390,Chinese Journal of Hepatobiliary Surgery,Two cases of ectopic spleen with different causes
WS1582,Scopus,85097069201,kept,,2019,maestre,10.4067/s2452-45492019000300257,71,257,Revista de Cirugia,Giant wandering spleen with torsion of the pedicle and splenic infarction: A case report
WS1583,Scopus,85058656654,kept,,2019,marwah,10.1016/j.epsc.2018.12.009,42,19,Journal of Pediatric Surgery Case Reports,Accessory spleen within the scrotum
WS1584,Scopus,85014106262,kept,,2017,rbihat,,42,143,Rawal Medical Journal,Torsion of enlarged spleen in a pregnant lady: Case report with review of literature
WS1585,Scopus,85184938694,kept,,2024,liu,10.1002/emp2.13124,5,,JACEP Open,Unusual gastric distention in a 1-year-old infant
WS1586,Scopus,85028986347,kept,,2017,buracco,10.1002/9781119421344.ch56,,401,Complications in Small Animal Surgery,Splenectomy
WS1587,Scopus,105026472466,kept,,2025,cantika,10.32771/inajog.v13i4.2241,13,296,Indonesian Journal of Obstetrics and Gynecology,Incidental Finding of Wandering Spleen
WS1588,Scopus,85086459504,kept,,2020,bhutani,10.1016/j.epsc.2020.101514,59,,Journal of Pediatric Surgery Case Reports,Splenogonadal fusion
WS1589,Scopus,105032989692,kept,,2020,standring,10.1016/b978-0-7020-7705-0.00069-0,,1232,Gray's Anatomy: The Anatomical Basis of Clinical Practice,Spleen
WS1590,Scopus,105014980495,kept,,2025,ogоrоdnikоva,10.14300/mnnc.2025.20040,20,173,Medical News of North Caucasus,CLINICAL CASE OF COMBINATION OF ACUTE APPENDICITIS WITH SPLEEN TORSION IN A CHILD
WS1591,Scopus,84976497745,kept,,2016,morgado,10.1016/j.epsc.2016.04.018,10,39,Journal of Pediatric Surgery Case Reports,Splenogonadal fusion - Rare etiology testicular mass
WS1592,Scopus,85019297323,kept,,2016,bugiantella,,87,,Annali italiani di chirurgia,Thoracic splenosis. Report of a case and review of the diagnostic workup
WS1593,Scopus,85074683043,kept,,2019,elhady,10.4103/fjs.fjs_34_19,52,189,Formosan Journal of Surgery,Recurrent abdominal pain with thrombocytosis:A presentation of wandering spleen
WS1594,Scopus,85088857532,kept,,2020,angelou,10.1136/vetreccr-2020-001153,8,,Veterinary Record Case Reports,Omental torsion associated with splenic torsion in a dog
WS1595,Scopus,105008245390,kept,,2025,glagolev,10.17116/endoskop20253103163,31,63,Endoscopic Surgery,Laparoscopic treatment of a patient with torsion of the wandering spleen
WS1596,Scopus,85165213480,kept,,2023,delgado,,95,,Revista Cubana de Pediatria,Splenic Torsion
WS1597,Scopus,85071175659,kept,,2019,tsukayama,10.5833/jjgs.2018.0107,52,375,Japanese Journal of Gastroenterological Surgery,Torsion of wandering spleen in a patient with acute thrombocytopenia after splenopexy
WS1598,Scopus,85069817627,kept,,2019,yuan,10.3760/cma.j.issn.1005-1201.2019.05.009,53,375,Chinese Journal of Radiology (China),Radiological features of follicular dendritic cell tumor of spleen
WS1599,Scopus,105001485626,kept,,2025,zhou,10.1007/s00464-025-11686-5,39,3057,Surgical Endoscopy,Robotic distal pancreatectomy using the Warshaw technique demonstrated superior short-term prognosis compared to the laparoscopic approach: propensity-matched cohort study
WS1600,Wanfang,https://d.wanfangdata.com.cn/periodical/CiBQZXJpb2RpY2FsQ0hJU29scjkyMDI2MDkxNTE0MjIxORIRemd5eHl4anMyMDIwMDEwMjEaCGliMWIydWh6,kept,T1 DOI,2020,李磊,10.13929/j.issn.1003-3289.2020.01.020,36,76,中国医学影像技术,胃底异位脾种植1例
WS1600,CNKI,https://link.cnki.net/doi/10.13929/j.issn.1003-3289.2020.01.020,duplicate,T1 DOI,2020,李磊,10.13929/j.issn.1003-3289.2020.01.020,36,76,中国医学影像技术,胃底异位脾种植1例
WS1600,CBM,2020259504,duplicate,T2 title+author+year,2020,李磊,,36,76,中国医学影像技术,胃底异位脾种植1例
WS1600,Scopus,85083526941,duplicate,,2020,li,10.13929/j.issn.1003-3289.2020.01.020,36,76,Chinese Journal of Medical Imaging Technology,Ectopic spleenimplanted in gastric fundus: Case report
WS1601,Scopus,84995404787,kept,,2016,hornez,10.1016/j.jchirv.2016.06.003,153,498,Journal de Chirurgie Viscerale,A wandering spleen
WS1602,Scopus,85112384278,kept,,2021,kumar,,119,44,Journal of the Indian Medical Association,Vomiting in children: How to identify the surgical masqueraders ?
WS1603,Scopus,85197618089,kept,,2024,johan,10.4274/gulhane.galenos.2023.72677,66,104,Gulhane Medical Journal,Massively enlarged wandering spleen with ruptured epidermoid cyst
WS1604,Scopus,85072563080,kept,,2019,theophilus,,96,76,Indian Veterinary Journal,Volvulus in a Pigeon (Columba livia)*
WS1605,Scopus,84978628977,kept,,2016,landmann,10.1016/j.epsc.2016.05.011,12,9,Journal of Pediatric Surgery Case Reports,Accessory spleen presenting as acute abdomen: A case report and operative management
WS1606,Scopus,85106630358,kept,,2021,chen,10.11964/jfc.20190911983,45,489,Journal of Fisheries of China,Molecular characterization of two twist genes in barbel steed (Hemibarbus labeo) and their relationship with intermuscular bone development
WS1607,Scopus,86000079305,kept,,2025,mulyadi,10.48309/jmpcr.2025.490223.1511,7,2139,Journal of Medicinal and Pharmaceutical Chemistry Research,Wandering spleen pedicle knotting small and large bowel causing intestinal obstruction: A very rare case report
WS1608,Scopus,85029381983,kept,,2017,madeena,,94,62,Indian Veterinary Journal,Surgical correction of gastric volvulus and pyloric stenosis in a two year old Dachshund
WS1609,Scopus,84975303533,kept,,2016,mgaad,10.11604/pamj.2016.23.181.9200,23,,Pan African Medical Journal,Wandering spleen associated with an abnormality of Neuhauser: A case report
WS1610,Scopus,85148095257,kept,,2023,jang,10.1007/s00261-023-03826-z,48,1505,Abdominal Radiology,Various congenital anomalies and anatomical variations of the spleen: a multimodality pictorial review
WS1611,Scopus,84996848907,kept,,2016,ghaderi,,21,108,Scientific Journal of Kurdistan University of Medical Sciences,A patient with abdominal mass and thrombocytopenia (ectopic spleen): A case report
WS1612,Wanfang,https://d.wanfangdata.com.cn/periodical/CiBQZXJpb2RpY2FsQ0hJU29scjkyMDI2MDkxNTE0MjIxORIQamllcHh6ejIwMjYwMTAxMRoIaWIxYjJ1aHo%3D,kept,T1 DOI,2026,蒋丽静,10.3760/cma.j.cn101202-20250216-00041,31,56,中华解剖与临床杂志,盆腔脾种植1例
WS1612,CBM,2026205942,duplicate,T2 title+author+year,2026,蒋丽静,,31,56,中华解剖与临床杂志,盆腔脾种植1例
WS1612,Scopus,105027253135,duplicate,,2026,jiang,10.3760/cma.j.cn101202-20250216-00041,31,56,Chinese Journal of Anatomy and Clinics,Pelvic splenosis: a case report
WS1613,Scopus,85047617188,kept,,2018,ghahremani,,26,66,Iranian Journal of Nuclear Medicine,A wandering spleen detected by 99mTc-denatured RBC scan
WS1614,Scopus,85077523733,kept,,2017,malta,,45,,Acta Scientiae Veterinariae,Sonographic aspects of splenic torsion due to abdominal eventration in a dog
WS1615,Scopus,105011600751,kept,,2025,shen,10.3969/j.issn.1671-038x.2025.02.14,33,163,Chinese Journal of Integrated Traditional and Western Medicine on Digestion,Differentiation and treatment of recurrent mouth sores based on the theory of phase fire
WS1616,Scopus,85118358353,kept,,2021,markovic,10.2478/sjecr-2019-0004,22,271,Serbian Journal of Experimental and Clinical Research,Wandering spleen-a possible cause of adrenal ”mass“-case report
WS1617,Scopus,85008234759,kept,,2016,ozaki,10.5833/jjgs.2016.0009,49,1237,Japanese Journal of Gastroenterological Surgery,Wandering spleen with peculiar collateral circulation formed by recurrent splenic torsion over long periods
WS1618,Scopus,85183986571,kept,,2021,hristova,,60,183,Rentgenologiya i Radiologiya,A rare case of bowel obstruction caused by a wandering spleen
WS1619,Scopus,85133128730,kept,,2022,gocun,10.1159/000525276,66,475,Acta Cytologica,Risk of Malignancy Using the Diagnostic Categories Proposed by the World Health Organization International System for Reporting Pancreaticobiliary Cytopathology
WS1620,Scopus,85159559597,kept,,2020,tessely,10.1093/jscr/rjaa101,2020,,Journal of Surgical Case Reports,A case of colon necrosis resulting from a delayed traumatic diaphragmatic hernia
WS1621,Scopus,85008213603,kept,,2017,piano,10.1016/j.jaci.2016.10.014,139,1981,Journal of Allergy and Clinical Immunology,Heterotaxy syndrome with and without spleen: Different infection risk and management
WS1622,Scopus,85052888760,kept,,2018,funakova,,67,42,Lekarsky Obzor,Wandering spleen presenting as acute abdomen - two cases in a year
WS1623,Scopus,85097082157,kept,,2014,kauffmann,10.1016/s0929-693x(14)71777-4,21,517,Archives de Pediatrie,SFCP P-062 - Peritonitis secondary to splenic pedicle torsion
WS1624,Scopus,33646844479,kept,,2006,dos,10.1059/s0103-84782006000300046,36,1000,Ciencia Rural,Reticulocytes and hematocrit of dogs before and after partial splenectomy
WS1625,Scopus,84875309938,kept,,2013,yang,10.1055/s-0032-1326263,45,82,Endoscopy,Splenosis in gastric wall mimicking gastrointestinal stromal tumor
WS1626,Scopus,84997521888,kept,,2016,hamada,10.5833/jjgs.2015.0197,49,1066,Japanese Journal of Gastroenterological Surgery,A gastric volvulus associated with wandering spleen in an adult
WS1627,Scopus,82155185177,kept,,2011,yapo,10.1007/s12157-011-0272-4,5,180,Journal Africain d'Hepato-Gastroenterologie,"The torsion of a wandering spleen in an adult: A case report in Yopougon Teaching Hospital (Abidjan, Ivory Coast)"
WS1628,Scopus,76749104847,kept,,2010,chang,10.1016/s1875-9572(10)60006-x,51,26,Pediatrics and Neonatology,A Twenty-year Review of Early and Late-presenting Congenital Bochdalek Diaphragmatic Hernia: Are They Different Clinical Spectra?
WS1629,Scopus,85130126281,kept,,2015,kryvchenia,10.24061/2413-4260.v.3.17.2015.11,5,67,"Neonatology, Surgery and Perinatal Medicine",REOPERATIONS IN HIGH RISK GROUP CHILDREN WITH CONGENITAL DIAPHRAGMATIC HERNIA
WS1630,Scopus,28444465494,kept,,2005,khan,,12,135,JK Practitioner,Incidental detection of a wandering spleen by Technetium - 99m sulfur colloid imaging in a patient undergoing evaluation for abdominal pain
WS1631,Scopus,77449115942,kept,,2009,hemmati,,11,71,Koomesh,Acute torsion of wandering spleen: Report of one case
WS1632,Scopus,77749261746,kept,,2010,carneiro,10.2169/internalmedicine.49.3078,49,513,Internal Medicine,Splenorenal fusion mimicking renal neoplasm in a patient with von Hippel-Lindau disease
WS1633,Scopus,37349022088,kept,,2007,rajaram,10.1097/spv.0b013e31815a5f7a,13,375,Journal of Pelvic Medicine and Surgery,Wandering pelvic spleen presenting as a gynecologic emergency
WS1634,Scopus,33748115509,kept,,2006,katz,10.1177/000313480607200702,72,565,American Surgeon,Indications for splenectomy
WS1635,Scopus,85009630168,kept,,2004,nishi,10.11339/jtm.21.221,21,221,Journal of Traditional Medicines,Antitumor activity of panax ginseng-fruit extract (PG-FE) on Sarcoma-180 bearing mice is based on its cytokine productive effect
WS1636,Scopus,0035135684,kept,,2001,bernstine,10.1097/00003072-200102000-00012,26,147,Clinical Nuclear Medicine,Misleading thoracic Ga-67 uptake caused by splenic displacement
WS1637,Scopus,84944548925,kept,,2015,franke,10.1007/978-3-319-03506-2_7,,379,Doppler Sonography in Infancy and Childhood,Doppler sonography of the spleen
WS1638,Scopus,77957749406,kept,,2010,lily,10.1016/j.ejrex.2010.07.003,76,19,European Journal of Radiology Extra,Right sided retroperitoneal splenosis
WS1639,Scopus,84940857001,kept,,2014,mcmichael,10.1002/9781118910351.ch1,,1,Handbook of Canine and Feline Emergency Protocols: Second Edition,Acute Abdomen
WS1640,Scopus,24644494667,kept,,2005,molski,,70,112,Polish Journal of Radiology,Torsion of wandering spleen in patient with horseshoe kidney
WS1641,Scopus,84888263513,kept,,2013,ndour,10.1016/j.epsc.2013.03.019,1,337,Journal of Pediatric Surgery Case Reports,Acute gastric volvulus and wandering spleen: A rare association
WS1642,Scopus,84890069363,kept,,2013,kujath,10.1016/j.epsc.2013.05.020,1,413,Journal of Pediatric Surgery Case Reports,Diaphragmatic hernia with splenic infarction - Recurrence after thoracoscopic repair
WS1643,Scopus,84904774983,kept,,2014,di,10.1186/1756-3305-7-347,7,,Parasites and Vectors,"Field clinical study evaluating the efficacy and safety of an oral formulation containing milbemycin oxime/praziquantel (Milbemax®, Novartis Animal Health) in the chemoprevention of the zoonotic canine infection by Dirofilaria repens"
WS1644,Scopus,78651465680,kept,,2011,rasheed,10.1016/j.ejrex.2010.10.008,77,5,European Journal of Radiology Extra,Wandering spleen with tortion leading to infarction
WS1645,Scopus,85047691341,kept,,2003,mavi,10.1097/01.rlu.0000053411.91868.05,28,226,Clinical Nuclear Medicine,Intra-abdominal Splenosis Mimicking Massive Gastrointestinal Bleeding
WS1646,Scopus,80051515808,kept,,2011,krishnan,,109,497,Journal of the Indian Medical Association,A rare case of ectopic thoracic kidney and spleen
WS1647,Scopus,84890626163,kept,,2008,ugwu,,7,,Online Journal of Health and Allied Sciences,Wandering spleen: A common presentation of an uncommon anomaly
WS1648,Scopus,84930859043,kept,,2009,akinola,,4,129,International Journal of Tropical Medicine,Splenic torsion in pregnancy: A case report
WS1649,Wanfang,https://d.wanfangdata.com.cn/periodical/CiBQZXJpb2RpY2FsQ0hJU29scjkyMDI2MDkxNTE0MjIxORIOemhmc3gyMDEyMTEwMjUaCGliMWIydWh6,kept,T1 DOI,2012,赵小英,10.3760/cma.j.issn.1005-1201.2012.11.025,46,1046,中华放射学杂志,游走脾一例
WS1649,CNKI,https://kns.cnki.net/kcms2/article/abstract?v=DgjXjbKQq8eox2kfOydu2K5E2ou9xOXAMAdZnKEsrjSKl6V6b60MUa64SS5jAe7xXtdoNvkxRQVhPTjyUOtn_BHQ-nDCk15lTV0PDFV7UWpnLnSoHqehmJY4OUcUyFF3gmHbZQeTGvdPpWlocUlN84DQmAZ2KokPbi9ew6Vw2wuZTerfonW4Hw==&uniplatform=NZKPT&language=CHS,duplicate,,2012,赵小英,,,1046,中华放射学杂志,游走脾一例
WS1649,CBM,2013167371,duplicate,T4 author+year+volume+first page,2012,赵小英,,46,1046,中华放射学杂志,游走脾1例
WS1649,Scopus,84870735175,duplicate,,2012,zhao,10.3760/cma.j.issn.1005-1201.2012.11.025,46,1046,Chinese Journal of Radiology (China),Wandering spleen: one case report
WS1650,Scopus,77951751316,kept,,2010,collins,,19,67,Animal Welfare,Welfare epidemiology as a tool to assess the welfare impact of inherited defects on the pedigree dog population
WS1651,Scopus,84893054566,kept,,2013,samarasinghe,10.1016/j.epsc.2013.05.006,1,129,Journal of Pediatric Surgery Case Reports,Wandering spleen and splenic torsion associated with upper respiratory tract infection
WS1652,Scopus,33749497050,kept,,2006,delgado,,64,244,Acta Pediatrica Espanola,Wandering spleen
WS1653,Scopus,77953376698,kept,,2008,choh,,32,132,Pakistan Paediatric Journal,Wandering spleen presenting as recurrent abdominal pain in a young female
WS1654,Scopus,84856270055,kept,,2011,botchu,,14,249,Hong Kong Journal of Radiology,Multi-detector computed tomography of spleen
WS1655,Scopus,33947230789,kept,,2006,de,,32,308,Italian Journal of Pediatrics,Acute torsion of wandering spleen
WS1656,Scopus,33947671450,kept,,2006,marques,,27,271,Pediatrics in Review,Index of suspicion: Case 3. Presentation
WS1657,Scopus,72049105816,kept,,2009,baradaran,,47,245,Acta Medica Iranica,Torsion of the wandering spleen
WS1658,Scopus,0034483159,kept,,2000,radevic,,19,100,Archives of Gastroenterohepatology,Blood dyscrasia caused by wandering spleen reversed by partial splenic resection and splenopexy
WS1659,Scopus,105038480624,kept,,2013,nistal,10.1007/978-1-4471-2763-5_14,,233,Atlas on the Human Testis: Normal Morphology and Pathology,Congenital Testis Pathology
WS1660,Scopus,77955627941,kept,,2010,carapinha,,4,54,SAJCH South African Journal of Child Health,Torsion of a wandering spleen
WS1661,Scopus,0036706157,kept,,2002,dahiya,,12,359,Indian Journal of Radiology and Imaging,Wandering spleen: Unusual presentation and course of events
WS1662,Scopus,84965100563,kept,,2016,pineda,10.7717/peerj.1770,2016,,PeerJ,"A crab swarm at an ecological hotspot: Patchiness and population density from AUV observations at a coastal, tropical seamount"
WS1663,Scopus,23844556691,kept,,2004,chappidi,10.1016/j.ejrex.2004.10.002,52,111,European Journal of Radiology Extra,"Acute mesenteroaxial volvulus associated with congenital diaphragmatic hernia, wandering spleen, and intrathoracic kidney: CT findings"
WS1664,Scopus,84907908972,kept,,2014,dong,,35,,Academic Journal of Second Military Medical University,One case of iliac fossa spleen planting and the literature review
WS1665,Scopus,77958171399,kept,,2010,an,10.4046/trd.2010.69.3.191,69,191,Tuberculosis and Respiratory Diseases,Supradiaphragmatic heterotopic liver presenting as a pleural mass: A case report
WS1666,Scopus,1242286142,kept,,2004,fakler,,62,435,Chirurgische Praxis,Wandering spleen
WS1667,Scopus,34248328302,kept,,2007,nishigori,10.5833/jjgs.40.639,40,639,Japanese Journal of Gastroenterological Surgery,A case of rupture of the accessory spleen caused by the torsion
WS1668,Scopus,39149086389,kept,,2007,feroci,,20,257,Chirurgia,The torsion of a wandering pelvic spleen: A case report and review of the literature
WS1669,Scopus,84864953645,kept,,2010,zheng,,26,32,Chinese Journal of Medical Imaging Technology,Overturning spleen complicated with ectopic kidney below the left diaphragm: Case report
WS1670,Scopus,0036059093,kept,,2002,shirani,,5,124,Archives of Iranian Medicine,Torsion of wandering spleen and tail of pancreas
WS1671,Scopus,84882678915,kept,,2011,de,10.2174/978160805273811101010153,,153,The Spleen,"Benign vascular, cystic and solid diseases of the spleen"
WS1672,Scopus,58349089881,kept,,2008,de,10.1590/s0100-69912008000500015,35,349,Revista do Colegio Brasileiro de Cirurgioes,Wandering spleen in parastomal hernia
WS1673,Scopus,77954026123,kept,,2010,katsuta,10.5833/jjgs.43.554,43,554,Japanese Journal of Gastroenterological Surgery,A case of torsion of wandering spleen with mesenterium commune
WS1674,Scopus,40749095953,kept,,2008,jung,,25,52,Journal of Veterinary Clinics,Acute and chronic isolated splenic torsion in two dogs
WS1675,Scopus,84895240742,kept,,2009,palanivelu,10.1007/978-3-540-78387-9_52,,363,Essentials of Pediatric Endoscopic Surgery,Mesh splenopexy for wandering spleen
WS1676,Scopus,84927695311,kept,,2015,nikaido,10.1016/j.cgh.2014.09.035,13,11,Clinical Gastroenterology and Hepatology,Prevention of Gastric Volvulus-induced Recurrent Acute Pancreatitis by Percutaneous Endoscopic Gastropexy
WS1677,Scopus,84900326938,kept,,2014,bilici,10.4328/jcam.821,5,328,Journal of Clinical and Analytical Medicine,Borchardt triade: A symptom of acute gastric volvulus
WS1678,Scopus,8644241739,kept,,2004,fakler,,45,761,Tagliche Praxis,Wandering spleen
WS1679,Scopus,84930065899,kept,,2015,akimori,10.4993/acrt.23.1,23,1,Annals of Cancer Research and Therapy,A case of peliosis and epithelial cyst of intrapancreatic heterotopic spleen: A differential diagnosis of pancreatic mucinous cystic neoplasm
WS1680,Scopus,58149218327,kept,,2009,li,10.1097/mcd.0b013e328318c4fb,18,63,Clinical Dysmorphology,Novel craniofacial and extracraniofacial findings in a case of Treacher Collins syndrome with a pathogenic mutation and a missense variant in the TCOF1 gene
WS1681,Scopus,33750541974,kept,,2006,maldonado,,77,388,Revista Chilena de Pediatria,Twisted wandering spleen
WS1682,Scopus,84858196333,kept,,2012,warren,10.1308/003588412x13171221588974,94,88,Annals of the Royal College of Surgeons of England,Splenic laceration with a twist: A lesson learnt from gastric volvulus
WS1683,Scopus,84877635711,kept,,2013,jones,10.1177/8756479312472392,29,130,Journal of Diagnostic Medical Sonography,The case of the wandering spleen
WS1684,Scopus,79954502457,kept,,2011,polat,10.5097/1300-0705.ucd.557-10.00,27,50,Turkish Journal of Surgery,An unusual case of acute abdomen: Torsion of wandering spleen
WS1685,Scopus,84958043804,kept,,2015,nistal,10.2350/14-04-1469-pb.1,18,446,Pediatric and Developmental Pathology,"Perspectives in pediatric pathology, chapter 10. Ectopic and heterotopic tissues in the testis"
WS1686,Scopus,33644797501,kept,,2005,alawi,,21,482,Pakistan Journal of Medical Sciences,Wandering spleen: A challenging diagnosis
WS1687,Scopus,77952017652,kept,,2010,ugwu,10.1080/20786204.2010.10873930,52,42,South African Family Practice,A wandering spleen: A common presentation of an uncommon anomaly
WS1688,Scopus,84876068763,kept,,2013,koca,10.5455/gulhane.35179,55,51,Gulhane Medical Journal,Torsion of the wandering spleen: A rare case of acute abdominal causing
WS1689,Scopus,70349599565,kept,,2009,ammor,10.1007/s12157-009-0103-z,3,163,Journal Africain d'Hepato-Gastroenterologie,Torsion of a wandering spleen in a child: A case report
WS1690,Scopus,84876799670,kept,,2013,adak,10.5455/vetworld.2013.360-362,6,360,Veterinary World,Ectopic spleen in the pancreas of New Zealand White rabbits
WS1691,Scopus,85014598025,kept,,2013,sadro,10.2484/rcr.v8i1.802,8,802,Radiology Case Reports,Torsion of an accessory spleen: Case report and review of the literature
WS1692,Scopus,85026176708,kept,,1999,,,18,31,Journal of the American Association for Medical Transcription,Wandering spleen: A challenging diagnosis
WS1693,Scopus,84455193960,kept,,2011,alsawaf,,13,112,CME Journal Geriatric Medicine,The scanner: A pelvic surprise
WS1694,Scopus,84877858210,kept,,2013,nayak,,14,73,"Journal, Indian Academy of Clinical Medicine",A presentation of wandering spleen as pelvic mass
WS1695,Scopus,0035137157,kept,,2001,bellaiche,,8,67,Hepato-Gastro,Digestive hemorrhage in a 23-year-old woman due to gastric varices rupture or wandering spleen with torsion
WS1696,Scopus,34548632930,kept,,2007,corsi,10.1016/j.ejrex.2007.06.009,64,15,European Journal of Radiology Extra,Acute abdomen in torsion of accessory spleen
WS1697,Scopus,84941084474,kept,,2015,wada,,60,1007,Japanese Journal of Clinical Radiology,Torsion of wandering spleen
WS1698,Scopus,0141567746,kept,,2003,kim,10.1089/109264103322381618,7,237,Pediatric Endosurgery and Innovative Techniques,Laparoscopic splenopexy for the wandering spleen syndrome
WS1699,Scopus,44349119952,kept,,2008,ibarguren,,61,445,Archivos Espanoles de Urologia,Splenogonadal fusion
WS1700,Scopus,84919959038,kept,,2014,radillo,,33,659,Medico e Bambino,Wandering spleen in children
WS1701,Scopus,84865604419,kept,,2011,lee,,28,613,Journal of Veterinary Clinics,Diagnostic imaging of isolated splenic torsion in a German shepherd dog
WS1702,Scopus,84953838499,kept,,2016,garel,10.1007/s00247-015-3445-2,46,130,Pediatric Radiology,"Diagnosis of pediatric gastric, small-bowel and colonic volvulus"
WS1703,Scopus,0036151185,kept,,2002,hideto,10.5833/jjgs.35.73,35,73,Japanese Journal of Gastroenterological Surgery,A case of torsion of accessory spleen
WS1704,Scopus,85016086294,kept,,2013,lisciandro,10.1002/9781118760772.ch4,,65,Focused Ultrasound Techniques for the Small Animal Practitioner,Focused or coast3-spleen
WS1705,Scopus,78449255756,kept,,2008,nishtar,,22,161,Journal of Postgraduate Medical Institute,Wandering spleen with torsion and resultant infarctionw: A case report
WS1706,Scopus,34047122625,kept,,2007,singla,10.4103/0971-9261.31087,12,30,Journal of Indian Association of Pediatric Surgeons,Torsion in a paediatric wandering spleen: Case report and review of literature
WS1707,Scopus,84881640901,kept,,2013,al,,38,321,Rawal Medical Journal,Wandering spleen causing acute abdomen
WS1708,Scopus,77953422880,kept,,2009,utpal,,4,286,Journal of Chinese Clinical Medicine,Laparoscopic management of splenic torsion
WS1709,Scopus,0033980229,kept,,2000,masaya,10.5833/jjgs.33.90,33,90,Japanese Journal of Gastroenterological Surgery,"A case of ileus due to mesenterium commune, course for chronic and recurrent, with cancer of the ileum"
WS1710,Scopus,84922175705,kept,,2015,daldoul,10.1007/s13341-014-0492-5,5,63,Annales Francaises de Medecine d'Urgence,The wandering spleen syndrome: Unexpected cause of acute abdomen
WS1711,Scopus,0034875584,kept,,2001,fukushima,10.5833/jjgs.34.1321,34,1321,Japanese Journal of Gastroenterological Surgery,A case of laparoscopic splenectomy for wandering spleen
WS1712,Scopus,0036819787,kept,,2002,memon,,12,636,Journal of the College of Physicians and Surgeons Pakistan,Wandering spleen
WS1713,Scopus,0019959591,kept,,1982,spencer,,27,183,Journal of the Royal College of Surgeons of Edinburgh,A wandering cystic spleen
WS1714,Scopus,0015859011,kept,,1973,domres,,sup.73,361,Langenbecks Archiv fur Chirurgie,Spleen and parietal peritoneum anastomoses after ultra violet radiation and spleen adhesion with histo acryl
WS1715,Scopus,0017820097,kept,,1978,onuigbo,10.1016/s0022-3468(78)80004-9,13,129,Journal of Pediatric Surgery,Infarction of accessory spleen
WS1716,Scopus,0022350029,kept,,1985,atlas,10.1002/jcu.1870130407,13,275,Journal of Clinical Ultrasound,utility of ultrasound in the diagnosis of wandering abdominal viscera
WS1717,Scopus,0018643289,kept,,1979,hamano,,49,957,Journal of Tokyo Medical College,Progress of surgical treatment for rectal carcinoma
WS1718,Scopus,0018875119,kept,,1980,mcardle,10.1016/0037-198x(80)90034-6,15,7,Seminars in Roentgenology,Case of the winter season
WS1719,Scopus,0019191289,kept,,1980,mazauric,,35,43,Pediatrie,Splenogonal fusion. About an observation
WS1720,Scopus,24344449685,kept,,1996,von,,41,839,Kleintierpraxis,Contribution to the primary splenic torsion: Literature and cases
WS1721,Scopus,0020076068,kept,,1982,berger,10.1007/bf02552098,5,20,Cardiovascular and Interventional Radiology,Localization of gelfoam emboli after partial splenic embolization utilizing99mTc-labeled emboli
WS1722,Scopus,76549145902,kept,,1964,goldburt,,29,59,"Urologiia (Moscow, Russia : 1923)",A RARE DEVELOPMENTAL DEFECT WITH DYSTOPIA OF SPLENIC TISSUE IN THE SCROTUM.
WS1723,Scopus,0024841147,kept,,1989,weinel,,24,246,Aktuelle Chirurgie,A wandering spleen presenting as a tumour in the right lower abdomen
WS1724,Scopus,0023940140,kept,,1988,felle,10.1159/000128764,20,220,European Surgical Research,Differences between the histology of normal spleen and that of regenerated ectopically implanted splenic tissue
WS1725,Scopus,73649205110,kept,,1963,prevost,,81,339,Journal des sciences médicales de Lille,Leukemic jaundice with splenomegaly developing at the expense of an ectopically situated spleen.
WS1726,Scopus,0024396117,kept,,1989,hopper,10.1097/00004424-198908000-00004,24,592,Investigative Radiology,Implications for percutaneous left renal invasive procedures
WS1727,Scopus,0022399849,kept,,1985,ziviello,,65,925,Rassegna Internazionale di Clinica e Terapia,Importance of early diagnosis of ectopic spleen
WS1728,Scopus,0016904727,kept,,1976,praslicka,,22,125,Folia Biologica,Cytological and histological changes in the spleen of continuously irradiated rats.
WS1729,Scopus,0025775251,kept,,1991,lin,10.1002/ajmg.1320390303,39,247,American Journal of Medical Genetics,Beemer-Langer syndrome with manifestations of an orofaciodigital syndrome
WS1730,Scopus,0017605569,kept,,1977,bellu,,26,377,CHIRURGIA,Intrascrotal aberrant spleen
WS1731,Scopus,84995119564,kept,,1989,konde,10.1111/j.1740-8261.1989.tb00751.x,30,41,Veterinary Radiology,SONOGRAPHIC AND RADIOGRAPHIC CHANGES ASSOCIATED WITH SPLENIC TORSION IN THE DOG
WS1732,Scopus,0024320093,kept,,1989,lucarini,,44,1569,Minerva Chirurgica,Ectopic autotransplant of spleen tissue after splenectomy for traumatic rupture
WS1733,Scopus,0028081426,kept,,1994,gosselin,10.1007/bf00179689,9,583,Pediatric Surgery International,Wandering spleen producing small-bowel obstruction in a neonate
WS1734,Scopus,0027373336,kept,,1993,wang,,26,2041,Journal of Surgical Association Republic of China,Wandering spleen. A case report
WS1735,Scopus,0020365319,kept,,1982,obley,10.1007/bf02924051,4,221,Urologic radiology,"Right-sided splenorenal fusion with arteriographic, ultrasonic, and computerized tomographic correlation"
WS1736,Scopus,3242850160,kept,,1996,stuj,,51,697,Cesko-Slovenska Pediatrie,On the problem of Torsion of the spleen in childhood
WS1737,Scopus,0022374473,kept,,1985,gouw,10.1007/bf00441771,144,316,European Journal of Pediatrics,The spectrum of splenogonadal fusion - Case report and review of 84 reported cases
WS1738,Scopus,0025210615,kept,,1990,allen,,7,122,Problems in General Surgery,Wandering spleen
WS1739,Scopus,0023922708,kept,,1988,robillot,,83,281,Revue Francaise de Gynecologie et d'Obstetrique,Spontaneous rupture of the spleen related to an ectopic pregnancy (splenic). Report of one case
WS1740,Scopus,0016735043,kept,,1975,mosavy,,17,94,Journal of Abdominal Surgery,Torsion of the spleen
WS1741,Scopus,0027287985,kept,,1993,riley,,118,95,Development,Retroviral expression of FGF-2 (bFGF) affects patterning in chick limb bud
WS1742,Scopus,0015815276,kept,,1973,davis,,47,1801,South African Medical Journal,Spontaneous rupture of the pathological spleen in malaria
WS1743,Scopus,0026513858,kept,,1992,golbey,10.1177/875647939200800105,8,25,Journal of Diagnostic Medical Sonography,Sonographic Evaluation of an Ectopic Spleen Simulating a Pelvic Mass
WS1744,Scopus,0018896219,kept,,1980,alvarez,10.1001/archsurg.1980.01380060070021,115,772,Archives of Surgery,Regeneration of the Spleen After Ectopic Implantation and Partial Splenectomy
WS1745,Scopus,0017139445,kept,,1976,fleming,10.1016/0002-9343(76)90380-6,61,414,The American Journal of Medicine,Splenosis: Autotransplantation of splenic tissue
WS1746,Scopus,0017618014,kept,,1977,dillon,10.1097/00007611-197701000-00052,70,112,Southern Medical Journal,Intrathoracic splenosis
WS1747,Scopus,70449221451,kept,,1958,padovan,,11,853,L' Arcispedale S. Anna di Ferrara,Accessory spleen in ectopic testicle.
WS1748,Scopus,0019391086,kept,,1981,mclean,10.1016/0022-3468(81)90021-x,16,649,Journal of Pediatric Surgery,Splenic-gonadal fusion: Identification by radionuclide scanning
WS1749,Scopus,0028943432,kept,,1995,erden,10.1007/bf01629511,17,89,Surgical and Radiologic Anatomy,Wandering accessory spleen
WS1750,Scopus,0029125442,kept,,1995,oates,,36,1368,Journal of Nuclear Medicine,Technetium-99m-sulfur colloid SPECT imaging in infants with suspected heterotaxy syndrome
WS1751,Scopus,0025827334,kept,,1991,schmidt,10.1007/bf00178656,6,357,Pediatric Surgery International,Silo-assisted closure of a late-presenting diaphragmatic hernia
WS1752,Scopus,0015866724,kept,,1973,lau,10.1159/000460307,2,67,Journal of Medical Primatology,Ectopic splenic nodules in the pancreas of a capuchin monkey (Cebus albifrons)
WS1753,Scopus,76549199977,kept,,1965,johnson,10.1001/jama.1965.03090170133029,194,455,JAMA: The Journal of the American Medical Association,Some Diagnostic Applications of Combined Radioisotope Scanning of Adjacent Organs
WS1754,Scopus,1842359866,kept,,1962,kitchin,10.1002/bjs.18005022025,50,232,British Journal of Surgery,Torsion of an accessory spleen presenting as acute appendicitis
WS1755,Scopus,0027753247,kept,,1993,maggi,,4,209,Giornale Italiano di Ultrasonologia,Splenic infarction by volvulus of wandering spleen: A preoperative diagnosis with color Doppler sonography
WS1756,Scopus,0016260717,kept,,1974,mizutani,10.1016/s0022-5347(17)59783-9,112,528,Journal of Urology,Splenic gonadal fusion in a Japanese boy
WS1757,Scopus,0030990517,kept,,1997,singh,10.1023/a:1018400826845,15,140,Clinical and Experimental Metastasis,Influence of the host microenvironment on the clonal selection of human colon carcinoma cells during primary tumor growth and metastasis
WS1758,Scopus,0027254458,kept,,1993,normand,,44,179,Canadian Association of Radiologists Journal,Ultrasonographic features of abdominal ectopic splenic tissue
WS1759,Scopus,0029592737,kept,,1995,bonnet,,42,576,Annales de Pediatrie,Torsion of an accessory spleen in a ten-year-old
WS1760,Scopus,0023026865,kept,,1986,tzila,10.1007/bf00276704,12,125,European Journal of Nuclear Medicine,Scintigraphic assessment of ectopic splenic tissue localization and function following splenectomy for trauma
WS1761,Scopus,0024386824,kept,,1989,o'flaherty,10.1007/bf00183406,4,354,Pediatric Surgery International,Diagnosis and treatment of splenic torsion in a child
WS1762,Scopus,0017665524,kept,,1977,finkbeiner,10.1016/0090-4295(77)90163-7,10,337,Urology,Splenic-gonadal fusion and adrenal cortical rest associated with bilateral cryptorchism
WS1763,Scopus,0023107416,kept,,1987,ginsberg,10.1097/00003072-198704000-00021,12,328,Clinical Nuclear Medicine,Abdominal crisis with 'absent' spleen
WS1764,Scopus,0019803269,kept,,1981,baroni,,72,233,Annali della Facolta di Medicina e Chirurgia della Universita degli Studi di Perugia,Ultrasonographic diagnosis of wandering spleen
WS1765,Scopus,0023613576,kept,,1987,sieler,10.1177/875647938700300203,3,69,Journal of Diagnostic Medical Sonography,Sonography of the Spleen: A Review
WS1766,Scopus,84965264854,kept,,1962,cunningham,10.1136/bmj.2.5301.412-c,2,412,British Medical Journal,Torsion of the Spleen
WS1767,Scopus,0017234219,kept,,1976,tsingoglou,10.1002/bjs.1800630411,63,297,British Journal of Surgery,Splenogonadal fusion
WS1768,Scopus,0019692319,kept,,1981,,,14,112,Journal of Surgical Association Republic of China,Splenopexy in the treatment of wandering spleen
WS1769,Scopus,0033506460,kept,,1999,nosaka,10.1097/00042423-199909000-00002,6,199,Radiologist,'The twister': Imaging characteristics of torsion and volvulus in the abdomen
WS1770,Scopus,0017799990,kept,,1978,halvorsen,10.1111/j.1651-2227.1978.tb16338.x,67,379,Acta Pædiatrica,SPLENOGONADAL FUSION
WS1771,Scopus,0023831113,kept,,1988,ihekwaba,10.1177/004947558801800207,18,62,Tropical Doctor,Splenectomy for trauma: Is it associated with a high risk of infection in the tropics?
WS1772,Scopus,0017388942,kept,,1977,bayer,,21,386,Zeitschrift fur Kinder- und Jugendpsychiatrie,Chronic intermittent torsion of the spleen
WS1773,Scopus,0017227603,kept,,1976,majeski,10.1097/00007611-197603000-00042,69,378,Southern Medical Journal,Polysplenic syndrome in association with a rudimentary spleen
WS1774,Scopus,0014234548,kept,,1968,soderstrom,10.1111/j.1600-0609.1968.tb01729.x,5,138,Scandinavian Journal of Haematology,The Free Cytoplasmic Fragments of Lymphoglandular Tissue (Lymphoglandular Bodies). A Preliminary Presentation
WS1775,Scopus,0016161543,kept,,1974,marquand,,100,347,Chirurgie,Peritoneal splenosis. A new case
WS1776,Scopus,0015749240,kept,,1973,piskackova,,33,697,Studia Pneumologica et Phtiseologica Cechoslovaca,Lien ectopicus thoracis: ectopic intrathoracic spleen
WS1777,Scopus,84941818339,kept,,1977,,10.1001/jama.1977.03270510025014,237,2603,JAMA: The Journal of the American Medical Association,Volvulus of the Spleen
WS1778,Scopus,0023754304,kept,,1988,carfagna,,22,407,Chirurgia Gastroenterologica,A rare cause of acute abdomen: Wandering spleen with twisted pedicle
WS1779,Scopus,0018348092,kept,,1979,simon,,130,511,Fortschritte auf den Gebiete der Rontgenstrahlen und der Nuklearmedizin,Dystopia of the spleen
WS1780,Scopus,0019324891,kept,,1980,rice,10.1016/s0140-6736(80)91056-9,315,565,The Lancet,ECTOPIC SPLENIC TISSUE FAILED TO PREVENT FATAL PNEUMOCOCCAL SEPTICÆMIA AFTER SPLENECTOMY FOR TRAUMA
WS1781,Scopus,0020591303,kept,,1983,hashida,10.3109/15513818309040654,1,169,Fetal and Pediatric Pathology,Pancreatic pathology in trisomy 13: Specificity of the morphologic lesion
WS1782,Scopus,0019941452,kept,,1982,pauli,10.1002/ajmg.1320130113,13,81,American Journal of Medical Genetics,Limb deficiency and splenogonadal fusion
WS1783,Scopus,0025049665,kept,,1990,bustami,10.1002/ca.980030406,3,271,Clinical Anatomy,“Wandering” or ectopic spleen: A case report and review of the literature
WS1784,Scopus,0023944159,kept,,1988,peveretos,,154,317,Acta Chirurgica Scandinavica,Massive lower gastrointestinal bleeding due to splenocolic fistula. Case report
WS1785,Scopus,0017101715,kept,,1976,likhite,,4,426,IRCS Medical Science: Biochemistry,Immune responses of heterotropic autotransplants of splenic tissue in rats
WS1786,Scopus,0027460599,kept,,1993,al-ali,,5,109,Revue d'Imagerie Medicale,Wandering spleen in child
WS1787,Scopus,0027216361,kept,,1993,zaidenstein,10.1007/bf00173363,8,346,Pediatric Surgery International,Acute colonic obstruction induced by torsion of a wandering spleen
WS1788,Scopus,0021070964,kept,,1983,bianchi,10.1177/028418518302400508,24,391,Acta Radiologica,Nephroangiotomographic diagnosis of retroperitoneal spleen: Report of a case
WS1789,Scopus,0023554320,kept,,1987,aliabadi,10.1007/bf00175652,2,369,Pediatric Surgery International,Splenic torsion and the prune belly syndrome
WS1790,Scopus,0019807103,kept,,1981,algava,,32,331,Gynecologie,Pelvic spleen torsion. One observation
WS1791,Scopus,0019119121,kept,,1980,mbonu,,19,61,Ghana Medical Journal,Diffuse cavernous hemangioma in a wandering spleen
WS1792,Scopus,0022362086,kept,,1985,baldwin,,16,23,NUC Compact,Lymphoma involving ectopic right sided spleen
WS1793,Scopus,0026043518,kept,,1991,santoni,,46,741,Minerva Chirurgica,Ectopic autotransplant of spleen tissue after spleneoctomy for traumatic rupture
WS1794,Scopus,0031679452,kept,,1998,jikki,,4,106,Ultrasound International,Ectopic spleen-presenting as acute abdomen
WS1795,Scopus,0024562049,kept,,1989,bar-maor,10.1007/bf00181853,4,130,Pediatric Surgery International,Treatment of intermittent splenic torsion in polysplenia syndrome and wandering spleen by splenopexy
WS1796,Scopus,0016206747,kept,,1974,vuillard,,70,201,Lyon Chirurgical,"Rupture of the spleen, apparently spontaneous in a splenic ectopic gestation"
WS1797,Scopus,0019122758,kept,,1980,tsyrlova,,250,61,Doklady Biological Sciences,Formation of erythropoiesis and antibody production in ectopic transplants of the spleen
WS1798,Scopus,0023939970,kept,,1988,munoz-calero,,3,45,Cirugia de Urgencia,Acute abdomen due to torsion of splenic pedicle
WS1799,Scopus,78651160077,kept,,1964,green,10.1084/jem.119.4.581,119,581,The Journal of experimental medicine,THE REGENERATION OF F1 HOST CELL SPLEEN AND THYMUS AT ECTOPIC SITES IN
WS1800,Scopus,84986761442,kept,,1994,goldsmid,10.1111/j.1748-5827.1994.tb02552.x,35,112,Journal of Small Animal Practice,Successful derotation of a splenic torsion in a racing greyhound
WS1801,Scopus,0030868817,kept,,1997,gari,,10,128,Emergency and Office Pediatrics,Abdominal mass in a 17-month-old boy
WS1802,Scopus,0032699042,kept,,1999,hernandez,,3,199,Ciencia Ginecologika,Splenic ectopia. Differential diagnosis of adnexal mass
WS1803,Scopus,0027473623,kept,,1993,villanua,10.1530/acta.0.1280074,128,74,Acta Endocrinologica,Thymostimulin effects on lymphoid organs in Ames dwarf mice
WS1804,Scopus,0030029987,kept,,1996,antunovic,,15,19,Archives of Gastroenterohepatology,Wandering spleen. A case report
WS1805,Scopus,0016263985,kept,,1974,torma,10.1001/archsurg.1974.01360040073019,109,555,Archives of Surgery,Of Double Stomachs
WS1806,Scopus,84985406656,kept,,1983,stead,10.1111/j.1748-5827.1983.tb00399.x,24,549,Journal of Small Animal Practice,Splenic torsion in dogs
WS1807,Scopus,0021171975,kept,,1984,okamoto,10.11261/iryo1946.38.812,38,812,IRYO - Japanese Journal of National Medical Services,A case of torsion of the wandering spleen in a 9-year-old female
WS1808,Scopus,0031854128,kept,,1998,mak,,6,88,Journal of Medical Ultrasound,Wandering spleen: Report of a case
WS1809,Scopus,0018018669,kept,,1978,wilamski,,42,387,Polski Przeglad Radiologii i Medycyny Nuklearnej,Congenital diaphragmatic hernia of the spleen in an infant aged 7 months
WS1810,Scopus,0026520647,kept,,1992,penedo,,48,77,Revista Espanola de Pediatria,Torsion of an ectopic spleen: Presentation of a case
WS1811,Scopus,84940623242,kept,,1993,riedel,10.1159/000170745,9,41,Viszeralmedizin: Gastrointestinal Medicine and Surgery,Die wandermilz - darstellung eines chirurgischen behandlungsverfahrens mit splenopexie
WS1812,Scopus,0029003131,kept,,1995,miida,,40,741,Japanese Journal of Clinical Radiology,A case of wandering spleen complicated by torsion and infarction
WS1813,Scopus,0022333323,kept,,1985,fremond,,24,387,Annales Medicales de Nancy et de l'Est,Wandering spleen
WS1814,Scopus,0019230727,kept,,1980,tavassoli,10.1007/bf01966009,36,1126,Experientia,The origin of hemopoietic cells in ectopic implants of spleen and marrow
WS1815,Scopus,0031427859,kept,,1997,black,10.1089/pei.1997.1.239,1,239,Pediatric Endosurgery and Innovative Techniques,Laparoscopic splenopexy for wandering spleen
WS1816,Scopus,50249191351,kept,,1909,,10.1016/s0140-6736(01)61525-3,174,944,The Lancet,ACUTE TORSION OF THE SPLEEN.
WS1817,Scopus,84912488199,kept,,1943,sheppard,10.1002/bjs.18003112117,31,97,British Journal of Surgery,Torsion of the spleen simulating carcinoma of the colon
WS1818,Scopus,84979107652,kept,,1905,taylor,10.1111/j.1471-0528.1905.tb07536.x,7,116,BJOG: An International Journal of Obstetrics & Gynaecology,Two Cases in which Enlarged Wandering Spleens simulated Pelvic Neoplasms.
WS1819,Scopus,0012409018,kept,,1914,fowler,10.1001/jama.1914.02560280024010,LXII,198,Journal of the American Medical Association,Movable spleen
WS1820,Scopus,84965247833,kept,,1944,dubash,10.1136/bmj.1.4335.183-a,1,183,British Medical Journal,Spontaneous rupture of abnormally mobile spleen
WS1821,Scopus,50249231618,kept,,1909,paterson,10.1016/s0140-6736(01)11629-6,174,1496,The Lancet,TWO RARE SURGICAL CONDITIONS:. (1) A CASE OF ACUTE TORSION OF THE SPLENIC PEDICLE: RECOVERY AFTER SPLENECTOMY ; AND (2) A CASE OF FLOATING LIVER CURED BY OPERATION
WS1822,Scopus,0002967652,kept,,1940,settle,10.1016/s0002-9610(40)90357-9,50,22,The American Journal of Surgery,The surgical importance of accessory spleens. With report of two cases
WS1823,Scopus,84965250929,kept,,1952,ward,10.1136/bmj.1.4773.1407-d,1,1407,British Medical Journal,Wandering Spleen
WS1824,Scopus,84924831717,kept,,1954,kogan,,6,75,Khirurgiia,[Surgery of torsion of the hypertrophic spleen in malaria]
WS1825,Scopus,50749120022,kept,,1921,southam,10.1016/s0140-6736(00)70925-1,197,642,The Lancet,A NOTE ON SPLENECTOMY FOR TORSION OF THE SPLEEN IN A CHILD.
WS1826,Scopus,84965259534,kept,,1953,riley,10.1136/bmj.1.4823.1335,1,1335,British Medical Journal,The Floating Spleen
WS1827,Scopus,0040887560,kept,,1938,truesdale,,4,700,Surgery,Wandering spleen with torsion of the pedicle. A patient treated by splenectomy with alarming events during convalescence
WS1828,Scopus,84965249787,kept,,1953,bartley,10.1136/bmj.1.4820.1167-b,1,1167,British Medical Journal,The Floating Spleen
WS1829,Scopus,50449149009,kept,,1951,gerbode,10.1016/0002-9610(51)90297-8,82,58,The American Journal of Surgery,Experiences with the operative correction of portal hypertension
WS1830,Scopus,84944365040,kept,,1933,hoaglund,10.1001/jama.1933.27430270003009b,101,121,Journal of the American Medical Association,Ectopic spleen
WS1831,Scopus,84924838634,kept,,1953,cerrini,,41,140,L' Ospedale maggiore,[Ectopia of the spleen and splenic infact]
WS1832,Scopus,50249227046,kept,,1935,cantin,10.1016/s0140-6736(01)09410-7,226,1175,The Lancet,TORSION OF THE SPLEEN. ASSOCIATED WITH RUPTURE
WS1833,Scopus,84965255155,kept,,1952,wyile,10.1136/bmj.2.4781.446-a,2,446,British Medical Journal,Wandering Spleen
WS1834,Scopus,84981839028,kept,,1927,harris,10.1002/bjs.1800155715,15,163,British Journal of Surgery,A case of ‘wandering spleen’ causing intestinal obstruction
WS1835,Scopus,84943666739,kept,,1887,myers,10.1001/jama.1887.02391390007001b,VIII,371,Journal of the American Medical Association,Splenectomy for Wandering Spleen
WS1836,Scopus,84969844582,kept,,1913,whitehouse,10.1111/j.1471-0528.1913.tb12763.x,23,161,BJOG: An International Journal of Obstetrics & Gynaecology,Torsion of the Spleen Simulating Ovarian Tumour: Splenectomy : Recovery.
WS1837,Scopus,77951514128,kept,,1907,moorhead,10.1007/bf03172344,25,108,Transactions of the Royal Academy of Medicine in Ireland,Movable spleen
WS1838,Scopus,0001961110,kept,,1929,alexander,10.1016/s0140-6736(01)01727-5,214,21,The Lancet,ACCESSORY SPLEEN WITH RECURRING TORSION OF ITS PEDICLE.
WS1839,Scopus,84979130053,kept,,1908,gemmell,10.1111/j.1471-0528.1908.tb14595.x,14,237,BJOG: An International Journal of Obstetrics & Gynaecology,Two Cases of Enlarged Wandering Spleen Simulating Pelvic Tumour.
WS1840,Scopus,50249200931,kept,,1909,macdonald,10.1016/s0140-6736(01)61507-1,174,917,The Lancet,A CASE OF ACUTE TORSION OF A WANDERING SPLEEN; SPLENEC- TOMY; RECOVERY.
WS1841,Scopus,77951373161,kept,,1952,,,8,127,Afrique française chirurgicale,Ectopie pelvienne de la rate.
WS1842,Scopus,34547860585,kept,,1954,kobak,10.1016/0002-9378(54)90140-4,67,422,American Journal of Obstetrics and Gynecology,Ruptured spleen simulating ectopic pregnancy
WS1843,Scopus,84943214631,kept,,1903,webster,10.1001/jama.1903.92490140003001a,XL,887,Journal of the American Medical Association,"A case of successful removal of an enlarged spleen: With twisted pedicle, adherent to the right side of the pelvis, in a woman presenting multiple nodulation and pigmentation of the skin"
WS1844,Scopus,50249208291,kept,,1906,lucy,10.1016/s0140-6736(01)32589-8,168,92,The Lancet,"SOUTH DEVON AND EAST CORNWALL HOSPITAL, PLYMOUTH. A CASE OF ENLARGED WANDERING SPLEEN ; SPLENECTOMY"
WS1845,CNKI,https://kns.cnki.net/kcms2/article/abstract?v=DgjXjbKQq8cqDk_9JWIsn-gpZ5maT41FPaQNYqoIdPBZGcym_7Owq-RxXehDETX0qzXW6aeOtz5dz0fQTHyUliXXsVs5AC3G7yJtZtrCjXFP1Yqvz8Vi_NMJzsycC9Csr_hwn7i_dZXMgD0JDwXPbmSkLeoMhGwJbF0LJHSs7XoNjPsT6f-0vw==&uniplatform=NZKPT&language=CHS,kept,,2026,吴杰,,42,1537,实用放射学杂志,肝脏异位脾种植误诊为肝癌1例
WS1846,Wanfang,https://d.wanfangdata.com.cn/periodical/CiBQZXJpb2RpY2FsQ0hJU29scjkyMDI2MDkxNTE0MjIxORIPemhwdHdrMjAyNjA4MDAzGghpYjFiMnVoeg%3D%3D,kept,T2 title+author+year,2026,宋斌,10.3760/cma.j.cn113855-20241206-00759,41,668,中华普通外科杂志,游走脾伴胰腺炎、胃扭转及结肠梗阻1例
WS1846,CNKI,https://kns.cnki.net/kcms2/article/abstract?v=DgjXjbKQq8cDnFa3ulmHPMmR7G7WSpSzAreN8vk8D3A8Qm31Wg80TSVGOxJ8y-yozZJiXo5G44t4d3pS-fbQi7e1yz6X_grlqfvupFvN4WBz17KIUvkHOPtszAlmZn5JFz2yMvEOjX-8GbFgw5ExTfn89DE0dP9zOFiZu6eJfKVhCXLmgavfAw==&uniplatform=NZKPT&language=CHS,duplicate,,2026,宋斌,,41,668,中华普通外科杂志,游走脾伴胰腺炎、胃扭转及结肠梗阻1例
WS1847,Wanfang,https://d.wanfangdata.com.cn/periodical/CiBQZXJpb2RpY2FsQ0hJU29scjkyMDI2MDkxNTE0MjIxORIPbGN3end6MjAyNjEwMDA0GghpYjFiMnVoeg%3D%3D,kept,T2 title+author+year,2026,郝俊宽,10.3969/j.issn.1002-3429.2026.10.004,39,20,临床误诊误治,罕见脾异位妊娠临床误诊分析及多学科救治经验
WS1847,CNKI,https://kns.cnki.net/kcms2/article/abstract?v=DgjXjbKQq8fXxdzoWhsLNPDDsZrhmZcKKriLzugIlfkCPeqOOEYQygtCuguDekxmgVUQiPIPRAU0T3ow3nm56wquI1huQc1nej7pY-RNVv6eRWXvyekNwJEi75FQ4nEKWHKpHCLpcLdUX6JRUA70wzjABLmWaQeokHdLodf4Ki3HVQ1Y6AZzZDMekrSn_pvH&uniplatform=NZKPT&language=CHS,duplicate,,2026,郝俊宽,,39,20,临床误诊误治,罕见脾异位妊娠临床误诊分析及多学科救治经验
WS1848,Wanfang,https://d.wanfangdata.com.cn/periodical/CiBQZXJpb2RpY2FsQ0hJU29scjkyMDI2MDkxNTE0MjIxORIPbGN3a3p6MjAyNjAyMDEwGghpYjFiMnVoeg%3D%3D,kept,T2 title+author+year,2026,吴昕,10.3969/j.issn.1005-6483.20250307,34,163,临床外科杂志,游走脾脾蒂扭转致脾梗死一例
WS1848,CNKI,https://kns.cnki.net/kcms2/article/abstract?v=DgjXjbKQq8fKV98GyX5TZgvVO1i-te4Kdhx1vAzQz12jJo_bGO8y2X1EwuF8lz1xpDJEFIzYgZmXBEda1M0ULm21ZJMgyDOpbotk2Wyw6iBUnyirb1iwcLwXp7rc15xAhWSIb2xzeTDe2y3A3kIZZ_wEsVRfN92VVj536L9khQNUNYA3XBKAxk2hPfZZOMqR&uniplatform=NZKPT&language=CHS,duplicate,,2026,吴昕,,34,163,临床外科杂志,游走脾脾蒂扭转致脾梗死一例
WS1848,CBM,2026255851,duplicate,T3 similar title+author+year,2026,吴昕,,34,163,临床外科杂志,游走脾脾蒂扭转致脾梗死1例
WS1849,Wanfang,https://d.wanfangdata.com.cn/periodical/CiBQZXJpb2RpY2FsQ0hJU29scjkyMDI2MDkxNTE0MjIxORIRaGFpbmFueXgyMDI1MjEwMjIaCGliMWIydWh6,kept,T2 title+author+year,2025,梁锦程,10.3969/j.issn.1003-6350.2025.21.022,36,3161,海南医学,盆腔异位脾种植一例
WS1849,CNKI,https://kns.cnki.net/kcms2/article/abstract?v=DgjXjbKQq8e3S8XI25IgEoagdEZjhiGIM8k1cXaaXIzPg2r9-2QJAhoFLpO0acItQBlTvsvNkK7UipJXwaySSD2JCCwRXZxh7S8DNTNoa9WbLTK5k2yQfzpLla79mvvTI2VrZwPzbQfKXkwsXge0pFFQtkNWFUjHnV66T1106_e1AQMSMhafcaKMzDUbCYz0&uniplatform=NZKPT&language=CHS,duplicate,,2025,梁锦程,,36,3161,海南医学,盆腔异位脾种植一例
WS1849,CBM,2026104767,duplicate,T4 author+year+volume+first page,2025,梁锦程,,36,3161,海南医学,盆腔异位脾种植1例
WS1850,Wanfang,https://d.wanfangdata.com.cn/periodical/CiBQZXJpb2RpY2FsQ0hJU29scjkyMDI2MDkxNTE0MjIxORIQZnFqd2t6ejIwMjUwOTAxNhoIaWIxYjJ1aHo%3D,kept,T1 DOI,2025,张卓,10.13499/j.cnki.fqjwkzz.2025.09.719,30,719,腹腔镜外科杂志,脾异位于阴囊的先天性腹股沟疝伴隐睾1例报告
WS1850,CNKI,https://link.cnki.net/doi/10.13499/j.cnki.fqjwkzz.2025.09.719,duplicate,,2025,张卓,10.13499/j.cnki.fqjwkzz.2025.09.719,30,719,腹腔镜外科杂志,脾异位于阴囊的先天性腹股沟疝伴隐睾1例报告
WS1850,CBM,2026105024,duplicate,T2 title+author+year,2025,张卓,,30,719,腹腔镜外科杂志,脾异位于阴囊的先天性腹股沟疝伴隐睾1例报告
WS1851,Wanfang,https://d.wanfangdata.com.cn/periodical/CiBQZXJpb2RpY2FsQ0hJU29scjkyMDI2MDkxNTE0MjIxORITemdjdGhtcml6ejIwMjUwOTA2MBoIaWIxYjJ1aHo%3D,kept,T2 title+author+year,2025,黄思婷,10.3969/j.issn.1672-5131.2025.09.060,23,211,中国CT和MRI杂志,胃多发异位脾种植1例
WS1851,CNKI,https://kns.cnki.net/kcms2/article/abstract?v=DgjXjbKQq8eysZYBUeEOLf83SY3DIbKkwiaqZqJMcJNlADPB2PiMw_oF-hEkoEXEhanVRbG-D96J3hbY8NyueUcn5Wj2Iu2jJ1AXzyzk1umfdS5tiXoBCWH9Uo1tZ_uNanrmNgi0s-jqgSS2xpyDb7iopEH015xmEdmxRNL49RcTq78h-bytygJrJqIBCmBB&uniplatform=NZKPT&language=CHS,duplicate,,2025,黄思婷,,23,211,中国CT和MRI杂志,胃多发异位脾种植1例
WS1851,CBM,2025507746,duplicate,T2 title+author+year,2025,黄思婷,,23,211,中国CT和MRI杂志,胃多发异位脾种植1例
WS1852,Wanfang,https://d.wanfangdata.com.cn/periodical/CiBQZXJpb2RpY2FsQ0hJU29scjkyMDI2MDkxNTE0MjIxORIQc3lmc3h6ejIwMjUwNTA0MhoIaWIxYjJ1aHo%3D,kept,T2 title+author+year,2025,贾永军,10.3969/j.issn.1002-1671.2025.05.042,41,890,实用放射学杂志,胸腔异位脾1例
WS1852,CNKI,https://kns.cnki.net/kcms2/article/abstract?v=DgjXjbKQq8e7Wiu3yKTGZnK4NR2o2-nFddXBjaxipDcBpD08IQ635wjKgC3pQm6pgc21uWM1Utw33EG39rm0DrVVzGcsYxjF0Ul9pOLpClezgVJJtrmmLDRk_vF69Qb6dz2Hd76-42F1qSKy3tAoZhCoFokcDzHZ_n3_Z_muaTtAQc5sohcmEddgHRFpBFO3&uniplatform=NZKPT&language=CHS,duplicate,,2025,贾永军,,41,890,实用放射学杂志,胸腔异位脾1例
WS1852,CBM,2025482109,duplicate,T2 title+author+year,2025,贾永军,,41,890,实用放射学杂志,胸腔异位脾1例
WS1853,Wanfang,https://d.wanfangdata.com.cn/periodical/CiBQZXJpb2RpY2FsQ0hJU29scjkyMDI2MDkxNTE0MjIxORIRemd5eHl4anMyMDI1MDQwMzUaCGliMWIydWh6,kept,T1 DOI,2025,江远航,10.13929/j.issn.1003-3289.2025.04.035,41,678,中国医学影像技术,胸膜异位脾种植1例
WS1853,CNKI,https://link.cnki.net/doi/10.13929/j.issn.1003-3289.2025.04.035,duplicate,,2025,江远航,10.13929/j.issn.1003-3289.2025.04.035,41,678,中国医学影像技术,胸膜异位脾种植1例
WS1853,CBM,2025259560,duplicate,T2 title+author+year,2025,江远航,,41,678,中国医学影像技术,胸膜异位脾种植1例
WS1854,Wanfang,https://d.wanfangdata.com.cn/periodical/CiBQZXJpb2RpY2FsQ0hJU29scjkyMDI2MDkxNTE0MjIxORIQemRibHh6ejIwMjUwNTAzMRoIaWIxYjJ1aHo%3D,kept,T2 title+author+year,2025,黄莉,10.3969/j.issn.1007-8096.2025.05.031,32,610,诊断病理学杂志,胸腔异位脾种植1例
WS1854,CNKI,https://link.cnki.net/urlid/11.3883.R.20250326.1446.004,duplicate,,2025,黄莉,,32,610,诊断病理学杂志,胸腔异位脾种植1例
WS1854,CBM,2025276926,duplicate,T2 title+author+year,2025,黄莉,,32,610,诊断病理学杂志,胸腔异位脾种植1例
WS1855,Wanfang,https://d.wanfangdata.com.cn/periodical/CiBQZXJpb2RpY2FsQ0hJU29scjkyMDI2MDkxNTE0MjIxORIRbGluY2p5enoyMDI1MDMwMjkaCGliMWIydWh6,kept,T1 DOI,2025,孔明,10.16680/j.1671-3826.2025.03.29,53,329,临床军医杂志,盆腔腹膜后异位副脾误诊1例
WS1855,CNKI,https://link.cnki.net/doi/10.16680/j.1671-3826.2025.03.29,duplicate,,2025,孔明,10.16680/j.1671-3826.2025.03.29,53,329,临床军医杂志,盆腔腹膜后异位副脾误诊1例
WS1855,CBM,2025619577,duplicate,T2 title+author+year,2025,孔明,,53,329,临床军医杂志,盆腔腹膜后异位副脾误诊1例
WS1856,Wanfang,https://d.wanfangdata.com.cn/periodical/CiBQZXJpb2RpY2FsQ0hJU29scjkyMDI2MDkxNTE0MjIxORIaemd5eHd6LWpoc3lmY2t4ZmMyMDI1MDIwMTEaCGliMWIydWh6,kept,T2 title+author+year,2025,许阡,10.3969/j.issn.1674-4020.2025.02.11,17,32,中国计划生育和妇产科,异位脾种植误诊为深部浸润型子宫内膜异位症1例
WS1856,CNKI,https://kns.cnki.net/kcms2/article/abstract?v=DgjXjbKQq8e3-33HVm-3cAZyt3-8zZpuNYUDeXNlFxHYGUMBl3Yt0AbnWrK6iV8KVFSi34yYGuWfEksScTtAHQEVWhI-T0CRuS7zR-VxiEsQB6iScmw3U2ND6UloS4meCzL-RWAKTeO0KGhrgZK4PpSihl1lFhcbZbMewFW5xSvyokvKM4h4cm0gklu9cT5l&uniplatform=NZKPT&language=CHS,duplicate,,2025,许阡,,17,32,中国计划生育和妇产科,异位脾种植误诊为深部浸润型子宫内膜异位症1例
WS1856,CBM,2025215845,duplicate,T2 title+author+year,2025,许阡,,17,32,中国计划生育和妇产科,异位脾种植误诊为深部浸润型子宫内膜异位症1例
WS1857,Wanfang,https://d.wanfangdata.com.cn/periodical/CiBQZXJpb2RpY2FsQ0hJU29scjkyMDI2MDkxNTE0MjIxORIQZ2R5d2t6ejIwMjUwMjAxMBoIaWIxYjJ1aHo%3D,kept,T2 title+author+year,2025,陈鹏,10.11952/j.issn.1007-1954.2025.02.010,37,125,肝胆胰外科杂志,脾切除术后腹腔异位脾种植二例
WS1857,CNKI,https://kns.cnki.net/kcms2/article/abstract?v=DgjXjbKQq8d92YucXqcikjZ1_4LfYTFfGvZKuIRuNGxERyMP_4Sm4KvAJmzz_oaFD5lrPdjiAMPG10agSeQXc_9ks37lxKeigjOVMZm5_1HriRq_Bdyyyj_jsBUaOA7DI6fM0YtxeJMZU0MLI5IJG0GCzvuzMx2d2xFEQrnMQucrFIdVoCNhufLgVmsZ3tKa&uniplatform=NZKPT&language=CHS,duplicate,,2025,陈鹏,,37,125,肝胆胰外科杂志,脾切除术后腹腔异位脾种植二例
WS1857,CBM,2025214064,duplicate,T3 similar title+author+year,2025,陈鹏,,37,125,肝胆胰外科杂志,脾切除术后腹腔异位脾种植2例
WS1858,Wanfang,https://d.wanfangdata.com.cn/periodical/CiBQZXJpb2RpY2FsQ0hJU29scjkyMDI2MDkxNTE0MjIxORIPemd4Y3l5MjAyNDIyMDI1GghpYjFiMnVoeg%3D%3D,kept,T1 DOI,2024,张晨翔,10.19542/j.cnki.1006-5180.2311-140,31,50,中国乡村医药,以急腹症表现的儿童游走脾伴脾功能亢进1例
WS1858,CNKI,https://link.cnki.net/doi/10.19542/j.cnki.1006-5180.2311-140,duplicate,,2024,张晨翔,10.19542/j.cnki.1006-5180.2311-140,31,50,中国乡村医药,以急腹症表现的儿童游走脾伴脾功能亢进1例
WS1858,CBM,2025102188,duplicate,T2 title+author+year,2024,张晨翔,,31,50,中国乡村医药,以急腹症表现的儿童游走脾伴脾功能亢进1例
WS1859,Wanfang,https://d.wanfangdata.com.cn/periodical/CiBQZXJpb2RpY2FsQ0hJU29scjkyMDI2MDkxNTE0MjIxORIQd3p5eHl4YjIwMjQxMDAxMxoIaWIxYjJ1aHo%3D,kept,T2 title+author+year,2024,周擎云,10.3969/j.issn.2095-9400.2024.10.013,54,849,温州医科大学学报,肝内脾种植误诊为肝细胞癌1例
WS1859,CNKI,https://kns.cnki.net/kcms2/article/abstract?v=DgjXjbKQq8e8XJuwJ3reGZnEDX1v70LJ635V0dJZN3ua-LZ2RSidVWkVtXdq5_ma2iuIX9XyxEToYxg1noQytliy9eV62xPAsWSUkgWLe4rB3z9zrtXSLXZiIhRpSyLmbZ_-w1K2JyH23t9G6LyBmB-ccVZAfXxSYTFhxT0o89sk3L2q3J26dS2EAjdnpChg&uniplatform=NZKPT&language=CHS,duplicate,,2024,周擎云,,54,849,温州医科大学学报,肝内脾种植误诊为肝细胞癌1例
WS1859,CBM,2025123442,duplicate,T2 title+author+year,2024,周擎云,,54,849,温州医科大学学报,肝内脾种植误诊为肝细胞癌1例
WS1860,CNKI,https://link.cnki.net/doi/10.26914/c.cnkihy.2024.047163,kept,,2024,花立春,10.26914/c.cnkihy.2024.047163,,2,,降结肠系膜旁儿童副脾蒂部多圈扭转伴坏死2例并文献复习
WS1861,Wanfang,https://d.wanfangdata.com.cn/periodical/CiBQZXJpb2RpY2FsQ0hJU29scjkyMDI2MDkxNTE0MjIxORIRZnl5eGR6enoyMDI0MDUwMDgaCGliMWIydWh6,kept,T2 title+author+year,2024,李拴玲,10.3969/j.issn.2095-5340.2024.05.008,12,369,发育医学电子杂志,儿童脾扭转诊治的单中心回顾性研究
WS1861,CNKI,https://kns.cnki.net/kcms2/article/abstract?v=DgjXjbKQq8egD00ofAu1SfTos0AFuzNO_SJf2X82p2oud8El5YHJhUDZWQJIVZovXh8GFn5i67WUVT2FI_xQUWhzAy0lyt92qkQfvWOm_dIFi3d7i3PkGC7Yfn_KX2EYz6LsWk9XtThRkeMkhqVEagySO6L9_R079VoNSf1cqCSWu88tiTJJww39LwbkXJFI&uniplatform=NZKPT&language=CHS,duplicate,,2024,李拴玲,,12,369,发育医学电子杂志,儿童脾扭转诊治的单中心回顾性研究
WS1861,CBM,2024495969,duplicate,T2 title+author+year,2024,李拴玲,,12,369,发育医学电子杂志,儿童脾扭转诊治的单中心回顾性研究
WS1862,Wanfang,https://d.wanfangdata.com.cn/periodical/CiBQZXJpb2RpY2FsQ0hJU29scjkyMDI2MDkxNTE0MjIxORIQZ2R5d2t6ejIwMjQwNjAxNhoIaWIxYjJ1aHo%3D,kept,T2 title+author+year,2024,黄小燕,10.11952/j.issn.1007-1954.2024.06.011,36,378,肝胆胰外科杂志,儿童游离脾伴脾蒂及胰尾扭转一例
WS1862,CNKI,https://kns.cnki.net/kcms2/article/abstract?v=DgjXjbKQq8cW3RHDxJhqsobfnUPvc_Z2ce7ViGsTXN8hyvdLjp-yPQDRY6rOOHgUSgDGo3eAeTMQDvZzNN_AGBQ4sJ_3LugOzNB5xwYZTQeXN5Fl4dPy8Z1UzsZ0A6rBPkp8_NcOYX97Bv4RMLZ2Q5cm_YMezW7Fpt3VIoBoN-OmAh4ANRHR1f6BuSxNWQMQ&uniplatform=NZKPT&language=CHS,duplicate,,2024,黄小燕,,36,378,肝胆胰外科杂志,儿童游离脾伴脾蒂及胰尾扭转一例
WS1862,CBM,2024376714,duplicate,T3 similar title+author+year,2024,黄小燕,,36,378,肝胆胰外科杂志,儿童游离脾伴脾蒂及胰尾扭转1例
WS1863,Wanfang,https://d.wanfangdata.com.cn/periodical/CiBQZXJpb2RpY2FsQ0hJU29scjkyMDI2MDkxNTE0MjIxORIUemdwd2pjeWxjenoyMDI0MDUwMTAaCGliMWIydWh6,kept,T2 title+author+year,2024,常恩慧,10.7507/1007-9424.202402017,31,575,中国普外基础与临床杂志,病例分析:肝内异位脾种植的影像特征
WS1863,CNKI,https://kns.cnki.net/kcms2/article/abstract?v=DgjXjbKQq8eJd6bYkW_miFqshBhSIJbMlv0SVJOKAARdyAKyl70GBQ22AskYw7RJsY4FlF5rMgtE-UZPl5dYE3xLL1rdW3sYsG-5-a10ME9DFSCned4v6OhR4py2aajibwc-E8nZdcXeJe7N9clOis-xqrnaFg4c9KUfzJzPZ70pJyUx-INx-t_GSJzC-OcX&uniplatform=NZKPT&language=CHS,duplicate,,2024,常恩慧,,31,575,中国普外基础与临床杂志,病例分析：肝内异位脾种植的影像特征
WS1863,CBM,2024343194,duplicate,T2 title+author+year,2024,常恩慧,,31,575,中国普外基础与临床杂志,病例分析:肝内异位脾种植的影像特征
WS1864,CNKI,https://link.cnki.net/doi/10.27115/d.cnki.glygc.2024.000527,kept,,2024,陈彩琴,10.27115/d.cnki.glygc.2024.000527,,,,脾脏摘除术对犬健康的影响及其临床应用
WS1864,Wanfang,https://d.wanfangdata.com.cn/thesis/Ch1UaGVzaXNOZXdTb2xyOVMyMDI2MDkxNjA5NDMzMhIJRDA0MDE4MjY0GghpYjFiMnVoeg%3D%3D,duplicate,T2 title+author+year,2024,陈彩琴,,,,,脾脏摘除术对犬健康的影响及其临床应用
WS1865,Wanfang,https://d.wanfangdata.com.cn/periodical/CiBQZXJpb2RpY2FsQ0hJU29scjkyMDI2MDkxNTE0MjIxORIQemRibHh6ejIwMjQwMzAyNRoIaWIxYjJ1aHo%3D,kept,T2 title+author+year,2024,王研静,10.3969/j.issn.1007-8096.2024.03.024,31,264,诊断病理学杂志,肝内异位脾1例及文献复习
WS1865,CNKI,https://kns.cnki.net/kcms2/article/abstract?v=DgjXjbKQq8d7p_11Aei_-OAwM62_8fuLY7NonzbuL_yy_XzjECp5DQjMncwP-f0hnR4Pit-NpOBcCu8F6hHMaQ9lVp6j3PEgXkM6x5HDWKiWiqASOhOm03a4LxBtbgfQ-sCtUAM2N1RaEeCXt8Cs9QSKjJ-lw_TMw5RJeqAi2n9R-8_m3YZp7T6Wx7zecWON&uniplatform=NZKPT&language=CHS,duplicate,,2024,王研静,,31,264,诊断病理学杂志,肝内异位脾1例及文献复习
WS1865,CBM,2024371460,duplicate,T2 title+author+year,2024,王研静,,31,264,诊断病理学杂志,肝内异位脾1例及文献复习
WS1866,CNKI,https://link.cnki.net/doi/10.19338/j.issn.1672-2019.2023.11.017,kept,,2023,王苏皖,10.19338/j.issn.1672-2019.2023.11.017,31,90,中国医学工程,15例胃内异位脾的临床特征分析
WS1866,CBM,2024102623,duplicate,T2 title+author+year,2023,王苏皖,,31,90,中国医学工程,15例胃内异位脾的临床特征分析
WS1867,Wanfang,https://d.wanfangdata.com.cn/periodical/CiBQZXJpb2RpY2FsQ0hJU29scjkyMDI2MDkxNTE0MjIxORIRemdjc3l4enoyMDIzMTEwMzIaCGliMWIydWh6,kept,T2 title+author+year,2023,赵娜,10.3969/j.issn.1002-0101.2023.11.032,39,1301,中国超声医学杂志,超声诊断新生儿及婴儿副脾梗死的价值
WS1867,CNKI,https://kns.cnki.net/kcms2/article/abstract?v=DgjXjbKQq8cmK1IJpeJQP9Wq4_SIZ6VIP7TIi2UQc_4nMm2wsNRMgstjPtbZ6M4Ed_Hc4Mxx-aqPVZ1dD3Tyt5OZAWg-LUqZRHiqvTHBH6rlxFUkbf3P2N-dG2TH3TAwuz3idssmDLjyWKAWZhAt4rmOtxvmmqodnJyWTviA9L4XsFO2o_cArbLjAx_YlCMA&uniplatform=NZKPT&language=CHS,duplicate,,2023,赵娜,,39,1301,中国超声医学杂志,超声诊断新生儿及婴儿副脾梗死的价值
WS1867,CBM,2024149760,duplicate,T2 title+author+year,2023,赵娜,,39,1301,中国超声医学杂志,超声诊断新生儿及婴儿副脾梗死的价值
WS1868,Wanfang,https://d.wanfangdata.com.cn/periodical/CiBQZXJpb2RpY2FsQ0hJU29scjkyMDI2MDkxNTE0MjIxORINY3R0YTIwMjMwNjAxMhoIaWIxYjJ1aHo%3D,kept,T1 DOI,2023,李耀辉,10.15953/j.ctta.2023.018,32,799,CT理论与应用研究,CT诊断脾扭转伴胰尾扭转临床案例分析
WS1868,CNKI,https://link.cnki.net/doi/10.15953/j.ctta.2023.018,duplicate,,2023,李耀辉,10.15953/j.ctta.2023.018,32,799,CT理论与应用研究,CT诊断脾扭转伴胰尾扭转临床案例分析
WS1868,CBM,2024140206,duplicate,T2 title+author+year,2023,李耀辉,,32,799,CT理论与应用研究,CT诊断脾扭转伴胰尾扭转临床案例分析
WS1869,Wanfang,https://d.wanfangdata.com.cn/periodical/CiBQZXJpb2RpY2FsQ0hJU29scjkyMDI2MDkxNTE0MjIxORIQZnFqd2t6ejIwMjMxMDAxOBoIaWIxYjJ1aHo%3D,kept,T1 DOI,2023,于斐,10.13499/j.cnki.fqjwkzz.2023.10.799,28,799,腹腔镜外科杂志,游走脾伴蒂扭转1例
WS1869,CNKI,https://link.cnki.net/doi/10.13499/j.cnki.fqjwkzz.2023.10.799,duplicate,,2023,于斐,10.13499/j.cnki.fqjwkzz.2023.10.799,28,799,腹腔镜外科杂志,游走脾伴蒂扭转1例
WS1869,CBM,2024138553,duplicate,T2 title+author+year,2023,于斐,,28,799,腹腔镜外科杂志,游走脾伴蒂扭转1例
WS1870,Wanfang,https://d.wanfangdata.com.cn/periodical/CiBQZXJpb2RpY2FsQ0hJU29scjkyMDI2MDkxNTE0MjIxORIPemhwdHdrMjAyMzA5MDExGghpYjFiMnVoeg%3D%3D,kept,T2 title+author+year,2023,张金山,10.3760/cma.j.cn113855-20230217-00066,38,695,中华普通外科杂志,“十字”切口型腹膜囊袋脾固定术治疗先天性游走脾伴扭转
WS1870,CNKI,https://kns.cnki.net/kcms2/article/abstract?v=DgjXjbKQq8cbeHWwRM8eAYHcJ1i0T9IxzqCo9Ghy1OYKhWLqiXyaAtRozRriHOy1DpJMH9T0DAS6YbtlAz-SJsDDt86Yu0HjaQTMpctUEABR-tQ-j-OeETtnGuRnrA4t8UoIttxDaSScTCl80VLRxm61wGsplENO8PiQfEloUc03Is1h2AF-Ng==&uniplatform=NZKPT&language=CHS,duplicate,,2023,张金山,,38,695,中华普通外科杂志,“十字”切口型腹膜囊袋脾固定术治疗先天性游走脾伴扭转
WS1870,CBM,2024101590,duplicate,T2 title+author+year,2023,张金山,,38,695,中华普通外科杂志,“十字”切口型腹膜囊袋脾固定术治疗先天性游走脾伴扭转
WS1871,Wanfang,https://d.wanfangdata.com.cn/periodical/CiBQZXJpb2RpY2FsQ0hJU29scjkyMDI2MDkxNTE0MjIxORITemd4ZHB0d2tqejIwMjMwOTAxORoIaWIxYjJ1aHo%3D,kept,T2 title+author+year,2023,王秋菊,10.3969/j.issn.1009-9905.2023.09.019,26,737,中国现代普通外科进展,儿童游走脾伴蒂扭转、脾梗死1例
WS1871,CNKI,https://kns.cnki.net/kcms2/article/abstract?v=DgjXjbKQq8f4c642P0-TpM83jbvly-vhHKMHdlU4sjIXgBImqDyGbp9sOWhFvgIeMzvMDIcpBxNRZ8pNXMb783NAVrE1l3QWJQHUgr-3kDkywi79b9H9RNQ_Vdioh9eObNzbIG8Lmc8UeAQkN4s_0gGMI_ua5sZ5dkArHkliNVUZV-OQlj8IDALdsKsm0jsY&uniplatform=NZKPT&language=CHS,duplicate,,2023,王秋菊,,26,737,中国现代普通外科进展,儿童游走脾伴蒂扭转、脾梗死1例
WS1871,CBM,2023452477,duplicate,T2 title+author+year,2023,王秋菊,,26,737,中国现代普通外科进展,儿童游走脾伴蒂扭转、脾梗死1例
WS1872,Wanfang,https://d.wanfangdata.com.cn/periodical/CiBQZXJpb2RpY2FsQ0hJU29scjkyMDI2MDkxNTE0MjIxORIPemd4Y3l5MjAyMzE3MDI0GghpYjFiMnVoeg%3D%3D,kept,T2 title+author+year,2023,韩晓静,10.3969/j.issn.1006-5180.2023.17.024,30,55,中国乡村医药,内镜全层切除术治疗胃底异位脾1例
WS1872,CNKI,https://link.cnki.net/doi/10.19542/j.cnki.1006-5180.007480,duplicate,,2023,韩晓静,10.19542/j.cnki.1006-5180.007480,30,55,中国乡村医药,内镜全层切除术治疗胃底异位脾1例
WS1872,CBM,2023397248,duplicate,T2 title+author+year,2023,韩晓静,,30,55,中国乡村医药,内镜全层切除术治疗胃底异位脾1例
WS1873,CNKI,https://link.cnki.net/doi/10.20258/j.cnki.1006-9011.2023.07.055,kept,,2023,包惠桢,10.20258/j.cnki.1006-9011.2023.07.055,33,1180,医学影像学杂志,腹膜后异位脾18F-FDG PET/CT显像1例
WS1873,Wanfang,https://d.wanfangdata.com.cn/periodical/CiBQZXJpb2RpY2FsQ0hJU29scjkyMDI2MDkxNTE0MjIxORIQeXh5eHh6ejIwMjMwNzAxNRoIaWIxYjJ1aHo%3D,duplicate,T2 title+author+year,2023,包惠桢,,33,1180,医学影像学杂志,腹膜后异位脾18 F-FDG PET/CT显像1例
WS1873,CBM,2023385350,duplicate,T2 title+author+year,2023,包惠桢,,33,1180,医学影像学杂志,腹膜后异位脾^(18)F-FDG PET/CT显像1例
WS1874,Wanfang,https://d.wanfangdata.com.cn/periodical/CiBQZXJpb2RpY2FsQ0hJU29scjkyMDI2MDkxNTE0MjIxORISemd5eHl4eHp6MjAyMzA1MDE2GghpYjFiMnVoeg%3D%3D,kept,T2 title+author+year,2023,徐媛,10.3969/j.issn.1005-5185.2023.05.016,31,515,中国医学影像学杂志,肝内脾种植1例
WS1874,CNKI,https://kns.cnki.net/kcms2/article/abstract?v=DgjXjbKQq8eqzCuEseKxARor2bCplblWfdoY7mdFmt9aGvsK2xedSiLVjHcXmqR88tQl65k2dUXTK1BHhGEbw3eosbHy-NoKt0M1nDvGuk0uQh8742hmV8qyuZqCKiU7CkNbSLnLXkFEKbI5OdTrcQpjKFi-y8M0j2iq1iLZ5cpLw-fy7sstn_H7SpIgWBmn&uniplatform=NZKPT&language=CHS,duplicate,,2023,徐媛,,31,515,中国医学影像学杂志,肝内脾种植1例
WS1875,Wanfang,https://d.wanfangdata.com.cn/periodical/CiBQZXJpb2RpY2FsQ0hJU29scjkyMDI2MDkxNTE0MjIxORIPemhwdHdrMjAyMzAzMDEzGghpYjFiMnVoeg%3D%3D,kept,T2 title+author+year,2023,吴宝强,10.3760/cma.j.cn113855-20220219-00095,38,214,中华普通外科杂志,吲哚菁绿荧光腹腔镜下右肝种植脾切除1例
WS1875,CNKI,https://kns.cnki.net/kcms2/article/abstract?v=DgjXjbKQq8e_mZniODrywVWHEPYwpJKzHqcfm270xh-zjvzQ15g4lykNtW68gwk8Fe6YDzNgRU0V5GN7FL9SPKYmo8C7gdDNy-59rDEGG1OYj2CYtknItjcEps5F0Q7GNGolOQtNwcde7gj0Tvj1zKWbhqN6pXcbUHir92OgqVUC6qL9o2X12Q==&uniplatform=NZKPT&language=CHS,duplicate,,2023,吴宝强,,38,214,中华普通外科杂志,吲哚菁绿荧光腹腔镜下右肝种植脾切除1例
WS1876,CNKI,https://link.cnki.net/urlid/51.1505.R.20230307.1651.018,kept,,2023,王娅,,30,539,中国普外基础与临床杂志,病例分析——CT及MR表现类似肝细胞癌的肝内种植脾1例
WS1876,CBM,2023354207,duplicate,T2 title+author+year,2023,王娅,,30,539,中国普外基础与临床杂志,病例分析——CT及MR表现类似肝细胞癌的肝内种植脾1例
WS1877,CNKI,https://kns.cnki.net/kcms2/article/abstract?v=DgjXjbKQq8chcDCj4aSMoLjWICn1vqbh_kFWxhnktbaN1o8QM4Wtri8Thi25N7At3_9C9BzMKtwUAfnlhS3ci7S5286G6rcY5431mfOcq6BUURjrd55J-s5rXDvGsDSJvI2AgbVbwEvJA5nvvGhPS2DixKXW-1U2XnTudQ86w8X5M5Ci2WPpgf2z5GfKOK3O&uniplatform=NZKPT&language=CHS,kept,,2023,张河勇,,74,29,中国蜂业,中蜂桶的栅档与巢虫之关系
WS1878,CNKI,https://link.cnki.net/doi/10.20258/j.cnki.1006-9011.2023.02.052,kept,,2023,卜碧玉,10.20258/j.cnki.1006-9011.2023.02.052,33,357,医学影像学杂志,腹膜后异位脾罕见影像表现1例
WS1878,Wanfang,https://d.wanfangdata.com.cn/periodical/CiBQZXJpb2RpY2FsQ0hJU29scjkyMDI2MDkxNTE0MjIxORIQeXh5eHh6ejIwMjMwMjA1MxoIaWIxYjJ1aHo%3D,duplicate,T2 title+author+year,2023,卜碧玉,,33,357,医学影像学杂志,腹膜后异位脾罕见影像表现1例
WS1878,CBM,2023206912,duplicate,T2 title+author+year,2023,卜碧玉,,33,357,医学影像学杂志,腹膜后异位脾罕见影像表现1例
WS1879,Wanfang,https://d.wanfangdata.com.cn/periodical/CiBQZXJpb2RpY2FsQ0hJU29scjkyMDI2MDkxNTE0MjIxORIRemdwdHdrenoyMDIzMDEwMDgaCGliMWIydWh6,kept,T2 title+author+year,2023,段克才,10.7659/j.issn.1005-6947.2023.01.008,32,94,中国普通外科杂志,肝内异位脾种植6例报告并文献复习
WS1879,CNKI,https://kns.cnki.net/kcms2/article/abstract?v=DgjXjbKQq8epIN6tdWAgag2VnOyZ5_5sTjq_fUuBljXbdDmkPYtPa-TdG-6R_DNbauAOhS-iBlei_af-8zFTtHP5s86PomNne8mk0n1KQkVce-LNkTxqMyXs8pwzHwEcEdNljOlTGAYoezIhVS_GYesqOwE04ydtJU_GYn5tYtgWPgr6oKRHRRGHGlhOcp5s&uniplatform=NZKPT&language=CHS,duplicate,,2023,段克才,,32,94,中国普通外科杂志,肝内异位脾种植6例报告并文献复习
WS1879,CBM,2023191345,duplicate,T2 title+author+year,2023,段克才,,32,94,中国普通外科杂志,肝内异位脾种植6例报告并文献复习
WS1880,Wanfang,https://d.wanfangdata.com.cn/periodical/CiBQZXJpb2RpY2FsQ0hJU29scjkyMDI2MDkxNTE0MjIxORIRZ2p5eXdzZGIyMDIzMDIwMzAaCGliMWIydWh6,kept,T2 title+author+year,2023,侯国旗,10.3760/cma.j.issn.1007-1245.2023.02.030,29,272,国际医药卫生导报,胃底异位脾种植合并胃角高级别上皮内瘤变内镜下治疗1例并文献复习
WS1880,CNKI,https://kns.cnki.net/kcms2/article/abstract?v=DgjXjbKQq8c6awIVBJ_VSRrF4qYdnscJreDeXgG9GZVUFRXPH6EaZQt4c454LG3QKSoi5dNe_7A74X0vRAYhhEcFpSN5aXPIw5UIJdyDxibmIYEQuFaMUPuhF1vArUtOCnn71xi0u35-JeKS0nQMyurY32XU9TkS08ke1_in0jaXnOq-MZemaA==&uniplatform=NZKPT&language=CHS,duplicate,,2023,侯国旗,,29,272,国际医药卫生导报,胃底异位脾种植合并胃角高级别上皮内瘤变内镜下治疗1例并文献复习
WS1880,CBM,2023147464,duplicate,T2 title+author+year,2023,侯国旗,,29,272,国际医药卫生导报,胃底异位脾种植合并胃角高级别上皮内瘤变内镜下治疗1例并文献复习
WS1881,CNKI,https://kns.cnki.net/kcms2/article/abstract?v=DgjXjbKQq8e3YDs5okobksiKsD4RIKplxI-t7CgpbDLmWgR3FF0j5EPwcegrwKyBCJKfAIIFuyI-Fd8Vy6YfzL5X1u8ieS4WpX3lb_z-JrUOxDkOZTnEpnukKgAIs6uOL7iFIYHqMZj3lyVzjU7tRMTwGmL3auDZkp4SjHeMgEubLfCliS4Dt6n3s6M4CyDi&uniplatform=NZKPT&language=CHS,kept,,2022,荣雪飞,,35,563,传染病信息,肝脏脾植入误诊为肝细胞癌1例
WS1882,Wanfang,https://d.wanfangdata.com.cn/periodical/CiBQZXJpb2RpY2FsQ0hJU29scjkyMDI2MDkxNTE0MjIxORINd2p5eDIwMjIxMjAxNhoIaWIxYjJ1aHo%3D,kept,T2 title+author+year,2022,杜明华,10.3969/j.issn.1004-3594.2022.12.016,33,1073,武警医学,游走脾急腹症1例
WS1882,CNKI,https://link.cnki.net/doi/10.14010/j.cnki.wjyx.2022.12.005,duplicate,,2022,杜明华,10.14010/j.cnki.wjyx.2022.12.005,33,1073,武警医学,游走脾急腹症1例
WS1882,CBM,2023273613,duplicate,T2 title+author+year,2022,杜明华,,33,1073,武警医学,游走脾急腹症1例
WS1883,Wanfang,https://d.wanfangdata.com.cn/periodical/CiBQZXJpb2RpY2FsQ0hJU29scjkyMDI2MDkxNTE0MjIxORISbGNwd2tkenp6MjAyMjAzMDUwGghpYjFiMnVoeg%3D%3D,kept,T2 title+author+year,2022,祝路民,10.3969/j.issn.2095-5308.2022.03.050,10,192,临床普外科电子杂志,1例异位脾种植到第二肝门的临床病例报道
WS1883,CNKI,https://kns.cnki.net/kcms2/article/abstract?v=DgjXjbKQq8co8DKwulh_E4h9LPA-m3qIvilV4S7hdxIQTA7MkPI-dqIvLw6J1AfjHN6d7chyHwtoRC2PXnlv21pMoS_aWU9voJDaBNbb6OLbumsRhDltyMEd-6Qqu2tSmp8-6YqlNNZOwnPQ-cGAKMHD4VwIxsykl1EMWEgT_6ebn4jRPnpfY5UNb7A8taD2&uniplatform=NZKPT&language=CHS,duplicate,,2022,祝路民,,10,192,临床普外科电子杂志,1例异位脾种植到第二肝门的临床病例报道
WS1883,CBM,2022474080,duplicate,T2 title+author+year,2022,祝路民,,10,192,临床普外科电子杂志,1例异位脾种植到第二肝门的临床病例报道
WS1884,Wanfang,https://d.wanfangdata.com.cn/periodical/CiBQZXJpb2RpY2FsQ0hJU29scjkyMDI2MDkxNTE0MjIxORITemd4ZHB0d2tqejIwMjIwNTAwMhoIaWIxYjJ1aHo%3D,kept,T2 title+author+year,2022,陈冠宇,10.3969/j.issn.1009-9905.2022.05.002,25,342,中国现代普通外科进展,降结肠内异位脾种植1例
WS1884,CNKI,https://kns.cnki.net/kcms2/article/abstract?v=DgjXjbKQq8d6aHsTd6C1BHgDu4I6VURP0PGzAPD7cHrlh3L1DH0qS8hLYb-9atkJBvwPvnGUGzoapzgNSw-XSVAJGf8_NtP7USJw-b6zGcCoOeamw_um2MA1imRH4dTCr7m3f36D5avfesyFJw6z1kSnBb7ZFH4ttmhuGzSrWmHlhcwtDSMjmC3r5vAcR9t5&uniplatform=NZKPT&language=CHS,duplicate,,2022,陈冠宇,,25,342,中国现代普通外科进展,降结肠内异位脾种植1例
WS1884,CBM,2022321103,duplicate,T2 title+author+year,2022,陈冠宇,,25,342,中国现代普通外科进展,降结肠内异位脾种植1例
WS1885,CNKI,https://kns.cnki.net/kcms2/article/abstract?v=DgjXjbKQq8esSm7ozG-Xi9yosk7FdbrHj5I1IL4-5HE0q9byLLlSvDcVz9RaXZsgImwDlcQSm24HQvak9a6rf6qUXt2_GZ4XrnEsPie-cdhuZDi1DQJfLT06YdR1U8OvlHWw5-_2SgjL1OtV0HHFrREvWiHMsm6ckcyQ5HZujZ0r-ai8lxaetAo4YWNX5TDj&uniplatform=NZKPT&language=CHS,kept,,2022,胡自力,,11,209,中华肝脏外科手术学电子杂志,脾脏异位肝细胞癌一例
WS1885,CBM,2022284512,duplicate,T3 similar title+author+year,2022,胡自力,,11,209,中华肝脏外科手术学电子杂志,脾脏异位肝细胞癌1例
WS1885,Wanfang,https://d.wanfangdata.com.cn/periodical/CiBQZXJpb2RpY2FsQ0hJU29scjkyMDI2MDkxNTE0MjIxORIWemhnendrc3N4ZHp6ejIwMjIwMjAyMBoIaWIxYjJ1aHo%3D,duplicate,T2 title+author+year,2022,胡自力,10.3877/cma.j.issn.2095-3232.2022.02.020,11,209,中华肝脏外科手术学电子杂志,脾脏异位肝细胞癌一例
WS1886,CNKI,https://kns.cnki.net/kcms2/article/abstract?v=DgjXjbKQq8fYpcjImvlPHAX47iIBa3eNUNdHPToMezYHWelKTmDNFuYxqEElvbdPRnMni2mMVAND0HJKQzkjnUjBtDqXcgg23aK9Iu2wPYff1M_d6-wsjOaCUmtIujSnqrAtHX29Ryb9O87XTzKRzgHRPWwr8dy3lOK-ZAYB5yh97TNgepWLkEeqo6F0czoy&uniplatform=NZKPT&language=CHS,kept,,2022,骆婧文,,,4,畜牧兽医科学(电子版),一例猫肾脏恶性淋巴瘤病例分析
WS1887,Wanfang,https://d.wanfangdata.com.cn/periodical/CiBQZXJpb2RpY2FsQ0hJU29scjkyMDI2MDkxNTE0MjIxORISaGJtdHl4eXhiMjAyMjAyMDEyGghpYjFiMnVoeg%3D%3D,kept,T1 DOI,2022,李盖,10.19539/j.cnki.2095-2694.2022.02.012,24,159,华北理工大学学报（医学版）,CT引导下肝异位脾脏穿刺1例
WS1887,CNKI,https://link.cnki.net/doi/10.19539/j.cnki.2095-2694.2022.02.012,duplicate,,2022,李盖,10.19539/j.cnki.2095-2694.2022.02.012,24,159,华北理工大学学报(医学版),CT引导下肝异位脾脏穿刺1例
WS1887,CBM,2022270433,duplicate,T2 title+author+year,2022,李盖,,24,159,华北理工大学学报·医学版,CT引导下肝异位脾脏穿刺1例
WS1888,Wanfang,https://d.wanfangdata.com.cn/periodical/CiBQZXJpb2RpY2FsQ0hJU29scjkyMDI2MDkxNTE0MjIxORIPemd4Y3l5MjAyMjA2MDI0GghpYjFiMnVoeg%3D%3D,kept,T2 title+author+year,2022,葛淑琼,10.3969/j.issn.1006-5180.2022.06.024,29,49,中国乡村医药,内镜黏膜下挖除术治疗胃底异位脾2例并文献复习
WS1888,CNKI,https://link.cnki.net/doi/10.19542/j.cnki.1006-5180.006087,duplicate,,2022,葛淑琼,10.19542/j.cnki.1006-5180.006087,29,49,中国乡村医药,内镜黏膜下挖除术治疗胃底异位脾2例并文献复习
WS1888,CBM,2022251039,duplicate,T2 title+author+year,2022,葛淑琼,,29,49,中国乡村医药,内镜黏膜下挖除术治疗胃底异位脾2例并文献复习
WS1889,CNKI,https://kns.cnki.net/kcms2/article/abstract?v=DgjXjbKQq8c4gc3Xn2YXP9Eyv60yMh_amZMa625Nf5ymF5BsO3RKW5WJjKjYobMghBNXHLTBIbN6JhqU6YXD15v1ONjUF3p6HVugNauCrUhIYwu1wve9AFA3D8684L9l-v2DaWKW5R_xFTI1yU5Wks7bab7RKFVFL1_tBk7r9g8vGPKnrlELzOHbfpSHSlRE&uniplatform=NZKPT&language=CHS,kept,,2021,史素君,,37,1200,中国超声医学杂志,婴儿副脾扭转坏死超声误诊为肠源性囊肿1例
WS1889,CBM,2021556874,duplicate,T2 title+author+year,2021,史素君,,37,1200,中国超声医学杂志,婴儿副脾扭转坏死超声误诊为肠源性囊肿1例
WS1890,Wanfang,https://d.wanfangdata.com.cn/periodical/CiBQZXJpb2RpY2FsQ0hJU29scjkyMDI2MDkxNTE0MjIxORIRemdzeXdrenoyMDIxMDgwMjAaCGliMWIydWh6,kept,T1 DOI,2021,陈冠球,10.19538/j.cjps.issn1005-2208.2021.08.20,41,928,中国实用外科杂志,异位脾种植误诊为腹膜后肿瘤5例诊治体会
WS1890,CNKI,https://link.cnki.net/doi/10.19538/j.cjps.issn1005-2208.2021.08.20,duplicate,,2021,陈冠球,10.19538/j.cjps.issn1005-2208.2021.08.20,41,928,中国实用外科杂志,异位脾种植误诊为腹膜后肿瘤5例诊治体会
WS1890,CBM,2021474894,duplicate,T2 title+author+year,2021,陈冠球,,41,928,中国实用外科杂志,异位脾种植误诊为腹膜后肿瘤5例诊治体会
WS1891,Wanfang,https://d.wanfangdata.com.cn/periodical/CiBQZXJpb2RpY2FsQ0hJU29scjkyMDI2MDkxNTE0MjIxORIRemdzeXdrenoyMDIxMDcwMjQaCGliMWIydWh6,kept,T1 DOI,2021,周戊喜,10.19538/j.cjps.issn1005-2208.2021.07.24,41,835,中国实用外科杂志,肝内异位脾1例报告
WS1891,CNKI,https://link.cnki.net/doi/10.19538/j.cjps.issn1005-2208.2021.07.24,duplicate,,2021,周戊喜,10.19538/j.cjps.issn1005-2208.2021.07.24,41,835,中国实用外科杂志,肝内异位脾1例报告
WS1891,CBM,2021423016,duplicate,T2 title+author+year,2021,周戊喜,,41,835,中国实用外科杂志,肝内异位脾1例报告
WS1892,Wanfang,https://d.wanfangdata.com.cn/periodical/CiBQZXJpb2RpY2FsQ0hJU29scjkyMDI2MDkxNTE0MjIxORIPeXNqeHp6MjAyMTA2MDE5GghpYjFiMnVoeg%3D%3D,kept,T2 title+author+year,2021,陈媛,10.3760/cma.j.cn115455-20200318-00314,44,571,中国医师进修杂志,游走脾合并胃扭转、左侧膈疝一例报告并文献复习
WS1892,CNKI,https://kns.cnki.net/kcms2/article/abstract?v=DgjXjbKQq8eEKRi-3HqNF_NClrXvV-FT5eQn21OGkjzOSFapOWnJLbgigqVpUofMIijIL8OwFe7Sku1sScZ_YhxmljCwbjqb095J5RBSu8sdEM2MpNiHK2f0ZC9JggyEi0mo0v7vx90tpKQ3VkeQEXRZ_cN9l2_QTOjqYFZIDZ4QEkrs__ahuA==&uniplatform=NZKPT&language=CHS,duplicate,,2021,陈媛,,44,571,中国医师进修杂志,游走脾合并胃扭转、左侧膈疝一例报告并文献复习
WS1892,CBM,2021422313,duplicate,T3 similar title+author+year,2021,陈媛,,44,571,中国医师进修杂志,游走脾合并胃扭转、左侧膈疝1例报告并文献复习
WS1893,Wanfang,https://d.wanfangdata.com.cn/periodical/CiBQZXJpb2RpY2FsQ0hJU29scjkyMDI2MDkxNTE0MjIxORITeXh6ZHlqcmZzeDIwMjEwMjAwOBoIaWIxYjJ1aHo%3D,kept,T2 title+author+year,2021,郑星,10.3969/j.issn.1005-8001.2021.02.006,30,117,影像诊断与介入放射学,腹腔异位脾种植的影像学特征及误诊分析
WS1893,CNKI,https://kns.cnki.net/kcms2/article/abstract?v=DgjXjbKQq8cEuYltBxY7l45IUG2eVv5qsFVM48oOdd0HmA7nEVe_aJTp-1ImxrSNEMHplbPo6_dwj-sMl6ke92WTjVZG0NSEO7ZBGD9fiZ_2mnOR5ItvqoGbdgice4eEh1wsFo5XzO-LBEJTRAkA0yRJk99FwlIHJ4torPDMY5BJ8T6XzUZ-hcr4nPSK9AhH&uniplatform=NZKPT&language=CHS,duplicate,,2021,郑星,,30,117,影像诊断与介入放射学,腹腔异位脾种植的影像学特征及误诊分析
WS1893,CBM,2021321198,duplicate,T2 title+author+year,2021,郑星,,30,117,影像诊断与介入放射学,腹腔异位脾种植的影像学特征及误诊分析
WS1894,Wanfang,https://d.wanfangdata.com.cn/periodical/CiBQZXJpb2RpY2FsQ0hJU29scjkyMDI2MDkxNTE0MjIxORIRbGNjc3l4enoyMDIxMDMwMjgaCGliMWIydWh6,kept,T2 title+author+year,2021,杨薇,10.3969/j.issn.1008-6978.2021.03.028,23,239,临床超声医学杂志,超声诊断儿童脾扭转并副脾扭转1例
WS1894,CNKI,https://link.cnki.net/doi/10.16245/j.cnki.issn1008-6978.2021.03.030,duplicate,,2021,杨薇,10.16245/j.cnki.issn1008-6978.2021.03.030,23,239,临床超声医学杂志,超声诊断儿童脾扭转并副脾扭转1例
WS1894,CBM,2021264303,duplicate,T2 title+author+year,2021,杨薇,,23,239,临床超声医学杂志,超声诊断儿童脾扭转并副脾扭转1例
WS1895,Wanfang,https://d.wanfangdata.com.cn/periodical/CiBQZXJpb2RpY2FsQ0hJU29scjkyMDI2MDkxNTE0MjIxORINZmJ3azIwMjEwMTAxORoIaWIxYjJ1aHo%3D,kept,T2 title+author+year,2021,杨子祯,10.3969/j.issn.1003-5591.2021.01.018,34,76,腹部外科,肝脏及腹腔多发异位脾误诊一例
WS1895,CNKI,https://kns.cnki.net/kcms2/article/abstract?v=DgjXjbKQq8cVocMf40z7d1Y8fLcl7Otg-qoZsBgYPmaos74MAxsnNYSgeLTUxggxZLrggFslGnYpylkCx7MhcoVlStgKbQcXkNqdzlW0lmsF21le9eaQD4kLzEZbR4QHfaaAtLewFToxPmvKCnU3n56agjj0Fs3xxL1rXyPkIhmFtFyWa_e16iC9V_zh01ST&uniplatform=NZKPT&language=CHS,duplicate,,2021,杨子祯,,34,76,腹部外科,肝脏及腹腔多发异位脾误诊一例
WS1895,CBM,2021203336,duplicate,T3 similar title+author+year,2021,杨子祯,,34,76,腹部外科,肝脏及腹腔多发异位脾误诊1例
WS1896,CNKI,https://kns.cnki.net/kcms2/article/abstract?v=DgjXjbKQq8eDkyeNBSI4AuQhz3if2HaOfzTXJm1G-IDoAfLhr6oq26dIGZavjsFFwOt-LgQ4hC4k6cJrbk8FZM7u1mdaWvJCAaAO8t3XMz_NEWlujyOOPN4LDRCOR1F_ShrAQkLOM1-0dlpXpeA_22ajAnXodn75TXBMpABricjpY17G-N6mj3--4khrqcmT&uniplatform=NZKPT&language=CHS,kept,,2021,李萌,,20,6,临床小儿外科杂志,小儿腹腔镜脾切除术操作指南(2020版)
WS1897,Wanfang,https://d.wanfangdata.com.cn/periodical/CiBQZXJpb2RpY2FsQ0hJU29scjkyMDI2MDkxNTE0MjIxORIQZ2R5d2t6ejIwMjEwMTAxMhoIaWIxYjJ1aHo%3D,kept,T2 title+author+year,2021,余洲,10.11952/j.issn.1007-1954.2021.01.011,33,47,肝胆胰外科杂志,游走脾扭转致梗死一例
WS1897,CNKI,https://kns.cnki.net/kcms2/article/abstract?v=DgjXjbKQq8fnbSMPLOOx7-6S5wCXyjRcVsAhnnv78Nlma5nNB93P56bxB56jolT02Y_pUZEqgtBAlxRTZzbPufAsRXeWG8rjn07aBvqlGlei2Xa3_ls-NUn-DENxxz_JksKuToh8c-d_5obno-2MK5C_u1g_TlhFPziRQG1MyNC59PCNZkHbbPE1WkzMaRFV&uniplatform=NZKPT&language=CHS,duplicate,,2021,余洲,,33,47,肝胆胰外科杂志,游走脾扭转致梗死一例
WS1897,CBM,2021183619,duplicate,T3 similar title+author+year,2021,余洲,,33,47,肝胆胰外科杂志,游走脾扭转致梗死1例
WS1898,CNKI,https://link.cnki.net/doi/10.26914/c.cnkihy.2020.073495,kept,,2020,骆洁丽,10.26914/c.cnkihy.2020.073495,,1,,胰腺内的异位副脾伴鳞状上皮囊肿形成:个案报道
WS1899,CNKI,https://kns.cnki.net/kcms2/article/abstract?v=DgjXjbKQq8c3-LJ4N0yc4hSHPThen7SxqJ_q7O80lPclIK4uGMCJaLNbhIdLN4vsVprFeXgZYrOerDdOg1VhJ-BjlNntQGvkhsunTZpVU67F7Qv0aMSNIDBDc6F-ApkwkRQlJIAkWf08I0YCOU5mGiTrJ8zRHFsyjJ-_NmP9Jq1XK42DWJqkBMW7-Xi6L4yp&uniplatform=NZKPT&language=CHS,kept,,2020,刘雪来,,8,286,发育医学电子杂志,连续性脾性腺融合症1例报告并文献复习
WS1900,Wanfang,https://d.wanfangdata.com.cn/periodical/CiBQZXJpb2RpY2FsQ0hJU29scjkyMDI2MDkxNTE0MjIxORIPaHNqYnp6MjAyMDA0MDQyGghpYjFiMnVoeg%3D%3D,kept,T2 title+author+year,2020,马克文,10.3969/j.issn.1009-3257.2020.04.041,27,111,罕少疾病杂志,小肠内异位脾种植1例
WS1900,CNKI,https://kns.cnki.net/kcms2/article/abstract?v=DgjXjbKQq8eTdlsFV95YSczP7eydzisAKFewphHNw33k4IXCJ63tuV3CxaCGbH5ojR-9lWH0avrDzoNZaMWqJu8dsx5WzNJyqejmZabWueXPd7o9Iz3boWEHo04YvTH8T7Vy32v53TeE2SvY4yzA9sBGPRgJ0cqIMWITNJanae6lVsFK1kyZoe41k7PLOOKN&uniplatform=NZKPT&language=CHS,duplicate,,2020,马克文,,27,111,罕少疾病杂志,小肠内异位脾种植1例
WS1900,CBM,2020656514,duplicate,T2 title+author+year,2020,马克文,,27,111,罕少疾病杂志,小肠内异位脾种植1例
WS1901,CNKI,https://kns.cnki.net/kcms2/article/abstract?v=DgjXjbKQq8fb5RfKWvnmNWnrF6J8LCsUYr1NnIAb0DKxIDnIUaHOrae5aa3HBC_WOX2hGV3NxGiNTRixuu-zsGosa74GGMvoiquR83zNAmEly_RfgJ7eoauTjinZNSvY1Yxp2D0eSPPUsY9DrTYKSulloOjXDhE6OoRJFCJokwsou-ImBTMCt1WYLUIFsEm2&uniplatform=NZKPT&language=CHS,kept,,2020,龙新,,28,554,临床外科杂志,肝异位脾脏五例诊治体会
WS1901,CBM,2020596453,duplicate,T3 similar title+author+year,2020,龙新,,,554,临床外科杂志,肝异位脾脏5例诊治体会
WS1902,Wanfang,https://d.wanfangdata.com.cn/periodical/CiBQZXJpb2RpY2FsQ0hJU29scjkyMDI2MDkxNTE0MjIxORITemh4aG5qeno5ODIwMjAwNTAxNRoIaWIxYjJ1aHo%3D,kept,T2 title+author+year,2020,韩泽龙,10.3760/cma.j.cn321463-20191104-01231,37,364,中华消化内镜杂志,内镜黏膜下剥离术治疗胃底异位脾脏一例
WS1902,CNKI,https://kns.cnki.net/kcms2/article/abstract?v=DgjXjbKQq8dOJ7zs2ps1MpJa0ts38ePBNOC-RkOaj81Vbmh9ZhdyZTw6LBIlUhQisI7DZzac4SWePzesa9y6UpkBrPJokECrAWp4uz8wVJtYAuc2_zCEdTWlFzRObBaV2i9ZQY5PWGuu6rmH5Eb4UiQbFmwmw9gUMjYtnhgyKp0UfHkBjaG1YQ==&uniplatform=NZKPT&language=CHS,duplicate,,2020,韩泽龙,,37,364,中华消化内镜杂志,内镜黏膜下剥离术治疗胃底异位脾脏一例
WS1902,CBM,2020507249,duplicate,T3 similar title+author+year,2020,韩泽龙,,37,364,中华消化内镜杂志,内镜黏膜下剥离术治疗胃底异位脾脏1例
WS1903,Wanfang,https://d.wanfangdata.com.cn/periodical/CiBQZXJpb2RpY2FsQ0hJU29scjkyMDI2MDkxNTE0MjIxORIQbGNnZGJ6ejIwMjAwNTA0NxoIaWIxYjJ1aHo%3D,kept,T2 title+author+year,2020,陈家诚,10.3969/j.issn.1001-5256.2020.05.040,36,1131,临床肝胆病杂志,肝内脾异位结节1例报告
WS1903,CNKI,https://kns.cnki.net/kcms2/article/abstract?v=DgjXjbKQq8c2xBy-UOVenxSFR0vNALniRelb9nl8l3TBQYGqfwI-IXJFVwATGGyNeWKeE1ppC7vzf15b-vpp9M8c6UF498xc-YC3lqVLnIcGcrPgk-Cpdu0zbg25iO2g9LY4t5dbDBEUmZHzXMbOmqshzQKbbUL9S97CKB9M6xgxmOH88CjepY55jH7WoRU4&uniplatform=NZKPT&language=CHS,duplicate,,2020,陈家诚,,36,1131,临床肝胆病杂志,肝内脾异位结节1例报告
WS1903,CBM,2020454814,duplicate,T2 title+author+year,2020,陈家诚,,36,1131,临床肝胆病杂志,肝内脾异位结节1例报告
WS1904,Wanfang,https://d.wanfangdata.com.cn/periodical/CiBQZXJpb2RpY2FsQ0hJU29scjkyMDI2MDkxNTE0MjIxORIRbGN4ZXdrenoyMDIwMDMwMDIaCGliMWIydWh6,kept,T2 title+author+year,2020,孙驰,10.3969/j.issn.1671-6353.2020.03.017,19,278,临床小儿外科杂志,腹腔镜梗死脾切除、残余脾腹膜后固定术治疗游走脾扭转2例并文献复习
WS1904,Wanfang,https://d.wanfangdata.com.cn/periodical/CiBQZXJpb2RpY2FsQ0hJU29scjkyMDI2MDkxNTE0MjIxORIRbGN4ZXdrenoyMDIwMDMwMTgaCGliMWIydWh6,duplicate,T1 DOI,2020,孙驰,10.3969/j.issn.1671-6353.2020.03.017,19,278,临床小儿外科杂志,腹腔镜梗死脾切除、残余脾腹膜后固定术治疗游走脾扭转2例并文献复习
WS1904,CNKI,https://kns.cnki.net/kcms2/article/abstract?v=DgjXjbKQq8eeTo3N459bsw-CHCTSkjrm0WMfW-LAupUwXLAAErP-ftHzesdQCI3xed0foZVkVV5TL_mUTfvc-rAu4tNo28ipM1ZGONwXOPM6qY044SfD3yNs1Hb1XL2D5jLJtzV-9T7RLGI1EkWPWX34flbtGarmq6fb4z7rp0UVD7s7VBrkHzr8epEw8Zsd&uniplatform=NZKPT&language=CHS,duplicate,,2020,孙驰,,19,278,临床小儿外科杂志,腹腔镜梗死脾切除、残余脾腹膜后固定术治疗游走脾扭转2例并文献复习
WS1904,CBM,2020436158,duplicate,T2 title+author+year,2020,孙驰,,19,278,临床小儿外科杂志,腹腔镜梗死脾切除、残余脾腹膜后固定术治疗游走脾扭转2例并文献复习
WS1905,Wanfang,https://d.wanfangdata.com.cn/periodical/CiBQZXJpb2RpY2FsQ0hJU29scjkyMDI2MDkxNTE0MjIxORIQZnFqd2t6ejIwMjAwMzAyMBoIaWIxYjJ1aHo%3D,kept,T1 DOI,2020,阮广营,10.13499/j.cnki.fqjwkzz.2020.03.239,25,239,腹腔镜外科杂志,腹腔镜切除异位脾扭转1例报告
WS1905,CNKI,https://link.cnki.net/doi/10.13499/j.cnki.fqjwkzz.2020.03.239,duplicate,,2020,阮广营,10.13499/j.cnki.fqjwkzz.2020.03.239,25,239,腹腔镜外科杂志,腹腔镜切除异位脾扭转1例报告
WS1905,CBM,2020415971,duplicate,T2 title+author+year,2020,阮广营,,25,239,腹腔镜外科杂志,腹腔镜切除异位脾扭转1例报告
WS1906,Wanfang,https://d.wanfangdata.com.cn/periodical/CiBQZXJpb2RpY2FsQ0hJU29scjkyMDI2MDkxNTE0MjIxORIQdHpqamR6dzIwMjAwMzAwNBoIaWIxYjJ1aHo%3D,kept,T2 title+author+year,2020,于一伟,10.3969/j.issn.1001-4713.2020.03.004,23,6,特种经济动植物,一例德国牧羊犬死亡原因分析
WS1906,CNKI,https://kns.cnki.net/kcms2/article/abstract?v=DgjXjbKQq8e2XCLZaXzO_pnfATHbjegvLKeIoBOneL4sHdbR8SGWA8UbHYKBhHN2k6ru_PNzZ7lduNfXIRwaX0asAPgOVYVBcHxwj1pQ4IJKEalhvbdISyDkljwwyPaKol5HmD8EasPgsf_cZBghY6NcHYTXgbpHLpS3BFaWhfhMlGZLiVxuRBP5RTEjyKNN&uniplatform=NZKPT&language=CHS,duplicate,,2020,于一伟,,23,6,特种经济动植物,一例德国牧羊犬死亡原因分析
WS1907,Wanfang,https://d.wanfangdata.com.cn/periodical/CiBQZXJpb2RpY2FsQ0hJU29scjkyMDI2MDkxNTE0MjIxORIPemhwdHdrMjAyMDAyMDI4GghpYjFiMnVoeg%3D%3D,kept,T2 title+author+year,2020,陈家骏,10.3760.cma.j.issn.1007-631x.2020.02.028,35,167,中华普通外科杂志,游走脾伴蒂扭转梗死一例
WS1907,CNKI,https://kns.cnki.net/kcms2/article/abstract?v=DgjXjbKQq8ehZ0vKtKp_QO4bYh8xxo1KlEKOhShL59ZkPeSkJhGXpB6DMXFe6ALV5fBsYXcSZcoTEaW4Ds1JLROg_J7zanh88pBSDwHKBN_95ducRhXUyrQljEtXgFlvy_zF8m8dXTszpBMWgg0z5_ofwqy8f6_4GYZM6Rc1pqZsj5YPBSjEZw==&uniplatform=NZKPT&language=CHS,duplicate,,2020,陈家骏,,35,167,中华普通外科杂志,游走脾伴蒂扭转梗死一例
WS1907,CBM,2020392946,duplicate,T3 similar title+author+year,2020,陈家骏,,35,167,中华普通外科杂志,游走脾伴蒂扭转梗死1例
WS1908,CNKI,https://link.cnki.net/doi/10.13929/j.issn.1003-3289.2020.01.054,kept,,2020,李蕊,10.13929/j.issn.1003-3289.2020.01.054,36,159,中国医学影像技术,婴儿副脾扭转伴坏死1例
WS1908,CBM,2020259524,duplicate,T2 title+author+year,2020,李蕊,,36,159,中国医学影像技术,婴儿副脾扭转伴坏死1例
WS1909,CNKI,https://link.cnki.net/urlid/51.1356.R.20191121.1403.020,kept,,2019,林桑,,34,1329,华西医学,以腰背痛为表现的脾种植一例
WS1910,Wanfang,https://d.wanfangdata.com.cn/periodical/CiBQZXJpb2RpY2FsQ0hJU29scjkyMDI2MDkxNTE0MjIxORIRc2p6eHl5LWUyMDE5OTIyMTcaCGliMWIydWh6,kept,T1 DOI,2019,孙会想,10.19613/j.cnki.1671-3141.2019.92.217,19,328,世界最新医学信息文摘（连续型电子期刊）,一例游离脾伴胃扭转的病例汇报
WS1910,CNKI,https://link.cnki.net/doi/10.19613/j.cnki.1671-3141.2019.92.217,duplicate,,2019,孙会想,10.19613/j.cnki.1671-3141.2019.92.217,19,328,世界最新医学信息文摘,一例游离脾伴胃扭转的病例汇报
WS1910,CBM,2020408019,duplicate,T3 similar title+author+year,2019,孙会想,,,328,世界最新医学信息文摘,1例游离脾伴胃扭转的病例汇报
WS1911,Wanfang,https://d.wanfangdata.com.cn/periodical/CiBQZXJpb2RpY2FsQ0hJU29scjkyMDI2MDkxNTE0MjIxORIRemhvbmdneWYyMDE5MTEwMTMaCGliMWIydWh6,kept,T2 title+author+year,2019,张河勇,10.3969/j.issn.0412-4367.2019.11.013,70,34,中国蜂业,桶养蜂群如何安全转场
WS1911,CNKI,https://kns.cnki.net/kcms2/article/abstract?v=DgjXjbKQq8fnqipZGtfbxCpY03cdj6fKWN2FVQg1oK9-xRcsU6x-Ud7naqTgVhpQW84Ttf71Xo1eir_gNsuaChuWKOUFLHg7RMRLGQiEGLNn7bnVM91j2cIOqo0ZcEcj0tewcwa4FZE_9Dbt3imc4yOzcYvtVHixYW-LuHaHdeu15-Ep7Ha38pSG_0U9-15_&uniplatform=NZKPT&language=CHS,duplicate,,2019,张河勇,,70,34,中国蜂业,桶养蜂群如何安全转场
WS1912,Wanfang,https://d.wanfangdata.com.cn/periodical/CiBQZXJpb2RpY2FsQ0hJU29scjkyMDI2MDkxNTE0MjIxORIRemdzeW5renoyMDE5MTEwMTkaCGliMWIydWh6,kept,T1 DOI,2019,李丹,10.19538/j.nk2019110119,39,1003,中国实用内科杂志,肝内异位脾误诊肝脏肿瘤1例报告
WS1912,CNKI,https://link.cnki.net/doi/10.19538/j.nk2019110119,duplicate,,2019,李丹,10.19538/j.nk2019110119,39,1003,中国实用内科杂志,肝内异位脾误诊肝脏肿瘤1例报告
WS1912,CBM,2020350599,duplicate,T2 title+author+year,2019,李丹,,39,1003,中国实用内科杂志,肝内异位脾误诊肝脏肿瘤1例报告
WS1913,CNKI,https://kns.cnki.net/kcms2/article/abstract?v=DgjXjbKQq8cB1LL_zFGtht9t6-2u8P5E9bWJQGwsoSoZjUII1DEUr9_yo2jFjJtWM8O4KDV8JvbVFMgbcdH83czJ2fQ4M7p3vY3o7FcUgteZHXRste9FaumEmHzDmgwwkmUZ0mgAZUpQDOw8lhLf7p9EvlY9AGjvs5tHLiXnpX51P8uMop9W0Q==&uniplatform=NZKPT&language=CHS,kept,,2019,孙方丽,,36,780,中华消化内镜杂志,内镜黏膜下剥离术治疗胃底异位脾脏一例
WS1913,CBM,2020132840,duplicate,T3 similar title+author+year,2019,孙方丽,,36,780,中华消化内镜杂志,内镜黏膜下剥离术治疗胃底异位脾脏1例
WS1914,Wanfang,https://d.wanfangdata.com.cn/periodical/CiBQZXJpb2RpY2FsQ0hJU29scjkyMDI2MDkxNTE0MjIxORITemdjdGhtcml6ejIwMTkwOTAzMhoIaWIxYjJ1aHo%3D,kept,T2 title+author+year,2019,相丽,10.3969/j.issn.1672-5131.2019.09.032,17,101,中国CT和MRI杂志,腹腔异位脾种植的多层螺旋CT诊断
WS1914,CNKI,https://kns.cnki.net/kcms2/article/abstract?v=DgjXjbKQq8cFW3WPc7CuajN15wdD3IsZIf0SeYzXi6d0HifoahMOHpJ3bpQwjoBaMTTY1wgu5J7UW3Wy9XDXExvttfAkf7pA2JkYSPEzUQ9FH7H8bHx_e_noc_Qk5YjaQ2s0xALwmLJK9jijOiuy0dH7TYDd-8YzyGKMvw0H0PU0TiN9FLTJ-Tjkx_FFRVye&uniplatform=NZKPT&language=CHS,duplicate,,2019,相丽,,17,101,中国CT和MRI杂志,腹腔异位脾种植的多层螺旋CT诊断
WS1914,CBM,2020112117,duplicate,T2 title+author+year,2019,相丽,,,101,中国CT和MRI杂志,腹腔异位脾种植的多层螺旋CT诊断
WS1915,Wanfang,https://d.wanfangdata.com.cn/periodical/CiBQZXJpb2RpY2FsQ0hJU29scjkyMDI2MDkxNTE0MjIxORIRemdzeXdrenoyMDE5MDkwMjgaCGliMWIydWh6,kept,T1 DOI,2019,谢元康,10.19538/j.cjps.issn1005-2208.2019.09.28,39,996,中国实用外科杂志,游走脾并蒂扭转、脾梗死1例报告
WS1915,CNKI,https://link.cnki.net/doi/10.19538/j.cjps.issn1005-2208.2019.09.28,duplicate,,2019,谢元康,10.19538/j.cjps.issn1005-2208.2019.09.28,39,996,中国实用外科杂志,游走脾并蒂扭转、脾梗死1例报告
WS1915,CBM,2020110362,duplicate,T2 title+author+year,2019,谢元康,,,996,中国实用外科杂志,游走脾并蒂扭转、脾梗死1例报告
WS1916,Wanfang,https://d.wanfangdata.com.cn/periodical/CiBQZXJpb2RpY2FsQ0hJU29scjkyMDI2MDkxNTE0MjIxORIRbGNjc3l4enoyMDE5MDgwMDkaCGliMWIydWh6,kept,T2 title+author+year,2019,蔡沁村,10.3969/j.issn.1008-6978.2019.08.009,21,592,临床超声医学杂志,肝内异位脾超声造影表现1例
WS1916,CNKI,https://link.cnki.net/doi/10.16245/j.cnki.issn1008-6978.2019.08.009,duplicate,,2019,蔡沁村,10.16245/j.cnki.issn1008-6978.2019.08.009,21,592,临床超声医学杂志,肝内异位脾超声造影表现1例
WS1916,CBM,2019604359,duplicate,T2 title+author+year,2019,蔡沁村,,21,592,临床超声医学杂志,肝内异位脾超声造影表现1例
WS1917,Wanfang,https://d.wanfangdata.com.cn/periodical/CiBQZXJpb2RpY2FsQ0hJU29scjkyMDI2MDkxNTE0MjIxORIPc2h5eHl4MjAxOTA0MDE3GghpYjFiMnVoeg%3D%3D,kept,T1 DOI,2019,张龙辉,10.19732/j.cnki.2096-6210.2019.04.014,28,283,肿瘤影像学,超微血管显像技术联合超声造影诊断肝内异位脾种植1例
WS1917,CNKI,https://link.cnki.net/doi/10.19732/j.cnki.2096-6210.2019.04.014,duplicate,,2019,张龙辉,10.19732/j.cnki.2096-6210.2019.04.014,28,283,肿瘤影像学,超微血管显像技术联合超声造影诊断肝内异位脾种植1例
WS1917,CBM,2019598189,duplicate,T2 title+author+year,2019,张龙辉,,28,283,肿瘤影像学,超微血管显像技术联合超声造影诊断肝内异位脾种植1例
WS1918,Wanfang,https://d.wanfangdata.com.cn/periodical/CiBQZXJpb2RpY2FsQ0hJU29scjkyMDI2MDkxNTE0MjIxORIPemhjc3l4MjAxOTA4MDE5GghpYjFiMnVoeg%3D%3D,kept,T2 title+author+year,2019,张明会,10.3760/cma.j.issn.1004‐4477.2019.08.018,28,725,中华超声影像学杂志,游走脾发育不良合并腹股沟疝超声表现1例
WS1918,CNKI,https://kns.cnki.net/kcms2/article/abstract?v=DgjXjbKQq8eyKp2ulI4ByxgGdFtcde_hBzdIJcanFjx2UIsIwu5ORInwsJxjjNs9CpY8cpTfIddkrdx8JxbnwlR9pjcu_vBU6W6WVY4lH_CqAKeaXTpo3jDA9LuduSc09Ny_la1J3vc4RrlmjiswN4KA5eqGYZxESFCdMzM6OOOaN0HNF_a00w==&uniplatform=NZKPT&language=CHS,duplicate,,2019,张明会,,28,725,中华超声影像学杂志,游走脾发育不良合并腹股沟疝超声表现1例
WS1918,CBM,2019607297,duplicate,T2 title+author+year,2019,张明会,,28,725,中华超声影像学杂志,游走脾发育不良合并腹股沟疝超声表现1例
WS1919,Wanfang,https://d.wanfangdata.com.cn/periodical/CiBQZXJpb2RpY2FsQ0hJU29scjkyMDI2MDkxNTE0MjIxORITemdqcnl4eXpseDIwMTkwODAxORoIaWIxYjJ1aHo%3D,kept,T1 DOI,2019,屠英暄,10.13929/j.1672-8475.201903024,16,515,中国介入影像与治疗学,肝内异位脾种植超声表现1例
WS1919,CNKI,https://link.cnki.net/doi/10.13929/j.1672-8475.201903024,duplicate,,2019,屠英暄,10.13929/j.1672-8475.201903024,16,515,中国介入影像与治疗学,肝内异位脾种植超声表现1例
WS1919,CBM,2024351312,duplicate,T2 title+author+year,2019,屠英暄,,16,515,中国介入影像与治疗学,肝内异位脾种植超声表现1例
WS1920,Wanfang,https://d.wanfangdata.com.cn/periodical/CiBQZXJpb2RpY2FsQ0hJU29scjkyMDI2MDkxNTE0MjIxORIQZnFqd2t6ejIwMTkwNzAxMhoIaWIxYjJ1aHo%3D,kept,T1 DOI,2019,马继慈,10.13499/j.cnki.fqjwkzz.2019.07.525,24,525,腹腔镜外科杂志,腹腔镜下右肾上腺区异位脾切除1例报告
WS1920,CNKI,https://link.cnki.net/doi/10.13499/j.cnki.fqjwkzz.2019.07.525,duplicate,,2019,马继慈,10.13499/j.cnki.fqjwkzz.2019.07.525,24,525,腹腔镜外科杂志,腹腔镜下右肾上腺区异位脾切除1例报告
WS1920,CBM,2020251517,duplicate,T2 title+author+year,2019,马继慈,,24,525,腹腔镜外科杂志,腹腔镜下右肾上腺区异位脾切除1例报告
WS1921,Wanfang,https://d.wanfangdata.com.cn/periodical/CiBQZXJpb2RpY2FsQ0hJU29scjkyMDI2MDkxNTE0MjIxORIUemdzeWZreWNrenoyMDE5MDYwMjgaCGliMWIydWh6,kept,T1 DOI,2019,龚美琴,10.19538/j.fk2019060128,35,724,中国实用妇科与产科杂志,脾脏异位妊娠1例报告
WS1921,CNKI,https://link.cnki.net/doi/10.19538/j.fk2019060128,duplicate,,2019,龚美琴,10.19538/j.fk2019060128,35,724,中国实用妇科与产科杂志,脾脏异位妊娠1例报告
WS1921,CBM,2019365166,duplicate,T2 title+author+year,2019,龚美琴,,35,724,中国实用妇科与产科杂志,脾脏异位妊娠1例报告
WS1922,CNKI,https://kns.cnki.net/kcms2/article/abstract?v=DgjXjbKQq8foKFNoQo1I1J4gS9p1UDBV7IMgHnejCT0m3Hmn1tjHHakGFbNiu_5ou9ShLRAkJdLJnDSG_D_0MHP2xLsU1KGcrDaWN9jDsbeHyXczA6UflGEYj6edw_vW6keShsDScbuSFg9vKISvS1tf7W5XHieeFLJ9fUmzkjZyE3hN3iO6SdTS9m8FnlIm&uniplatform=NZKPT&language=CHS,kept,,2019,刘佳晖,,18,78,临床小儿外科杂志,儿童阴囊内脾性腺融合1例报告及文献复习
WS1923,Wanfang,https://d.wanfangdata.com.cn/periodical/CiBQZXJpb2RpY2FsQ0hJU29scjkyMDI2MDkxNTE0MjIxORISeXh5anl5eHl5MjAxOTAyMTM2GghpYjFiMnVoeg%3D%3D,kept,T2 title+author+year,2019,李如迅,10.3969/j.issn.2096-3807.2019.02.136,3,196,影像研究与医学应用,腹腔多发异位脾种植1例
WS1923,CNKI,https://kns.cnki.net/kcms2/article/abstract?v=DgjXjbKQq8c3v8g_ZIA7nULIPAoZ_up15RCF12VBqqIniH_j-NMkc5XRw9CM5xaGrhgjWu3O7sCrUf6nSeXsaKj89hlHov3i8DvjwjlZz7RxajOgwGFr5gmWqPsKicbxjR3jEl-tGtLZhA40cY0osmn0Jfh80GzomxJ1nVh6iYz2cbghIRKCCHI7ydD-FVUa&uniplatform=NZKPT&language=CHS,duplicate,,2019,李如迅,,3,196,影像研究与医学应用,腹腔多发异位脾种植1例
WS1923,CBM,2020197567,duplicate,T2 title+author+year,2019,李如迅,,,196,影像研究与医学应用,腹腔多发异位脾种植1例
WS1924,Wanfang,https://d.wanfangdata.com.cn/periodical/CiBQZXJpb2RpY2FsQ0hJU29scjkyMDI2MDkxNTE0MjIxORINcm1qeTIwMTgxMjAyMhoIaWIxYjJ1aHo%3D,kept,T2 title+author+year,2018,傅承蓉,,61,1161,人民军医,盲肠异位脾种植1例
WS1924,CNKI,https://kns.cnki.net/kcms2/article/abstract?v=DgjXjbKQq8cJ03Jbl2aNMz_G7F4W8oR1MQpYHE6Dvfk_szUrb8uUD7FmLNZPeDTtlphVOkBnqbBlqosnNI1bjL6S5ADAgxJL6T8lqZp_wQppH8QezIzFU4PosMJ0NfDz4Pkdp2epK_KhHM3F4nqLQb3RJtmgxz-6V1IxdNoA5qnbuhufvLD2WnxGo0N3Z2I4&uniplatform=NZKPT&language=CHS,duplicate,,2018,傅承蓉,,61,1161,人民军医,盲肠异位脾种植1例
WS1924,CBM,2019210601,duplicate,T2 title+author+year,2018,傅承蓉,,61,1161,人民军医,盲肠异位脾种植1例
WS1925,Wanfang,https://d.wanfangdata.com.cn/periodical/CiBQZXJpb2RpY2FsQ0hJU29scjkyMDI2MDkxNTE0MjIxORITemh4aGJ5eXh6ejIwMTgwNjAxMRoIaWIxYjJ1aHo%3D,kept,T2 title+author+year,2018,王晓瑜,10.3877/cma.j.issn.2095-2015.2018.06.011,8,280,中华消化病与影像杂志（电子版）,脾脏异位种植致胃腔外压误诊为胃底静脉曲张一例
WS1925,CNKI,https://kns.cnki.net/kcms2/article/abstract?v=DgjXjbKQq8e8NM6GYpsG_FgT8B0g0qQaniu7s3VMpaoD2zd6tijQI_4RXF5UOdwso7gXJ52KlgrZCaEKfj2kxSOwsleYhZN7PLw6lxU_mjV1Modr7CHw7HGwaDSCtxwzpxDvgZcwsyji3CmA5cqFioRzUQHT8hoPktmKSuaYRSxqPnUIxiiy1zz2dwODc45y&uniplatform=NZKPT&language=CHS,duplicate,,2018,王晓瑜,,8,280,中华消化病与影像杂志(电子版),脾脏异位种植致胃腔外压误诊为胃底静脉曲张一例
WS1925,CBM,2019142406,duplicate,T3 similar title+author+year,2018,王晓瑜,,8,280,中华消化病与影像杂志·电子版,脾脏异位种植致胃腔外压误诊为胃底静脉曲张1例
WS1926,Wanfang,https://d.wanfangdata.com.cn/conference/CiFDb25mZXJlbmNlTmV3U29scjlTMjAyNjA5MTUwOTMyMzESCDEwMjQ3MTY2GghpYjFiMnVoeg%3D%3D,kept,T2 title+author+year,2018,叶张杰,,,273,,浅谈犬胃扩张-扭转综合征
WS1926,CNKI,https://kns.cnki.net/kcms2/article/abstract?v=DgjXjbKQq8dbbh4qWUc6VwWmKwqwwYYUr34SHZVArkZImQCGyBRw_nd1mLCfoQctMcGI86uM0GO9gqattNJb_Y-q6T7u-a9hdShtptut7g7CZt0w7Lob6yPvSrzpuLCFKjrotwBoLxv4xnHBycpBaQg39il6UjHvBKIJX_4jTUcMkN2YNYpopZFhNyJTd1j4&uniplatform=NZKPT&language=CHS,duplicate,,2018,叶张杰,,,8,,浅谈犬胃扩张-扭转综合征
WS1927,CNKI,https://kns.cnki.net/kcms2/article/abstract?v=DgjXjbKQq8fokngLVLBL-bASEB5JIAlm65EAx-oGEtMnp1YR1pXHWYUL8Ey8Z7KCg5ThjrkhfBd1QseGYPungTuW6JKsTLYOAbVqw0j7N8IUQ8PfZy5NpKT5bonLWifSeNyyz9q3KNWVH8OUfBViwjFzBNCZk4E6aCuLaIKOfiF8QJFpn-jHWQ==&uniplatform=NZKPT&language=CHS,kept,,2018,耿宪杰,,33,971,中华普通外科杂志,T型腹膜囊袋固定术治疗游走脾二例
WS1927,CBM,2019132980,duplicate,T3 similar title+author+year,2018,耿宪杰,,33,971,中华普通外科杂志,T型腹膜囊袋固定术治疗游走脾2例
WS1927,Wanfang,https://d.wanfangdata.com.cn/periodical/CiBQZXJpb2RpY2FsQ0hJU29scjkyMDI2MDkxNTE0MjIxORIPemhwdHdrMjAxODExMDI2GghpYjFiMnVoeg%3D%3D,duplicate,T2 title+author+year,2018,耿宪杰,10.3760/cma.j.issn.1007-631x.2018.11.026,33,971,中华普通外科杂志,T型腹膜囊袋固定术治疗游走脾二例
WS1928,CNKI,https://kns.cnki.net/kcms2/article/abstract?v=DgjXjbKQq8cjsLWATa0lUBhb6T0-_jcM5tgAtLnypzgN-Gz0jteI5woAddRSEaIE7gIlJKAVLnUcYid14zg5V0I1NoNpOST3ok6zZFhnRh3ACg0jYdi8nrG4NwoYwsVwKngpZUHg8X_NsS-RsYxNdmulociEcylsu3_wgE50qGzb5cjze8wk8S8AxziY7vVh&uniplatform=NZKPT&language=CHS,kept,,2018,张向向,,41,562,分子影像学杂志,肾周副脾误诊为肾周血肿:1例报告并文献复习
WS1929,Wanfang,https://d.wanfangdata.com.cn/periodical/CiBQZXJpb2RpY2FsQ0hJU29scjkyMDI2MDkxNTE0MjIxORIPeXNqeHp6MjAxODEwMDE3GghpYjFiMnVoeg%3D%3D,kept,T2 title+author+year,2018,崔冬青,10.3760/cma.j.issn.1673-4904.2018.10.017,41,932,中国医师进修杂志,妊娠合并异位脾一例并文献分析
WS1929,CNKI,https://kns.cnki.net/kcms2/article/abstract?v=DgjXjbKQq8dFgza3F3Mpk-XgjrdkARrkCcWyazYCCu84yfZENX35Lig45fLipnSh8OTA2EX9e95Qou-e0dbLYOHSd-wMSPk7qvAYUCQAAyJVUzNng3VAKovC_bot1dzkeSNgW0Lj-1kWrIVqaiBYCmgkJW6ilDOiYUKWgqurK1d-TPP4WX0cCg==&uniplatform=NZKPT&language=CHS,duplicate,,2018,崔冬青,,41,932,中国医师进修杂志,妊娠合并异位脾一例并文献分析
WS1929,CBM,2018588137,duplicate,T3 similar title+author+year,2018,崔冬青,,41,932,中国医师进修杂志,妊娠合并异位脾1例并文献分析
WS1930,CNKI,https://kns.cnki.net/kcms2/article/abstract?v=DgjXjbKQq8f_p8WagbE8rdY7M_8IgTb79m0S18FYiUzmz6BMzee8Bd807F9hsIaMd0yZPX0Qu0eZ2-lHCEcvwd1H7u09RlyqUSs1vwHSgRhEGCD8tJNbtjuzfKLLZqpmzXMEohs7PA19YOetGIDTpkw1nhub464jT9Y9BYYksDqOjsuXrzyZpbT7rXz-bPea&uniplatform=NZKPT&language=CHS,kept,,2018,张河勇,,38,51,蜜蜂杂志,古法桶养蜂群“疏脾”治疗烂子
WS1931,Wanfang,https://d.wanfangdata.com.cn/periodical/CiBQZXJpb2RpY2FsQ0hJU29scjkyMDI2MDkxNTE0MjIxORINZmJ3azIwMTgwNDAxOBoIaWIxYjJ1aHo%3D,kept,T2 title+author+year,2018,杨光华,10.3969/j.issn.1003-5591.2018.04.018,31,294,腹部外科,腹腔镜切除异位脾扭转一例
WS1931,CNKI,https://kns.cnki.net/kcms2/article/abstract?v=DgjXjbKQq8fmZorpZp_uHmEG2U38V2oM5nmENE3l3v6g_rOvjo28qAshKVvD8SW9pPloCbf8cFhlhaxnqOtu4L2YpLpmIYbD-pdbekZncIkh28jCnjtwcT5ZkEYgDI1_F2Rqf9CC2GVs2BoWMI_9-YzOm7V8MXANyRx79nfqX4-27EOZ4WOCrf1oTq_zMcIX&uniplatform=NZKPT&language=CHS,duplicate,,2018,杨光华,,31,294,腹部外科,腹腔镜切除异位脾扭转一例
WS1931,CBM,2018548161,duplicate,T3 similar title+author+year,2018,杨光华,,31,294,腹部外科,腹腔镜切除异位脾扭转1例
WS1932,Wanfang,https://d.wanfangdata.com.cn/conference/CiFDb25mZXJlbmNlTmV3U29scjlTMjAyNjA5MTUwOTMyMzESCDExMTMzODcxGghpYjFiMnVoeg%3D%3D,kept,T2 title+author+year,2018,王晓瑜,,,358,,脾脏异位种植胃腔外压误认为胃底静脉曲张1例
WS1932,CNKI,https://kns.cnki.net/kcms2/article/abstract?v=DgjXjbKQq8eX1s0FbAbrHnmDuhW8dBX-xkut2VReQquExx6gjxM01kC2HefE9YGbIb9RNlq_a8C6uXxJ7nIEyqxfL9q8gBxXNCiCxCTsF3T38tu11b8tkxiOeg1GVrRzk1H8KUv7nrS8gB3Z516QhYqIPIg60VhRTYk7XR3nxnPHrfVo_FBDgFy4w_DV5eY2&uniplatform=NZKPT&language=CHS,duplicate,,2018,王晓瑜,,,1,,脾脏异位种植胃腔外压误认为胃底静脉曲张1例
WS1933,Wanfang,https://d.wanfangdata.com.cn/periodical/CiBQZXJpb2RpY2FsQ0hJU29scjkyMDI2MDkxNTE0MjIxORIPamN5eGx0MjAxODEzMDgwGghpYjFiMnVoeg%3D%3D,kept,T1 DOI,2018,魏志星,10.19435/j.1672-1721.2018.13.080,22,1843,基层医学论坛,游走脾并蒂扭转1例
WS1933,CNKI,https://link.cnki.net/doi/10.19435/j.1672-1721.2018.13.080,duplicate,,2018,魏志星,10.19435/j.1672-1721.2018.13.080,22,1843,基层医学论坛,游走脾并蒂扭转1例
WS1933,CBM,2018354378,duplicate,T2 title+author+year,2018,魏志星,,22,1843,基层医学论坛,游走脾并蒂扭转1例
WS1934,Wanfang,https://d.wanfangdata.com.cn/periodical/CiBQZXJpb2RpY2FsQ0hJU29scjkyMDI2MDkxNTE0MjIxORISemd5eHl4eHp6MjAxODA0MDE3GghpYjFiMnVoeg%3D%3D,kept,T2 title+author+year,2018,周维力,10.3969/j.issn.1005-5185.2018.04.017,26,305,中国医学影像学杂志,脾脏异位妊娠的超声诊断
WS1934,CNKI,https://kns.cnki.net/kcms2/article/abstract?v=DgjXjbKQq8duqbHbDBCrqG3SqqNJzJgiIgjp-4BPpejKALpUvOyRN_5gJkqtbF_C7kS6KW4RWDmxKxOKEgpbS3KGAIGnDbSb9B3fQYuhKxKsKxJ6YyXhQNki3ToI-aneBxIiMdMj1P7pvePHX5GAjhP4QwRFoi9a0bcydaxmOTlHPN2VQ1BuR-fKOe7tFhaI&uniplatform=NZKPT&language=CHS,duplicate,,2018,周维力,,26,305,中国医学影像学杂志,脾脏异位妊娠的超声诊断
WS1934,CBM,2018480937,duplicate,T2 title+author+year,2018,周维力,,26,305,中国医学影像学杂志,脾脏异位妊娠的超声诊断
WS1935,CNKI,https://link.cnki.net/doi/10.13586/j.cnki.yjyx1984.2018.02.009,kept,,2018,王远智,10.13586/j.cnki.yjyx1984.2018.02.009,35,136,中国冶金工业医学杂志,99mTc-热变性红细胞脾显像诊断异位脾种植临床价值
WS1935,Wanfang,https://d.wanfangdata.com.cn/periodical/CiBQZXJpb2RpY2FsQ0hJU29scjkyMDI2MDkxNTE0MjIxORITemd5amd5eXh6ejIwMTgwMjAwOBoIaWIxYjJ1aHo%3D,duplicate,T2 title+author+year,2018,王远智,,35,136,中国冶金工业医学杂志,99mTc-热变性红细胞脾显像诊断异位脾种植临床价值
WS1935,CBM,2018315300,duplicate,T2 title+author+year,2018,王远智,,35,136,中国冶金工业医学杂志,^99mTc-热变性红细胞脾显像诊断异位脾种植临床价值
WS1936,CNKI,https://kns.cnki.net/kcms2/article/abstract?v=DgjXjbKQq8cfl0AYm_sLUWbrtWtqa0-YVTI4Av17hnaswHE-S9Vnkac90im4JCpJvI_A9PfVVlAUstuA-b4njYmU8lSsi4GQHQPlkt9DCQ6UZ_14mBK1aT26LiC5DVYpJ1c7YRHoAgExldKlbpiEf0OU-MXA7Qb8HHS4um0HSW52a9KwXZS6kQ==&uniplatform=NZKPT&language=CHS,kept,,2018,刘志成,,98,952,中华医学杂志,成人左侧膈肌膨升继发胃扭转及脾扭转一例
WS1936,CBM,2018295067,duplicate,T3 similar title+author+year,2018,刘志成,,98,952,中华医学杂志,成人左侧膈肌膨升继发胃扭转及脾扭转1例
WS1936,Wanfang,https://d.wanfangdata.com.cn/periodical/CiBQZXJpb2RpY2FsQ0hJU29scjkyMDI2MDkxNTE0MjIxORINemh5eDIwMTgxMjAxOBoIaWIxYjJ1aHo%3D,duplicate,T2 title+author+year,2018,刘志成,10.3760/cma.j.issn.0376-2491.2018.12.017,98,952,中华医学杂志,成人左侧膈肌膨升继发胃扭转及脾扭转一例
WS1937,CNKI,https://kns.cnki.net/kcms2/article/abstract?v=DgjXjbKQq8fGAgwkReWn5RCWt1hUWzJ_li-HwyRbpcb8jMu3a86qnxf1ie2bG7p6zhDFQJXvhn7qSHEw0RftVp60nENowfyo2l9pJYXmqEWp3KXsJc9CUi2oZ9xZAFsPh1kXXIcBYoBNlVU45uBCJDQ2r6V2MCAslfJ2xTXLAs3NvH9C8jqGMw==&uniplatform=NZKPT&language=CHS,kept,,2018,李莹,,26,145,中华肝脏病杂志,膈肌下异位脾种植误诊为肝脏肿瘤1例
WS1937,CBM,2018224435,duplicate,T2 title+author+year,2018,李莹,,26,145,中华肝脏病杂志,膈肌下异位脾种植误诊为肝脏肿瘤1例
WS1937,Wanfang,https://d.wanfangdata.com.cn/periodical/CiBQZXJpb2RpY2FsQ0hJU29scjkyMDI2MDkxNTE0MjIxORIQemhnemJ6ejIwMTgwMjAxNBoIaWIxYjJ1aHo%3D,duplicate,T2 title+author+year,2018,李莹,10.3760/cma.j.issn.1007-3418.2018.02.014,26,145,中华肝脏病杂志,膈肌下异位脾种植误诊为肝脏肿瘤1例
WS1938,Wanfang,https://d.wanfangdata.com.cn/periodical/CiBQZXJpb2RpY2FsQ0hJU29scjkyMDI2MDkxNTE0MjIxORIPaG55eXh4MjAxODAxMDY5GghpYjFiMnVoeg%3D%3D,kept,T2 title+author+year,2018,陈翠云,,39,173,医药论坛杂志,肝内及腹腔多发异位脾的诊治体会并文献复习
WS1938,CNKI,https://kns.cnki.net/kcms2/article/abstract?v=DgjXjbKQq8dtrY03hHdclo_lJ3M05Xa0VTBYYlcMftD3x4ey3Th_np-smGgDVuJHPEdlcPqCdYkO3zASm-PLIQlRnzt8js5-d8VAUziSJfoktHYlT5J14P5Lrx8eLAF6YszVRmrY9d46ASpOFQGKA1KHOa0iT3WJHlfyrksCYEgd-TI--AG0-0brX5P23Z5g&uniplatform=NZKPT&language=CHS,duplicate,,2018,陈翠云,,39,173,医药论坛杂志,肝内及腹腔多发异位脾的诊治体会并文献复习
WS1938,CBM,2018302338,duplicate,T2 title+author+year,2018,陈翠云,,39,173,医药论坛杂志,肝内及腹腔多发异位脾的诊治体会并文献复习
WS1939,CNKI,https://kns.cnki.net/kcms2/article/abstract?v=DgjXjbKQq8dFsfeEAgG1x_lIkQCF5-O6Jhyzro_WiZW1muVsV2f0iCr6wyawGhyxGl-mqUOvRKGYrgU0hmfI13nu0lFBZIUQqKsDonfhNp4m6H5fknK2W_F51wkZLcnG6qwwEzSQJLIqfO1XXgkAThJ99WvwotXHjy7AHwGSsPS_69EL6IbMDg==&uniplatform=NZKPT&language=CHS,kept,,2017,吴宝强,,32,971,中华普通外科杂志,脾脏异位妊娠致自发性脾破裂一例
WS1939,CBM,2018122970,duplicate,T3 similar title+author+year,2017,吴宝强,,32,971,中华普通外科杂志,脾脏异位妊娠致自发性脾破裂1例
WS1939,Wanfang,https://d.wanfangdata.com.cn/periodical/CiBQZXJpb2RpY2FsQ0hJU29scjkyMDI2MDkxNTE0MjIxORIPemhwdHdrMjAxNzExMDIyGghpYjFiMnVoeg%3D%3D,duplicate,T2 title+author+year,2017,吴宝强,10.3760/cma.j.issn.1007-631x.2017.11.022,32,971,中华普通外科杂志,脾脏异位妊娠致自发性脾破裂一例
WS1940,CNKI,https://kns.cnki.net/kcms2/article/abstract?v=DgjXjbKQq8ejZKV0CZRJWEuAi-uc657OtZ6zK7Gd5U9xUtI6LnMoD317ObovCx9a_8TZgzaA_baXO6eCn5tfL8RhYm1yHi2H-fhoWjC0scwBFHgneQsnBDYcbOoOeXs2l857PLAyHxbREBJbPqKqiRBDFtLjw7KMOlQBGva2SzL65EwHG4ofjw==&uniplatform=NZKPT&language=CHS,kept,,2017,冯燕,,26,916,中华超声影像学杂志,超声诊断罕见肾实质异位脾脏1例
WS1940,CBM,2018111744,duplicate,T2 title+author+year,2017,冯燕,,26,916,中华超声影像学杂志,超声诊断罕见肾实质异位脾脏1例
WS1941,CNKI,https://kns.cnki.net/kcms2/article/abstract?v=DgjXjbKQq8c_ZhrCqByU-IATCLXuU7hd0xmGQPzP84IulGZf2aK0CrEzawg_2-KAzEmzcpjoMaNK95kUQ98IbTh27GShWysZ54-RChqhiRoIFJnYXlxee7yYHORttJRub2I3r94SPkSIsaJvxbxP7f994BZhxkLw-kYm0pC_1gpfiQMoe4tbVQYk0st4IILo&uniplatform=NZKPT&language=CHS,kept,,2017,朱艳志,,25,720,临床外科杂志,游走脾并蒂扭转一例
WS1941,CBM,2017729745,duplicate,T4 author+year+volume+first page,2017,朱艳志,,25,720,临床外科杂志,游走脾并蒂扭转1例
WS1941,Wanfang,https://d.wanfangdata.com.cn/periodical/CiBQZXJpb2RpY2FsQ0hJU29scjkyMDI2MDkxNTE0MjIxORIPbGN3a3p6MjAxNzA5MDMxGghpYjFiMnVoeg%3D%3D,duplicate,T2 title+author+year,2017,朱艳志,10.3969/j.issn.1005-6483.2017.09.031,25,720,临床外科杂志,游走脾并蒂扭转一例
WS1942,Wanfang,https://d.wanfangdata.com.cn/periodical/CiBQZXJpb2RpY2FsQ0hJU29scjkyMDI2MDkxNTE0MjIxORITemhwdHdrc3N6ejIwMTcwMzAxORoIaWIxYjJ1aHo%3D,kept,T2 title+author+year,2017,陈朗,10.3877/cma.j.issn.1674-3946.2017.03.019,11,240,中华普外科手术学杂志（电子版）,腹腔镜下胰体尾占位性病变切除16例体会
WS1942,CNKI,https://kns.cnki.net/kcms2/article/abstract?v=DgjXjbKQq8fx9t0rgEdBjB_mro4WWqsleVP1lWI2oh2J0XRJ1fndIZzrE_ZLCxwifKsrOeySr1Npn3GMfyizGELODzM5zWnOuODQDKUe91LhlwwMHOnyGNladHAuwPX_RRWSRJOQa3hxi5C3j9SLxkfmOnb8sEW9QIBXEdl3xrntqHm8DWYwFpgJqsLnoGJA&uniplatform=NZKPT&language=CHS,duplicate,,2017,陈朗,,11,240,中华普外科手术学杂志(电子版),腹腔镜下胰体尾占位性病变切除16例体会
WS1942,CBM,2017475903,duplicate,T2 title+author+year,2017,陈朗,,11,240,中华普外科手术学杂志·电子版,腹腔镜下胰体尾占位性病变切除16例体会
WS1943,Wanfang,https://d.wanfangdata.com.cn/periodical/CiBQZXJpb2RpY2FsQ0hJU29scjkyMDI2MDkxNTE0MjIxORIPbGN3end6MjAxNzA1MDE1GghpYjFiMnVoeg%3D%3D,kept,T2 title+author+year,2017,孙丽媛,10.3969/j.issn.1002-3429.2017.05.015,30,44,临床误诊误治,脾脏异位妊娠破裂误诊报告
WS1943,CNKI,https://kns.cnki.net/kcms2/article/abstract?v=DgjXjbKQq8fIjcgfsDmM30tye6xJEukiP4pGIQkadhcaONim6ddQsz4N95wQ-yhQim5oqVb5_eiMsD5RnYC8nVUh0bScf1sLmkFfVz2RKblg_n1Ehq3s_f6E-ZMgIohaWvWVACr7RRaDSFGabpayz5P5C5_4te5E0uUzpHW3y-e5mlFAEjqNNUDwn7JzHmZi&uniplatform=NZKPT&language=CHS,duplicate,,2017,孙丽媛,,30,44,临床误诊误治,脾脏异位妊娠破裂误诊报告
WS1943,CBM,2017352624,duplicate,T2 title+author+year,2017,孙丽媛,,30,44,临床误诊误治,脾脏异位妊娠破裂误诊报告
WS1944,Wanfang,https://d.wanfangdata.com.cn/periodical/CiBQZXJpb2RpY2FsQ0hJU29scjkyMDI2MDkxNTE0MjIxORINenl5azIwMTcwMjA0OBoIaWIxYjJ1aHo%3D,kept,T2 title+author+year,2017,常婧,10.3760/cma.j.issn.1674-4756.2017.02.048,44,125,中国实用医刊,脾切除术后盆腔异位脾种植一例
WS1944,CNKI,https://kns.cnki.net/kcms2/article/abstract?v=DgjXjbKQq8fv1SvuGC__LeWFTFNf4yLjpoMj9MNm8SH60E7IyRptvcebAEcOJLx0C5d8vSJJUomR9OuluoaX-fV4s1cZskgEdlINsYEt3Bv3kpAztyf0imNdADh9Pui4H8qmHKSC4fvY1YRfCBHaOjIQZivDhdcpM2RfGhKm5X2xMRdrgN-vxg==&uniplatform=NZKPT&language=CHS,duplicate,,2017,常婧,,44,125,中国实用医刊,脾切除术后盆腔异位脾种植一例
WS1944,CBM,2017271080,duplicate,T3 similar title+author+year,2017,常婧,,44,125,中国实用医刊,脾切除术后盆腔异位脾种植1例
WS1945,Wanfang,https://d.wanfangdata.com.cn/periodical/CiBQZXJpb2RpY2FsQ0hJU29scjkyMDI2MDkxNTE0MjIxORIQc3lmY2t6ejIwMTcwMTAyMBoIaWIxYjJ1aHo%3D,kept,T2 title+author+year,2017,张书敏,,33,61,实用妇产科杂志,腹腔镜探查漏诊脾脏异位妊娠1例
WS1945,CNKI,https://kns.cnki.net/kcms2/article/abstract?v=DgjXjbKQq8elMh3zKhufMZQ09Hvq55kmrAq1zIAsnhy-S_XplFnF3th-IY0Bm7xz68YJ3ykPrlIRt1ijWr4OlurpGElJcdhhk05tz9u0EgpWicQwhGSjhKG5HhoyfZHvVaWlpFc9tXNNKMAfbH6vJ6-jMW-cTvl9W0KTUsUJDtjLiF8fduPHnZKMMpwmFw2_&uniplatform=NZKPT&language=CHS,duplicate,,2017,张书敏,,33,61,实用妇产科杂志,腹腔镜探查漏诊脾脏异位妊娠1例
WS1945,CBM,2017279113,duplicate,T2 title+author+year,2017,张书敏,,33,61,实用妇产科杂志,腹腔镜探查漏诊脾脏异位妊娠1例
WS1946,Wanfang,https://d.wanfangdata.com.cn/periodical/CiBQZXJpb2RpY2FsQ0hJU29scjkyMDI2MDkxNTE0MjIxORINeGh3azIwMTYxMTAxNBoIaWIxYjJ1aHo%3D,kept,T2 title+author+year,2016,何磊,10.3760/cma.j.issn.1673-9752.2016.11.014,15,1113,中华消化外科杂志,保留脾脏的第10组与11组淋巴结整体清扫在胃癌D2根治术中的应用价值
WS1946,CNKI,https://kns.cnki.net/kcms2/article/abstract?v=DgjXjbKQq8d-hL7ZWonGAX_gVvfqRjAoElJkW2YCfP-Cl_x6NhW-J91XgYvZ5dJ51wKUJLmxPVzrISMIFLpt5eHM0faAUGG7fwtlHMv37tQg5MFZVDg2AZXAk82Vi6ZQ2ToaKWGttIa4q8Lc7CozmLfsRYlCCJucPxv-HAV2pgzXvYy3nePULA==&uniplatform=NZKPT&language=CHS,duplicate,,2016,何磊,,15,1113,中华消化外科杂志,保留脾脏的第10组与11组淋巴结整体清扫在胃癌D2根治术中的应用价值
WS1946,CBM,2017114146,duplicate,T2 title+author+year,2016,何磊,,15,1113,中华消化外科杂志,保留脾脏的第10组与11组淋巴结整体清扫在胃癌D2根治术中的应用价值
WS1947,CNKI,https://link.cnki.net/doi/10.13881/j.cnki.hljxmsy.2016.1994,kept,,2016,王丽群,10.13881/j.cnki.hljxmsy.2016.1994,,115,黑龙江畜牧兽医,一例犬肠套叠的诊断与治疗
WS1947,Wanfang,https://d.wanfangdata.com.cn/periodical/CiBQZXJpb2RpY2FsQ0hJU29scjkyMDI2MDkxNTE0MjIxORISaGxqeG1zeS14MjAxNjExMDQyGghpYjFiMnVoeg%3D%3D,duplicate,T2 title+author+year,2016,王丽群,,,115,黑龙江畜牧兽医（下半月）,一例犬肠套叠的诊断与治疗
WS1948,Wanfang,https://d.wanfangdata.com.cn/periodical/CiBQZXJpb2RpY2FsQ0hJU29scjkyMDI2MDkxNTE0MjIxORIPc2R4bXN5MjAxNjExMDAzGghpYjFiMnVoeg%3D%3D,kept,T2 title+author+year,2016,李朋,10.3969/j.issn.1007-1733.2016.11.003,37,6,山东畜牧兽医,超声引导细针穿刺在脾脏弥散性病变诊断中的应用
WS1948,CNKI,https://kns.cnki.net/kcms2/article/abstract?v=DgjXjbKQq8cxKwqI55_1_HsCX05zit_0FBUCsa4hMa2uhreYDQb2VUcOXu0BRZMb52Tnpo_pAXOqBzX4FCfwspp7El7FgZl0MUbYurn7VmYQXC7Gl_LVBxpJh3aIy90yJmoqWT1SA_75pyn-9AZYyJTgNhdxG3JklUp2InGSpKwo1DyYrSNkNU-iYDTw2wc7&uniplatform=NZKPT&language=CHS,duplicate,,2016,李朋,,37,6,山东畜牧兽医,超声引导细针穿刺在脾脏弥散性病变诊断中的应用
WS1949,Wanfang,https://d.wanfangdata.com.cn/periodical/CiBQZXJpb2RpY2FsQ0hJU29scjkyMDI2MDkxNTE0MjIxORIRc2p6eHl5LWUyMDE2ODkyNjAaCGliMWIydWh6,kept,T2 title+author+year,2016,于成荣,10.3969/j.issn.1671-3141.2016.89.260,16,284,世界最新医学信息文摘（连续型电子期刊）,脾切除术的适应症与护理对策
WS1949,CNKI,https://kns.cnki.net/kcms2/article/abstract?v=DgjXjbKQq8dG_taSPaMG4RipwKrmUFpr3ff0SyCOwD1-xnBfN2rlsYL2AxHIM_abRKdqyOcuCjHXrqdclUlsoNyQ6wffLsC9TtpmR92AlK6NXO370TSvceXgfIpu2I__v_hw-j64RKUcP9-YSTh2PXunGsn83zUv1qzNTxRojrPbhTTDrl0Tf9-939xO9wIJ&uniplatform=NZKPT&language=CHS,duplicate,,2016,于成荣,,16,284,世界最新医学信息文摘,脾切除术的适应症与护理对策
WS1950,Wanfang,https://d.wanfangdata.com.cn/periodical/CiBQZXJpb2RpY2FsQ0hJU29scjkyMDI2MDkxNTE0MjIxORIPemdzeXp6MjAxNjEwMDI4GghpYjFiMnVoeg%3D%3D,kept,T2 title+author+year,2016,阮丽,10.3969/j.issn.0529-6005.2016.10.028,52,69,中国兽医杂志,犬原发性脾扭转的诊断和治疗
WS1950,CNKI,https://kns.cnki.net/kcms2/article/abstract?v=DgjXjbKQq8cwaWZA-GoLev7k4113IH6yAK-Lh9g37y3MZEMfF4zCeDJvrlqxQAHRZ1TQnRV-b2kLLV4BygzWzkXLow7U9UJMsGwlvqkYuCv-X-_apnMDyqwxkdfraaBlhqxn6u_TSp39MLRkZGc5QfGvWPO-Fi-PnFUBA12jjHcRH3_FDMVyg3bRDIlNwIvN&uniplatform=NZKPT&language=CHS,duplicate,,2016,阮丽,,52,69,中国兽医杂志,犬原发性脾扭转的诊断和治疗
WS1950,CBM,2017391499,duplicate,T2 title+author+year,2016,阮丽,,,69,中国兽医杂志,犬原发性脾扭转的诊断和治疗
WS1951,CNKI,https://kns.cnki.net/kcms2/article/abstract?v=DgjXjbKQq8df7oV8tPS-CY_hOZzbtAZOCOMmz6YqBn_jmnafGUPb6Eyhx3U0UoJnKXOQC2yjt4VR-OpSD13TmfzWTIIcwFuizdusfcjSD1U5PXuDpQMQlOfOxdkCDssOt34a3wh6UBlJF_TD-RMF31i28Fa2Q26SrMy5-wOoJKCyX-hHg-I-BgjpEl4DmbtY&uniplatform=NZKPT&language=CHS,kept,,2016,杨勇,,23,907,中国普外基础与临床杂志,肝异位副脾误诊为右侧肾上腺占位性病变1例报道
WS1952,CNKI,https://kns.cnki.net/kcms2/article/abstract?v=DgjXjbKQq8eHqaUhb34vRbUX9BjKRX7eRBSlldDGVF2cZnZnf5Vo42m3a-Iv7gwSSNu1yfK6YmRJyppYjczsVipQs9S_w-Tqqze2ng0x4xOp2Q0tvwlbTjpz26yyzfZ7iFx1ESNt2H1DHgfqvBtzKUz2oWjCG2sqvgf3N9EeZdc4OTIPViZmfDVAL8-N928P&uniplatform=NZKPT&language=CHS,kept,,2016,张祁,,,1,,胰腺内异位脾脏伴表皮样囊肿1例
WS1953,Wanfang,https://d.wanfangdata.com.cn/periodical/CiBQZXJpb2RpY2FsQ0hJU29scjkyMDI2MDkxNTE0MjIxORIRemh5eGNzenoyMDE2MDcwMTYaCGliMWIydWh6,kept,T2 title+author+year,2016,汪向前,10.3877/cma.j.issn.1672-6448.2016.07.016,13,557,中华医学超声杂志（电子版）,脾脏异位妊娠破裂超声表现一例
WS1953,CNKI,https://kns.cnki.net/kcms2/article/abstract?v=DgjXjbKQq8eJ2ZwByTYugNErSb0_MsR9E6GvMtq71cMZk2BR9S6n1bRKc0U4T7b377HzwuETajsJz6U1i5KzjdhIdQ7koCyMwZMiQrQDcjX9tPVHDjqFNeb2GW-X8AkM2vqRd4LKBXxbB9CZDT1045SNuuzvkKDD-Sp89wMEq8udIUQ9OSQdn_SaAXOm9lcg&uniplatform=NZKPT&language=CHS,duplicate,,2016,汪向前,,13,557,中华医学超声杂志(电子版),脾脏异位妊娠破裂超声表现一例
WS1953,CBM,2016505710,duplicate,T3 similar title+author+year,2016,汪向前,,13,557,中华医学超声杂志·电子版,脾脏异位妊娠破裂超声表现1例
WS1954,Wanfang,https://d.wanfangdata.com.cn/thesis/Ch1UaGVzaXNOZXdTb2xyOVMyMDI2MDkxNjA5NDMzMhIJRDAxMDM0MDcxGghpYjFiMnVoeg%3D%3D,kept,T2 title+author+year,2016,魏慧,,,,,蕨麻多糖对镉致免疫抑制小鼠的免疫调节机理研究
WS1954,CNKI,https://kns.cnki.net/kcms2/article/abstract?v=DgjXjbKQq8c_oGCICtGNzLvncKcbj5GzYqxdjVlLzk7BCPkwKfPi0GynZAS_-437lOJ8C8vWTQkHb3S7PQdnlw5NqEcZkIvwAjPGah3-In6b5ZbovwrW3SkmHF0qvh6QI4oJx70waydDhpqsOObaXWzff7HVtyeIA39rkGqKuXr5Upt5t4qWh2WEE2gSzeRx&uniplatform=NZKPT&language=CHS,duplicate,,2016,魏慧,,,,,蕨麻多糖对镉致免疫抑制小鼠的免疫调节机理研究
WS1955,CNKI,https://link.cnki.net/doi/10.13881/j.cnki.hljxmsy.2016.0475,kept,,2016,朱国,10.13881/j.cnki.hljxmsy.2016.0475,,84,黑龙江畜牧兽医,一例犬胃扭转扩张引起脾脏扭转梗死的诊治
WS1955,Wanfang,https://d.wanfangdata.com.cn/periodical/CiBQZXJpb2RpY2FsQ0hJU29scjkyMDI2MDkxNTE0MjIxORISaGxqeG1zeS14MjAxNjAzMDMxGghpYjFiMnVoeg%3D%3D,duplicate,T2 title+author+year,2016,朱国,,,84,黑龙江畜牧兽医（下半月）,一例犬胃扭转扩张引起脾脏扭转梗死的诊治
WS1956,Wanfang,https://d.wanfangdata.com.cn/periodical/CiBQZXJpb2RpY2FsQ0hJU29scjkyMDI2MDkxNTE0MjIxORIRemdzeXdrenoyMDE2MDMwMjkaCGliMWIydWh6,kept,T2 title+author+year,2016,邹珍,10.7504/cjps.issn1005-2208.2016.03.29,36,357,中国实用外科杂志,应用99mTc-硫胶体脾显像诊断自体异位脾种植1例报告
WS1956,CNKI,https://kns.cnki.net/kcms2/article/abstract?v=DgjXjbKQq8d7qxI6rYnAlTdtpkBHoU2yD34h_YUksL1-nmWaoLnQy3MElQimYm3xIDnxkywGfJdTsfkLnC-9Gxn_Mr-Mu8UyIvs8hjK10E9SByVLqWLhlyd9cJXPmv_pu1dk9NhBHVGg-JGmXqI4AfT-LZLSHUtC_ZAq-Il-FlOYD2z_cQR2ZHNNo-IS_iGi&uniplatform=NZKPT&language=CHS,duplicate,,2016,邹珍,,36,357,中国实用外科杂志,应用99mTc-硫胶体脾显像诊断自体异位脾种植1例报告
WS1956,CBM,2016295831,duplicate,T2 title+author+year,2016,邹珍,,36,357,中国实用外科杂志,应用99mTc-硫胶体脾显像诊断自体异位脾种植1例报告
WS1957,CNKI,https://kns.cnki.net/kcms2/article/abstract?v=DgjXjbKQq8cx5dNo_IFHt1PGogwjOcBrb6spxYrwevMSbXZN4tnlgAdyilJ5PB54dIsbaJ-fEZ1xDLrTHFoo6fEx3BPyZxALz9jF6Iy0fr5w2QEwEWot2aZAbKLwRAU1ooQghFdLxk5rEXM4Z9BBoYPi0DfWxktvu4Hq8mTHAAk9xq3pi7oClLO2K0-GoLsy&uniplatform=NZKPT&language=CHS,kept,,2016,付静静,,32,117,中国超声医学杂志,超声及超声造影误诊肝内异位脾1例
WS1957,CBM,2016266085,duplicate,T2 title+author+year,2016,付静静,,32,117,中国超声医学杂志,超声及超声造影误诊肝内异位脾1例
WS1957,Wanfang,https://d.wanfangdata.com.cn/periodical/CiBQZXJpb2RpY2FsQ0hJU29scjkyMDI2MDkxNTE0MjIxORIRemdjc3l4enoyMDE2MDIwMDgaCGliMWIydWh6,duplicate,T2 title+author+year,2016,付静静,10.3969/j.issn.1002-0101.2016.02.008,32,117,中国超声医学杂志,超声及超声造影误诊肝内异位脾1例
WS1958,CNKI,https://link.cnki.net/doi/10.20258/j.cnki.1006-9011.2016.01.014,kept,,2016,胡庆华,10.20258/j.cnki.1006-9011.2016.01.014,26,43,医学影像学杂志,胃底种植性异位脾1例
WS1958,Wanfang,https://d.wanfangdata.com.cn/periodical/CiBQZXJpb2RpY2FsQ0hJU29scjkyMDI2MDkxNTE0MjIxORIQeXh5eHh6ejIwMTYwMTAxNBoIaWIxYjJ1aHo%3D,duplicate,T2 title+author+year,2016,胡庆华,,,43,医学影像学杂志,胃底种植性异位脾1例
WS1958,CBM,2016238445,duplicate,T2 title+author+year,2016,胡庆华,,26,43,医学影像学杂志,胃底种植性异位脾1例
WS1959,CNKI,126,kept,,,刘建诚,,,,,保留迷走神经的选择性断流联合部分脾切除术的临床探讨
WS1960,Wanfang,https://d.wanfangdata.com.cn/periodical/CiBQZXJpb2RpY2FsQ0hJU29scjkyMDI2MDkxNTE0MjIxORIPemd4Y3l5MjAxNTIzMDMyGghpYjFiMnVoeg%3D%3D,kept,T2 title+author+year,2015,王佳,10.3969/j.issn.1006-5180.2015.23.032,22,54,中国乡村医药,彩超诊断盆腔异位脾1例
WS1960,CNKI,https://link.cnki.net/doi/10.19542/j.cnki.1006-5180.2015.23.034,duplicate,,2015,王佳,10.19542/j.cnki.1006-5180.2015.23.034,22,54,中国乡村医药,彩超诊断盆腔异位脾1例
WS1960,CBM,2016203902,duplicate,T2 title+author+year,2015,王佳,,22,54,中国乡村医药,彩超诊断盆腔异位脾1例
WS1961,Wanfang,https://d.wanfangdata.com.cn/periodical/CiBQZXJpb2RpY2FsQ0hJU29scjkyMDI2MDkxNTE0MjIxORIRemd5eHl4anMyMDE1MTEwNDUaCGliMWIydWh6,kept,T1 DOI,2015,李红梅,10.13929/j.1003-3289.2015.11.044,31,1774,中国医学影像技术,99Tcm-热变性红细胞脾SPECT/CT显像发现自体脾移植术后异位脾种植1例
WS1961,CNKI,https://link.cnki.net/doi/10.13929/j.1003-3289.2015.11.044,duplicate,,2015,李红梅,10.13929/j.1003-3289.2015.11.044,31,1774,中国医学影像技术,99Tcm-热变性红细胞脾SPECT/CT显像发现自体脾移植术后异位脾种植1例
WS1961,CBM,2016132813,duplicate,T2 title+author+year,2015,李红梅,,31,1774,中国医学影像技术,99Tcm-热变性红细胞脾SPECT/CT显像发现自体脾移植术后异位脾种植1例
WS1962,Wanfang,https://d.wanfangdata.com.cn/periodical/CiBQZXJpb2RpY2FsQ0hJU29scjkyMDI2MDkxNTE0MjIxORIPemd4Y3l5MjAxNTE5MDMyGghpYjFiMnVoeg%3D%3D,kept,T2 title+author+year,2015,王珺,10.3969/j.issn.1006-5180.2015.19.032,22,50,中国乡村医药,脾脏异位妊娠伴失血性休克1例
WS1962,CNKI,https://link.cnki.net/doi/10.19542/j.cnki.1006-5180.2015.19.033,duplicate,,2015,王珺,10.19542/j.cnki.1006-5180.2015.19.033,22,50,中国乡村医药,脾脏异位妊娠伴失血性休克1例
WS1962,CBM,2016103965,duplicate,T2 title+author+year,2015,王珺,,22,50,中国乡村医药,脾脏异位妊娠伴失血性休克1例
WS1963,Wanfang,https://d.wanfangdata.com.cn/periodical/CiBQZXJpb2RpY2FsQ0hJU29scjkyMDI2MDkxNTE0MjIxORISemd4ZHNzeHp6MjAxNTA0MDAyGghpYjFiMnVoeg%3D%3D,kept,T1 DOI,2015,王春喜,10.16260/j.cnki.1009-2188.2015.04.002,19,246,中国现代手术学杂志,游走性脾脏并扭转的手术治疗
WS1963,CNKI,https://link.cnki.net/doi/10.16260/j.cnki.1009-2188.2015.04.002,duplicate,,2015,王春喜,10.16260/j.cnki.1009-2188.2015.04.002,19,246,中国现代手术学杂志,游走性脾脏并扭转的手术治疗
WS1963,CBM,2016104118,duplicate,T2 title+author+year,2015,王春喜,,,246,中国现代手术学杂志,游走性脾脏并扭转的手术治疗
WS1964,Wanfang,https://d.wanfangdata.com.cn/conference/CiFDb25mZXJlbmNlTmV3U29scjlTMjAyNjA5MTUwOTMyMzESBzg3MjE3NjMaCGliMWIydWh6,kept,T2 title+author+year,2015,连慧渊,,,262,,手术治疗犬单纯性脾扭转一例
WS1964,CNKI,https://kns.cnki.net/kcms2/article/abstract?v=DgjXjbKQq8fUrNq4jdA701rVWNY1ypokuiis5buS9gHjT3PqhrBz3PdRUOt8pDVEQBMxoh5NZvhVcYnMbpJixpVeAtkDn2uv6E73ESMleEfRfUdlonJLRRtJR5KfAtbB4FL74Uz9ER75OxUDNs_gzfs2YSBXFRB4drXA6GHc3L8c2J0UtTVN2fjVHdhDzY-8&uniplatform=NZKPT&language=CHS,duplicate,,2015,连慧渊,,,4,,手术治疗犬单纯性脾扭转一例
WS1965,CNKI,https://kns.cnki.net/kcms2/article/abstract?v=DgjXjbKQq8eBvOaryrWsspOcAi8jRZ8C8ZO_5PSMRJl4HCQ8cplXFH111-rWvf5A8DRLIIys_liEHNGP2NjszjwdT5uqe95Ikn8XAy7_uYLX77yktWB_OJL596hY8ZeMco7rvwKJlJhPihxEXKTGeQFd5AfE-HDrcqeCaALLR7FCYkUNGEEoF0qjH8SXC37g&uniplatform=NZKPT&language=CHS,kept,,2015,韩善花,,31,883,实用放射学杂志,异位脾脏伴蒂扭转、梗死1例
WS1965,CBM,2015728552,duplicate,T2 title+author+year,2015,韩善花,,31,883,实用放射学杂志,异位脾脏伴蒂扭转、梗死1例
WS1966,Wanfang,https://d.wanfangdata.com.cn/periodical/CiBQZXJpb2RpY2FsQ0hJU29scjkyMDI2MDkxNTE0MjIxORITemd4ZHB0d2tqejIwMTUwNTAxNxoIaWIxYjJ1aHo%3D,kept,T2 title+author+year,2015,孙庆章,10.3969/j.issn.1009-9905.2015.017,18,397,中国现代普通外科进展,保留脾脏的胃癌根治性全胃切除术21例
WS1966,CNKI,https://kns.cnki.net/kcms2/article/abstract?v=DgjXjbKQq8cd1HWXZ_DIpgULMjZr8TXfFT3pyveFuwf72UK_TYSoxzA76FhAzxjSNEGbRcYF67-KpAJBimlB9JyAmoIUJpWFac9TvU7PsHqGawNmaFrc-NTimfSZSs0iadSQDJqjNQh7r0ho3alZDhp7_4pmcZx7UXdQ1MNciVrS26dkqwXNPOTzpHOWqJeH&uniplatform=NZKPT&language=CHS,duplicate,,2015,孙庆章,,18,397,中国现代普通外科进展,保留脾脏的胃癌根治性全胃切除术21例
WS1966,CBM,2015706593,duplicate,T2 title+author+year,2015,孙庆章,,18,397,中国现代普通外科进展,保留脾脏的胃癌根治性全胃切除术21例
WS1967,Wanfang,https://d.wanfangdata.com.cn/periodical/CiBQZXJpb2RpY2FsQ0hJU29scjkyMDI2MDkxNTE0MjIxORISemd5eHl4eHp6MjAxNTAyMDE0GghpYjFiMnVoeg%3D%3D,kept,T2 title+author+year,2015,柴彦军,10.3969/j.issn.1005-5185.2015.02.014,,130,中国医学影像学杂志,副脾蒂扭转1例
WS1967,CNKI,https://link.cnki.net/urlid/11.3154.r.20150312.0912.014,duplicate,,2015,柴彦军,,23,130,中国医学影像学杂志,副脾蒂扭转1例
WS1967,CBM,2015548423,duplicate,T2 title+author+year,2015,柴彦军,,23,130,中国医学影像学杂志,副脾蒂扭转1例
WS1968,Wanfang,https://d.wanfangdata.com.cn/periodical/CiBQZXJpb2RpY2FsQ0hJU29scjkyMDI2MDkxNTE0MjIxORIPamx4bXN5MjAxNDEyMDQwGghpYjFiMnVoeg%3D%3D,kept,T2 title+author+year,2014,谭志勇,10.3969/j.issn.1672-2078.2014.12.040,35,74,吉林畜牧兽医,犬胃扩张——脾扭转综合征并发肠套叠的诊断和治疗
WS1968,CNKI,https://kns.cnki.net/kcms2/article/abstract?v=DgjXjbKQq8dRUmIdrDG5o_bdU-sOWkubUa1Ngpy0g_5F_w2fXRXh8ZWYiDhXrwlrYp5lkqCKpeXINFXvbDmD0Zp8vDyrJA64T6Xym5qafumpMU4-hrDdU01IGJm4aBGxGGBMOqANylQmAmjgEIqV1-xKJQqmoYenJkujkHvD4voBboqejfC_HF1itZj4dmkV&uniplatform=NZKPT&language=CHS,duplicate,,2014,谭志勇,,35,74,吉林畜牧兽医,犬胃扩张——脾扭转综合征并发肠套叠的诊断和治疗
WS1969,CNKI,https://kns.cnki.net/kcms2/article/abstract?v=DgjXjbKQq8e5Hx4GvWf0GOENMjpJaMKTEtkdfcNfIe41SYk8oZtqOT_S5vlsp0rwBrVU2Gz3XC0Ni1vyIMFdctFbteiBQEDV_amUDJrNJ_-mACd-9mhGpOD33lxd30aYxP3aTVK7k9bjoD6R9cjGkwcCV1Vn1iDFovRHWiFBhDrfHah9b33h3B1kD3PYd6oZ&uniplatform=NZKPT&language=CHS,kept,,2014,龚慧宾,,,1,,脾切除术后结肠腔内异位脾种植一例报道
WS1970,Wanfang,https://d.wanfangdata.com.cn/periodical/CiBQZXJpb2RpY2FsQ0hJU29scjkyMDI2MDkxNTE0MjIxORINc3djeDIwMTQzMzAyOBoIaWIxYjJ1aHo%3D,kept,T1 DOI,2014,张迪,10.13241/j.cnki.pmb.2014.33.028,14,6506,现代生物医学进展,宝石能谱CT诊断腹腔自体异位脾种植1例并文献复习
WS1970,CNKI,https://link.cnki.net/doi/10.13241/j.cnki.pmb.2014.33.028,duplicate,,2014,张迪,10.13241/j.cnki.pmb.2014.33.028,14,6506,现代生物医学进展,宝石能谱CT诊断腹腔自体异位脾种植1例并文献复习
WS1970,CBM,2015429368,duplicate,T2 title+author+year,2014,张迪,,,6506,现代生物医学进展,宝石能谱CT诊断腹腔自体异位脾种植1例并文献复习
WS1971,Wanfang,https://d.wanfangdata.com.cn/conference/CiFDb25mZXJlbmNlTmV3U29scjlTMjAyNjA5MTUwOTMyMzESBzg0MjMxMDEaCGliMWIydWh6,kept,T2 title+author+year,2014,李朋,,,341,,超声诊断犬单纯性脾扭转(附4例)
WS1971,CNKI,https://kns.cnki.net/kcms2/article/abstract?v=DgjXjbKQq8dSra5_k4v3dTW2BSbnQovPsglAgphI2kAUen4_ZHVTvP9L5RjkFtPVhdbk6KlAwQgZr6xIDamgOLWqpuZdJSE3RXagJdxOKReHzZlbWotdoYjcI4Kj0o8lOcKuPRyPgp0WmNmgdwMnrz4lBIUO8RVuPm2ciooa6Z4TfTDr9n6hv5BFRUN_pW1v&uniplatform=NZKPT&language=CHS,duplicate,,2014,李朋,,,3,,超声诊断犬单纯性脾扭转(附4例)
WS1972,Wanfang,https://d.wanfangdata.com.cn/periodical/CiBQZXJpb2RpY2FsQ0hJU29scjkyMDI2MDkxNTE0MjIxORIRZGVqeWR4eGIyMDE0MDkwMjMaCGliMWIydWh6,kept,T2 title+author+year,2014,董琴晖,10.3724/sp.j.1008.2014.01044,35,1044,第二军医大学学报,髂窝脾种植1例报告
WS1972,CNKI,https://kns.cnki.net/kcms2/article/abstract?v=DgjXjbKQq8dpjnlHYEZ9b4uB7hbeZBAaaOSsrcnqbgutfi3YmVYvVAt4cv6EeAbKH3nzpq2aRjXzCwmIgwBOCn9pFk3W7sfWuPlC_wchkAMGiVlMg2_XlrehqBcIUYDZO66b26Ucy7ypwQ2L7nZd0RmCuxhiT1lsY0n08HcvhnE51IoEqvPcrA==&uniplatform=NZKPT&language=CHS,duplicate,,2014,董琴晖,,35,1044,第二军医大学学报,髂窝脾种植1例报告
WS1972,CBM,2015607364,duplicate,T2 title+author+year,2014,董琴晖,,35,1044,第二军医大学学报,髂窝脾种植1例报告
WS1973,CNKI,https://kns.cnki.net/kcms2/article/abstract?v=DgjXjbKQq8eEebNSIJcIXxvLUsI3qwOxefZPAcaS2ftdcRsvnS3m01uGzqfDkPr5b9fJnFzUvpW3i3GuXDfMaoH_Uq9nFJMIOfzNq_eE425pSx_00ho1oRs8m33NZizSMxOL0SC_ETmEsxHkD3IBYuaKmzd5cdCiYfvJKCpFiFchXpmonbZiWQ==&uniplatform=NZKPT&language=CHS,kept,,2014,董琴晖,,35,1046,第二军医大学学报,髂窝脾种植1例报告及文献复习
WS1974,Wanfang,https://d.wanfangdata.com.cn/periodical/CiBQZXJpb2RpY2FsQ0hJU29scjkyMDI2MDkxNTE0MjIxORIRemdjc3l4enoyMDE0MDkwMzUaCGliMWIydWh6,kept,T2 title+author+year,2014,王媛媛,10.3969/j.issn.1002-0101.2014.09.035,30,862,中国超声医学杂志,超声诊断内脏反位伴多脾合并游走脾扭转1例
WS1974,CNKI,https://kns.cnki.net/kcms2/article/abstract?v=DgjXjbKQq8d6VAqAbUw6Qt0j5oqEtetOyzbqDH7mq5UR7XVXOFDfKM6wilOdGn_7a-P2sVTnsyqwX2QRxB8H7myUbjgLX3ljbM0VyeLBFor2UVIHrOO1WPGqojSeBMjpgQhRbi6nM4TFZtaDKMq9uG9ovyX5lSEvUabMolbLwhbUW47nIp6ga1RIqZGirrsj&uniplatform=NZKPT&language=CHS,duplicate,,2014,王媛媛,,30,862,中国超声医学杂志,超声诊断内脏反位伴多脾合并游走脾扭转1例
WS1974,CBM,2017618206,duplicate,T2 title+author+year,2014,王媛媛,,,862,中国超声医学杂志,超声诊断内脏反位伴多脾合并游走脾扭转1例
WS1975,CNKI,https://link.cnki.net/doi/10.16245/j.cnki.issn1008-6978.2014.08.002,kept,,2014,宛伟娜,10.16245/j.cnki.issn1008-6978.2014.08.002,16,508,临床超声医学杂志,超声引导下后穹窿穿刺诊断盆腔脾组织植入1例
WS1976,Wanfang,https://d.wanfangdata.com.cn/periodical/CiBQZXJpb2RpY2FsQ0hJU29scjkyMDI2MDkxNTE0MjIxORIPemhnZHdrMjAxNDA4MDEwGghpYjFiMnVoeg%3D%3D,kept,T2 title+author+year,2014,张春礼,10.3760/cma.j.issn.1007-8118.2014.08.010,20,587,中华肝胆外科杂志,脾破裂脾脏切除术后异位脾种植15例诊治经验
WS1976,CNKI,https://kns.cnki.net/kcms2/article/abstract?v=DgjXjbKQq8eHJGIXnaK_CK0BGNdukN84UXjnTb7bl-L7XLoRdqeDHSdtDFxOtUw5sL5a8r4ZME2dPoWksHKLFwAd_RoqOJ7gEOYMnlCDQRS3VievxJZlVAb0KUen8Yjqfz8NWGamTM2ai5p25Gs2WVV0n86aQ3lSam9xghYQZW-jUmSBtEGU2A==&uniplatform=NZKPT&language=CHS,duplicate,,2014,张春礼,,20,587,中华肝胆外科杂志,脾破裂脾脏切除术后异位脾种植15例诊治经验
WS1976,CBM,2014530379,duplicate,T2 title+author+year,2014,张春礼,,20,587,中华肝胆外科杂志,脾破裂脾脏切除术后异位脾种植15例诊治经验
WS1977,CNKI,https://kns.cnki.net/kcms2/article/abstract?v=DgjXjbKQq8eGYkVjOAt2MBpZuGsLsFgKzeAQwGkI_zQmjzXDVKyP1hTPIr2BRDAIPL7H7TKDsDjmCYaS8UlcoHkiLPuPZqYye-_Vji3kMAbo2n1Ebl2OeH1eHGmWUSGmnTXz1UYrfZ_E4lxuxx_0srX_rcsI8fvls9C28ur_PwZKv9sqzAD7wg==&uniplatform=NZKPT&language=CHS,kept,,2014,徐玉刚,,20,561,中华肝胆外科杂志,腹腔镜脾切除治疗脾脏异位妊娠一例
WS1977,CBM,2014530386,duplicate,T3 similar title+author+year,2014,徐玉刚,,20,561,中华肝胆外科杂志,腹腔镜脾切除治疗脾脏异位妊娠1例
WS1977,Wanfang,https://d.wanfangdata.com.cn/periodical/CiBQZXJpb2RpY2FsQ0hJU29scjkyMDI2MDkxNTE0MjIxORIPemhnZHdrMjAxNDA4MDAzGghpYjFiMnVoeg%3D%3D,duplicate,T2 title+author+year,2014,徐玉刚,10.3760/cma.j.issn.1007-8118.2014.08.003,20,561,中华肝胆外科杂志,腹腔镜脾切除治疗脾脏异位妊娠一例
WS1978,CNKI,https://kns.cnki.net/kcms2/article/abstract?v=DgjXjbKQq8cyQJulVn1rr5rAqM8eXNiwcBhsJMSNdai4BJ5ORscqwlyiAVsfLN-0KKYZxGionBhcaBfUCw8IbQ9JxrznI-JpysK78FpPVt6ma-1D0FUWKbYscIVlZH6vbdOLQOaUa4zw5reAljf-RtevlSpp9pegbhZqmgx179LazoIqLfwEfA==&uniplatform=NZKPT&language=CHS,kept,,2014,王珍,,29,559,中华普通外科杂志,腹盆腔内多发异位脾组织植入一例
WS1978,CBM,2014497596,duplicate,T3 similar title+author+year,2014,王珍,,29,559,中华普通外科杂志,腹盆腔内多发异位脾组织植入1例
WS1978,Wanfang,https://d.wanfangdata.com.cn/periodical/CiBQZXJpb2RpY2FsQ0hJU29scjkyMDI2MDkxNTE0MjIxORIPemhwdHdrMjAxNDA3MDI3GghpYjFiMnVoeg%3D%3D,duplicate,T2 title+author+year,2014,王珍,10.3760/cma.j.issn.1007-631x.2014.07.027,29,559,中华普通外科杂志,腹盆腔内多发异位脾组织植入一例
WS1979,CNKI,https://kns.cnki.net/kcms2/article/abstract?v=DgjXjbKQq8d7Jx4J7lG1Y7WwgE51aZgnFQXKiIUCC0bl9opTKYNRGSaYH4NT873XqMwJo-hq1pCJd_ui2x6EOw6SX5bKresFgtGKRYRvWA1GxvfSKnWoj4sohEQfiayLa-k9Phivk1XJpEcb9YFIUKWcXlwwdJPuuBQkaaQ3V88fMxp_jGz3dA==&uniplatform=NZKPT&language=CHS,kept,,2014,王春喜,,17,511,中国现代普通外科进展,复杂性脾脏切除及安全措施的探讨
WS1980,CNKI,https://kns.cnki.net/kcms2/article/abstract?v=DgjXjbKQq8fUOdoLtHU5as_cK_Wc6TQfntrTgNoIMnOYnV7gL0J7mgh9BDsh-IIycJfT5k8lDiXvODqE0m4VZPXrqcUwYcouVhd9x2zIhcV_csQ_NZgHeJtm5QoVtNVXwboZpEGowz-Jj1YLiO1pgXdRQLmWIlom6b4wkLrfAME__DX6p96r_bAardLy4mN-&uniplatform=NZKPT&language=CHS,kept,,2014,汪建华,,,1,,胰内异位副脾的CT与MRI表现
WS1981,CNKI,https://kns.cnki.net/kcms2/article/abstract?v=DgjXjbKQq8e6ofLdlNcE7lq2v8Zq9aiBD2W9YgXvJAvH9-rCH3QkFr1d9zTvaRH2hkK4rU57mZN_Z1ItloOgEueiTKJJ9SNLrN8eQbY8aYs8HGcR-2JDQgGmerdgrE704j-6AZIyC2B9OBPGMCqeUo22TLK0rGpJcRJsLVkQGfwPMBREgrvCtFnkVi1JY3bg&uniplatform=NZKPT&language=CHS,kept,,2014,江茂情,,,1,,游走脾脏急性完全扭转一例
WS1982,Wanfang,https://d.wanfangdata.com.cn/periodical/CiBQZXJpb2RpY2FsQ0hJU29scjkyMDI2MDkxNTE0MjIxORIPaHNqeHp6MjAxNDEzMDAzGghpYjFiMnVoeg%3D%3D,kept,T6 Chinese title+year+journal+pages,2014,《护士继续教育手册》,,,1160,护士进修杂志,超声检查腹部脏器的适应证有哪些？
WS1982,CNKI,https://kns.cnki.net/kcms2/article/abstract?v=DgjXjbKQq8fowRyhvq3Jg7AWHGv7-Y-XupwRamBXik5yFc3NJ6XpQltAaG0uhqrfcEA1HHD3SBGbGNyRxN3U7gASOqQlfPTdTgHE0NBpC2-OFsxUCwmwS1oKmJ5BwUpX27Moj3KDkffyNrWBnN19EMQQpvyCH2ER8bnrRh5p8kyzZ0762BF-vw==&uniplatform=NZKPT&language=CHS,duplicate,,2014,,,29,1160,护士进修杂志,超声检查腹部脏器的适应证有哪些?
WS1982,CBM,2014571936,duplicate,T5 title+volume+pages,2014,,,29,1160,护士进修杂志,超声检查腹部脏器的适应证有哪些?
WS1983,Wanfang,https://d.wanfangdata.com.cn/periodical/CiBQZXJpb2RpY2FsQ0hJU29scjkyMDI2MDkxNTE0MjIxORIPeXpqc2d3MjAxNDA3MTU4GghpYjFiMnVoeg%3D%3D,kept,T2 title+author+year,2014,关辉,,,158,养殖技术顾问,动物脾脏的非炎性病变与病理性诊断
WS1983,CNKI,https://kns.cnki.net/kcms2/article/abstract?v=DgjXjbKQq8eVQvMMSndupvCPKvOKUHDFPcYsGH0x189sew4pc49-ldOMrBzHzyGEoylSeOf60pDC5L5TJz1pfyC-Lg_ZqF9bTCVmdhvRiQ5Er4csgf_RHRtfO3Ub3hsvC6Rarxp_y8BJWeCj7jMyRJ_eIie9yGE6CLczK3Ft6EKBK0Ov9hTvSg==&uniplatform=NZKPT&language=CHS,duplicate,,2014,关辉,,,158,养殖技术顾问,动物脾脏的非炎性病变与病理性诊断
WS1984,CNKI,https://kns.cnki.net/kcms2/article/abstract?v=DgjXjbKQq8fIrmfT7Kq2DlqkR679t3RRfH9Znas0ixHdHG61n_nosuv_AMWUhRioqLkXmoeb86KBTYXlP171m-A7zM3LJ2RMGNaoAWGdoYOlUVwUoNnAWcBluFiQw5ziD961YCVqriDQk5zXj-zW_5fu8nnNXAa4cwBrVmV_2sGjqGQfREL1wQ==&uniplatform=NZKPT&language=CHS,kept,,2014,李智勇,,20,405,中华肝胆外科杂志,游走脾伴脾亢一例
WS1984,CBM,2014444844,duplicate,T4 author+year+volume+first page,2014,李智勇,,20,405,中华肝胆外科杂志,游走脾伴脾亢1例
WS1984,Wanfang,https://d.wanfangdata.com.cn/periodical/CiBQZXJpb2RpY2FsQ0hJU29scjkyMDI2MDkxNTE0MjIxORIPemhnZHdrMjAxNDA2MDAyGghpYjFiMnVoeg%3D%3D,duplicate,T2 title+author+year,2014,李智勇,10.3760/cma.j.issn.1007-8118.2014.06.002,20,405,中华肝胆外科杂志,游走脾伴脾亢一例
WS1985,CNKI,https://kns.cnki.net/kcms2/article/abstract?v=DgjXjbKQq8dyKR5b4CxZPvZVe3GdP43wmLL4pGI29Qr5pq-kfMI8Q-HznYV9V3-XvXgmDjLFmYZXWfYXZZ702pWUSHnze1rEN36O-tfgPz94dUe_Da68DGfYOSZmiwtT1f9w2khKuhrzozlXODR15LS02H0Vxun4od3J8hQLibSizWPvYG4_KA==&uniplatform=NZKPT&language=CHS,kept,,2014,王春喜,,18,164,实用临床医药杂志,腹腔镜脾脏切除安全措施的探讨
WS1986,Wanfang,https://d.wanfangdata.com.cn/periodical/CiBQZXJpb2RpY2FsQ0hJU29scjkyMDI2MDkxNTE0MjIxORIQeWZzeXhqejIwMTQwNDAxMRoIaWIxYjJ1aHo%3D,kept,T2 title+author+year,2014,韩海军,10.3969/j.issn.1671-6027.2014.04.011,,15,畜牧兽医科技信息,氟暴露对雄性小鼠脾脏的病理组织学研究
WS1986,CNKI,https://kns.cnki.net/kcms2/article/abstract?v=DgjXjbKQq8cGFAUKEVuCtBaoOgh-NWiPLPU4gW0GNED5csfGj4RYVKCjQqYK6k5oyXbe7Q_E1oWlL5uMr_RvntI205O9RxZ2coEX2qlsI-Wrvd0L-Skozm9ykJsCQ0Gqif3xPxwi7_0izH4lBd7nbGImCMTqocSiK4CdxeZp7YLDvuVwiVoUVw==&uniplatform=NZKPT&language=CHS,duplicate,,2014,韩海军,,,15,畜牧兽医科技信息,氟暴露对雄性小鼠脾脏的病理组织学研究
WS1986,CBM,2014372769,duplicate,T2 title+author+year,2014,韩海军,,,15,畜牧兽医科技信息,氟暴露对雄性小鼠脾脏的病理组织学研究
WS1987,Wanfang,https://d.wanfangdata.com.cn/periodical/CiBQZXJpb2RpY2FsQ0hJU29scjkyMDI2MDkxNTE0MjIxORINemh5eDIwMTQxNTAyMhoIaWIxYjJ1aHo%3D,kept,T2 title+author+year,2014,吉帆,10.3760/cma.j.issn.0376-2491.2014.15.022,94,1200,中华医学杂志,能谱CT误诊胃底异位脾种植为胃间质瘤一例
WS1987,CNKI,https://kns.cnki.net/kcms2/article/abstract?v=DgjXjbKQq8d-ftk-XX9RgdQPLOZ0AH11BB1fgMx8YVsQHn19PjNdbFSr1DBr9k5NIwn-eAiZH5Ti37u02gnlaPv3_euoJnUDANgAaxTKxhXX59MFFyZ_EZUL72JkUGcYQV7FvbmlDm_mkle6DvzEHkCoCVYQyZ2WtoqfywMB3_C8RzjcCgVIFw==&uniplatform=NZKPT&language=CHS,duplicate,,2014,吉帆,,94,1200,中华医学杂志,能谱CT误诊胃底异位脾种植为胃间质瘤一例
WS1987,CBM,2014395047,duplicate,T3 similar title+author+year,2014,吉帆,,,1200,中华医学杂志,能谱CT误诊胃底异位脾种植为胃间质瘤1例
WS1988,Wanfang,https://d.wanfangdata.com.cn/periodical/CiBQZXJpb2RpY2FsQ0hJU29scjkyMDI2MDkxNTE0MjIxORITemdsY3l4eXh6ejIwMTMxMTAyNxoIaWIxYjJ1aHo%3D,kept,T2 title+author+year,2013,张丽荣,,24,833,中国临床医学影像杂志,盆腔副脾蒂扭转误诊1例
WS1988,CNKI,https://kns.cnki.net/kcms2/article/abstract?v=DgjXjbKQq8dadsXgxU1ynqu4a5XOdtjMT4OxvvJeCTv3BA3XPpwDmhKXxUkI2WtN6fJclissuwYDcz1PpVBoETvUQNlE4o03AU-HyJoYOISdQFxNRr53LsNJBaHBNK9koyzaOEGKM3KyNBxBsx7X5jDUmFw1oYTIk4x3getU82NgBLglFy0_YA==&uniplatform=NZKPT&language=CHS,duplicate,,2013,张丽荣,,24,833,中国临床医学影像杂志,盆腔副脾蒂扭转误诊1例
WS1988,CBM,2014165265,duplicate,T2 title+author+year,2013,张丽荣,,24,833,中国临床医学影像杂志,盆腔副脾蒂扭转误诊1例
WS1989,Wanfang,https://d.wanfangdata.com.cn/periodical/CiBQZXJpb2RpY2FsQ0hJU29scjkyMDI2MDkxNTE0MjIxORILanEyMDEzMTEwMDYaCGliMWIydWh6,kept,T2 title+author+year,2013,刘占斌,10.3969/j.issn.1673-0135.2013.11.006,,22,中国工作犬业,犬游走脾的诊断与治疗
WS1989,CNKI,https://kns.cnki.net/kcms2/article/abstract?v=DgjXjbKQq8d2mb0oikc62JuE_bfkH7KZAsdvaqGEI4xifBWeKkUrMfulmn9zgNH-Q0sq3u8-bbxlJWat-JydFhmMEjsOwRb_SQ-CHj7k1mY_PW6tBmHvhz4mTqbF0aCHPyspZcTjgIrkwjyuvWvvUS1OOyCtcLjjsgDPzzYU5qfR3HRgN_uPOA==&uniplatform=NZKPT&language=CHS,duplicate,,2013,刘占斌,,,22,中国工作犬业,犬游走脾的诊断与治疗
WS1990,CNKI,https://kns.cnki.net/kcms2/article/abstract?v=DgjXjbKQq8edzsMmNwKf-XHM8n6WcZdy64Cr3gIa_1kK44vwxDnZnr-vAAGlNep9q7w43lMpoeo6o3U-eDhAsPbMAUeXhD316zFDnF8JMffMwcdzdpNiHgQVOqUQci218CYkAeHa_MmwziTuY2du32WqTW8DM2d3Ha7QSgP-lvxHRGVZ6DEMW4wVTqVBvAhk&uniplatform=NZKPT&language=CHS,kept,,2013,陶开山,,,1,,GTKO猪-猴异种异位脾窝辅助性肝移植实验研究
WS1990,Wanfang,https://d.wanfangdata.com.cn/conference/CiFDb25mZXJlbmNlTmV3U29scjlTMjAyNjA5MTUwOTMyMzESBzg2NzMyMzgaCGliMWIydWh6,duplicate,T2 title+author+year,2013,陶开山,,,75,,GTKO猪-猴异种异位脾窝辅助性肝移植实验研究
WS1991,Wanfang,https://d.wanfangdata.com.cn/periodical/CiBQZXJpb2RpY2FsQ0hJU29scjkyMDI2MDkxNTE0MjIxORIPeXNqeHp6MjAxMzI2MDM0GghpYjFiMnVoeg%3D%3D,kept,T2 title+author+year,2013,杨方武,10.3760/cma.j.issn.1673-4904.2013.26.034,36,77,中国医师进修杂志,脾脏异位妊娠误诊为绒毛膜癌致脾脏自发性破裂一例
WS1991,CNKI,https://kns.cnki.net/kcms2/article/abstract?v=DgjXjbKQq8cbb-FkN2DF52G6W1zJ9hyw00UHKbtY67LGdTGtwRYQyeQVjzNDGjv4O-dslOPJpyp1YonJ2PYI6ugq3nFESm16FjJZzReYS66kfclgs1LM4alSo2F4schd7nAU080f7Is_ut60w4VQ5t4JLKSeFdodfcyxrUsNGJG_GtuYxpswIg==&uniplatform=NZKPT&language=CHS,duplicate,,2013,杨方武,,36,77,中国医师进修杂志,脾脏异位妊娠误诊为绒毛膜癌致脾脏自发性破裂一例
WS1991,CBM,2013633781,duplicate,T3 similar title+author+year,2013,杨方武,,,77,中国医师进修杂志,脾脏异位妊娠误诊为绒毛膜癌致脾脏自发性破裂1例
WS1992,Wanfang,https://d.wanfangdata.com.cn/periodical/CiBQZXJpb2RpY2FsQ0hJU29scjkyMDI2MDkxNTE0MjIxORINeGh3azIwMTMwODAyMBoIaWIxYjJ1aHo%3D,kept,T2 title+author+year,2013,彭晨,10.3760/cma.j.issn.1673-9752.2013.08.020,12,632,中华消化外科杂志,游走脾伴蒂扭转一例
WS1992,CNKI,https://kns.cnki.net/kcms2/article/abstract?v=DgjXjbKQq8eG9j3JHg78PwtaBqydMW-NNqM8B-iSQe9SkfzhfLC0ha2WnKIUE_gXrgYDJ10PVv4qomsNKNrQAqwwwoFS2dPSr-sfiI2jv2Ea2nPLb7qG8Sw4pbLUkpkMPKP80kx5sbjY3qirxExVDNOhiFaLRVsqKzlA8VaRbWCouN-WMTZBkA==&uniplatform=NZKPT&language=CHS,duplicate,,2013,彭晨,,,632,中华消化外科杂志,游走脾伴蒂扭转一例
WS1992,CBM,2013567987,duplicate,T4 author+year+volume+first page,2013,彭晨,,12,632,中华消化外科杂志,游走脾伴蒂扭转1例
WS1993,CNKI,https://link.cnki.net/doi/10.19542/j.cnki.1006-5180.2013.16.040,kept,,2013,曹刚,10.19542/j.cnki.1006-5180.2013.16.040,20,65,中国乡村医药,B超误诊为外伤性脾破裂15例分析
WS1994,CNKI,https://kns.cnki.net/kcms2/article/abstract?v=DgjXjbKQq8fmcU1YSe5_23g1_ePUBC14yAZaaKt_4Q-m_B4ynebdl9l3zYOxP0_84_XhTeV8Bf6wZSOf0fuJ44ZAcBpv3Cnltyi4M74cqzWq9Bgbpc0KNdKAbYBGPbvzMD08cjiO--ETEqTeG7BBP_XnQUFpHMHR1eS8-5ZokL_S94elI8DZYA==&uniplatform=NZKPT&language=CHS,kept,,2013,,,,47,肝博士,我国异种肝移植创世界先进水平
WS1995,Wanfang,https://d.wanfangdata.com.cn/periodical/CiBQZXJpb2RpY2FsQ0hJU29scjkyMDI2MDkxNTE0MjIxORITemdsY3l4eXh6ejIwMTMwNzAwNBoIaWIxYjJ1aHo%3D,kept,T2 title+author+year,2013,宋宴鹏,10.3969/j.issn.1008-1062.2013.07.004,24,464,中国临床医学影像杂志,超声诊断游走脾并脾扭转1例
WS1995,CNKI,https://kns.cnki.net/kcms2/article/abstract?v=DgjXjbKQq8cV-SmPdIHUjA5sGjtyiDiik4cZMpieASc_DZEmo17GX18uxX62eMwci1N3lVSGhlSWZmfMcbCnfjCjKfHt39KTjlAvGKff_NxtA8BQDdYgAQ2xhzjprdROxOI5lIXfeKzhAgbXANu3-xXuyGbJHr113hFoB1Xsau4u6J9RotG2lw==&uniplatform=NZKPT&language=CHS,duplicate,,2013,宋宴鹏,,24,464,中国临床医学影像杂志,超声诊断游走脾并脾扭转1例
WS1995,CBM,2013557906,duplicate,T2 title+author+year,2013,宋宴鹏,,24,464,中国临床医学影像杂志,超声诊断游走脾并脾扭转1例
WS1996,Wanfang,https://d.wanfangdata.com.cn/conference/CiFDb25mZXJlbmNlTmV3U29scjlTMjAyNjA5MTUwOTMyMzESBzg4Nzc0MTYaCGliMWIydWh6,kept,T2 title+author+year,2013,余日胜,,,258,,胰腺小肿瘤及肿瘤样病变CT、MRI诊断
WS1996,CNKI,https://kns.cnki.net/kcms2/article/abstract?v=DgjXjbKQq8f7smYB2DaVrAz3gg43WH7EC7Aag6Xi5K_qYdrhe3pj9lGx74PIHf7yFtNhLPAfGTg1YYEaNjjCKWxYWVyatci4f9lRDj72aTRIPazYhMGwYBAz8xzDaR0yuUUH8n1Tw6zxWgf5-vV-WEgDedHHnvaaaZ3mDSQbQ-K04PuEv6iFtG0szehqN6uc&uniplatform=NZKPT&language=CHS,duplicate,,2013,余日胜,,,1,,胰腺小肿瘤及肿瘤样病变CT、MRI诊断
WS1997,Wanfang,https://d.wanfangdata.com.cn/periodical/CiBQZXJpb2RpY2FsQ0hJU29scjkyMDI2MDkxNTE0MjIxORIPemhnZHdrMjAxMzA2MDE2GghpYjFiMnVoeg%3D%3D,kept,T2 title+author+year,2013,阮佳莉,10.3760/cma.j.issn.1007-8118.2013.06.016,19,465,中华肝胆外科杂志,脾破裂后肝内异位脾种植
WS1997,CNKI,https://kns.cnki.net/kcms2/article/abstract?v=DgjXjbKQq8cudWGIWebUY5UC_ogzia0Cz-TUydPLf7_5iK8edOV6Kb8UvrRyXCOR5383d3Hu14IiE5Ji1Fj6OuYNFh3FyN-86rD9dgQBAp23l2c9U06MtO-Lf6SP_c_rNfNNiwkNUNBSwToI4zJg-V3f28Px8djAm8rZBV6Z3bFuktNGn0oIWA==&uniplatform=NZKPT&language=CHS,duplicate,,2013,阮佳莉,,19,465,中华肝胆外科杂志,脾破裂后肝内异位脾种植
WS1997,CBM,2013473832,duplicate,T2 title+author+year,2013,阮佳莉,,19,465,中华肝胆外科杂志,脾破裂后肝内异位脾种植
WS1998,CNKI,https://kns.cnki.net/kcms2/article/abstract?v=DgjXjbKQq8dwjb9943XViFyIqo2g7n1J7OWTGeK5di4U1Qus7IJqneXFhbBVHjxTSiMNeosVa_lG3YwVqaCevYzxGnU3lgAgi2YEy8yPoTiu9Ogn0MtuTVo4LIX2R8fxhe-QDiM_-v9SZGEd_qT6DdQLr_1U4bDoqESrCNqZr2EbgJZZ-V0tRaYAam6TCOVC&uniplatform=NZKPT&language=CHS,kept,,,史俊斌,,,007,科技日报,猴子脾窝移植猪的部分肝脏存活10天
WS1999,CNKI,https://kns.cnki.net/kcms2/article/abstract?v=DgjXjbKQq8e3N1xZafMS6DJ0R3p8_CBxCGqpVI1FElPRmF-QYne3riAHYSaiumnc0-qqZPxBSqdALGFwGiwP_76SVCgrVwCjYaFGyZ0NvxfQdzp8cvaU3X9xQd-kQHV_hW_6Z4fTf-XEBdD2jFE391rDVWL36ogGjQxTZZHGO_pf0iflY4mtBw0C8YN5aRok&uniplatform=NZKPT&language=CHS,kept,,,冒希平,,,001,健康报,猪—猴异种肝移植动物存活破纪录
WS2000,CNKI,https://kns.cnki.net/kcms2/article/abstract?v=DgjXjbKQq8cSv5WWVRbnJU6jtbrVu0EpofZ-nkbiVrr1fwMpHnfdghvp9yItVcWm2tHp3OuYjcQQBbi_Y8yi48xW_KKY_pmcSIKXUYInpPXrpgw77eTHUPLLyNmePtaeg6fOrIXO1zh0gff9219P8JVmqquJTpCA1hkfcmgU15t-DDsRbzoOcy89x0dL-YDu&uniplatform=NZKPT&language=CHS,kept,,,韩宏,,,001,文汇报,猴体移植猪肝存活已逾十天
WS2001,Wanfang,https://d.wanfangdata.com.cn/periodical/CiBQZXJpb2RpY2FsQ0hJU29scjkyMDI2MDkxNTE0MjIxORITZ3d5eC13a3hmYzIwMTMwNDAyMBoIaWIxYjJ1aHo%3D,kept,T2 title+author+year,2013,祁军安,10.3760/cma.j.issn.1673-4203.2013.04.020,40,283,国际外科学杂志,膈肌异位脾种植一例诊治分析
WS2001,CNKI,https://kns.cnki.net/kcms2/article/abstract?v=DgjXjbKQq8cSv5WWVRbnJU6jtbrVu0EpF76p6MRs9PqIAV3GeBA4_VS3xSLcdOvK_BTyIR_4wQ8GrMq7S6pKBQq7h1Z-actxdZVK3O5D8Aj5exdLEof0wCOo8BF4VhXhkk9WIQj5gr5sADtlS6Hpn8Ku8a3gbtujxgnOk4qhCCQEoZoIo_0Y8A==&uniplatform=NZKPT&language=CHS,duplicate,,2013,祁军安,,,283,国际外科学杂志,膈肌异位脾种植一例诊治分析
WS2001,CBM,2013423083,duplicate,T3 similar title+author+year,2013,祁军安,,40,283,国际外科学杂志,膈肌异位脾种植1例诊治分析
WS2002,Wanfang,https://d.wanfangdata.com.cn/periodical/CiBQZXJpb2RpY2FsQ0hJU29scjkyMDI2MDkxNTE0MjIxORIPemhnZHdrMjAxMzAzMDEyGghpYjFiMnVoeg%3D%3D,kept,T2 title+author+year,2013,褚海波,10.3760/cma.j.issn.1007-8118.2013.03.012,19,208,中华肝胆外科杂志,巨脾大部切除后残脾纤维组织的分布与定量研究
WS2002,CNKI,https://kns.cnki.net/kcms2/article/abstract?v=DgjXjbKQq8epEZuiDXpcqRYY9KADGPVrZ_TvgMyQoyrfcoXLxkvniMajSt6H6zW3eOEdqotOOmXAM2RLoO5ja2KgB4Kq8ctTMq5GK-8rdMM8x8BXHgCgvCXhpSP0FsnaKNyQwiNfLuGioFUuQ2RYGoH1yM5GLsmgaYNj1o5vppGO7YGXJUuAVA==&uniplatform=NZKPT&language=CHS,duplicate,,2013,褚海波,,,208,中华肝胆外科杂志,巨脾大部切除后残脾纤维组织的分布与定量研究
WS2002,CBM,2013346850,duplicate,T2 title+author+year,2013,褚海波,,19,208,中华肝胆外科杂志,巨脾大部切除后残脾纤维组织的分布与定量研究
WS2003,Wanfang,https://d.wanfangdata.com.cn/periodical/CiBQZXJpb2RpY2FsQ0hJU29scjkyMDI2MDkxNTE0MjIxORIPemhjc3l4MjAxMjExMDE1GghpYjFiMnVoeg%3D%3D,kept,T2 title+author+year,2012,张飞雪,10.3760/cma.j.issn.1004-4477.2012.11.015,21,968,中华超声影像学杂志,超声诊断小儿游走脾并脾扭转、脾梗死1例
WS2003,CNKI,https://kns.cnki.net/kcms2/article/abstract?v=DgjXjbKQq8e9TLE_sHQOtWSGqipapZ-q8ALmoRUHr-ARsAQCiud1RaVPb8ybb0G3mUKA2sKOwHa99-JmXFbxX0nkHTRO6Huf_i15mpF8fJgJFQRYkMwsA8UewN3-Lh1bsZGAAwoNFmfEH52S9VcvAG3S91aqpA9YBMH2GG8IJCAuYZLcH9s2Ug==&uniplatform=NZKPT&language=CHS,duplicate,,2012,张飞雪,,,968,中华超声影像学杂志,超声诊断小儿游走脾并脾扭转、脾梗死1例
WS2003,CBM,2013204592,duplicate,T2 title+author+year,2012,张飞雪,,21,968,中华超声影像学杂志,超声诊断小儿游走脾并脾扭转、脾梗死1例
WS2004,Wanfang,https://d.wanfangdata.com.cn/periodical/CiBQZXJpb2RpY2FsQ0hJU29scjkyMDI2MDkxNTE0MjIxORIPemdmeWJqMjAxMjI3MDM3GghpYjFiMnVoeg%3D%3D,kept,T2 title+author+year,2012,金桂云,,27,4282,中国妇幼保健,少见位置异位妊娠的介入治疗
WS2004,CNKI,https://kns.cnki.net/kcms2/article/abstract?v=DgjXjbKQq8dhfOogIcVwEmc9EbiOwW96673DfM2udjhgTvr0ZUular_u3B41SV0SZ4jmvYVEKO9yebGAdCnKFUmlOAgi8RT6su_po8BjgnCdhXiBcTN4JCGaBh95KyRg19GjEoH0CZ8UzzMrDjwqUXvHTWDIjuCVKlRioSO2EwAG7TSll3C6NQ==&uniplatform=NZKPT&language=CHS,duplicate,,2012,金桂云,,27,4282,中国妇幼保健,少见位置异位妊娠的介入治疗
WS2004,CBM,2012641874,duplicate,T2 title+author+year,2012,金桂云,,27,4282,中国妇幼保健,少见位置异位妊娠的介入治疗
WS2005,Wanfang,https://d.wanfangdata.com.cn/periodical/CiBQZXJpb2RpY2FsQ0hJU29scjkyMDI2MDkxNTE0MjIxORIPaGJnZnl5MjAxMjA4MDI2GghpYjFiMnVoeg%3D%3D,kept,T2 title+author+year,2012,牛振英,10.3969/j.issn.2095-140x.2012.08.026,24,76,解放军医药杂志,彩超诊断异位脾一例并文献复习
WS2005,CNKI,https://kns.cnki.net/kcms2/article/abstract?v=DgjXjbKQq8dqmtBd7NkvLFB98MUmJzajosvdPGBW-jOZGZFcgHWOgnWWF9QW8gYVflLKn7-5QSJXi_Bhs2U1-91QfTF6BQkoW2TnwhFmRsF24zxpwKDgly6uSOf3ygNj4qL7VDP7-qgz5hBIPJhsUS0n91yCkg-lQMIpr9SteecRKc9rj-uuLQ==&uniplatform=NZKPT&language=CHS,duplicate,,2012,牛振英,,24,76,解放军医药杂志,彩超诊断异位脾一例并文献复习
WS2005,CBM,2012635752,duplicate,T3 similar title+author+year,2012,牛振英,,24,76,解放军医药杂志,彩超诊断异位脾1例并文献复习
WS2006,Wanfang,https://d.wanfangdata.com.cn/periodical/CiBQZXJpb2RpY2FsQ0hJU29scjkyMDI2MDkxNTE0MjIxORIUemdzeWZreWNrenoyMDEyMDYwMjcaCGliMWIydWh6,kept,T2 title+author+year,2012,卢飞飞,,28,475,中国实用妇科与产科杂志,脾脏异位妊娠1例报告
WS2006,CNKI,https://kns.cnki.net/kcms2/article/abstract?v=DgjXjbKQq8cWBZ7jGZnPrErWuN9kuDo6yQYr8BuXI8lrZQQ-01ls-HYcIdyz2Jjp8JeCj0tLRCUbaoBgQZOmCtPYL-WbZfLCdzyyoyliJQfgDy6e7JNbx_BiaWa9-K0QJ_2Npi8gs-0w1qVnaHM7uMGPyms0MVy8_93VNkv3N6NbEUCga5BlfQ==&uniplatform=NZKPT&language=CHS,duplicate,,2012,卢飞飞,,28,475,中国实用妇科与产科杂志,脾脏异位妊娠1例报告
WS2006,CBM,2012538703,duplicate,T2 title+author+year,2012,卢飞飞,,28,475,中国实用妇科与产科杂志,脾脏异位妊娠1例报告
WS2007,CNKI,https://link.cnki.net/doi/10.13881/j.cnki.hljxmsy.2012.09.011,kept,,2012,刘利强,10.13881/j.cnki.hljxmsy.2012.09.011,,150,黑龙江畜牧兽医,双酚A对SPF大鼠脾脏的组织病理学损伤作用
WS2007,Wanfang,https://d.wanfangdata.com.cn/periodical/CiBQZXJpb2RpY2FsQ0hJU29scjkyMDI2MDkxNTE0MjIxORIQaGxqeG1zeTIwMTIwNTA1ORoIaWIxYjJ1aHo%3D,duplicate,T2 title+author+year,2012,刘利强,,,150,黑龙江畜牧兽医（上半月）,双酚A对SPF大鼠脾脏的组织病理学损伤作用
WS2008,Wanfang,https://d.wanfangdata.com.cn/periodical/CiBQZXJpb2RpY2FsQ0hJU29scjkyMDI2MDkxNTE0MjIxORIRemhvbmdneWYyMDEyMDUwMjYaCGliMWIydWh6,kept,T2 title+author+year,2012,丁巨国,10.3969/j.issn.0412-4367.2012.05.026,,36,中国蜂业,介绍一种活络蜂路隔
WS2008,CNKI,https://kns.cnki.net/kcms2/article/abstract?v=DgjXjbKQq8fWj8ItHGyoGvvCk4z7L_bzL05n2rD_KtXiTlNFbyRC5MQSAxbQJ0sHxf-NogMMIv7OHmguKBNVT10xUGfMxsWOmQGUevD7dGXPfcRa-Inx43yxGgD_-aTlb_NdAEeaGP7puaT0pqSA6db-xueBtnnWpvoubWyBkkdVwyHvZPLKSA==&uniplatform=NZKPT&language=CHS,duplicate,,2012,丁巨国,,63,36,中国蜂业,介绍一种活络蜂路隔
WS2009,Wanfang,https://d.wanfangdata.com.cn/periodical/CiBQZXJpb2RpY2FsQ0hJU29scjkyMDI2MDkxNTE0MjIxORITemh4aG5qeno5ODIwMTIwMjAyMhoIaWIxYjJ1aHo%3D,kept,T5 title+volume+pages,2012,杨景波,10.3760/cma.j.issn.1007-5232.2012.02.022,29,115,中华消化内镜杂志,胃底异位脾种植误诊为间质瘤一例
WS2009,CNKI,https://kns.cnki.net/kcms2/article/abstract?v=DgjXjbKQq8fgbKaiYo2eY5CKOyTuLvt2yA2OVpk-yoJbevZc8Ka1OqL63Ig8_ezU7-b4t3yyGSikpWqyl0LKwxGVN8T3yXi9PqOOwbEw_9f0gNrYwzvRkKZ610ATLjhAJ3nrFxlTeTFOarnZA13H-bhiIgyiqu92tv6q6QpjFa1MpwLxNqv_PQ==&uniplatform=NZKPT&language=CHS,duplicate,,2012,,,29,115,中华消化内镜杂志,胃底异位脾种植误诊为间质瘤一例
WS2009,CBM,2012354493,duplicate,T3 similar title+author+year,2012,杨景波,,29,115,中华消化内镜杂志,胃底异位脾种植误诊为间质瘤1例
WS2010,CNKI,https://link.cnki.net/doi/10.16260/j.cnki.1009-2188.2011.05.009,kept,,2011,王春喜,10.16260/j.cnki.1009-2188.2011.05.009,15,346,中国现代手术学杂志,复杂性脾脏切除86例临床分析
WS2011,Wanfang,https://d.wanfangdata.com.cn/periodical/CiBQZXJpb2RpY2FsQ0hJU29scjkyMDI2MDkxNTE0MjIxORIPemdqY3l5MjAxMTE4MDI3GghpYjFiMnVoeg%3D%3D,kept,T2 title+author+year,2011,马逸宜,10.3760/cma.j.issn.1008-6706.2011.18.097,18,2501,中国基层医药,超声诊断先天性异位脾1例
WS2011,CNKI,https://kns.cnki.net/kcms2/article/abstract?v=DgjXjbKQq8fDGu7qJvRfjSe8nZ3j_NK2fr51ixlYi2zIlraUN_E-sp-uflMtiwadIS9x6OhBRgsdQvqjZHUNnyN7Zt0rP8leQv6qul18obyZuKQzI79gOefIt3bBZDEBsj9lewTFxboSxZVA9wFUExBrSh-R0MFiA4hRtfw_VS5YFjw82eLUnA==&uniplatform=NZKPT&language=CHS,duplicate,,2011,马逸宜,,,2501,中国基层医药,超声诊断先天性异位脾1例
WS2011,CBM,2011746799,duplicate,T2 title+author+year,2011,马逸宜,,18,2501,中国基层医药,超声诊断先天性异位脾1例
WS2012,CNKI,https://kns.cnki.net/kcms2/article/abstract?v=DgjXjbKQq8f7pwFwfSk_9awUHe1FwCsg7sYCiF198aWtJJ3cf09mzkNgVA8U4AFS-XWYFBrqomDTX57S9bPCY9D4vpv8d5aOyKVxbz-h1eveisBNCVqWZvdaaKrdT0LiQM_-_hp3n_47MLbVQqvdC7W5J7lEXGKzSRgebaJQ5oBWaXizTSOtYJyaBWPPaaou&uniplatform=NZKPT&language=CHS,kept,,2011,俞劲,,,1,,副脾扭转坏死的超声特征分析
WS2013,Wanfang,https://d.wanfangdata.com.cn/periodical/CiBQZXJpb2RpY2FsQ0hJU29scjkyMDI2MDkxNTE0MjIxORINeHJ3azIwMTEwNzAyNhoIaWIxYjJ1aHo%3D,kept,T2 title+author+year,2011,孙驰,10.3760/cma.j.issn.0253-3006.2011.07.026,32,558,中华小儿外科杂志,腹腔镜脾部分切除、残余脾腹膜外固定术治疗游走脾并扭转一例
WS2013,CNKI,https://kns.cnki.net/kcms2/article/abstract?v=DgjXjbKQq8euPR4Lnge5qOJNBiuU2pIv3DI9VoL5AnyI7QZMrLBAyvFxAFxpM-wjOAYssby_AVTMbw3725_MAjyWzxuq3360Lp51gE6Qfa5z-xiL4h-FKQJTVgU0hjOuriWhkSpGQngeJdcwQt34UneIQJceBONU8G5wc67U38E1usJkBbidqg==&uniplatform=NZKPT&language=CHS,duplicate,,2011,孙驰,,,558,中华小儿外科杂志,腹腔镜脾部分切除、残余脾腹膜外固定术治疗游走脾并扭转一例
WS2013,CBM,2011625405,duplicate,T3 similar title+author+year,2011,孙驰,,32,558,中华小儿外科杂志,腹腔镜脾部分切除、残余脾腹膜外固定术治疗游走脾并扭转1例
WS2014,CNKI,https://kns.cnki.net/kcms2/article/abstract?v=DgjXjbKQq8er1YOXY1bcHPfYix2J6FugUuLdb3yr3jPboxTdEWfxIC4XTZjaq95DDt-y3Ytj1b1XsxN36lZKAF5H7JYpd1tFcURPwO-R-oV9cELyc73b4RKQrBs-wsnFaMsNIH2eRXli2r7iEDqDYJqwGvGFcsYvMJQANcGnx3IF2kHbhs_G7A==&uniplatform=NZKPT&language=CHS,kept,,2011,金雷,,54,610,人民军医,右肾上腺区异位种植脾1例
WS2015,CNKI,https://link.cnki.net/doi/10.16260/j.cnki.1009-2188.2011.03.020,kept,,2011,袁建保,10.16260/j.cnki.1009-2188.2011.03.020,15,191,中国现代手术学杂志,保留脾脏的近端胃癌D2根治术脾门淋巴结清扫
WS2015,Wanfang,https://d.wanfangdata.com.cn/periodical/CiBQZXJpb2RpY2FsQ0hJU29scjkyMDI2MDkxNTE0MjIxORISemd4ZHNzeHp6MjAxMTAzMDA4GghpYjFiMnVoeg%3D%3D,duplicate,T2 title+author+year,2011,袁建保,,15,191,中国现代手术学杂志,保留脾脏的近端胃癌D2根治术脾门淋巴结清扫
WS2015,CBM,2012445769,duplicate,T2 title+author+year,2011,袁建保,,15,191,中国现代手术学杂志,保留脾脏的近端胃癌D2根治术脾门淋巴结清扫
WS2016,Wanfang,https://d.wanfangdata.com.cn/periodical/CiBQZXJpb2RpY2FsQ0hJU29scjkyMDI2MDkxNTE0MjIxORIPbGN3end6MjAxMTA2MDMwGghpYjFiMnVoeg%3D%3D,kept,T2 title+author+year,2011,石建伟,10.3969/j.issn.1002-3429.2011.06.030,24,52,临床误诊误治,游走脾并蒂扭转、脾梗死一例诊治分析
WS2016,CNKI,https://kns.cnki.net/kcms2/article/abstract?v=DgjXjbKQq8dnHheeMqXvVh7tOpQeTrh8F9SScFIAECHRwmR2reG0n4dzzHcEuYqFnvyAB7ORuoxkpGNNQRBxZRClkF_oJsumEGBav_qSGf1Sm8SbLk5xnduwMhdC0NFexZp5rlpX8zI_9qnW0uyhR3bSpgZbONdFLKAYPsl5zYrIM5CFz7nrTg==&uniplatform=NZKPT&language=CHS,duplicate,,2011,石建伟,,24,52,临床误诊误治,游走脾并蒂扭转、脾梗死一例诊治分析
WS2016,CBM,2011673528,duplicate,T3 similar title+author+year,2011,石建伟,,24,52,临床误诊误治,游走脾并蒂扭转、脾梗死1例诊治分析
WS2017,Wanfang,https://d.wanfangdata.com.cn/periodical/CiBQZXJpb2RpY2FsQ0hJU29scjkyMDI2MDkxNTE0MjIxORIRemdzeXdrenoyMDExMDYwMzQaCGliMWIydWh6,kept,T2 title+author+year,2011,张勇,,31,550,中国实用外科杂志,盆腔游走脾并脾蒂不完全扭转1例报告
WS2017,CNKI,https://kns.cnki.net/kcms2/article/abstract?v=DgjXjbKQq8dDdo6dl0Y7YcQv625OUsJrE7jzSOaxkAzapBM-iDifrdmFMtrHn5zvwMtNxcrTcdQ-nb6-TjB7kMzdKyMuQ0mShqAbQrKiroC4PKLG4SD1-OSlql-i1xXHeUI8oRjSVajXEAudeZ31vW7lFNec8Wy3eP--aV-YLDUa-6rEBMYlnw==&uniplatform=NZKPT&language=CHS,duplicate,,2011,张勇,,31,550,中国实用外科杂志,盆腔游走脾并脾蒂不完全扭转1例报告
WS2017,CBM,2011577036,duplicate,T2 title+author+year,2011,张勇,,31,550,中国实用外科杂志,盆腔游走脾并脾蒂不完全扭转1例报告
WS2018,CNKI,https://kns.cnki.net/kcms2/article/abstract?v=DgjXjbKQq8fkj6cSkLxj4736_ALQmGRP0ZM25BDwlUXbHuVfYAzQY1AoOyQBYoBlC6cNejQ85Ci-65AQvAHRW9k3YqoKNJbIPyL0DnEXHWKRqqDFXibkuGGgkSY6faue6iFsM-HzNScHo7ZaVVyK-t4mwVVPYLrwjILvecDVwJecDZkUdXNJ-g==&uniplatform=NZKPT&language=CHS,kept,,2011,郑幼伟,,,345,中华肝胆外科杂志,异位起源于肠系膜上动脉的脾动脉瘤四例报告
WS2019,CNKI,https://link.cnki.net/doi/10.13404/j.cnki.cjbhh.2011.04.022,kept,,2011,王丹,10.13404/j.cnki.cjbhh.2011.04.022,19,95,中国优生与遗传杂志,Douglas窝副脾误诊为淋巴瘤一例
WS2019,Wanfang,https://d.wanfangdata.com.cn/periodical/CiBQZXJpb2RpY2FsQ0hJU29scjkyMDI2MDkxNTE0MjIxORISemd5c3l5Y3p6MjAxMTA0MDU1GghpYjFiMnVoeg%3D%3D,duplicate,T2 title+author+year,2011,王丹,,19,95,中国优生与遗传杂志,Douglas窝副脾误诊为淋巴瘤一例
WS2019,CBM,2011545619,duplicate,T3 similar title+author+year,2011,王丹,,19,95,中国优生与遗传杂志,Douglas窝副脾误诊为淋巴瘤1例
WS2020,Wanfang,https://d.wanfangdata.com.cn/periodical/CiBQZXJpb2RpY2FsQ0hJU29scjkyMDI2MDkxNTE0MjIxORIOZnN4c2oyMDExMDQwNDEaCGliMWIydWh6,kept,T2 title+author+year,2011,黄从刚,10.3969/j.issn.1000-0313.2011.04.041,26,472,放射学实践,CT诊断儿童游走脾伴脾蒂扭转一例
WS2020,CNKI,https://link.cnki.net/doi/10.13609/j.cnki.1000-0313.2011.04.026,duplicate,,2011,黄从刚,10.13609/j.cnki.1000-0313.2011.04.026,26,472,放射学实践,CT诊断儿童游走脾伴脾蒂扭转一例
WS2020,CBM,2011622517,duplicate,T3 similar title+author+year,2011,黄从刚,,26,472,放射学实践,CT诊断儿童游走脾伴脾蒂扭转1例
WS2021,Wanfang,https://d.wanfangdata.com.cn/periodical/CiBQZXJpb2RpY2FsQ0hJU29scjkyMDI2MDkxNTE0MjIxORISaGJtdHl4eXhiMjAxMTAyMDM4GghpYjFiMnVoeg%3D%3D,kept,T2 title+author+year,2011,赵玉英,10.3969/j.issn.1008-6633.2011.02.038,13,197,华北煤炭医学院学报,B超诊断脾异位1例
WS2021,CNKI,https://link.cnki.net/doi/10.19539/j.cnki.2095-2694.2011.02.038,duplicate,,2011,赵玉英,10.19539/j.cnki.2095-2694.2011.02.038,13,197,华北煤炭医学院学报,B超诊断脾异位1例
WS2021,CBM,2011494257,duplicate,T2 title+author+year,2011,赵玉英,,13,197,华北煤炭医学院学报,B超诊断脾异位1例
WS2022,Wanfang,https://d.wanfangdata.com.cn/periodical/CiBQZXJpb2RpY2FsQ0hJU29scjkyMDI2MDkxNTE0MjIxORIQbm1neXh6ejIwMTEwMTA1MhoIaWIxYjJ1aHo%3D,kept,T2 title+author+year,2011,缪经瑞,10.3969/j.issn.1004-0951.2011.01.052,43,125,内蒙古医学杂志,大网膜异位脾一例
WS2022,CNKI,https://link.cnki.net/doi/10.16096/j.cnki.nmgyxzz.2011.01.043,duplicate,,2011,缪经瑞,10.16096/j.cnki.nmgyxzz.2011.01.043,43,125,内蒙古医学杂志,大网膜异位脾一例
WS2022,CBM,2011526822,duplicate,T4 author+year+volume+first page,2011,缪经瑞,,43,125,内蒙古医学杂志,大网膜异位脾1例
WS2023,Wanfang,https://d.wanfangdata.com.cn/periodical/CiBQZXJpb2RpY2FsQ0hJU29scjkyMDI2MDkxNTE0MjIxORIPemdzeXp6MjAxMTAxMDM0GghpYjFiMnVoeg%3D%3D,kept,T2 title+author+year,2011,李朋,10.3969/j.issn.0529-6005.2011.01.034,47,74,中国兽医杂志,犬单纯性脾扭转的超声诊断
WS2023,CNKI,https://kns.cnki.net/kcms2/article/abstract?v=DgjXjbKQq8dXlBxLeEA_gOGTcqUebe__yhoSR0ZrfwhOHOuy0SWnLW5FdKZuoMs9JsmaEAGUB9k_IGF7zd0g7BlfgKCkWNqABSW1HmM-hMSAsJmN9zhoml5o34KQgWjdCLBuxRNfbe7q4B_KkzsSM-nEakHTLot4GlFgY1IGBzmcYfeubBlvow==&uniplatform=NZKPT&language=CHS,duplicate,,2011,李朋,,47,74,中国兽医杂志,犬单纯性脾扭转的超声诊断
WS2023,CBM,2011381599,duplicate,T2 title+author+year,2011,李朋,,47,74,中国兽医杂志,犬单纯性脾扭转的超声诊断
WS2024,CNKI,https://kns.cnki.net/kcms2/article/abstract?v=DgjXjbKQq8c3H2Z_jpfHEEOdWV4mPiH1rLF-Cr8v6jnLoHI1yqFZHEFMuoqs1WVq95jTMJXA637VOsb1i40c5Ie00xRrPQI8N6PtPkM110wMABMY6ks2AmDwZ32Zzhimk9FDoChnckhrE4mqr_Kk8GwlDAFu998kJ9vS9jgNDev3fNWDSXDpRA==&uniplatform=NZKPT&language=CHS,kept,,2011,张晶,,27,72,中国实用妇科与产科杂志,盆腔脾种植误诊为卵巢肿瘤1例及文献复习
WS2025,Wanfang,https://d.wanfangdata.com.cn/periodical/CiBQZXJpb2RpY2FsQ0hJU29scjkyMDI2MDkxNTE0MjIxORIUemd6eXl4ZHljankyMDEwMjIwNjAaCGliMWIydWh6,kept,T2 title+author+year,2010,李学杰,10.3969/j.issn.1672-2779.2010.22.059,8,70,中国中医药现代远程教育,游走脾的诊断和治疗
WS2025,CNKI,https://kns.cnki.net/kcms2/article/abstract?v=DgjXjbKQq8fEz4x2lMfkPHK41f9AhszKR0pFsryvvLDdQMPAAd-FDyr1xyEinT4tkIJTv9Ll-OlgZDrVeeDTFITaVxthLWWS_fGezn2TmxvsWHFrdfw4R65Gj6r6h50l3aAx2s5piohjf9ZPpxzhigyN0vvw0HmclSySLe1kEpYg_ax15ZdGHQ==&uniplatform=NZKPT&language=CHS,duplicate,,2010,李学杰,,8,70,中国中医药现代远程教育,游走脾的诊断和治疗
WS2025,CBM,2011266487,duplicate,T2 title+author+year,2010,李学杰,,,70,中国中医药现代远程教育,游走脾的诊断和治疗
WS2026,Wanfang,https://d.wanfangdata.com.cn/periodical/CiBQZXJpb2RpY2FsQ0hJU29scjkyMDI2MDkxNTE0MjIxORIQemd3enh6ejIwMTAyNzIxOBoIaWIxYjJ1aHo%3D,kept,T2 title+author+year,2010,吕艳,,10,6773,中国误诊学杂志,左侧肾上腺区脾种植1例分析
WS2026,CBM,2011120676,duplicate,T2 title+author+year,2010,吕艳,,10,6773,中国误诊学杂志,左侧肾上腺区脾种植1例分析
WS2026,CNKI,https://kns.cnki.net/kcms2/article/abstract?v=DgjXjbKQq8f3HaootbYQsvi1lcaHFf0CLvi6TgN5PVDTkJuhIL0H-DrHzG3ENDgVqUUmIat3jiwhDfm7LDL0i-S5LDpMOagNY3CiyFukMz8kMUJslavOAMr2juaJoT45RCLGbxdPSEb1Nt0MdCK796z5cSrQ8AXyq3woA0iAQavdZAB6J-z0oA==&uniplatform=NZKPT&language=CHS,duplicate,,2010,吕艳,,10,6773,中国误诊学杂志,左侧肾上腺区脾种植1例分析
WS2027,CNKI,https://kns.cnki.net/kcms2/article/abstract?v=DgjXjbKQq8fVckySnTbODO0EhEQ2_XqnSAGvZCl1UfTG_GOrKdr-cmTTQ2eCqVCg_xZLZnLbx0Cfte0BCro3LaWoMwg9eBnyP1LEn4U0mO6VajPqBT9AfllYs7jzk0oekOcBc88jc_sCyiw6aXntXv_X_iOOlFoHJaR2HoYsf1eQvUHYB_5oPg==&uniplatform=NZKPT&language=CHS,kept,,2010,范学圣,,,585,中华小儿外科杂志,游走脾脏一例
WS2028,CNKI,196,kept,,,李龙,,,,,腔镜外科治疗先天性畸形新技术方法的应用研究
WS2029,Wanfang,https://d.wanfangdata.com.cn/periodical/CiBQZXJpb2RpY2FsQ0hJU29scjkyMDI2MDkxNTE0MjIxORIQemd3enh6ejIwMTAxNjI0MhoIaWIxYjJ1aHo%3D,kept,T2 title+author+year,2010,管美丽,,10,3803,中国误诊学杂志,食管裂孔疝术后胃脾扭转1例
WS2029,CBM,2011152071,duplicate,T2 title+author+year,2010,管美丽,,10,3803,中国误诊学杂志,食管裂孔疝术后胃脾扭转1例
WS2029,CNKI,https://kns.cnki.net/kcms2/article/abstract?v=DgjXjbKQq8c2-OqXH50pcFwdGygl7ToHaESCE9aITx0vyn76_WYVECkZW8ryQF5Lii0t0EX-mSBxnCEbIH6OTpJ3wj7lq9sQVMSb64xWpsF0Oax0CcZd2qMhhe-7qXvUP1L-c6-fvcc6NGDbaAI9b1IhPelF6UgG2Wa_pwdTiJhwK7xCWqKCMw==&uniplatform=NZKPT&language=CHS,duplicate,,2010,管美丽,,10,3803,中国误诊学杂志,食管裂孔疝术后胃脾扭转1例
WS2030,Wanfang,https://d.wanfangdata.com.cn/periodical/CiBQZXJpb2RpY2FsQ0hJU29scjkyMDI2MDkxNTE0MjIxORIPemh4aHp6MjAxMDA1MDE4GghpYjFiMnVoeg%3D%3D,kept,T2 title+author+year,2010,曹海龙,10.3760/cma.j.issn.0254-1432.2010.05.017,30,351,中华消化杂志,成人游走脾伴胃扭转及难治性贫血
WS2030,CNKI,https://kns.cnki.net/kcms2/article/abstract?v=DgjXjbKQq8d-knPLawBdeNoAcJ1n_b_F9UV_4IgVJ0SITwPuIDK4SlDX6dLAhIItgRkCCDW8OaLazN6QbvrFvAHS4fgC_3fJqArOkLIMGbI9J2sIrGtyk1CXi41SX01c_pMjWv9nRA8ebBpmoSgtMu7zFAcBHOdKMCrH78gFOImFUi_8CptGEA==&uniplatform=NZKPT&language=CHS,duplicate,,2010,曹海龙,,,351,中华消化杂志,成人游走脾伴胃扭转及难治性贫血
WS2030,CBM,2011141488,duplicate,T2 title+author+year,2010,曹海龙,,,351,中华消化杂志,成人游走脾伴胃扭转及难治性贫血
WS2031,Wanfang,https://d.wanfangdata.com.cn/periodical/CiBQZXJpb2RpY2FsQ0hJU29scjkyMDI2MDkxNTE0MjIxORIPemhwdHdrMjAxMDA0MDI1GghpYjFiMnVoeg%3D%3D,kept,T2 title+author+year,2010,马克强,10.3760/cma.j.issn.1007-631x.2010.04.010,25,298,中华普通外科杂志,乙状结肠扭转合并脾脏扭转坏死一例
WS2031,CNKI,https://kns.cnki.net/kcms2/article/abstract?v=DgjXjbKQq8el14KyI9Olrjr00nJtI-AxUVRbb3zN-4frIW6BBh3J0y_yJuy9yiJPNuUDYye8bqMCOznBV65WV2G4mXh2SFyfwXIzxGjsuJTO6-jaFMikcAnO4f5IoiZ1Yw-QSiCOXaen3xL9nrEf3rqzbGVK1wFSTApSE6bpaiFT4PgDs5SK6Q==&uniplatform=NZKPT&language=CHS,duplicate,,2010,马克强,,,298,中华普通外科杂志,乙状结肠扭转合并脾脏扭转坏死一例
WS2031,CBM,2011143832,duplicate,T3 similar title+author+year,2010,马克强,,,298,中华普通外科杂志,乙状结肠扭转合并脾脏扭转坏死1例
WS2032,CNKI,https://link.cnki.net/doi/10.13418/j.issn.1001-165x.2010.02.035,kept,,2010,刘鹏,10.13418/j.issn.1001-165x.2010.02.035,28,233,中国临床解剖学杂志,异位脾并血管变异的多层螺旋CT检查
WS2032,Wanfang,https://d.wanfangdata.com.cn/periodical/CiBQZXJpb2RpY2FsQ0hJU29scjkyMDI2MDkxNTE0MjIxORISemdsY2pweHp6MjAxMDAyMDM1GghpYjFiMnVoeg%3D%3D,duplicate,T2 title+author+year,2010,刘鹏,,28,233,中国临床解剖学杂志,异位脾并血管变异的多层螺旋CT检查
WS2032,CBM,2010531312,duplicate,T2 title+author+year,2010,刘鹏,,,233,中国临床解剖学杂志,异位脾并血管变异的多层螺旋CT检查
WS2033,Wanfang,https://d.wanfangdata.com.cn/periodical/CiBQZXJpb2RpY2FsQ0hJU29scjkyMDI2MDkxNTE0MjIxORIVemd6eHlqaHl4eHp6MjAxMDAxMDI0GghpYjFiMnVoeg%3D%3D,kept,T2 title+author+year,2010,姜传武,10.3969/j.issn.1672-0512.2010.01.024,8,68,中国中西医结合影像学杂志,游走脾的诊治进展
WS2033,CBM,2010223121,duplicate,T2 title+author+year,2010,姜传武,,,68,中国中西医结合影像学杂志,游走脾的诊治进展
WS2033,CNKI,https://kns.cnki.net/kcms2/article/abstract?v=DgjXjbKQq8fkY8AmMAL9SJEiA8U028Mw72ZpQv1JxCVYwWLEIRw887I3ganyG4NEzV_l88jvGXjtN1qFYz-cRqsrW98wMjkEu-HgUyoXs8g2Wm8B-gH1huv0ezvXQQfUNAe8t5YJJ5k94DEteseLv8zorxTUazG591gxY4U3SP3YAdmpsOce8Q==&uniplatform=NZKPT&language=CHS,duplicate,,2010,姜传武,,8,68,中国中西医结合影像学杂志,游走脾的诊治进展
WS2034,Wanfang,https://d.wanfangdata.com.cn/periodical/CiBQZXJpb2RpY2FsQ0hJU29scjkyMDI2MDkxNTE0MjIxORINeHJ3azIwMTAwMTAyNRoIaWIxYjJ1aHo%3D,kept,T2 title+author+year,2010,胡小花,10.3760/cma.j.issn.0253-3006.2010.01.026,31,23,中华小儿外科杂志,小儿游离脾扭转一例
WS2034,CNKI,https://kns.cnki.net/kcms2/article/abstract?v=DgjXjbKQq8cuPj85K6XyTbd6CVrj8oPbNzVFJgyCATK2N1OZ6pvwXkdB9tziY5ATMUALSZYR0oQPW3hBTpa0EtS_ILKvModDBr4sAfsC7C7s2PieQHrYjcZ2z71robu7WucZSMYuMnfFycnhHuXy50WNth88KdoSytO3SaL1dMnMMwS75I5-WA==&uniplatform=NZKPT&language=CHS,duplicate,,2010,胡小花,,,23,中华小儿外科杂志,小儿游离脾扭转一例
WS2035,Wanfang,https://d.wanfangdata.com.cn/periodical/CiBQZXJpb2RpY2FsQ0hJU29scjkyMDI2MDkxNTE0MjIxORIPemdzeXl5MjAwOTM2MDM3GghpYjFiMnVoeg%3D%3D,kept,T2 title+author+year,2009,廖桦,10.3969/j.issn.1673-7555.2009.36.037,4,63,中国实用医药,150例脾切除手术回顾性分析
WS2035,CNKI,https://link.cnki.net/doi/10.14163/j.cnki.11-5547/r.2009.36.111,duplicate,,2009,廖桦,10.14163/j.cnki.11-5547/r.2009.36.111,4,63,中国实用医药,150例脾切除手术回顾性分析
WS2035,CBM,2010149830,duplicate,T2 title+author+year,2009,廖桦,,4,63,中国实用医药,150例脾切除手术回顾性分析
WS2036,Wanfang,https://d.wanfangdata.com.cn/periodical/CiBQZXJpb2RpY2FsQ0hJU29scjkyMDI2MDkxNTE0MjIxORIRZGx5a2R4eGIyMDA5MDYwMzIaCGliMWIydWh6,kept,T2 title+author+year,2009,邰鹏钧,,31,737,大连医科大学学报,肝内异位脾结节1例
WS2036,CBM,2010159339,duplicate,T2 title+author+year,2009,邰鹏钧,,31,737,大连医科大学学报,肝内异位脾结节1例
WS2036,CNKI,https://kns.cnki.net/kcms2/article/abstract?v=DgjXjbKQq8e4SNHVtYTKVFo5IYVG4rBVB99sGTkhc3os-rGxfs_TixM3L5xHkSvO3OWtYq3daomeW7sn72MvcjxNmj4LeKie0UA4p4KavqYCDnOdO6m4lERivE52hzRz-ki9WPFyGCw8KXoUQI7LEYQvx80evj3SrUrFPtYKxKnei459Dm-mgQ==&uniplatform=NZKPT&language=CHS,duplicate,,2009,邰鹏钧,,31,737,大连医科大学学报,肝内异位脾结节1例
WS2037,Wanfang,https://d.wanfangdata.com.cn/periodical/CiBQZXJpb2RpY2FsQ0hJU29scjkyMDI2MDkxNTE0MjIxORIQc3lmc3h6ejIwMDkxMDA0NhoIaWIxYjJ1aHo%3D,kept,T2 title+author+year,2009,卫一宾,10.3969/j.issn.1002-1671.2009.10.046,25,1536,实用放射学杂志,副脾扭转1例
WS2037,CNKI,https://kns.cnki.net/kcms2/article/abstract?v=DgjXjbKQq8fFuvUc-I4YqLR16OAb8cxfieddN7ablsLNVs9lRYgWQWeNOMIakwUvxvS3YbLW0L6AIgsCWSV_x78cscSw6tmwyVmVGBRb5vfK4HQYNX_Zm3zFKYaF-Oi9phmutHvUCQvK3rABakN1jX4z6LNy6h3NvOPaYOdgcW0KCD9bZlVSQ-Fotr97EufK&uniplatform=NZKPT&language=CHS,duplicate,,2009,卫一宾,,25,1536,实用放射学杂志,副脾扭转1例
WS2037,CBM,2010121816,duplicate,T2 title+author+year,2009,卫一宾,,,1536,实用放射学杂志,副脾扭转1例
WS2038,Wanfang,https://d.wanfangdata.com.cn/periodical/CiBQZXJpb2RpY2FsQ0hJU29scjkyMDI2MDkxNTE0MjIxORIRemd5eHl4anMyMDA5MDkwNzIaCGliMWIydWh6,kept,T2 title+author+year,2009,侯敏,10.3321/j.issn:1003-3289.2009.09.072,25,1696,中国医学影像技术,超声诊断脾脏异位妊娠1例
WS2038,CBM,2009492039,duplicate,T2 title+author+year,2009,侯敏,,,1696,中国医学影像技术,超声诊断脾脏异位妊娠1例
WS2038,CNKI,https://link.cnki.net/doi/10.13929/j.1003-3289.2009.09.035,duplicate,,2009,侯敏,10.13929/j.1003-3289.2009.09.035,25,1696,中国医学影像技术,超声诊断脾脏异位妊娠1例
WS2039,CNKI,https://kns.cnki.net/kcms2/article/abstract?v=DgjXjbKQq8c7Fwvp85UhEQnQGpx-x3E-F1pATwpcLkW9zScwlxFInN5yGqxGTpV665TFWGwvOs3TxHBmh48ASfp6lTRXORXr2FVppVpoBE0SaoV3fmky1m2AJ3QB4qfww9IblOBbMgGO3-73LgFCEevYtVzkF-nMByYgH4bqdfXSXC7hSC_GCQ==&uniplatform=NZKPT&language=CHS,kept,,2009,程瑾,,20,732,中国临床医学影像杂志,盆腔多发脾种植误诊1例
WS2040,Wanfang,https://d.wanfangdata.com.cn/periodical/CiBQZXJpb2RpY2FsQ0hJU29scjkyMDI2MDkxNTE0MjIxORIPc3h5eXp6MjAwOTE3MDI4GghpYjFiMnVoeg%3D%3D,kept,T2 title+author+year,2009,郭援朝,,38,835,山西医药杂志,带蒂自体脾异位移植加门奇静脉断流术治疗门静脉高压症的研究
WS2040,CBM,2009481761,duplicate,T2 title+author+year,2009,郭援朝,,,835,山西医药杂志·上半月,带蒂自体脾异位移植加门奇静脉断流术治疗门静脉高压症的研究
WS2040,CNKI,https://kns.cnki.net/kcms2/article/abstract?v=DgjXjbKQq8fnpkEewerebSlOQGrj763T8RmGnOSxT4iQmwxSlim_LjEgaZD94a2X8KDqXowQtzU_lX3waHphbJIpmMI1GxafKUi1MqL5zs88BrzcySQr2u09m1jPJqhblQ9nIPzW7zbpAiTCyK_Jb6JyOLhkRlxK67AmIgb27cKQiD0en6KQ4w==&uniplatform=NZKPT&language=CHS,duplicate,,2009,郭援朝,,38,835,山西医药杂志,带蒂自体脾异位移植加门奇静脉断流术治疗门静脉高压症的研究
WS2041,Wanfang,https://d.wanfangdata.com.cn/periodical/CiBQZXJpb2RpY2FsQ0hJU29scjkyMDI2MDkxNTE0MjIxORIPbGN3end6MjAwOTA4MDc2GghpYjFiMnVoeg%3D%3D,kept,T2 title+author+year,2009,朱中权,10.3969/j.issn.1002-3429.2009.08.076,22,95,临床误诊误治,异位脾一例误诊为后纵隔肿瘤
WS2041,CBM,2009447043,duplicate,T3 similar title+author+year,2009,朱中权,,22,95,临床误诊误治,异位脾1例误诊为后纵隔肿瘤
WS2041,CNKI,https://kns.cnki.net/kcms2/article/abstract?v=DgjXjbKQq8fUoVCEDz0G-8jUxN8rl8BdrTpG3xhYX2dd6iWty99nGu8jEJ1v1b0JAE5StxW_8xEUSTNDP52T-vlUqAQdyR0RDhP_Hfr_8CW0qY2IHVYkYftm9ypflAvYaVK-dHlPJFtICzcOIMD_7Eq9P1fnbnWDH28EjIIo7xDniWNQJXjaWw==&uniplatform=NZKPT&language=CHS,duplicate,,2009,朱中权,,22,95,临床误诊误治,异位脾一例误诊为后纵隔肿瘤
WS2042,Wanfang,https://d.wanfangdata.com.cn/periodical/CiBQZXJpb2RpY2FsQ0hJU29scjkyMDI2MDkxNTE0MjIxORIVemd6eHlqaHl4eHp6MjAwOTA0MDMwGghpYjFiMnVoeg%3D%3D,kept,T2 title+author+year,2009,姜传武,10.3969/j.issn.1672-0512.2009.04.030,7,315,中国中西医结合影像学杂志,脾扭转的CT诊断1例
WS2042,CBM,2009477928,duplicate,T2 title+author+year,2009,姜传武,,,315,中国中西医结合影像学杂志,脾扭转的CT诊断1例
WS2042,CNKI,https://kns.cnki.net/kcms2/article/abstract?v=DgjXjbKQq8fRhYs7c6HPqeYNYzVYVWeY0uWR_mk7ZUgJGNvCpb4jbrU5nqUrW63CIJxqCDeqL9YswcnAzEuiDrfHG-qKhhByBg3szgn7rMXjK9kyNVOMq25wbuu8NybkVCrYMY8c5G_-H_ahWvbQjWlHvlQr3uUVNARoVgrlhhqtzZ2wst154A==&uniplatform=NZKPT&language=CHS,duplicate,,2009,姜传武,,7,315,中国中西医结合影像学杂志,脾扭转的CT诊断1例
WS2043,Wanfang,https://d.wanfangdata.com.cn/periodical/CiBQZXJpb2RpY2FsQ0hJU29scjkyMDI2MDkxNTE0MjIxORIQbGNmc3h6ejIwMDkwODA1NBoIaWIxYjJ1aHo%3D,kept,T2 title+author+year,2009,肖立志,,28,1190,临床放射学杂志,游走脾并脾扭转一例
WS2043,CBM,2011261270,duplicate,T4 author+year+volume+first page,2009,肖立志,,28,1190,临床放射学杂志,游走脾并脾扭转1例
WS2043,CNKI,https://link.cnki.net/doi/10.13437/j.cnki.jcr.2009.08.011,duplicate,,2009,肖立志,10.13437/j.cnki.jcr.2009.08.011,28,1190,临床放射学杂志,游走脾并脾扭转一例
WS2044,Wanfang,https://d.wanfangdata.com.cn/periodical/CiBQZXJpb2RpY2FsQ0hJU29scjkyMDI2MDkxNTE0MjIxORIPemp5Znl4MjAwOTA4MDMzGghpYjFiMnVoeg%3D%3D,kept,T2 title+author+year,2009,赵瑾,10.3969/j.issn.1007-0931.2009.08.033,21,59,浙江预防医学,副脾误诊为卵巢肿瘤1例报告
WS2044,CBM,2009422394,duplicate,T2 title+author+year,2009,赵瑾,,21,59,浙江预防医学,副脾误诊为卵巢肿瘤1例报告
WS2044,CNKI,https://link.cnki.net/doi/10.19485/j.cnki.issn1007-0931.2009.08.033,duplicate,,2009,赵瑾,10.19485/j.cnki.issn1007-0931.2009.08.033,21,59,浙江预防医学,副脾误诊为卵巢肿瘤1例报告
WS2045,CBM,2009457335,kept,T2 title+author+year,2009,王秀荣,,7,1933,全科护理,门奇静脉断流加自体脾异位移植手术的护理配合
WS2045,CNKI,https://kns.cnki.net/kcms2/article/abstract?v=DgjXjbKQq8dXiVkf1Z-RDGLQjk8LIHYfSHEBRC37JvRNffoUT1Vnz7ArjnYYshaNpkuYoPaHsRbaLaNmiJ87IupHNO2PaGTrNlxSZDo_al0lk4yEn-4_mNRhuAoBBfcolisYaFvr6JJSq3DXa1XbgdTX-bumrmnnnJCs9sZWNDwbw9HhHzmZSQ==&uniplatform=NZKPT&language=CHS,duplicate,,2009,王秀荣,,7,1933,全科护理,门奇静脉断流加自体脾异位移植手术的护理配合
WS2046,CNKI,https://kns.cnki.net/kcms2/article/abstract?v=DgjXjbKQq8d_cqUgnskTkbYITA5FTQZq8uL5nG_q50LnaLd3BTPpLdmK89LFd8lDuJeVURyaeChDE2_fX3-jCilf9NEWkuk0MIKrNJWk6yw4h6hR_1mnbTusq1Fi23JXfGrINhj-5S8PVGWLe7gbWfzs_RiS3PdUOkY-rTdqSb07a1MVKleoFJYv02RthRQg&uniplatform=NZKPT&language=CHS,kept,,2009,孙莉,,,3,,一例小儿游离脾扭转行脾切除围手术期的护理
WS2047,Wanfang,https://d.wanfangdata.com.cn/periodical/CiBQZXJpb2RpY2FsQ0hJU29scjkyMDI2MDkxNTE0MjIxORIQbm1neXh6ejIwMDkwMjA1OBoIaWIxYjJ1aHo%3D,kept,T2 title+author+year,2009,刘步育,10.3969/j.issn.1004-0951.2009.02.058,41,254,内蒙古医学杂志,彩超诊断游走脾一例报告
WS2047,CBM,2009285466,duplicate,T3 similar title+author+year,2009,刘步育,,41,254,内蒙古医学杂志,彩超诊断游走脾1例报告
WS2047,CNKI,https://link.cnki.net/doi/10.16096/j.cnki.nmgyxzz.2009.02.017,duplicate,,2009,刘步育,10.16096/j.cnki.nmgyxzz.2009.02.017,41,254,内蒙古医学杂志,彩超诊断游走脾一例报告
WS2048,Wanfang,https://d.wanfangdata.com.cn/periodical/CiBQZXJpb2RpY2FsQ0hJU29scjkyMDI2MDkxNTE0MjIxORIPeXNqeHp6MjAwOTAyMDMzGghpYjFiMnVoeg%3D%3D,kept,T3 similar title+author+year,2009,葛勇胜,10.3760/cma.j.issn.1673-4904.2009.02.033,32,70,中国医师进修杂志,游走脾扭转
WS2048,CNKI,https://kns.cnki.net/kcms2/article/abstract?v=DgjXjbKQq8cSNLXQx_pWD6toA6Kjf13fH-WHUmCZDskWHMS60dqjyvcdxjRNrEALQZhj0R0R1XVGHJ9ZVaYpa4HjRDJEWo2-a8BoyYW5fCEQ2Lx8xtqn4ZBIsgpfARYLUqAKMSjKQkGTflDu3bxujX8JX62nj6N0JuhxuLeh1UyoIVaGlCUjkw==&uniplatform=NZKPT&language=CHS,duplicate,,2009,葛勇胜,,,70,中国医师进修杂志,游走脾扭转
WS2048,CBM,2009413059,duplicate,T3 similar title+author+year,2009,葛勇胜,,32,70,中国医师进修杂志·外科版,游走脾扭转
WS2049,Wanfang,https://d.wanfangdata.com.cn/periodical/CiBQZXJpb2RpY2FsQ0hJU29scjkyMDI2MDkxNTE0MjIxORIOZnN4c2oyMDA4MTEwMzAaCGliMWIydWh6,kept,T2 title+author+year,2008,胡杉,10.3969/j.issn.1000-0313.2008.11.030,23,1192,放射学实践,肠系膜异位脾种植一例
WS2049,CBM,2009176903,duplicate,T3 similar title+author+year,2008,胡杉,,23,1192,放射学实践,肠系膜异位脾种植1例
WS2049,CNKI,https://link.cnki.net/doi/10.13609/j.cnki.1000-0313.2008.11.011,duplicate,,2008,胡杉,10.13609/j.cnki.1000-0313.2008.11.011,,1192,放射学实践,肠系膜异位脾种植一例
WS2050,Wanfang,https://d.wanfangdata.com.cn/periodical/CiBQZXJpb2RpY2FsQ0hJU29scjkyMDI2MDkxNTE0MjIxORIPaHNqYnp6MjAwODA1MDE0GghpYjFiMnVoeg%3D%3D,kept,T2 title+author+year,2008,胡煜,10.3969/j.issn.1009-3257.2008.05.014,15,45,罕少疾病杂志,肝脏异位翻转并胆囊结石、胆囊炎1例
WS2050,CNKI,https://kns.cnki.net/kcms2/article/abstract?v=DgjXjbKQq8fU57PTQFIHcUebY_lpxNrdHu6pKnF2z48Uacs_iwTcj5jzW_GqfcFNY51yOTH-HOAEvEjDVQrbeZCzXUYyEj0LEl2LQhHugXkgiciioS6tAy9Y_Xn93MM4-8HqOTtCdbAo2GormGtaafIqJ8cG5JEJCMcG6KDvSQ5lqSsas_1Fjg==&uniplatform=NZKPT&language=CHS,duplicate,,2008,胡煜,,,45,罕少疾病杂志,肝脏异位翻转并胆囊结石、胆囊炎1例
WS2050,CBM,2009136865,duplicate,T2 title+author+year,2008,胡煜,,15,45,罕少疾病杂志,肝脏异位翻转并胆囊结石、胆囊炎1例
WS2051,Wanfang,https://d.wanfangdata.com.cn/periodical/CiBQZXJpb2RpY2FsQ0hJU29scjkyMDI2MDkxNTE0MjIxORIPbGN3end6MjAwODA4MDMzGghpYjFiMnVoeg%3D%3D,kept,T2 title+author+year,2008,杨明海,10.3969/j.issn.1002-3429.2008.08.033,21,94,临床误诊误治,盆腔内游走脾误诊辨析
WS2051,CBM,2008318814,duplicate,T2 title+author+year,2008,杨明海,,21,94,临床误诊误治,盆腔内游走脾误诊辨析
WS2051,CNKI,https://kns.cnki.net/kcms2/article/abstract?v=DgjXjbKQq8cTqTg34dG653IPH4F7igW0HO5PnO9ztkQOpscqzAIJR5-aC0zx_Ag_abdZOqclJqBgpiLY14Ns3bb5mt4oIHrRfYucd_sKY0YLROBtgDOciLJvGiHpNA05lL51iKbzilKpaNkUpPqbvJACjOpMB-mxTexhHf6aNovoZ-8hIKxaRQ==&uniplatform=NZKPT&language=CHS,duplicate,,2008,杨明海,,,94,临床误诊误治,盆腔内游走脾误诊辨析
WS2052,Wanfang,https://d.wanfangdata.com.cn/periodical/CiBQZXJpb2RpY2FsQ0hJU29scjkyMDI2MDkxNTE0MjIxORINc2N5eDIwMDgwODA3OBoIaWIxYjJ1aHo%3D,kept,T2 title+author+year,2008,邱江涛,10.3969/j.issn.1004-0501.2008.08.078,29,1046,四川医学,游走脾并蒂扭转1例
WS2052,CBM,2008370977,duplicate,T2 title+author+year,2008,邱江涛,,29,1046,四川医学,游走脾并蒂扭转1例
WS2052,CNKI,https://link.cnki.net/doi/10.16252/j.cnki.issn1004-0501-2008.08.040,duplicate,,2008,邱江涛,10.16252/j.cnki.issn1004-0501-2008.08.040,,1046,四川医学,游走脾并蒂扭转1例
WS2053,CNKI,https://kns.cnki.net/kcms2/article/abstract?v=DgjXjbKQq8eWWWYzFNCrpYmBxiryY2OTuRUijAYf_ALER9u7hxBtpH5PpHC6UU5OsvRkh_E1f4k5vnvrr0q0DVL9MjI-XaJTkgjMMPR2O45eMseQZ7tbG0yk7pB0EFZpIrALAwXVXzmWYlfUNsWvx7llz7B2GXVvUeN-ANsKTW6o4-22lMJcbH84KbntaUtp&uniplatform=NZKPT&language=CHS,kept,,2008,潘芝梅,,,2,,CT诊断盆腔游走脾1例
WS2054,Wanfang,https://d.wanfangdata.com.cn/thesis/Ch1UaGVzaXNOZXdTb2xyOVMyMDI2MDkxNjA5NDMzMhIHWTY2MDAwOBoIaWIxYjJ1aHo%3D,kept,MANUAL merge,2004,侯利民,,,,,耐受性树突状细胞诱导移植脾免疫耐受的实验研究
WS2054,CNKI,222,duplicate,,,侯利民,,,,,耐受性树突状细胞诱导移植脾免疫耐受的实验研究
WS2055,CNKI,https://kns.cnki.net/kcms2/article/abstract?v=DgjXjbKQq8d4KVJmwjk3AM7v01tsTDk25gLl3rugiKCiv_Dv0sKyeMNxuQ8OaDzcyVG6OufdyEGXSmCjfqXEdJzu_vS3kdXHPRPLrBoz0RNkUFcAXkRW1V0YoHGDZB4SOe_pQgfDMiovx_ALzKoe2jV6-InSJpn2qMWAyg3yn_kSTQrhuZywFg==&uniplatform=NZKPT&language=CHS,kept,,2008,巩鹏,,,37,医学与哲学(临床决策论坛版),腹腔肿块外科处理的临床决策
WS2056,Wanfang,https://d.wanfangdata.com.cn/periodical/CiBQZXJpb2RpY2FsQ0hJU29scjkyMDI2MDkxNTE0MjIxORIPemhzeXdrMjAwODAzMDIwGghpYjFiMnVoeg%3D%3D,kept,T2 title+author+year,2008,徐力善,10.3321/j.issn:1001-9030.2008.03.020,25,329,中华实验外科杂志,大鼠脾移植诱导特异性免疫耐受效果
WS2056,CNKI,https://kns.cnki.net/kcms2/article/abstract?v=DgjXjbKQq8eOu9QvbfRBqjtGFJ4nACaW-ucxsi8MT9IeLoPS8ZnQCUqgZCRzHeEnATSNFjzzE6H5mz6YrRoqcVDfLz6RbLMVHDM8AiWUrxuCUUhOQe9SNMkXNExN04OqgzvOwZ_VVDl8OlBv_z410WFxGjENozWQmf_b7_C9xqybhBvMRot-0A==&uniplatform=NZKPT&language=CHS,duplicate,,2008,徐力善,,,329,中华实验外科杂志,大鼠脾移植诱导特异性免疫耐受效果
WS2056,CBM,2008413036,duplicate,T2 title+author+year,2008,徐力善,,25,329,中华实验外科杂志,大鼠脾移植诱导特异性免疫耐受效果
WS2057,Wanfang,https://d.wanfangdata.com.cn/periodical/CiBQZXJpb2RpY2FsQ0hJU29scjkyMDI2MDkxNTE0MjIxORIPemhnZHdrMjAwODAyMDExGghpYjFiMnVoeg%3D%3D,kept,T2 title+author+year,2008,侯利民,10.3760/cma.j.issn.1007-8118.2008.02.011,14,102,中华肝胆外科杂志,一种简化的脾脏颈部异位移植模型的建立及观察
WS2057,CNKI,https://kns.cnki.net/kcms2/article/abstract?v=DgjXjbKQq8dV1pCIxpxZKZy_JUEo1iJCFJPFusUcquxHP0IgZT27QTu6WWXm-ijCHuT1KNFGSISO1lPz4VA89iR-hwDhy4gR05X8bkyPNNqrN9cLWYmxIStkILSorF_vPCvTGN-xPPoNcoj8svneCHasxwt_QFuwto4wtQ8LlPgj2C1FyEapdg==&uniplatform=NZKPT&language=CHS,duplicate,,2008,侯利民,,,102,中华肝胆外科杂志,一种简化的脾脏颈部异位移植模型的建立及观察
WS2057,CBM,2008419750,duplicate,T2 title+author+year,2008,侯利民,,14,102,中华肝胆外科杂志,一种简化的脾脏颈部异位移植模型的建立及观察
WS2058,Wanfang,https://d.wanfangdata.com.cn/periodical/CiBQZXJpb2RpY2FsQ0hJU29scjkyMDI2MDkxNTE0MjIxORIPbnh5eHp6MjAwODAyMDU1GghpYjFiMnVoeg%3D%3D,kept,T2 title+author+year,2008,邱江涛,10.3969/j.issn.1001-5949.2008.02.055,30,125,宁夏医学杂志,游走脾并蒂扭转1例
WS2058,CBM,2008156644,duplicate,T2 title+author+year,2008,邱江涛,,30,125,宁夏医学杂志,游走脾并蒂扭转1例
WS2058,CNKI,https://kns.cnki.net/kcms2/article/abstract?v=DgjXjbKQq8cCNKCcEuhw8ou-_q3VsXITBWxb8oFjm-Cmc6fl9nnaQ_7FU5oyoezuLlIHf4LasKoQIQLpRjpKJH9GpEJZF1QVc_gwyxWIcluRzh9LE54vACg1phL-PnpwC1xz6CNLsicbhyDfGtZC1I2ypTurY9ZRg0CW5dntDHSDWWHHTAmJLw==&uniplatform=NZKPT&language=CHS,duplicate,,2008,邱江涛,,,125,宁夏医学杂志,游走脾并蒂扭转1例
WS2059,Wanfang,https://d.wanfangdata.com.cn/periodical/CiBQZXJpb2RpY2FsQ0hJU29scjkyMDI2MDkxNTE0MjIxORIPemhnZHdrMjAwODAxMDE1GghpYjFiMnVoeg%3D%3D,kept,T2 title+author+year,2008,陆朝阳,10.3760/cma.j.issn.1007-8118.2008.01.015,14,42,中华肝胆外科杂志,供体凋亡/坏死细胞对大鼠脾移植急性排斥反应的作用研究
WS2059,CNKI,https://kns.cnki.net/kcms2/article/abstract?v=DgjXjbKQq8cy5Q7UVXzQteHHJlyRMy2kPaMDJamT4NjLTH4C2WdrRIvfjq-WYyOhyn7LW72vhtA43TaXkn9nZaUyvjLt3zuqPnU7qr7fh8XxQKwDktwQMKB4QdjTpnjEnWQS_wsgJhnjTY6xVt0exli3_7KZwxMwUSkjBW9Jna-pgiBTlWx4SQ==&uniplatform=NZKPT&language=CHS,duplicate,,2008,陆朝阳,,,42,中华肝胆外科杂志,供体凋亡/坏死细胞对大鼠脾移植急性排斥反应的作用研究
WS2059,CBM,2008419764,duplicate,T2 title+author+year,2008,陆朝阳,,14,42,中华肝胆外科杂志,供体凋亡/坏死细胞对大鼠脾移植急性排斥反应的作用研究
WS2060,Wanfang,https://d.wanfangdata.com.cn/periodical/CiBQZXJpb2RpY2FsQ0hJU29scjkyMDI2MDkxNTE0MjIxORIPemhjc3l4MjAwODAxMDI4GghpYjFiMnVoeg%3D%3D,kept,T2 title+author+year,2008,林桂凤,10.3321/j.issn:1004-4477.2008.01.028,17,18,中华超声影像学杂志,超声诊断游走脾1例
WS2060,CNKI,https://kns.cnki.net/kcms2/article/abstract?v=DgjXjbKQq8eaWukL0EkeQYf9bIsVXWmDAu2VIZ-1QVg-dLOEr7rHOvLqXvTE1pF5CvNuscENveFZkeS_F9_wbBqCEsw8gO-lIyjlbSV8xoOHdKMm2ax-h8GWNkK6iyJ4EkbkXpZvNyi79i7iVnV2A7141Zv4MBE3UAY5hBvkfLMd2Hi4gGZ29Q==&uniplatform=NZKPT&language=CHS,duplicate,,2008,林桂凤,,,18,中华超声影像学杂志,超声诊断游走脾1例
WS2060,CBM,2008422245,duplicate,T2 title+author+year,2008,林桂凤,,17,18,中华超声影像学杂志,超声诊断游走脾1例
WS2061,CBM,2007341300,kept,T2 title+author+year,2007,张征,,7,4947,中国误诊学杂志,异位脾误诊为盆腔肿物1例
WS2061,Wanfang,https://d.wanfangdata.com.cn/periodical/CiBQZXJpb2RpY2FsQ0hJU29scjkyMDI2MDkxNTE0MjIxORIOUUsyMDA3MDI0OTg5MTgaCGliMWIydWh6,duplicate,T2 title+author+year,2007,张征,,,4947,中国误诊学杂志,异位脾误诊为盆腔肿物1例
WS2061,CNKI,https://kns.cnki.net/kcms2/article/abstract?v=DgjXjbKQq8fjLYRDkSdaeklGK60lNJNYuSrMztWSP1Y3NRRA_ZEPgavbPwpsIS1vXXz-GSHs3y6_XdJzKLodbs9mCPVwllvZoPemRsKSvEhy6sjpUsJHQzDF_rmlbnSK8nQ8gAgUNB9O43v3VvRs25ZHgIGR4asi5ZbNVnUgBBa85WuNX7f2AQ==&uniplatform=NZKPT&language=CHS,duplicate,,2007,张征,,,4947,中国误诊学杂志,异位脾误诊为盆腔肿物1例
WS2062,Wanfang,https://d.wanfangdata.com.cn/periodical/CiBQZXJpb2RpY2FsQ0hJU29scjkyMDI2MDkxNTE0MjIxORILc3oyMDA3MDMwMzkaCGliMWIydWh6,kept,T2 title+author+year,2007,陆惠霞,10.3969/j.issn.1001-5639.2007.03.039,19,231,蛇志,1例游走脾并蒂扭转、脾梗塞术后并发症的观察及护理
WS2062,CBM,2007425156,duplicate,T2 title+author+year,2007,陆惠霞,,19,231,蛇志,1例游走脾并蒂扭转、脾梗塞术后并发症的观察及护理
WS2062,CNKI,https://kns.cnki.net/kcms2/article/abstract?v=DgjXjbKQq8d9yX9LiZ4krSj1uZvmv77Yz2W_xH5cWLzDJKqf4QQkGx0ZXpTe-2YpyAJ9yR9GayvhlM4cOAF8_tdm3UnWEY4g3JQ4Pu7f-Fc2Zlool-FugTYObPtOOwsxVA4YDn9M_l8Kj4UyEhKxLT6jnpWB-5qyLnR6z70BVrEJqyjNMsiRfA==&uniplatform=NZKPT&language=CHS,duplicate,,2007,陆惠霞,,,231,蛇志,1例游走脾并蒂扭转、脾梗塞术后并发症的观察及护理
WS2063,Wanfang,https://d.wanfangdata.com.cn/periodical/CiBQZXJpb2RpY2FsQ0hJU29scjkyMDI2MDkxNTE0MjIxORINcm1qeTIwMDcwODA0OBoIaWIxYjJ1aHo%3D,kept,T2 title+author+year,2007,宋晓霓,10.3969/j.issn.1000-9736.2007.08.048,50,482,人民军医,游走脾扭转误诊1例
WS2063,CNKI,https://kns.cnki.net/kcms2/article/abstract?v=DgjXjbKQq8e8PmHtOrpnEU97yl__vc_jLwVDIvhtwcrGsXbug_um4LN_OmB7qyqcCSwo9lhewR3VS25Rl840JgPlzh6ox3MCAwEfuKsTg-Sl5qWNW7TIzc3EGCfXrnfF7hNS1Ecd5v0yCPiVAatnUVUXhhJvzHhsBjBtp1XWlPCnKw8W5n2e5A==&uniplatform=NZKPT&language=CHS,duplicate,,2007,宋晓霓,,,482,人民军医,游走脾扭转误诊1例
WS2064,Wanfang,https://d.wanfangdata.com.cn/periodical/CiBQZXJpb2RpY2FsQ0hJU29scjkyMDI2MDkxNTE0MjIxORINZmJ3azIwMDcwMzAzMBoIaWIxYjJ1aHo%3D,kept,T2 title+author+year,2007,黄勇,10.3969/j.issn.1003-5591.2007.03.030,20,147,腹部外科,游走脾合并蒂扭转一例报道
WS2064,CBM,2007217177,duplicate,T3 similar title+author+year,2007,黄勇,,20,147,腹部外科,游走脾合并蒂扭转1例报道
WS2064,CNKI,https://kns.cnki.net/kcms2/article/abstract?v=DgjXjbKQq8c3s0_oG1OFmAt_KSjOd3_TSlYixnhPBeSYoUbN-rdOJLtK2iHqScocWwFSFxdMS-Byw5kSo0VkgzqGXkZIKbSvkFE8AnFhA0PnZtuz3A97PyZanXrUKftNZqccZAhAYHt43Y0BRuLeMKtN7YGs8hlhC82VPp2Tjjf9Y5wJoqcYYg==&uniplatform=NZKPT&language=CHS,duplicate,,2007,黄勇,,,147,腹部外科,游走脾合并蒂扭转一例报道
WS2065,Wanfang,https://d.wanfangdata.com.cn/periodical/CiBQZXJpb2RpY2FsQ0hJU29scjkyMDI2MDkxNTE0MjIxORIMeHl4MjAwNzAzMDIzGghpYjFiMnVoeg%3D%3D,kept,T2 title+author+year,2007,贺胜利,10.3969/j.issn.0253-9802.2007.03.023,38,190,新医学,脾脏异位妊娠破裂1例报告
WS2065,CBM,2007095002,duplicate,T2 title+author+year,2007,贺胜利,,38,190,新医学,脾脏异位妊娠破裂1例报告
WS2065,CNKI,https://kns.cnki.net/kcms2/article/abstract?v=DgjXjbKQq8dKjIURZNBGI3Px4ASzUgz5gC39OyH4Q_bMPBmqMWhTiWcwDg-bbZQKSL7X2rhKTFYJ46Z1oPfioJeRhYTkc0xLcdFyPe7XWQ9C0E8B95Y-CbeXZxcoDRkR0-nQK4AMc-uXFCIbtcGJQAyt9tCk5jzhfkcgw-lAKmg0S3nMCID_LQ==&uniplatform=NZKPT&language=CHS,duplicate,,2007,贺胜利,,,190,新医学,脾脏异位妊娠破裂1例报告
WS2066,Wanfang,https://d.wanfangdata.com.cn/periodical/CiBQZXJpb2RpY2FsQ0hJU29scjkyMDI2MDkxNTE0MjIxORISeGR6eHlqaHp6MjAwNzA2MDczGghpYjFiMnVoeg%3D%3D,kept,T2 title+author+year,2007,邱勇钢,10.3969/j.issn.1008-8849.2007.06.073,16,806,现代中西医结合杂志,肝内异位脾组织1例
WS2066,CBM,2007064652,duplicate,T2 title+author+year,2007,邱勇钢,,16,806,现代中西医结合杂志,肝内异位脾组织1例
WS2066,CNKI,https://kns.cnki.net/kcms2/article/abstract?v=DgjXjbKQq8fatnbTtEyldJyWnmUySPlbxp20Zd11arNzjx1ZSQvOh3yq6ZBjt4lEmTS9WeeXGLIK0Yxu4cujqe6YBIuGY0n5q_KVeKhLAzECMeRhmy_mDBfOoCc012EVEKurrGNtrDUvElPPjuQgBKgt_R69idQEEJXHsjYj6GGhriIk7viTMQ==&uniplatform=NZKPT&language=CHS,duplicate,,2007,邱勇钢,,,806,现代中西医结合杂志,肝内异位脾组织1例
WS2067,CNKI,https://kns.cnki.net/kcms2/article/abstract?v=DgjXjbKQq8eBEIUBNksYe-mh6rW3jeycoXh7OngfyuLOE44jbpNcP5LOsyYmV65crdlM3SObzafM2w4MTpPpl6eBXo6mjR9jocIoZcqSG-gZXtcjxTSJpWqn-EsmdlJ-S5kNuC2EXzhYsV7e69jpZGdaBWEjM0WimET8df6QMqqRDpwWh8P4Hg==&uniplatform=NZKPT&language=CHS,kept,,2007,陆朝阳,,,65,中华实验外科杂志,大鼠异位脾脏移植手术方法的改进
WS2067,CBM,2007048015,duplicate,T2 title+author+year,2007,陆朝阳,,24,65,中华实验外科杂志,大鼠异位脾脏移植手术方法的改进
WS2068,Wanfang,https://d.wanfangdata.com.cn/periodical/CiBQZXJpb2RpY2FsQ0hJU29scjkyMDI2MDkxNTE0MjIxORITbGN5c3libHh6ejIwMDYwNTAzNxoIaWIxYjJ1aHo%3D,kept,T2 title+author+year,2006,奉孝荣,10.3969/j.issn.1001-7399.2006.05.037,22,633,临床与实验病理学杂志,脾脏异位胰腺癌1例
WS2068,CBM,2006309446,duplicate,T2 title+author+year,2006,奉孝荣,,22,633,临床与实验病理学杂志,脾脏异位胰腺癌1例
WS2068,CNKI,https://link.cnki.net/doi/10.13315/j.cnki.cjcep.2006.05.046,duplicate,,2006,奉孝荣,10.13315/j.cnki.cjcep.2006.05.046,,633,临床与实验病理学杂志,脾脏异位胰腺癌1例
WS2069,Wanfang,https://d.wanfangdata.com.cn/periodical/CiBQZXJpb2RpY2FsQ0hJU29scjkyMDI2MDkxNTE0MjIxORIPemdsY3l4MjAwNjA1MDM3GghpYjFiMnVoeg%3D%3D,kept,T3 similar title+author+year,2006,王建球,10.3969/j.issn.1008-6358.2006.05.037,13,770,中国临床医学,脾扭转1例
WS2069,CNKI,https://kns.cnki.net/kcms2/article/abstract?v=DgjXjbKQq8cHJbNtFotmkAYd-hESivinXDn5Ga7_6Y5GxP1tDHTT813W-YKgB-fgOSJtoXhPkvlw19zg3RGqOGBWDkjkB3zllQbakuohdjwqHIdbTqFoCTjqckUxfzWIBmoqjICvQnGN_l_tJxmM3mqnmzpIjhsESwClXXreuUKQcSh-til4yA==&uniplatform=NZKPT&language=CHS,duplicate,,2006,王建球,,,770,中国临床医学,脾扭转1例
WS2069,CBM,2006336409,duplicate,T3 similar title+author+year,2006,王建球,,13,770,中国临床医学,脾扭转1例
WS2070,Wanfang,https://d.wanfangdata.com.cn/periodical/CiBQZXJpb2RpY2FsQ0hJU29scjkyMDI2MDkxNTE0MjIxORIRemdtenl4enoyMDA2MTgwMDMaCGliMWIydWh6,kept,T2 title+author+year,2006,梅安昌,10.3969/j.issn.1672-0369.2006.18.003,18,667,中国民康医学,脾脏损伤32例保脾治疗的临床分析
WS2070,Wanfang,https://d.wanfangdata.com.cn/periodical/CiBQZXJpb2RpY2FsQ0hJU29scjkyMDI2MDkxNTE0MjIxORITemhta3l4LXhieTIwMDYwOTAwMxoIaWIxYjJ1aHo%3D,duplicate,T2 title+author+year,2006,梅安昌,,18,667,中国民康医学（下半月）,脾脏损伤32例保脾治疗的临床分析
WS2070,CNKI,https://kns.cnki.net/kcms2/article/abstract?v=DgjXjbKQq8fRxpQ8jbgYRtIz9_gkWc2vMkrwUgRltyTelYnjaj-p9oVdg3IgN41balNfCsRn0SJLzkOqgCLPkEzQslEDzDVC5RFwDEQc3uv1XoL3DKh-qMIhJ6HJvETlLryxlWEyfxO3RedwLuu6HIlXg0b5Sk1oNjstYk7QA3FC_6xl_q6T3g==&uniplatform=NZKPT&language=CHS,duplicate,,2006,梅安昌,,,667,中国民康医学,脾脏损伤32例保脾治疗的临床分析
WS2070,CBM,2006268141,duplicate,T2 title+author+year,2006,梅安昌,,18,667,中国民康医学,脾脏损伤32例保脾治疗的临床分析
WS2071,Wanfang,https://d.wanfangdata.com.cn/periodical/CiBQZXJpb2RpY2FsQ0hJU29scjkyMDI2MDkxNTE0MjIxORIPemdzeXp6MjAwNjA5MDMxGghpYjFiMnVoeg%3D%3D,kept,T2 title+author+year,2006,董军,10.3969/j.issn.0529-6005.2006.09.031,42,69,中国兽医杂志,犬脾扭转梗死病例
WS2071,CBM,2006293493,duplicate,T2 title+author+year,2006,董军,,42,69,中国兽医杂志,犬脾扭转梗死病例
WS2071,CNKI,https://kns.cnki.net/kcms2/article/abstract?v=DgjXjbKQq8dyxydJ1dhhZlmK-2SZ2J9Jyez2qXac0U3gGeUoWMjAAaLZzVbT-NGNnj2jEnqMH4kKqj18e1OClnNYW-PUL51Orpsaj3EDPLJoUe5Qr9ld0_zSF0B5NyJ6pmAjSZ6TP0Oq54w1WqsIOVb9DnVxBrvz7GWLBbLcEwV0f3vs92Zfjg==&uniplatform=NZKPT&language=CHS,duplicate,,2006,董军,,,69,中国兽医杂志,犬脾扭转梗死病例
WS2072,Wanfang,https://d.wanfangdata.com.cn/periodical/CiBQZXJpb2RpY2FsQ0hJU29scjkyMDI2MDkxNTE0MjIxORIPemhwdHdrMjAwNjA4MDMzGghpYjFiMnVoeg%3D%3D,kept,T2 title+author+year,2006,朱瑞森,10.3760/j.issn:1007-631x.2006.08.033,21,599,中华普通外科杂志,使用99mTc-热变性红细胞脾显像诊断异位脾种植二例
WS2072,CNKI,https://kns.cnki.net/kcms2/article/abstract?v=DgjXjbKQq8fs9RGehm4HWrESZpaBfviu8hWlOmExBqMkV8kPtHTVHuf9SIfNFx1ERyGQzR6NCETeSuH7Ld4uqXQ0j8kIhGP1WpW1jygldkWA4gsmg8kiQ85qwR6nMGgRF5AOMyZZazrOmKbxVSdkl2uXBYLlUh7QH815p-0pIIa9N-2Ik3zIaw==&uniplatform=NZKPT&language=CHS,duplicate,,2006,朱瑞森,,,599,中华普通外科杂志,使用99mTc-热变性红细胞脾显像诊断异位脾种植二例
WS2072,CBM,2006262718,duplicate,T3 similar title+author+year,2006,朱瑞森,,21,599,中华普通外科杂志,使用^99mTc-热变性红细胞脾显像诊断异位脾种植2例
WS2073,Wanfang,https://d.wanfangdata.com.cn/periodical/CiBQZXJpb2RpY2FsQ0hJU29scjkyMDI2MDkxNTE0MjIxORISYnFleWtkeHhiMjAwNjA0MDY5GghpYjFiMnVoeg%3D%3D,kept,T2 title+author+year,2006,付京,10.3969/j.issn.1671-587x.2006.04.069,32,614,吉林大学学报（医学版）,游离脾扭转1例报告
WS2073,CBM,2006212314,duplicate,T2 title+author+year,2006,付京,,32,614,吉林大学学报·医学版,游离脾扭转1例报告
WS2073,CNKI,https://link.cnki.net/doi/10.13481/j.1671-587x.2006.04.030,duplicate,,2006,付京,10.13481/j.1671-587x.2006.04.030,,614,吉林大学学报(医学版),游离脾扭转1例报告
WS2074,CNKI,https://kns.cnki.net/kcms2/article/abstract?v=DgjXjbKQq8d5vwHd1Nl6YiwEQ2JCIIyhlJFworT7j_r87nMPx6PPyMh0Rck9h699SjrZ3lkGhvtyHPruMQ9arCC434WysOursYsCjdIxQqX3JnyNnjMaiyhjWp9Ko-3qFAED0Ihaz7ghZQAH3iT30RYCgrfLhVvSmgP-lIdOZef7dfxI3c3nfw==&uniplatform=NZKPT&language=CHS,kept,,2006,吴松松,,,2149,中华医学杂志,疑难病例析评第104例发作性面红-出汗-高血压-腹腔多发肿块
WS2074,Wanfang,https://d.wanfangdata.com.cn/periodical/CiBQZXJpb2RpY2FsQ0hJU29scjkyMDI2MDkxNTE0MjIxORIOUUsyMDA2MDIyMzE3NDAaCGliMWIydWh6,duplicate,T2 title+author+year,2006,吴松松,,,2149,中华医学杂志,疑难病例析评 第104例 发作性面红-出汗-高血压-腹腔多发肿块
WS2075,Wanfang,https://d.wanfangdata.com.cn/periodical/CiBQZXJpb2RpY2FsQ0hJU29scjkyMDI2MDkxNTE0MjIxORIPc3l5eHp6MjAwNjExMDcxGghpYjFiMnVoeg%3D%3D,kept,T2 title+author+year,2006,刘迁,10.3969/j.issn.1006-5725.2006.11.071,22,1302,实用医学杂志,脾脏异位妊娠破裂1例
WS2075,CBM,2006135230,duplicate,T2 title+author+year,2006,刘迁,,22,1302,实用医学杂志,脾脏异位妊娠破裂1例
WS2075,CNKI,https://kns.cnki.net/kcms2/article/abstract?v=DgjXjbKQq8dtVvrxA1DyNb_UfkOKNLpdpdNdrJzZ-lYgO0NTv1NciwNSD8TA2ZIlvMgLvoOClOUjWyGwBzqptYDDq9qYjm12_CNNk6aPg1MAiTIzPfNTx7Bwa6Qjmzwhg8h-u8BKJkbQCH4I03U8uBBXSz3R8z93Htn7F0XKFuLl-Kn0CjC3tg==&uniplatform=NZKPT&language=CHS,duplicate,,2006,刘迁,,,1302,实用医学杂志,脾脏异位妊娠破裂1例
WS2076,CNKI,https://kns.cnki.net/kcms2/article/abstract?v=DgjXjbKQq8dN7r2rtyXrdHxuvSHn5adlmw2TyGaU5pGSz4khGC33oE1C-N6DXBWNtD53uNlPWY8L4qA7b7-nIxuElMBZaMjFXQeIEMPBk3dxXZpWu2ASbHEFYlc8JsMqigAd1Pc2TJrQP_pLPZwFRIuaqThndylxBUjqd21az79161kXa8IXLQ==&uniplatform=NZKPT&language=CHS,kept,,2006,韩宁,,,28,总装备部医学学报,超声诊断原发于右髂总动脉异位脾脏1例
WS2077,Wanfang,https://d.wanfangdata.com.cn/periodical/CiBQZXJpb2RpY2FsQ0hJU29scjkyMDI2MDkxNTE0MjIxORIPemhjc3l4MjAwNjAzMDMwGghpYjFiMnVoeg%3D%3D,kept,T2 title+author+year,2006,杨琰,10.3760/j.issn:1004-4477.2006.03.030,15,201,中华超声影像学杂志,右下腹异位脾组织增生超声表现1例
WS2077,CBM,2006058474,duplicate,T2 title+author+year,2006,杨琰,,15,201,中华超声影像学杂志,右下腹异位脾组织增生超声表现1例
WS2077,CNKI,https://kns.cnki.net/kcms2/article/abstract?v=DgjXjbKQq8dT6fJ9mX2mKTcQrSrvhgg6r4rQM0gPPs4b7PCFUQGyAswPkpnv93ujMi-2DN_7ttbXfkjv08M7bsRr0obmTRrMrF5fhiH4OleLiOFckVSGZfZFIpDzR18K23HSo7fEhL8B1os0qiHYX_U6pcv6tJIuDzkXpGkXONsM98TMtR5Ynw==&uniplatform=NZKPT&language=CHS,duplicate,,2006,杨琰,,,201,中华超声影像学杂志,右下腹异位脾组织增生超声表现1例
WS2078,CNKI,https://kns.cnki.net/kcms2/article/abstract?v=DgjXjbKQq8fibC76zkTi9JQ1LDzgucx4Da7bqgm3Lp29LWL5AdaE3wdxfTbja0V5ymmMUHXV_5aRkyql4Towi8R98tIohozVJY36-BwRXGv4pRaUq936qd9rY72OopZlerRf4PhVMGuOidJlN0m1BDQR5Am7f_qVRSfAfi0qevvLV7Cg-qH4FQ==&uniplatform=NZKPT&language=CHS,kept,,2006,mcheik,,,40,世界核心医学期刊文摘(儿科学分册),儿童脾扭转
WS2078,Wanfang,https://d.wanfangdata.com.cn/periodical/CiBQZXJpb2RpY2FsQ0hJU29scjkyMDI2MDkxNTE0MjIxORIOUUsyMDA2MDIxMjEzMDEaCGliMWIydWh6,duplicate,T3 similar title+author+year,2006,mcheik,,,40,世界核心医学期刊文摘（儿科学分册）,儿童脾扭转
WS2079,Wanfang,https://d.wanfangdata.com.cn/periodical/CiBQZXJpb2RpY2FsQ0hJU29scjkyMDI2MDkxNTE0MjIxORINcm1qeTIwMDYwMjA0MBoIaWIxYjJ1aHo%3D,kept,T2 title+author+year,2006,张凤莉,10.3969/j.issn.1000-9736.2006.02.040,49,118,人民军医,阴囊内副脾异位1例
WS2079,CBM,2006050844,duplicate,T2 title+author+year,2006,张凤莉,,49,118,人民军医,阴囊内副脾异位1例
WS2079,CNKI,https://kns.cnki.net/kcms2/article/abstract?v=DgjXjbKQq8cNjRpster2lqOhj2-JPNkr0O2kjaZoX9Vi57LOIoO1Nhs2-OoA4IcPHIjE9LLQN3wU8NrPISjF_TbgTyyBtd_p7jA9xZ8gnf_bpGPR9FJmZBboMbP4W0wmFB3JxUQsAJQJ4s4nWh3TLs4-jb3a7yPXp9ojUh14SXFkz3AHXzzbPQ==&uniplatform=NZKPT&language=CHS,duplicate,,2006,张凤莉,,,118,人民军医,阴囊内副脾异位1例
WS2080,Wanfang,https://d.wanfangdata.com.cn/periodical/CiBQZXJpb2RpY2FsQ0hJU29scjkyMDI2MDkxNTE0MjIxORINenl5azIwMDYwNDA3MRoIaWIxYjJ1aHo%3D,kept,T2 title+author+year,2006,李光源,10.3760/cma.j.issn.1674-4756.2006.04.071,33,86,中原医刊,脾扭转误诊1例
WS2080,CBM,2006034860,duplicate,T2 title+author+year,2006,李光源,,33,86,中原医刊,脾扭转误诊1例
WS2080,CNKI,https://kns.cnki.net/kcms2/article/abstract?v=DgjXjbKQq8fpEatOnTq13XZmRsX-1sUSN9yQ68ZOmFBnhIrOieCLURCeBbrVyICVP1X3Yt1mvxrYH9rasaG--SoIaelUF97hLClU-S7yMJs9C7z9sXR0cXDSSQwD4DU4OPTksEwrneulCvWia_UlzqQmjF_dOqWs_J7Mvc8vWRHPta69muloQw==&uniplatform=NZKPT&language=CHS,duplicate,,2006,李光源,,,86,中原医刊,脾扭转误诊1例
WS2081,Wanfang,https://d.wanfangdata.com.cn/periodical/CiBQZXJpb2RpY2FsQ0hJU29scjkyMDI2MDkxNTE0MjIxORIRbG54ZGxjd2syMDA1MDQwMjgaCGliMWIydWh6,kept,T2 title+author+year,2005,唐诗彬,10.3969/j.issn.1009-976x.2005.04.028,5,311,岭南现代临床外科,可吸收网在保脾手术中的应用进展
WS2081,CNKI,https://kns.cnki.net/kcms2/article/abstract?v=DgjXjbKQq8dE8cWdGvDaJ6r_aTpPTDTDpTUGIl4FrkgFITDKoLtROZmZJmLGaKLX9ttnBI1DqbeCC1WfeRmMw-Sy_eoefaRFJaf16qyzXWOLHc5OgXJ5IMZAWENHod26qqDJNDv4bqTbxIxxrBhxWoOGr6bxofutwPXhNQ0ZHn88yMLw69uocA==&uniplatform=NZKPT&language=CHS,duplicate,,2005,唐诗彬,,,311,岭南现代临床外科,可吸收网在保脾手术中的应用进展
WS2081,CBM,2005350045,duplicate,T2 title+author+year,2005,唐诗彬,,5,311,岭南现代临床外科,可吸收网在保脾手术中的应用进展
WS2082,CNKI,https://kns.cnki.net/kcms2/article/abstract?v=DgjXjbKQq8ccV2c05j4BQ6n5vW_WHufLR_D5n0sCU6VG5VYIelPUQ-1Al9pF4y3Qru-RGxl3BUtAJ41q8S8KaWsaETP3710pHBSubt4N2_LOBJzgwGC97xH9pXE12S_JEnHsoy_f74qwx1qqYubhi5HBnpiEE1nXSmnv-fuCpkY9I_cAXJk4CA==&uniplatform=NZKPT&language=CHS,kept,,2005,范建高,,,5,现代医药卫生,重视脾脏疾病的病因学分类
WS2083,Wanfang,https://d.wanfangdata.com.cn/periodical/CiBQZXJpb2RpY2FsQ0hJU29scjkyMDI2MDkxNTE0MjIxORIRemdzeXdrenoyMDA1MTEwMjkaCGliMWIydWh6,kept,T2 title+author+year,2005,刘丽君,10.3321/j.issn:1005-2208.2005.11.029,25,683,中国实用外科杂志,移植脾蒂扭转误诊附件肿瘤1例分析
WS2083,CNKI,https://kns.cnki.net/kcms2/article/abstract?v=DgjXjbKQq8d0Sqig1fA9Zoc6KMoKdTWlTFxo8CPBqxwRLaIBhHEtKssiYFJWHxglT7kEa6IZ8cLp9XQ7G23DJ_5SJsr3S7z38pqxU93MpipMabGTfPCihpFxQcIf_JMDPxXCGRul7j7A1yMwIArPWO64FwaSPJyifvpm63uTA0QmmNs64QBeUw==&uniplatform=NZKPT&language=CHS,duplicate,,2005,刘丽君,,,47,中国实用外科杂志,移植脾蒂扭转误诊附件肿瘤1例分析
WS2083,CBM,2005794259,duplicate,T2 title+author+year,2005,刘丽君,,25,683,中国实用外科杂志,移植脾蒂扭转误诊附件肿瘤1例分析
WS2084,CNKI,https://kns.cnki.net/kcms2/article/abstract?v=DgjXjbKQq8euMJ_2wbB9WDLprkS_rNwqpJn_2WMH_86aTsHeFpF2bqYYxkZG3Q5FduZ1qG-e9OFdaqkAAEgqpgVl1KiZP_10jRANTp_GX9BkaYZpUD8HxVxSGwTNBOSGhCprMvpgCzPTDnuEPVHPihUFoTQtMvem-hCrB78Jz8ushXzqo6bSXg==&uniplatform=NZKPT&language=CHS,kept,,2005,martnez-ferrom.,,,58,世界核心医学期刊文摘(儿科学分册),病例报道:腹腔镜下游离脾的袋状脾固定术
WS2084,Wanfang,https://d.wanfangdata.com.cn/periodical/CiBQZXJpb2RpY2FsQ0hJU29scjkyMDI2MDkxNTE0MjIxORIOUUsyMDA1MDE5NTM4MzIaCGliMWIydWh6,duplicate,T2 title+author+year,2005,martnez-ferrom.,,,58,世界核心医学期刊文摘（儿科学分册）,病例报道:腹腔镜下游离脾的袋状脾固定术
WS2085,Wanfang,https://d.wanfangdata.com.cn/periodical/CiBQZXJpb2RpY2FsQ0hJU29scjkyMDI2MDkxNTE0MjIxORIOemhmc3gyMDA1MTAwMjUaCGliMWIydWh6,kept,MANUAL merge,2005,,10.3760/j.issn:1005-1201.2005.10.025,39,1107,中华放射学杂志,游走脾并脾蒂扭转二例
WS2085,CNKI,https://kns.cnki.net/kcms2/article/abstract?v=DgjXjbKQq8e562hwvHFDkFOE_v_06NeSAwdGnnAIVw6RBK0WaJpCbFjoSXHT1k9SoO55V-C0bcfP4iA8faFMLgURKlbp_r67BQQSMkoyn3QgaHHvBTb0zN4bfMKdAeEF_uu5iqqTnMxQi_l8r8Yj6H4Jf1UnrADouQBtJAK9oaHNmkhtGtcRaA==&uniplatform=NZKPT&language=CHS,duplicate,,2005,冯平勇,,,100,中华放射学杂志,游走脾并脾蒂扭转二例
WS2085,CBM,2005783007,duplicate,T3 similar title+author+year,2005,冯平勇,,39,1107,中华放射学杂志,游走脾并脾蒂扭转2例
WS2086,CNKI,https://kns.cnki.net/kcms2/article/abstract?v=DgjXjbKQq8d5lrQh5u0Hj76YIAQ8CGh4R1VPG25Eo1s6wXh2DnqBd3rm98M6YFUlPEnH1_AKWZUnkE2bFhjWSJOYvgp47zj1SxjYVJTO8min0oz0kAeFvMl4kT4Tpicsi2RXZPzX24Uokjulo2ihw1Zo4ts1DwwKB1-JkEuqucH-ld_U-Miy9Q==&uniplatform=NZKPT&language=CHS,kept,,2005,易祥华,,,66,中华病理学杂志,纵隔多发性脾组织植入一例
WS2087,CNKI,https://kns.cnki.net/kcms2/article/abstract?v=DgjXjbKQq8dIBhBQvR4-SGLs0IHSscpaP_y9zmZUECfH-40xDJ5oFQ_75aZTiZGEDSWQZBciAXIXrJQZRAvtPrw2RaLQQ8FG7z7dUbHNd31ngW2wDtQglfC-0N2SWMZ62xTq3KNlkHTQKxVWGU44LeZccQBBtLqe__CTJ2tUviatStY5rwc5FA==&uniplatform=NZKPT&language=CHS,kept,,2005,韩宁,,,1797,实用医学杂志,超声诊断原发于右髂总动脉异位脾脏1例
WS2087,CBM,2005742055,duplicate,T2 title+author+year,2005,韩宁,,21,1797,实用医学杂志,超声诊断原发于右髂总动脉异位脾脏1例
WS2088,Wanfang,https://d.wanfangdata.com.cn/periodical/CiBQZXJpb2RpY2FsQ0hJU29scjkyMDI2MDkxNTE0MjIxORIOemhmY2syMDA1MDgwMjMaCGliMWIydWh6,kept,T2 title+author+year,2005,明玉华,10.3760/j.issn:0529-567x.2005.08.023,40,557,中华妇产科杂志,原发性脾脏异位妊娠一例
WS2088,CNKI,https://kns.cnki.net/kcms2/article/abstract?v=DgjXjbKQq8fAMwLJCGgFkbuttR4be7mNWve6p9KAyJBNLHo3NguX0r8qr36D_Jy2sKisS6U-Ru9kYne2kK6M0vVNN1z66kbbBR5o4MGKNiSFRacRgjshgj2Wn_N0ZLpC3AGnrKWz9K28V3JjlyjkfnRqqjFRWmYQIqyZWbMgyi8iXT7h-PEitw==&uniplatform=NZKPT&language=CHS,duplicate,,2005,明玉华,,,557,中华妇产科杂志,原发性脾脏异位妊娠一例
WS2088,CBM,2005706220,duplicate,T3 similar title+author+year,2005,明玉华,,40,557,中华妇产科杂志,原发性脾脏异位妊娠1例
WS2089,CNKI,https://kns.cnki.net/kcms2/article/abstract?v=DgjXjbKQq8fc3bt2qe3GAnxld1RPLkygn6vOvQSMA7dg0HiezQ1KtLmO4Os70d1EZAHa2uYSfGuYU9tzBE2HrWfT7oYyZZC5_CjW5qlNcCLJVB6sQoOc9B8bkgUwU5piDcoJdXNYTZykQo-jwo67OtQbeEHPusx6cR-Zj_XVUe3s5GAV8MS1Vg==&uniplatform=NZKPT&language=CHS,kept,,2005,schaarschmidt,,,47,世界核心医学期刊文摘(儿科学分册),腹膜后腹腔镜脾固定术治疗小儿游走脾
WS2089,Wanfang,https://d.wanfangdata.com.cn/periodical/CiBQZXJpb2RpY2FsQ0hJU29scjkyMDI2MDkxNTE0MjIxORIOUUsyMDA1MDE5NTM2MTQaCGliMWIydWh6,duplicate,T2 title+author+year,2005,schaarschmidt,,,47,世界核心医学期刊文摘（儿科学分册）,腹膜后腹腔镜脾固定术治疗小儿游走脾
WS2090,CNKI,https://kns.cnki.net/kcms2/article/abstract?v=DgjXjbKQq8cNJGMNIz74gbOuPzVAwG01kALTCXe_Ooj0CKsTsZd-CyzOynN0ex2paA3aK35UOQYuZO4QRbrFTY4w4EakUVk3GqvHuaf-dJtp_c7BTj0F3moB8iGz2cPXvAX5SxGkV5TpOekFtFYskfr_pnTJsre-qwen4qlsQ7bJa-hXxts-2g==&uniplatform=NZKPT&language=CHS,kept,,2005,孙根胜,,,767,陕西医学杂志,肠梗阻3例病因分析
WS2091,CNKI,259,kept,,,罗世成,,,,,大鼠异位小肠移植排斥反应及其免疫耐受的实验研究
WS2092,Wanfang,https://d.wanfangdata.com.cn/periodical/CiBQZXJpb2RpY2FsQ0hJU29scjkyMDI2MDkxNTE0MjIxORINY3F5eDIwMDQxMjA4MRoIaWIxYjJ1aHo%3D,kept,T2 title+author+year,2004,杨健,10.3969/j.issn.1671-8348.2004.12.081,33,1809,重庆医学,先天性左肾与脾脏异位伴DU1例
WS2092,CNKI,https://kns.cnki.net/kcms2/article/abstract?v=DgjXjbKQq8eZflox_PBm-47jZnEKlY_lQRohn6i-nP0koYgps2w7l8U9Ls2gxp9yNE_DkQZ9L1Oar5jqy39bWk8G4kkTxQF0oBf8be0eTGi55BkBUW7vxww2WT1pRFEzwEzPEAjDZEAC1kX_h5NwATs7J4pfViZ9pjABtlDMIbAmy-IiZsA6Zg==&uniplatform=NZKPT&language=CHS,duplicate,,2004,杨健,,,1809,重庆医学,先天性左肾与脾脏异位伴DU1例
WS2092,CBM,2005080814,duplicate,T2 title+author+year,2004,杨健,,33,1809,重庆医学,先天性左肾与脾脏异位伴DU 1例
WS2093,Wanfang,https://d.wanfangdata.com.cn/periodical/CiBQZXJpb2RpY2FsQ0hJU29scjkyMDI2MDkxNTE0MjIxORIPemd6eXp6MjAwNDEyMDE2GghpYjFiMnVoeg%3D%3D,kept,T2 title+author+year,2004,黄霞,10.3321/j.issn:1001-5302.2004.12.016,29,1168,中国中药杂志,熟地黄多糖对血虚模型小鼠的影响
WS2093,CNKI,https://kns.cnki.net/kcms2/article/abstract?v=DgjXjbKQq8fpLc3Dc0WvGGnaq8HossUaC2fu41sQZX1Du5PP_4ZA3naw-2foLfheDJtSwJ2sTVjb07zxXlks0koYj_4ZANgOt2BmGvCFaaK_2diTvCHMm5vvyO9cn6ZrYlUAoBgc3mqxUfnuGAM_RoKzEZNCFd6ttoLXST1Pt0p6_EQW-K-hFg==&uniplatform=NZKPT&language=CHS,duplicate,,2004,黄霞,,,50,中国中药杂志,熟地黄多糖对血虚模型小鼠的影响
WS2093,CBM,2005081249,duplicate,T2 title+author+year,2004,黄霞,,29,1168,中国中药杂志,熟地黄多糖对血虚模型小鼠的影响
WS2094,Wanfang,https://d.wanfangdata.com.cn/periodical/CiBQZXJpb2RpY2FsQ0hJU29scjkyMDI2MDkxNTE0MjIxORIRbGNjc3l4enoyMDA0MDQwMzgaCGliMWIydWh6,kept,T2 title+author+year,2004,高峰,10.3969/j.issn.1008-6978.2004.04.038,6,254,临床超声医学杂志,游离脾扭转1例
WS2094,CNKI,https://link.cnki.net/doi/10.16245/j.cnki.issn1008-6978.2004.04.038,duplicate,,2004,高峰,10.16245/j.cnki.issn1008-6978.2004.04.038,,254,临床超声医学杂志,游离脾扭转1例
WS2094,CBM,2003632009,duplicate,T2 title+author+year,2004,高峰,,6,254,临床超声医学杂志,游离脾扭转1例
WS2095,Wanfang,https://d.wanfangdata.com.cn/periodical/CiBQZXJpb2RpY2FsQ0hJU29scjkyMDI2MDkxNTE0MjIxORINeHJ3azIwMDQwNDAzNhoIaWIxYjJ1aHo%3D,kept,T2 title+author+year,2004,于增文,10.3760/cma.j.issn.0253-3006.2004.04.036,25,317,中华小儿外科杂志,腹腔镜下胃固定术治疗小儿胃扭转并游走脾一例
WS2095,CNKI,https://kns.cnki.net/kcms2/article/abstract?v=DgjXjbKQq8cJuQyp--p4eCaGxw9IYPAZK_HwT1ClREEJ0gaTJ_H2yYQG24-W4wXz6JjYTpCcCfHhTw3L9pu7U45XFWT2ob8_vi57JhttbxDzgL5-T4SH7PsAYXYLXmcQ8qBKXGYrcQfeYDMZVzgBVrCGp4ylSKEVMqLeV5QRnaRbz5htRDmZlQ==&uniplatform=NZKPT&language=CHS,duplicate,,2004,于增文,,,29,中华小儿外科杂志,腹腔镜下胃固定术治疗小儿胃扭转并游走脾一例
WS2095,CBM,2003592084,duplicate,T3 similar title+author+year,2004,于增文,,25,317,中华小儿外科杂志,腹腔镜下胃固定术治疗小儿胃扭转并游走脾1例
WS2096,CNKI,https://kns.cnki.net/kcms2/article/abstract?v=DgjXjbKQq8eHQK04d14uFdiyqLjA5iLgb4LbvLvZw58dbqxLhgpCZkEiCtRW3r0tRwCs0dNkDBt4PQp2oGAAATbjq9TM6KcoK7LAQSrmxIAe3OrclRqo-_IKywRlMfCAiVWpZCQC_cN3VJlr-Y7jTfbCetxq6DT6olq5qNxzFe5-dcDWX7wbwk55Xg1j7tR-&uniplatform=NZKPT&language=CHS,kept,,2004,耿云光,,,2,,"胸11、12结核并双侧椎旁脓肿,心、肝、脾异位,髂骨畸形一例报告"
WS2097,Wanfang,https://d.wanfangdata.com.cn/periodical/CiBQZXJpb2RpY2FsQ0hJU29scjkyMDI2MDkxNTE0MjIxORISaGVuYW55a2R4MjAwNDAzMDQwGghpYjFiMnVoeg%3D%3D,kept,T2 title+author+year,2004,夏自强,10.3969/j.issn.1671-6825.2004.03.040,39,471,郑州大学学报（医学版）,肝脾固定治疗犬肝前性门脉高压效果观察
WS2097,CNKI,https://link.cnki.net/doi/10.13705/j.issn.1671-6825.2004.03.040,duplicate,,2004,夏自强,10.13705/j.issn.1671-6825.2004.03.040,,471,郑州大学学报(医学版),肝脾固定治疗犬肝前性门脉高压效果观察
WS2097,CBM,2003518958,duplicate,T2 title+author+year,2004,夏自强,,39,471,郑州大学学报·医学版,肝脾固定治疗犬肝前性门脉高压效果观察
WS2098,Wanfang,https://d.wanfangdata.com.cn/periodical/CiBQZXJpb2RpY2FsQ0hJU29scjkyMDI2MDkxNTE0MjIxORIRemhxZ3l6OTgyMDA0MDIwMTgaCGliMWIydWh6,kept,T2 title+author+year,2004,王毓利,10.3760/cma.j.issn.0254-1785.2004.02.018,25,118,中华器官移植杂志,套管法大鼠异位脾移植模型的制作
WS2098,CNKI,https://kns.cnki.net/kcms2/article/abstract?v=DgjXjbKQq8d4okAEYjeqoxpHSkaAXeuzXFxnFRGi4OVjp9HBXl61wSfVbHLcR1c3VZhdo8eXitaG4qMF_kODtW8QsCJBVOYy8fIVuR3tBPfbMnOLDkd7Gd8AYsYToXyJeRbqI3bDbH6NLmdF9xkqd3k4ErH6sD1T0s98Zed8pyl8NK9kNU561w==&uniplatform=NZKPT&language=CHS,duplicate,,2004,王毓利,,,55,中华器官移植杂志,套管法大鼠异位脾移植模型的制作
WS2098,CBM,2003447058,duplicate,T2 title+author+year,2004,王毓利,,25,118,中华器官移植杂志,套管法大鼠异位脾移植模型的制作
WS2099,CNKI,https://kns.cnki.net/kcms2/article/abstract?v=DgjXjbKQq8eMkINF7AzoLXSyqjRQQR8YX-yyQzldgT0nYVBrXJH2r-RwxKVLxz3mBB2XDUtnWNbJVc0MIJjhEOSPwHJukKYZLuRavhu0Icu7WShsY0grPX5jHiwLG505FtJYhfoA4D2jKFN1BDvy0HEePKmEFoTH6lR6PuUPanlvrpoL4fk9z7uOTl3CwrU_&uniplatform=NZKPT&language=CHS,kept,,2004,申海涛,,,,,中药黄芪提取物（ASA）对H22荷瘤小鼠影响的综合研究
WS2100,Wanfang,https://d.wanfangdata.com.cn/periodical/CiBQZXJpb2RpY2FsQ0hJU29scjkyMDI2MDkxNTE0MjIxORIPeG5nZnl5MjAwNDAxMDc3GghpYjFiMnVoeg%3D%3D,kept,T2 title+author+year,2004,欧晓平,10.3969/j.issn.1004-0188.2004.01.077,14,115,西南国防医药,脾脏异位妊娠破裂出血1例报告
WS2100,CNKI,https://kns.cnki.net/kcms2/article/abstract?v=DgjXjbKQq8eMkINF7AzoLXSyqjRQQR8Y2F1lHcx5nDEZhjk5Dm0mNTE43NHkShzNeWHT89v5I67LNPkU98A2cnP6wBPvM0q6beyeeL4DXN8kp89GPb4G4P8NOcTILvlRjTJlKoCHc1Hxp1092Zqymi7XiWubf5I_DRopZd6vKWuf74sxnpqW5g==&uniplatform=NZKPT&language=CHS,duplicate,,2004,欧晓平,,,115,西南国防医药,脾脏异位妊娠破裂出血1例报告
WS2100,CBM,2003427279,duplicate,T2 title+author+year,2004,欧晓平,,14,115,西南国防医药,脾脏异位妊娠破裂出血1例报告
WS2101,Wanfang,https://d.wanfangdata.com.cn/periodical/CiBQZXJpb2RpY2FsQ0hJU29scjkyMDI2MDkxNTE0MjIxORINYWh5eDIwMDQwMTA0MRoIaWIxYjJ1aHo%3D,kept,T3 similar title+author+year,2004,丁昌庆,10.3969/j.issn.1000-0399.2004.01.041,25,32,安徽医学,游走脾1例
WS2101,CNKI,https://kns.cnki.net/kcms2/article/abstract?v=DgjXjbKQq8fTZz3gCQzQiZN0CE4g6wBeDEZmKuJrZxK1-JzXWhopWA1bXUg5vIY7wH7rBoIamJxHFLuDNuRnDsyyqfq4qvDLS2JCeQTQnTdyhpI0EDhdSOGXlIPWlAKtM3AmDnW-siEExJYFuJdcRwbB9eK9TK3u05EQMd7KOKN0SFLQAFWsQA==&uniplatform=NZKPT&language=CHS,duplicate,,2004,丁昌庆,,,32,安徽医学,游走脾1例
WS2101,CBM,2004125650,duplicate,T3 similar title+author+year,2004,丁昌庆,,25,32,安徽医学,游走脾1例
WS2102,CNKI,https://kns.cnki.net/kcms2/article/abstract?v=DgjXjbKQq8eYHMk8dm46fhWkNpXSRw_5KyhoMN4NZH7W-fcGg3ffFi8tOfXNyUrL-ZERq_rVUgkIjhk2YtHdpLwra_nWmWEftkAyGM17wcuAVXylfPcbPbB_qSODJc5-9G2b092LCNYnbrcn8yDhPyg65055Pb5Ia9Gqx6rgBCXm7K1VayMYog==&uniplatform=NZKPT&language=CHS,kept,,2004,万东,,,72,吉林医学,胸腔脾种植1例报告
WS2103,Wanfang,https://d.wanfangdata.com.cn/periodical/CiBQZXJpb2RpY2FsQ0hJU29scjkyMDI2MDkxNTE0MjIxORIPc3l5anp6MjAwMzEyMDI3GghpYjFiMnVoeg%3D%3D,kept,T2 title+author+year,2003,张秀娟,10.3969/j.issn.1671-5098.2003.12.027,10,1362,实用医技杂志,超声诊断异位脾、脾蒂扭转1例
WS2103,CNKI,https://kns.cnki.net/kcms2/article/abstract?v=DgjXjbKQq8eYHMk8dm46fhWkNpXSRw_5KyhoMN4NZH7VqqXfSPwa8A8L4Dox_aeeZ0aFDzCEcRwDCwscIiMziD1xHo28VexI-aF5NFejtUCfUNkBs02hQDEukA10NfDuZdjkttCvuLSxhVFd8VeNCjgvaNpLQWhvl_pyZwEbKfaP4sh8m35MrQ==&uniplatform=NZKPT&language=CHS,duplicate,,2003,张秀娟,,,1362,实用医技杂志,超声诊断异位脾、脾蒂扭转1例
WS2103,CBM,2003373827,duplicate,T2 title+author+year,2003,张秀娟,,10,1362,实用医技杂志,超声诊断异位脾、脾蒂扭转1例
WS2104,Wanfang,https://d.wanfangdata.com.cn/periodical/CiBQZXJpb2RpY2FsQ0hJU29scjkyMDI2MDkxNTE0MjIxORIUemdwd2pjeWxjenoyMDAzMDYwMjIaCGliMWIydWh6,kept,T2 title+author+year,2003,张铁民,10.3969/j.issn.1007-9424.2003.06.022,10,580,中国普外基础与临床杂志,脾移植术后并发症的诊断与治疗(附5例报告)
WS2104,CNKI,https://kns.cnki.net/kcms2/article/abstract?v=DgjXjbKQq8e9uyl5Mx-U-uD-UdMBNbSnhNXWCS9aOxcN7XiaJhZBvWT2b4wPMlYQ4vL81C48nqVQWY9sRg2c5nsjQ0TY45grYj8YB4ataGk-1A9JNVjvUTcoJ1l3HSOPZkQrL6rAZ0-89_402hBgPSejOQqCcDGDqfOswi70-5js7kpZc9I2BQ==&uniplatform=NZKPT&language=CHS,duplicate,,2003,张铁民,,,580,中国普外基础与临床杂志,脾移植术后并发症的诊断与治疗(附5例报告)
WS2104,CBM,2004120028,duplicate,T2 title+author+year,2003,张铁民,,10,580,中国普外基础与临床杂志,脾移植术后并发症的诊断与治疗:附5例报告
WS2105,Wanfang,https://d.wanfangdata.com.cn/periodical/CiBQZXJpb2RpY2FsQ0hJU29scjkyMDI2MDkxNTE0MjIxORIQbm1neXh6ejIwMDMwNTAxMRoIaWIxYjJ1aHo%3D,kept,T2 title+author+year,2003,党永康,10.3969/j.issn.1004-0951.2003.05.011,35,400,内蒙古医学杂志,脾保留手术治疗外伤性脾破裂15例临床分析
WS2105,CNKI,https://link.cnki.net/doi/10.16096/j.cnki.nmgyxzz.2003.05.013,duplicate,,2003,党永康,10.16096/j.cnki.nmgyxzz.2003.05.013,,400,内蒙古医学杂志,脾保留手术治疗外伤性脾破裂15例临床分析
WS2105,CBM,2004097643,duplicate,T2 title+author+year,2003,党永康,,35,400,内蒙古医学杂志,脾保留手术治疗外伤性脾破裂15例临床分析
WS2106,Wanfang,https://d.wanfangdata.com.cn/periodical/CiBQZXJpb2RpY2FsQ0hJU29scjkyMDI2MDkxNTE0MjIxORIPemhnZHdrMjAwMzA5MDIxGghpYjFiMnVoeg%3D%3D,kept,T2 title+author+year,2003,侯利民,10.3760/cma.j.issn.1007-8118.2003.09.021,9,566,中华肝胆外科杂志,同种大鼠颈部脾脏异位移植模型的建立
WS2106,CNKI,https://kns.cnki.net/kcms2/article/abstract?v=DgjXjbKQq8c6Zlyzv759Amhsb4QP2Q1lZlLz_UTov3CNpKv-z2P6-aZ9oiSNKzhWzirM0d5xcxJaVmx_UGFjF-jW4Y8xxuoL6A8V23OLw96xm_uQ6T5sCuczb4l_n6j6mOOKKsL6fGLHRUSBcLq8UHrvMVJxp3CQSBzNvPl9_EEzbuw2WaNrtQ==&uniplatform=NZKPT&language=CHS,duplicate,,2003,侯利民,,,57,中华肝胆外科杂志,同种大鼠颈部脾脏异位移植模型的建立
WS2106,CBM,2004081622,duplicate,T2 title+author+year,2003,侯利民,,9,566,中华肝胆外科杂志,同种大鼠颈部脾脏异位移植模型的建立
WS2107,Wanfang,https://d.wanfangdata.com.cn/periodical/CiBQZXJpb2RpY2FsQ0hJU29scjkyMDI2MDkxNTE0MjIxORIRemdzeXdrenoyMDAzMDgwMjYaCGliMWIydWh6,kept,T3 similar title+author+year,2003,张敬杰,10.3321/j.issn:1005-2208.2003.08.026,23,503,中国实用外科杂志,异位脾种植
WS2107,CNKI,https://kns.cnki.net/kcms2/article/abstract?v=DgjXjbKQq8enyM68MmVHgtmG5UbNtg4DgONeusc8xWEFSYqvcUXUAwAKKdHPBuFDfxNKO1SbVeb_02Hnrcg4EjULLm_vCaeJ0xyJhHHKMKH3v956kssfDDiRH8wzDTjRkzltViYTGgdaObBBcnDICX3nDye4GzZjmFsBpqFMJ_HyJjv5fo66Yg==&uniplatform=NZKPT&language=CHS,duplicate,,2003,张敬杰,,,60,中国实用外科杂志,异位脾种植
WS2107,CBM,2004034034,duplicate,T3 similar title+author+year,2003,张敬杰,,23,503,中国实用外科杂志,异位脾种植
WS2108,Wanfang,https://d.wanfangdata.com.cn/periodical/CiBQZXJpb2RpY2FsQ0hJU29scjkyMDI2MDkxNTE0MjIxORINbWZ6ejIwMDMwNzAxORoIaWIxYjJ1aHo%3D,kept,T2 title+author+year,2003,胡家盛,10.3969/j.issn.1003-9139.2003.07.019,,23,蜜蜂杂志,中蜂过箱时用线拴脾固定
WS2108,CNKI,https://kns.cnki.net/kcms2/article/abstract?v=DgjXjbKQq8enIMvZNmmUsWoEvZTJZvKvX7-ce4WlfpgUpJLuoirG-bnuVk4nuESpxP3i2g5qMp_Ni8CHqd1f_VNfcZSinFS1EI9CnCLOxhMmL5b7EWG_-lgu34XPRQK-mZMoetDbfGjyWu1wuMPlnoL8Tss3NLb9UIaCIbc4gWoUOHVtWi-z0w==&uniplatform=NZKPT&language=CHS,duplicate,,2003,胡家盛,,,23,蜜蜂杂志,中蜂过箱时用线拴脾固定
WS2109,Wanfang,https://d.wanfangdata.com.cn/periodical/CiBQZXJpb2RpY2FsQ0hJU29scjkyMDI2MDkxNTE0MjIxORIPc3dnY3hiMjAwMzA0MDEwGghpYjFiMnVoeg%3D%3D,kept,T2 title+author+year,2003,张玲,10.3321/j.issn:1000-3061.2003.04.010,19,428,生物工程学报,Smad3基因剔除对小鼠造血功能的影响
WS2109,CNKI,https://link.cnki.net/doi/10.13345/j.cjb.2003.04.011,duplicate,,2003,张玲,10.13345/j.cjb.2003.04.011,,428,生物工程学报,Smad3基因剔除对小鼠造血功能的影响
WS2109,CBM,2004003702,duplicate,T2 title+author+year,2003,张玲,,19,428,生物工程学报,Smad3基因剔除对小鼠造血功能的影响
WS2110,Wanfang,https://d.wanfangdata.com.cn/periodical/CiBQZXJpb2RpY2FsQ0hJU29scjkyMDI2MDkxNTE0MjIxORIPaGtodHl5MjAwMzAxMDUzGghpYjFiMnVoeg%3D%3D,kept,T2 title+author+year,2003,胡江华,10.3969/j.issn.2095-1434.2003.01.053,14,56,航空航天医药,异位脾误诊为卵巢肿瘤1例
WS2110,CNKI,https://kns.cnki.net/kcms2/article/abstract?v=DgjXjbKQq8d1Vouh5cxAaNkzReRgKGlTD1EvK0gtnn8TU4zAtY6988dWIE6eu4gixC6QBYsw7jDPZdoZTVC0jzude1RitXbkuS8G0d6IecStb2oCaEj_bwfpa8s5I656SXBekteXck1JBWmWlp3cwl8lBdJFvghcIbWSJDw89yOICEFbcD7cBA==&uniplatform=NZKPT&language=CHS,duplicate,,2003,胡江华,,,56,航空航天医药,异位脾误诊为卵巢肿瘤1例
WS2110,CBM,2003331155,duplicate,T2 title+author+year,2003,胡江华,,14,56,航空航天医药,异位脾误诊为卵巢肿瘤1例
WS2111,Wanfang,https://d.wanfangdata.com.cn/periodical/CiBQZXJpb2RpY2FsQ0hJU29scjkyMDI2MDkxNTE0MjIxORIPbGN3a3p6MjAwMzAyMDQ1GghpYjFiMnVoeg%3D%3D,kept,T2 title+author+year,2003,高景忠,10.3969/j.issn.1005-6483.2003.02.045,11,121,临床外科杂志,游走脾并脾蒂扭转误诊粘连性梗阻一例
WS2111,CNKI,https://kns.cnki.net/kcms2/article/abstract?v=DgjXjbKQq8cCVohZ_f45gUmP0294VA2E2GQnaxc8XgAkQFaKHG9vFZPMsI6_etalltiZLSoXqF2QnBop4USeRcLyC5uKb03zPgCHOxUSyrtaRk6rLWB5LXS8pm4UpajrvObeAhkCAaQ4HTcOa2Dd98FPAAtQHNSwPQDiDFY9DUlvUaKX17Q7rA==&uniplatform=NZKPT&language=CHS,duplicate,,2003,高景忠,,,121,临床外科杂志,游走脾并脾蒂扭转误诊粘连性梗阻一例
WS2111,CBM,2003211720,duplicate,T3 similar title+author+year,2003,高景忠,,11,121,临床外科杂志,游走脾并脾蒂扭转误诊粘连性梗阻1例
WS2112,Wanfang,https://d.wanfangdata.com.cn/periodical/CiBQZXJpb2RpY2FsQ0hJU29scjkyMDI2MDkxNTE0MjIxORIQemRibHh6ejIwMDMwMTA0MhoIaWIxYjJ1aHo%3D,kept,T2 title+author+year,2003,解萍,10.3969/j.issn.1007-8096.2003.01.042,10,56,诊断病理学杂志,左侧精索内异位脾组织1例
WS2112,CNKI,https://kns.cnki.net/kcms2/article/abstract?v=DgjXjbKQq8fkeECCw6bR2bR--KRCtXVPQb9rOMAVIZ3D6n9ToXuyWUi3-Z44zlbjp_JHe3zjvXCCfZjISydo6oB88cz3J2wHFR7Bd3uFiig6xwKQOvm-FurRBzYP7Ct8re67ioCBZDmqVd2gwsfyE2QIwjTfax7VXNa-fvea_TNIC6d8yD59Sw==&uniplatform=NZKPT&language=CHS,duplicate,,2003,解萍,,,62,诊断病理学杂志,左侧精索内异位脾组织1例
WS2112,CBM,2003290673,duplicate,T2 title+author+year,2003,解萍,,10,56,诊断病理学杂志,左侧精索内异位脾组织1例
WS2113,Wanfang,https://d.wanfangdata.com.cn/periodical/CiBQZXJpb2RpY2FsQ0hJU29scjkyMDI2MDkxNTE0MjIxORIPemhjc3l4MjAwMzAyMDI3GghpYjFiMnVoeg%3D%3D,kept,T2 title+author+year,2003,卢晓新,10.3760/j.issn:1004-4477.2003.02.027,12,85,中华超声影像学杂志,异位脾扭转合并副脾误诊1例
WS2113,CNKI,https://kns.cnki.net/kcms2/article/abstract?v=DgjXjbKQq8dotUrWGWSYle6YWyH4ZY8vv_kOSgfJzZ5XjLkSGzxhU9h2Yi7-U2gfXzRkb8a-bKHNgd6EPQTU3gWThJmuSwgz_Ja9zDhqwiwe2vERVAXXsFamPZgivaK6JX2CGf3m9k5YpOPKphXFx7hkQnqsfUdN6TlvBtG2wSoYsBTJaTvjow==&uniplatform=NZKPT&language=CHS,duplicate,,2003,卢晓新,,,20,中华超声影像学杂志,异位脾扭转合并副脾误诊1例
WS2113,CBM,2003185774,duplicate,T2 title+author+year,2003,卢晓新,,12,85,中华超声影像学杂志,异位脾扭转合并副脾误诊1例
WS2114,Wanfang,https://d.wanfangdata.com.cn/periodical/CiBQZXJpb2RpY2FsQ0hJU29scjkyMDI2MDkxNTE0MjIxORIPemd4Y3l5MjAwMzAyMDU3GghpYjFiMnVoeg%3D%3D,kept,T2 title+author+year,2003,杨友华,10.3969/j.issn.1006-5180.2003.02.057,10,47,中国乡村医药,游走脾并发扭转坏死1例
WS2114,CNKI,https://kns.cnki.net/kcms2/article/abstract?v=DgjXjbKQq8dQ0nb13uyVOaunnmMeNh0Ls0qvXmobFUCQ439JfhZlN6c733bE-QNGJb3eB3ZoxaHwKNv9e9BJfI1Mztj5BywAUxKzULzhPmdksHFszuM0Sjcvualu4IAGHINvjy0BkVDSYWAKSqX72n3kjZB9r6mY7qL5EtHm9yG01W1UkHvBeg==&uniplatform=NZKPT&language=CHS,duplicate,,2003,杨友华,,,47,中国乡村医药,游走脾并发扭转坏死1例
WS2114,CBM,2003158101,duplicate,T2 title+author+year,2003,杨友华,,10,47,中国乡村医药,游走脾并发扭转坏死1例
WS2115,Wanfang,https://d.wanfangdata.com.cn/periodical/CiBQZXJpb2RpY2FsQ0hJU29scjkyMDI2MDkxNTE0MjIxORIPemhnZHdrMjAwMzAxMDA5GghpYjFiMnVoeg%3D%3D,kept,T2 title+author+year,2003,刘昶,10.3760/cma.j.issn.1007-8118.2003.01.009,9,26,中华肝胆外科杂志,同种大鼠带血管异位脾移植模型的建立
WS2115,CNKI,https://kns.cnki.net/kcms2/article/abstract?v=DgjXjbKQq8ei2RsY5w9bq7PhluUM5jDcunmZLfA6a3vqo2PAsmenEMILryv64EcCIxIjZtQ6FGc8nRaQk6eTaA8qwi0vbVfc1L_rGgmDj2LFKQqAIuUGVsI7Lya03LTBw6eKZcCcfSamvsMHe0hp2YzDVB_11S3XBd3ljkj-OKTOH5DrBVTPjg==&uniplatform=NZKPT&language=CHS,duplicate,,2003,刘昶,,,29,中华肝胆外科杂志,同种大鼠带血管异位脾移植模型的建立
WS2115,CBM,2003157986,duplicate,T2 title+author+year,2003,刘昶,,9,26,中华肝胆外科杂志,同种大鼠带血管异位脾移植模型的建立
WS2116,Wanfang,https://d.wanfangdata.com.cn/periodical/CiBQZXJpb2RpY2FsQ0hJU29scjkyMDI2MDkxNTE0MjIxORINenl5azIwMDIwOTA3OBoIaWIxYjJ1aHo%3D,kept,T2 title+author+year,2002,杨慧琳,10.3760/cma.j.issn.1674-4756.2002.09.078,29,,中原医刊,游离脾扭转误诊为卵巢肿瘤1例
WS2116,CNKI,https://kns.cnki.net/kcms2/article/abstract?v=DgjXjbKQq8fHGyBRupuT7SQ-dkZbC44CDe6SCDk2oImorPccR7ZxJKAGU7xUElaTC3t-1VpPNJW9PUEleUhZOz_IMM_AWph62SjFh43i-SSDZoHo3hZUgXdfShKkTpSRDi8olUJbMzJGtaehLLEvuWRlySgSlEID6RFmWHRvZcTOq2SHNwmZ7A==&uniplatform=NZKPT&language=CHS,duplicate,,2002,杨慧琳,,,66,中原医刊,游离脾扭转误诊为卵巢肿瘤1例
WS2116,CBM,2003040199,duplicate,T2 title+author+year,2002,杨慧琳,,29,4,中原医刊,游离脾扭转误诊为卵巢肿瘤1例
WS2117,Wanfang,https://d.wanfangdata.com.cn/periodical/CiBQZXJpb2RpY2FsQ0hJU29scjkyMDI2MDkxNTE0MjIxORIPaHNqYnp6MjAwMjA0MDMzGghpYjFiMnVoeg%3D%3D,kept,T2 title+author+year,2002,杨玉栋,10.3969/j.issn.1009-3257.2002.04.033,9,45,罕少疾病杂志,腹腔多发性脾植入1例
WS2117,CNKI,https://kns.cnki.net/kcms2/article/abstract?v=DgjXjbKQq8c_-CyKqCDD9vSc6BuqzYZdltogEy4KsKpEt25-WWUzqKHaxvUeu0ADS-O1pehf1Av4AHdtOiO9NUuZrsw4AsaqBFeUt0vnlquFAJfYy4WINr_ImJpr4QvsHIHme2PL4o2eUTch26JJrhuZxC83PtQyvaV3BJLfRLgcmMcY-VD41A==&uniplatform=NZKPT&language=CHS,duplicate,,2002,杨玉栋,,,45,罕少疾病杂志,腹腔多发性脾植入1例
WS2117,CBM,2003037217,duplicate,T2 title+author+year,2002,杨玉栋,,9,45,罕少疾病杂志,腹腔多发性脾植入1例
WS2118,Wanfang,https://d.wanfangdata.com.cn/periodical/CiBQZXJpb2RpY2FsQ0hJU29scjkyMDI2MDkxNTE0MjIxORIRemdjc3l4enoyMDAyMDYwMjcaCGliMWIydWh6,kept,T2 title+author+year,2002,张守红,10.3969/j.issn.1002-0101.2002.06.027,18,412,中国超声医学杂志,超声诊断游走脾1例
WS2118,CNKI,https://kns.cnki.net/kcms2/article/abstract?v=DgjXjbKQq8eeH2oQ-fbT6De033GA3QUxWfzbyy-BTHdXYkIPTbAvs74nyr7pMqqd0O952_lVgYp_DxRlAW-1cm_3niEFmxsSCuWwgtnW1Z0JiUEoD63kbdtFlJMxs8t6E5LgYJ64QKefvSncGmDmVNH3iiMaLtOEW_7cgOlWX9bcCOpVVGBSVg==&uniplatform=NZKPT&language=CHS,duplicate,,2002,张守红,,,15,中国超声医学杂志,超声诊断游走脾1例
WS2118,CBM,2002265727,duplicate,T2 title+author+year,2002,张守红,,18,412,中国超声医学杂志,超声诊断游走脾1例
WS2119,Wanfang,https://d.wanfangdata.com.cn/periodical/CiBQZXJpb2RpY2FsQ0hJU29scjkyMDI2MDkxNTE0MjIxORIOemhmc3gyMDAyMDYwMjYaCGliMWIydWh6,kept,T2 title+author+year,2002,宋迪,10.3760/j.issn:1005-1201.2002.06.026,36,502,中华放射学杂志,盆腔异位脾一例
WS2119,CNKI,https://kns.cnki.net/kcms2/article/abstract?v=DgjXjbKQq8fSM1MRvpi_odAcIq3xPCBEUxOLPc041Xh-1iL1Vxq73SqBWEbVrL3ljo-e5rz8zivxMe1GiDt0Sfg-jiOtgG3vnkxubrYTc4jU6h76U1Z56BXjwAqSV-kTWL90GrVP4kx4kIZdlB2-Hzsx930H_qCCF6ja8APpKD9gqvmYMEuNBQ==&uniplatform=NZKPT&language=CHS,duplicate,,2002,宋迪,,,22,中华放射学杂志,盆腔异位脾一例
WS2119,CBM,2002284418,duplicate,T4 author+year+volume+first page,2002,宋迪,,36,502,中华放射学杂志,盆腔异位脾1例
WS2120,Wanfang,https://d.wanfangdata.com.cn/periodical/CiBQZXJpb2RpY2FsQ0hJU29scjkyMDI2MDkxNTE0MjIxORISaGVieWtkeHhiMjAwMjAyMDE5GghpYjFiMnVoeg%3D%3D,kept,T2 title+author+year,2002,王毓利,10.3969/j.issn.1000-1905.2002.02.019,36,138,哈尔滨医科大学学报,套管法大鼠异位脾移植模型的建立
WS2120,CNKI,https://kns.cnki.net/kcms2/article/abstract?v=DgjXjbKQq8cv7NXZ7aMUQYIQ3DSE4JzWzMbZiolEHJiNv-wXDmP6u4AvNir3KxwJ7a4umg--VQWaqvX5Gkwc8lGSw_Fc0F__OnOoOidS8HSRhV29Nb5DKVWzSD7_jTje23lJyExfaGt3Kp1i5Vlqd4cmrRAjCr6qswv-6NAl8pd3D6l1U44XYw==&uniplatform=NZKPT&language=CHS,duplicate,,2002,王毓利,,,138,哈尔滨医科大学学报,套管法大鼠异位脾移植模型的建立
WS2120,CBM,2002220068,duplicate,T2 title+author+year,2002,王毓利,,36,138,哈尔滨医科大学学报,套管法大鼠异位脾移植模型的建立
WS2121,Wanfang,https://d.wanfangdata.com.cn/periodical/CiBQZXJpb2RpY2FsQ0hJU29scjkyMDI2MDkxNTE0MjIxORIQY2R5eHl4YjIwMDIwMTA1NRoIaWIxYjJ1aHo%3D,kept,T2 title+author+year,2002,赵永红,10.3969/j.issn.1004-6879.2002.01.055,19,73,承德医学院学报,脾扭转误诊2例
WS2121,CNKI,https://link.cnki.net/doi/10.15921/j.cnki.cyxb.2002.01.055,duplicate,,2002,赵永红,10.15921/j.cnki.cyxb.2002.01.055,,73,承德医学院学报,脾扭转误诊2例
WS2121,CBM,2002193966,duplicate,T2 title+author+year,2002,赵永红,,19,73,承德医学院学报,脾扭转误诊2例
WS2122,Wanfang,https://d.wanfangdata.com.cn/periodical/CiBQZXJpb2RpY2FsQ0hJU29scjkyMDI2MDkxNTE0MjIxORIQd2tsbHlzajIwMDIwMjAzNBoIaWIxYjJ1aHo%3D,kept,T2 title+author+year,2002,高景忠,10.3969/j.issn.1007-9610.2002.02.034,7,105,外科理论与实践,游走脾并脾蒂扭转误诊粘连性肠梗阻一例报告
WS2122,Wanfang,https://d.wanfangdata.com.cn/periodical/CiBQZXJpb2RpY2FsQ0hJU29scjkyMDI2MDkxNTE0MjIxORIOUUsyMDAyMDE5MDc5NzQaCGliMWIydWh6,duplicate,T3 similar title+author+year,2002,高景忠,,7,105,外科理论与实践,游走脾并脾蒂扭转误衣粘连性肠梗阻一例报告
WS2122,CNKI,https://kns.cnki.net/kcms2/article/abstract?v=DgjXjbKQq8dSECS1_-VNyeRDYn0_xohg8sR4Oc2DHaP2ewYB8E5RIrwYUrbT8rkXvfd9OAOOiEZoiLMgrzpWE11ppzCR7A-qgETvdiZDt6UaO-n6sEttiexEk_qptfsqJiYWP9Df1e_aiqt-KhwKPu5hf7ZXvvuuSKc_XUk7OdvS-s269b-dfg==&uniplatform=NZKPT&language=CHS,duplicate,,2002,高景忠,,,105,外科理论与实践,游走脾并脾蒂扭转误诊粘连性肠梗阻一例报告
WS2122,CBM,2002203174,duplicate,T3 similar title+author+year,2002,高景忠,,7,105,外科理论与实践,游走脾并脾蒂扭转误诊粘连性肠梗阻1例报告
WS2123,Wanfang,https://d.wanfangdata.com.cn/periodical/CiBQZXJpb2RpY2FsQ0hJU29scjkyMDI2MDkxNTE0MjIxORIRemdjc3pkenoyMDAyMDIwMjIaCGliMWIydWh6,kept,T2 title+author+year,2002,牛红梅,,3,111,中国超声诊断杂志,超声诊断脾脏异位1例
WS2123,CNKI,https://kns.cnki.net/kcms2/article/abstract?v=DgjXjbKQq8cUYjo8-53ImyWbxfsDMH9NcNNvrXR3UI67lahBDOcTjHPJxhdVWV9TttYkeavmqpdzgz_iYmU2xqW9LuDcX85Utw0Od6er-Ldclf641PSTqbEUKEWkFJygt8YLAwUR7Prlx7mMuqT1ulDLzjhTJNQtdXImUOPw3DQXXdxxETje9Q==&uniplatform=NZKPT&language=CHS,duplicate,,2002,牛红梅,,,111,中国超声诊断杂志,超声诊断脾脏异位1例
WS2123,CBM,2002146589,duplicate,T2 title+author+year,2002,牛红梅,,3,111,中国超声诊断杂志,超声诊断脾脏异位1例
WS2124,CNKI,https://link.cnki.net/doi/10.13437/j.cnki.jcr.2001.12.001,kept,,2001,吴天,10.13437/j.cnki.jcr.2001.12.001,,897,临床放射学杂志,读片窗
WS2125,Wanfang,https://d.wanfangdata.com.cn/periodical/CiBQZXJpb2RpY2FsQ0hJU29scjkyMDI2MDkxNTE0MjIxORIPeG5nZnl5MjAwMTA2MDQ4GghpYjFiMnVoeg%3D%3D,kept,T2 title+author+year,2001,陶杰,10.3969/j.issn.1004-0188.2001.06.048,11,424,西南国防医药,超声对2例游走脾的诊断分析
WS2125,CNKI,https://kns.cnki.net/kcms2/article/abstract?v=DgjXjbKQq8dedSONU3LwCkLqwrKwScVK6kgMGNA1Nl-FcsPjyp2k0GauLDTyWUmXLG0oriyDHO4DSomAgaPJIHHjd416vN7bsCn9KVfbO-exIgPrIBNbe5TxfDkLO_A-9HYBzVm7LiU-E-9B8THDU_0R_7Uvljqr5uZbWoESEfgiWbsOEwdtNA==&uniplatform=NZKPT&language=CHS,duplicate,,2001,陶杰,,,424,西南国防医药,超声对2例游走脾的诊断分析
WS2125,CBM,2002110791,duplicate,T2 title+author+year,2001,陶杰,,11,424,西南国防医药,超声对2例游走脾的诊断分析
WS2126,CNKI,https://kns.cnki.net/kcms2/article/abstract?v=DgjXjbKQq8csGHFcQ7XrtEW4WN_MJbr9ATjq3Q21ivAMJbA8JYDsVVraUnr3yblNQJnQP5cc-_7PMqL9CDyRwF_o8T6xHFBOO1pzZiqmmwaF1B99DaqpUWQrauoo6Os6E-_wy7Z99om1uIiqOMN70kmwVRwlIL82Ef8YbKucega6cYZjG_dokKQVnf2SVtch&uniplatform=NZKPT&language=CHS,kept,,2001,张敬杰,,,1,,异位脾种植(附1例胃内脾种植并文献复习)
WS2127,Wanfang,https://d.wanfangdata.com.cn/periodical/CiBQZXJpb2RpY2FsQ0hJU29scjkyMDI2MDkxNTE0MjIxORIQd2Z5eHl4YjIwMDEwMzA3NhoIaWIxYjJ1aHo%3D,kept,T2 title+author+year,2001,孙刚毅,10.3969/j.issn.1004-3101.2001.03.076,23,239,潍坊医学院学报,游走脾误诊为卵巢性腺瘤1例
WS2127,CNKI,https://kns.cnki.net/kcms2/article/abstract?v=DgjXjbKQq8csGHFcQ7XrtEW4WN_MJbr93-N7E2Tgd4DUqK7Hw-Oa75fwJnFQdiKSehViWMzMmIGDz0o1d9WMFrZsQZRJsjFjux2q13axaahGf4D26gLMDdsnioxdZRMREcBA9rir44HLScuJIxGtxgxQJQQ8HBIZag1XEKBBIidUZSLkhK2k8A==&uniplatform=NZKPT&language=CHS,duplicate,,2001,孙刚毅,,,239,潍坊医学院学报,游走脾误诊为卵巢性腺瘤1例
WS2127,CBM,2002034027,duplicate,T2 title+author+year,2001,孙刚毅,,23,239,潍坊医学院学报,游走脾误诊为卵巢性腺瘤1例
WS2128,Wanfang,https://d.wanfangdata.com.cn/periodical/CiBQZXJpb2RpY2FsQ0hJU29scjkyMDI2MDkxNTE0MjIxORIRemd3Y3drenoyMDAxMDMwMjgaCGliMWIydWh6,kept,T2 title+author+year,2001,张敬杰,10.3760/cma.j.issn.1671-0274.2001.03.028,4,160,中华胃肠外科杂志,胃内异位脾种植一例
WS2128,CNKI,https://kns.cnki.net/kcms2/article/abstract?v=DgjXjbKQq8cE_BJgx-5tEG9Igw2tphDhRnMuRj2p0VN6DZwV7Gho0HlUtTbCsxSZO5KRNtbxm4XLeON8F_a9QLi5TU55zoNY9AIjZlTtMGYItuxEfH9lw3w8XW_XvUGZw4zwfNez40X61iOhP5BjacdzyfchonYfieOpsofTuT1dihFGOk55Og==&uniplatform=NZKPT&language=CHS,duplicate,,2001,张敬杰,,,160,中华胃肠外科杂志,胃内异位脾种植一例
WS2128,CBM,2003032899,duplicate,T4 author+year+volume+first page,2001,张敬杰,,4,160,中华胃肠外科杂志,胃内异位脾种植1例
WS2129,Wanfang,https://d.wanfangdata.com.cn/periodical/CiBQZXJpb2RpY2FsQ0hJU29scjkyMDI2MDkxNTE0MjIxORIRemdjc3pkenoyMDAxMDYwMzUaCGliMWIydWh6,kept,T2 title+author+year,2001,庞术科,,2,43,中国超声诊断杂志,B超诊断游走脾蒂扭转脾梗塞1例
WS2129,CNKI,https://kns.cnki.net/kcms2/article/abstract?v=DgjXjbKQq8dLOo97PlXuXc85pN4oNAYFVPem728iamJxnYRjNQ0V40SAmu94mB71sCHGkJp83j26QuP6R49fNQerg4YjD_Z7vZ7b2Fo1doSBMvDxNOP4yDRCiSdcPxjeEQ4m0Y6xORzhGOg27li5DmQYJFRydlul6oPG72qCba5oOqHys9T5Qw==&uniplatform=NZKPT&language=CHS,duplicate,,2001,庞术科,,,43,中国超声诊断杂志,B超诊断游走脾蒂扭转脾梗塞1例
WS2129,CBM,2001303683,duplicate,T2 title+author+year,2001,庞术科,,2,43,中国超声诊断杂志,B超诊断游走脾蒂扭转脾梗塞1例
WS2130,Wanfang,https://d.wanfangdata.com.cn/periodical/CiBQZXJpb2RpY2FsQ0hJU29scjkyMDI2MDkxNTE0MjIxORIPc2N6bGZ6MjAwMTAyMDM2GghpYjFiMnVoeg%3D%3D,kept,T2 title+author+year,2001,张传楷,10.3969/j.issn.1674-0904.2001.02.036,14,71,四川肿瘤防治,游走脾误诊卵巢肿瘤1例报告
WS2130,CNKI,https://kns.cnki.net/kcms2/article/abstract?v=DgjXjbKQq8d_te6k-_NHbY67DcIxSPZZAJm988xIJHI3DuDzhFEmuqvZPWCfjBQyUa7J0EOihQKKXmj3vjIu0aeBLS_MURxApmi5YwWNM8XD_FcUHK6DpGlaDX6TfqWqCFOkGf_5tZMJ2Rlcx58anmhwx6NdJKXopo5PG_vF8GTq-mOaUQ6VMA==&uniplatform=NZKPT&language=CHS,duplicate,,2001,张传楷,,,71,四川肿瘤防治,游走脾误诊卵巢肿瘤1例报告
WS2130,CBM,2001259192,duplicate,T2 title+author+year,2001,张传楷,,14,71,四川肿瘤防治,游走脾误诊卵巢肿瘤1例报告
WS2131,Wanfang,https://d.wanfangdata.com.cn/periodical/CiBQZXJpb2RpY2FsQ0hJU29scjkyMDI2MDkxNTE0MjIxORIPemd6aGxjMjAwMTA0MDU5GghpYjFiMnVoeg%3D%3D,kept,T2 title+author+year,2001,胡秀敏,10.3760/cma.j.issn.1008-6315.2001.04.059,17,289,中国综合临床,异位脾误诊为卵巢肿物1例
WS2131,CNKI,https://kns.cnki.net/kcms2/article/abstract?v=DgjXjbKQq8ezwd49GfN0OmpE1oVRNMvmOu4oVPP2GgHIBcGOOV3aF5J9mp2QKOzTNG-BCMbnNb7xZImA-k03H8nKoSKihXqBjCk4Xrzp27oGVjLc037__37qfmYYcKHQARm_yCtqOJsCCJPtRQaDrYobfGOGfcmn6-HJN4UiX-K7YDWcERlayA==&uniplatform=NZKPT&language=CHS,duplicate,,2001,胡秀敏,,,50,中国综合临床,异位脾误诊为卵巢肿物1例
WS2131,CBM,2001204876,duplicate,T2 title+author+year,2001,胡秀敏,,17,289,中国综合临床,异位脾误诊为卵巢肿物1例
WS2132,Wanfang,https://d.wanfangdata.com.cn/periodical/CiBQZXJpb2RpY2FsQ0hJU29scjkyMDI2MDkxNTE0MjIxORIPc3hsY3l5MjAwMTA0MDQ5GghpYjFiMnVoeg%3D%3D,kept,T2 title+author+year,2001,李霞,10.3969/j.issn.1671-8631.2001.04.049,10,307,山西临床医药,小儿游走脾致脾梗死1例
WS2132,CNKI,https://kns.cnki.net/kcms2/article/abstract?v=DgjXjbKQq8fU5cGl2x6fukF3mnZzYflNKiIDXXPmvMlRi3oUcvrlWpADN0-CRUVpCz2ynwIBhBU_YDqwlKzTFtdXDTQvTYhMtvaDDQv0FK0o4h2s1sz04lUTI5eSH8wq038e10c5VJKh1BtpuMPhFhyFp7B7UuyDPPf-lSo-3L8qLHuWIN7IvA==&uniplatform=NZKPT&language=CHS,duplicate,,2001,李霞,,,307,山西临床医药,小儿游走脾致脾梗死1例
WS2132,CBM,2001323318,duplicate,T2 title+author+year,2001,李霞,,10,307,山西临床医药,小儿游走脾致脾梗死1例
WS2133,CNKI,https://kns.cnki.net/kcms2/article/abstract?v=DgjXjbKQq8dHoDUmLtau0IL2NKm7ZQ-PwU9wOIpZbpts2a-09kt72lDWGyFkKJ7hP_xWEYbmc6WIngy7ZykrOkPOEnw8cgChEacpEtCX-eRBougw0d8T8g6HWe7fcKU7d4TWM7k0d8kLvurjMYAHGAQjDIWoRqa-Co0SdAe3kRooa2WSB0FL8g==&uniplatform=NZKPT&language=CHS,kept,,2001,陶杰,,,53,成都军区医院学报,超声检查对游走脾的诊断分析
WS2133,Wanfang,https://d.wanfangdata.com.cn/periodical/CiBQZXJpb2RpY2FsQ0hJU29scjkyMDI2MDkxNTE0MjIxORIOUUsyMDAxMDEzMDQ5NDgaCGliMWIydWh6,duplicate,T2 title+author+year,2001,陶杰,,,53,成都军区医院学报,超声检查对游走脾的诊断分析
WS2133,CBM,2001273313,duplicate,T2 title+author+year,2001,陶杰,,3,53,成都军区医院学报,超声检查对游走脾的诊断分析
WS2134,CNKI,https://link.cnki.net/doi/10.16021/j.cnki.1007-8622.2001.01.027,kept,,2001,王刚,10.16021/j.cnki.1007-8622.2001.01.027,,50,西北国防医学杂志,游走脾并脾蒂扭转1例
WS2135,Wanfang,https://d.wanfangdata.com.cn/periodical/CiBQZXJpb2RpY2FsQ0hJU29scjkyMDI2MDkxNTE0MjIxORIRbGNjc3l4enoyMDAxMDEwNDQaCGliMWIydWh6,kept,T2 title+author+year,2001,唐歌,10.3969/j.issn.1008-6978.2001.01.044,3,60,临床超声医学杂志,B超诊断游走脾一例
WS2135,CNKI,https://link.cnki.net/doi/10.16245/j.cnki.issn1008-6978.2001.01.044,duplicate,,2001,唐歌,10.16245/j.cnki.issn1008-6978.2001.01.044,,60,临床超声医学杂志,B超诊断游走脾一例
WS2135,CBM,2001157613,duplicate,T4 author+year+volume+first page,2001,唐歌,,3,60,临床超声医学杂志,B超诊断游走脾1例
WS2136,Wanfang,https://d.wanfangdata.com.cn/periodical/CiBQZXJpb2RpY2FsQ0hJU29scjkyMDI2MDkxNTE0MjIxORITemd5amd5eXh6ejIwMDEwMTA1NBoIaWIxYjJ1aHo%3D,kept,T2 title+author+year,2001,那民,10.3969/j.issn.1005-5495.2001.01.054,18,25,中国冶金工业医学杂志,游走脾合并原发性腹膜炎1例
WS2136,CNKI,https://link.cnki.net/doi/10.13586/j.cnki.yjyx1984.2001.01.018,duplicate,,2001,那民,10.13586/j.cnki.yjyx1984.2001.01.018,,29,中国冶金工业医学杂志,游走脾合并原发性腹膜炎1例
WS2136,CBM,2001157703,duplicate,T2 title+author+year,2001,那民,,18,25,中国冶金工业医学杂志,游走脾合并原发性腹膜炎1例
WS2137,Wanfang,https://d.wanfangdata.com.cn/periodical/CiBQZXJpb2RpY2FsQ0hJU29scjkyMDI2MDkxNTE0MjIxORIPemhjc3l4MjAwMTAyMDMxGghpYjFiMnVoeg%3D%3D,kept,T2 title+author+year,2001,郑力,10.3760/j.issn:1004-4477.2001.02.031,10,108,中华超声影像学杂志,超声诊断小儿游走脾伴脾蒂扭转2例
WS2137,CNKI,https://kns.cnki.net/kcms2/article/abstract?v=DgjXjbKQq8dovOUFp4D5M0jZtonp1WuuuaOwGPQ1K_evQ7pZrTydcBQxVkXMMPKpBZsIdYhaDd-PU7X7lRcOWO_K6XN_ZKQomXvpHjnm8AmjSm9T8ad4lDYz4oHJBHBMVkshXUfajqoru1CCiHfdTF1J_3Ziq1aksNaYS-3FWYTc7zcHZJ6-TQ==&uniplatform=NZKPT&language=CHS,duplicate,,2001,郑力,,,43,中华超声影像学杂志,超声诊断小儿游走脾伴脾蒂扭转2例
WS2137,CBM,2001182484,duplicate,T2 title+author+year,2001,郑力,,10,108,中华超声影像学杂志,超声诊断小儿游走脾伴脾蒂扭转2例
WS2138,Wanfang,https://d.wanfangdata.com.cn/periodical/CiBQZXJpb2RpY2FsQ0hJU29scjkyMDI2MDkxNTE0MjIxORINZmJ3azIwMDAwNjA0OBoIaWIxYjJ1aHo%3D,kept,T2 title+author+year,2000,余益民,10.3969/j.issn.1003-5591.2000.06.048,13,371,腹部外科,游走脾并脾海绵状血管瘤一例报告
WS2138,CNKI,https://kns.cnki.net/kcms2/article/abstract?v=DgjXjbKQq8f662xkrPfndmqu874RzxkF9ugbHFJs9xqREVb2ABfR8s4qBdL7_X89yyhUrfewgJS2gXtDrJF1JKRMs0OLNhmtGYiVmMhxWqSxWC_J7rdPKLrg36OiUTsBUvxvgYFQCh2SJhhWTWCkgGfAqXafpJ4MPMFF5yEJazvaC3b4psZvxg==&uniplatform=NZKPT&language=CHS,duplicate,,2000,余益民,,,371,腹部外科,游走脾并脾海绵状血管瘤一例报告
WS2138,CBM,2001186087,duplicate,T3 similar title+author+year,2000,余益民,,13,371,腹部外科,游走脾并脾海绵状血管瘤1例报告
WS2139,Wanfang,https://d.wanfangdata.com.cn/periodical/CiBQZXJpb2RpY2FsQ0hJU29scjkyMDI2MDkxNTE0MjIxORITemdtdGd5eXh6ejIwMDAxMTEwMBoIaWIxYjJ1aHo%3D,kept,T2 title+author+year,2000,李小奎,10.3969/j.issn.1007-9564.2000.11.100,3,1158,中国煤炭工业医学杂志,游走脾并蒂扭转1例报告
WS2139,CNKI,https://kns.cnki.net/kcms2/article/abstract?v=DgjXjbKQq8dBvhX4eo4fXOQkJXe0Zr3u6s4tKqK64mfvfjTVUrYClXNUDFzpXzkS8dKkXNbrdFM4mmewaGblC8yI6yUUgWyKsVAVgePOBQlmwcwP4rbZpKXfKwQ3NpXvAMi3IKeB10tiLtoCquUmZRBF-nD5vZ04vwJTIWEqcmjDJ0PUSoYdbg==&uniplatform=NZKPT&language=CHS,duplicate,,2000,李小奎,,,1158,中国煤炭工业医学杂志,游走脾并蒂扭转1例报告
WS2139,CBM,2001108910,duplicate,T2 title+author+year,2000,李小奎,,3,1158,中国煤炭工业医学杂志,游走脾并蒂扭转1例报告
WS2140,Wanfang,https://d.wanfangdata.com.cn/periodical/CiBQZXJpb2RpY2FsQ0hJU29scjkyMDI2MDkxNTE0MjIxORIUemdwd2pjeWxjenoyMDAwMDYwNDAaCGliMWIydWh6,kept,T2 title+author+year,2000,曹龙,10.3969/j.issn.1007-9424.2000.06.040,7,420,中国普外基础与临床杂志,游走脾伴脾蒂扭转1例报告
WS2140,CNKI,https://kns.cnki.net/kcms2/article/abstract?v=DgjXjbKQq8d-sF959QaEsclLjH937R5YsvyJkNuFSkaESwL9F6c0xvK74lAW6UcCfXawtp1KmDo8EQuE_SrcUv8OwqGn-Vio2idwIJ-g7uFd3khE2xCfbRGoCRiLDDp_j48jczwk4E0n8OqBns6JkkzChWBrQyrl32OQWa-Q_KK8wJkWhyUDCQ==&uniplatform=NZKPT&language=CHS,duplicate,,2000,曹龙,,,420,中国普外基础与临床杂志,游走脾伴脾蒂扭转1例报告
WS2140,CBM,2001104211,duplicate,T2 title+author+year,2000,曹龙,,7,420,中国普外基础与临床杂志,游走脾伴脾蒂扭转1例报告
WS2141,CNKI,https://kns.cnki.net/kcms2/article/abstract?v=DgjXjbKQq8dBVd67S-mLuPZjIwo-MaEJ-yl2mwXINg4TBE8tcU0lwW-namXeTHe3wzbe-cgpxATAcQiR8o4Y1iZlA2MPrcMhw7GmLcWPIWzv0-NlRnkBkE2fN9C1lhtY4ZwXuaehRGJ99s6XchgJp_5p1Xvg493bmYMRbOLVeHAt3T4XPLT4-g==&uniplatform=NZKPT&language=CHS,kept,,2000,苗志杰,,,56,黑龙江医药科学,彩超诊断游离脾及脾扭转1例
WS2141,CBM,2001092096,duplicate,T2 title+author+year,2000,苗志杰,,23,56,黑龙江医药科学,彩超诊断游离脾及脾扭转1例
WS2142,Wanfang,https://d.wanfangdata.com.cn/periodical/CiBQZXJpb2RpY2FsQ0hJU29scjkyMDI2MDkxNTE0MjIxORIPbGN3end6MjAwMDA0MDcyGghpYjFiMnVoeg%3D%3D,kept,T2 title+author+year,2000,闻天学,10.3969/j.issn.1002-3429.2000.04.072,13,258,临床误诊误治,左下腹副脾蒂扭转一例误诊
WS2142,CNKI,https://kns.cnki.net/kcms2/article/abstract?v=DgjXjbKQq8elOtiEfxl4i6pUgjuk3UHxHjrlvEsZVKid2U14A0z8JWkSkzWfrzwEqPxdnv6SYypGV-fYlrRzFVHD4IlDRhQwz53wC5YYZlwZ0NM1SBJ-RBVZSzBA2sAerl0m2RrHtycUq5ahS3cDv8FPzbkaBXewZXfkW6GSCcO6ulKnjWuc1A==&uniplatform=NZKPT&language=CHS,duplicate,,2000,闻天学,,,258,临床误诊误治,左下腹副脾蒂扭转一例误诊
WS2142,CBM,2001026290,duplicate,T3 similar title+author+year,2000,闻天学,,13,258,临床误诊误治,左下腹副脾蒂扭转1例误诊
WS2143,Wanfang,https://d.wanfangdata.com.cn/periodical/CiBQZXJpb2RpY2FsQ0hJU29scjkyMDI2MDkxNTE0MjIxORIRemdwdHdrenoyMDAwMDQwNDAaCGliMWIydWh6,kept,T2 title+author+year,2000,赵宝泉,10.3969/j.issn.1005-6947.2000.04.040,9,314,中国普通外科杂志,付脾蒂扭转1例
WS2143,CNKI,https://kns.cnki.net/kcms2/article/abstract?v=DgjXjbKQq8djYOMr3c97oMYZulCBCnTolqVvYSDGPS-MDfL60h7FTGyTsOxcEQ_3zuvlrGJJyYKMNw3IIUsfTiATyUlnOx4MKE5NaJYXqjPgosYbMj8gGg9oYsic3pSCSEvrpoZYTDO-fyS92TvcCoZc5grCbMeL6LT75BbYptWmYZNbKPzFTw==&uniplatform=NZKPT&language=CHS,duplicate,,2000,赵宝泉,,,314,中国普通外科杂志,付脾蒂扭转1例
WS2143,CBM,2001012786,duplicate,T2 title+author+year,2000,赵宝泉,,9,314,中国普通外科杂志,付脾蒂扭转1例
WS2144,CNKI,https://kns.cnki.net/kcms2/article/abstract?v=DgjXjbKQq8dg-TXg6irh39Z_izIG-UiM3Ib4ToGRi7_YOdKfmJmEYxg1W7zio9yKfWjFYVyBw7bBCu5RJLHHledVcpLTh5BamHkFkuDu064VxniNrbf5ZGHQ1JpVRD1L1zX0WiFyAMV6_RUmtPHbVJU3jE7JC_RTWaJUhAY7SPJyASfVWZnmHA==&uniplatform=NZKPT&language=CHS,kept,,2000,董君艳,,,48,中国兽医杂志,犬脾肿大的类症鉴别及其防治
WS2145,CNKI,https://link.cnki.net/doi/10.13437/j.cnki.jcr.2000.04.015,kept,,2000,陈凡,10.13437/j.cnki.jcr.2000.04.015,,220,临床放射学杂志,放射学诊断拾零
WS2146,CNKI,https://kns.cnki.net/kcms2/article/abstract?v=DgjXjbKQq8el478SGlhFEuNgmQdno8E1fc2_SS1Op3cc1KpAKNkBcgE8M9pL-xCnKujsP9iYKlWLf3Ady5_iPdwu-5GTDbXBzbToXr-ScQWjR2VLRhTMUaVCl9wURHUz6C8iIEMRpw0F06ITlODnFJ6_0KHJY3s-DjXnf4CJBfNRy410B8403Q==&uniplatform=NZKPT&language=CHS,kept,,2000,,,,72,国外科技资料目录.医药卫生,脾脏
WS2146,Wanfang,https://d.wanfangdata.com.cn/periodical/CiBQZXJpb2RpY2FsQ0hJU29scjkyMDI2MDkxNTE0MjIxORIOUUsyMDAwMDEwOTU0NDIaCGliMWIydWh6,duplicate,T6 Chinese title+year+journal+pages,2000,,,,72,国外科技资料目录（医药卫生）,脾脏
WS2147,Wanfang,https://d.wanfangdata.com.cn/periodical/CiBQZXJpb2RpY2FsQ0hJU29scjkyMDI2MDkxNTE0MjIxORINemh5eDIwMDAwMTAzMRoIaWIxYjJ1aHo%3D,kept,T2 title+author+year,2000,李索林,10.3760/j:issn:0376-2491.2000.01.031,80,37,中华医学杂志,游走脾并发胃扭转三例
WS2147,CNKI,https://kns.cnki.net/kcms2/article/abstract?v=DgjXjbKQq8cSb153YaSD8X1o0A_09cq453dyRB3LTVVNz9kuRLUNBJyPIk3MS_8uMH1OU4BCieZt5CqunDnAn3EHmiAYriGwiAxusrbYizXZF-WY2U7qwm1UtXwMihu-Eia2Pkkp1nqQI--mLowfEkwiK4ODA592P_KmB0ZKXbzc7p12WMwULg==&uniplatform=NZKPT&language=CHS,duplicate,,2000,李索林,,,36,中华医学杂志,游走脾并发胃扭转三例
WS2147,CBM,2000054461,duplicate,T3 similar title+author+year,2000,李索林,,80,37,中华医学杂志,游走脾并发胃扭转3例
WS2148,CNKI,https://kns.cnki.net/kcms2/article/abstract?v=DgjXjbKQq8fnapmkxON8PBaz38S60NfQDoUUYwLk65L_UNAPIMlw2KgWJ9YUgkrj13yUjUp7JJ7NELZHgJoAZ0Rd8PXqosoem5LSUZ4DDFU1ZzQhH7F76artpQXMLH7t887Wc7lBFEt9jtOhe0upGTjN03XsQCDCKfVX_7EFp7YTNJyvOGPpgA==&uniplatform=NZKPT&language=CHS,kept,,1999,代景儒,,,284,中国医学影像学杂志,异位脾致局限性膈膨升1例
WS2148,CBM,2000107814,duplicate,T2 title+author+year,1999,代景儒,,7,284,中国医学影像学杂志,异位脾致局限性膈膨升1例
WS2149,CNKI,https://link.cnki.net/doi/10.20258/j.cnki.1006-9011.1999.04.009,kept,,1999,李建华,10.20258/j.cnki.1006-9011.1999.04.009,,224,医学影像学杂志,游走脾一例报告
WS2150,Wanfang,https://d.wanfangdata.com.cn/periodical/CiBQZXJpb2RpY2FsQ0hJU29scjkyMDI2MDkxNTE0MjIxORIPamJrenp6MTk5OTAzMDMzGghpYjFiMnVoeg%3D%3D,kept,T2 title+author+year,1999,王维,10.3969/j.issn.1674-3679.1999.03.033,3,214,疾病控制杂志,日本血吸虫卵在BLAB/C鼠脾脏异位损害
WS2150,CNKI,https://kns.cnki.net/kcms2/article/abstract?v=DgjXjbKQq8f18jO3r-3MP_tacvVfYUJwUivWeInFqHKn8ja_qusgyZLyEFB9L9T_CFF44ZZLQwc5nShtU6OvL5kcFvb7ZUciIkD6sP8C8nz8uiTV53ifVBZnfzOy6FuK8MOPEjS34eekEKbeGjkov-61BLYASEMzn4OuPjtZyamfYdmEzK23KA==&uniplatform=NZKPT&language=CHS,duplicate,,1999,王维,,,213,疾病控制杂志,日本血吸虫卵在BLAB/C鼠脾脏异位损害
WS2151,CNKI,https://link.cnki.net/doi/10.16252/j.cnki.issn1004-0501-1999.04.108,kept,,1999,欧其英美,10.16252/j.cnki.issn1004-0501-1999.04.108,,111,四川医学,脾蒂扭转误诊为卵巢囊肿扭转1例
WS2151,CBM,2000000624,duplicate,T2 title+author+year,1999,欧其英美,,20,437,四川医学,脾蒂扭转误诊为卵巢囊肿扭转1例
WS2152,CNKI,https://link.cnki.net/doi/10.20282/j.cnki.1006-4141.1999.04.088,kept,,1999,马敏波,10.20282/j.cnki.1006-4141.1999.04.088,,317,云南医药,急性胃扭转合并异位脾坏死1例
WS2152,CBM,2000019363,duplicate,T2 title+author+year,1999,马敏波,,20,317,云南医药,急性胃扭转合并异位脾坏死1例
WS2153,CNKI,https://kns.cnki.net/kcms2/article/abstract?v=DgjXjbKQq8ff5Xv567NcUfsv_DVYJmsEv1MNQJwBYNHdIYvPFqXo-kLj4H6WngMPLTQn82hPv4bwjvZC2-zBcjaAt1EevCBbuQo4_5QLclZ2PA8CBRl7Tx7kmkuVPYG15xNiyw7Z2x06JPxwJt120In8XMfdmHvNVc3cC9BmSQSgzAICeM01Mg==&uniplatform=NZKPT&language=CHS,kept,,1999,刘歌,,,280,哈尔滨医科大学学报,脾蒂扭转误诊为卵巢囊肿1例
WS2153,CBM,2000014268,duplicate,T2 title+author+year,1999,刘歌,,33,280,哈尔滨医科大学学报,脾蒂扭转误诊为卵巢囊肿1例
WS2154,CNKI,https://kns.cnki.net/kcms2/article/abstract?v=DgjXjbKQq8evzeR1QwarIeTpcJRq4ToPXLDUJ783JDUg4SHQ2jHa7um2x7-PlU3bhvkX7kRaINrAlk4qum4--Ja4S_T3yAVYqY51g4Kmr3_m2Q8775Ok0wTGQT0jAwXsnnGi-OYEdemKdOuq3uL0f1LG5fOpfPf-W06y78qSFBaahmpuvu90mw==&uniplatform=NZKPT&language=CHS,kept,,1999,罗芸葆,,,216,河南外科学杂志,异常脾脏压迹误诊胃底部平滑肌肿瘤10例分析
WS2154,CBM,2000104206,duplicate,T2 title+author+year,1999,罗芸葆,,5,216,河南外科学杂志,异常脾脏压迹误诊胃底部平滑肌肿瘤10例分析
WS2155,CNKI,https://kns.cnki.net/kcms2/article/abstract?v=DgjXjbKQq8c9RumL5vs2g-KejvAZP-BE2vwuoiDLG1im3UTWmj3BTGY1Q4FJSoyVPavdVfZ0Qz_ze2ntekQTu9UvWUbgPGCsPBgzl1DmC1hxC05nbeYB0rVR9J9rJBchJF310WOezFr8Y3tGCBrZeaOJl3YP1pgoLGpiR5DAkEvl6CP9rSyzmg==&uniplatform=NZKPT&language=CHS,kept,,1999,罗芸葆,,,59,临床医学,异常脾脏压迹误诊胃底部平滑肌肿瘤10例分析
WS2156,Wanfang,https://d.wanfangdata.com.cn/periodical/CiBQZXJpb2RpY2FsQ0hJU29scjkyMDI2MDkxNTE0MjIxORIRaGJ5a2R4eGIxOTk5MDMwMzgaCGliMWIydWh6,kept,T2 title+author+year,1999,李红艳,10.3969/j.issn.1007-3205.1999.03.038,20,157,河北医科大学学报,B超诊断异位脾1例
WS2156,CNKI,https://kns.cnki.net/kcms2/article/abstract?v=DgjXjbKQq8d34mbHmhcNCAcXmCIyUP3NXoTaQO7EHqK097rkzDnNxVe7vhFJEVIIw75izUOVcrApYY2f0p7ovw5BeUla_dW2ltrhe8QkR1k0Pnd30OqFwkL9StjfsBGRar_V84RpJ2TS0GTMu6OBLFuG4N7sppELy-tSnCEAjT7xRpypIhnCXg==&uniplatform=NZKPT&language=CHS,duplicate,,1999,李红艳,,,32,河北医科大学学报,B超诊断异位脾1例
WS2156,CBM,1999136513,duplicate,T2 title+author+year,1999,李红艳,,20,157,河北医科大学学报,B超诊断异位脾1例
WS2157,CNKI,https://link.cnki.net/doi/10.16139/j.1007-9610.1999.02.035,kept,,1999,金正明,10.16139/j.1007-9610.1999.02.035,,124,外科理论与实践,脾扭转一例报告
WS2158,CNKI,https://link.cnki.net/doi/10.14172/j.cnki.issn1671-4008.1999.02.045,kept,,1999,王煊,10.14172/j.cnki.issn1671-4008.1999.02.045,,49,前卫医药杂志,脾蒂扭转误诊为急性胃肠炎1例
WS2158,Wanfang,https://d.wanfangdata.com.cn/periodical/CiBQZXJpb2RpY2FsQ0hJU29scjkyMDI2MDkxNTE0MjIxORIOUUsxOTk5MDA1MjI3MjkaCGliMWIydWh6,duplicate,T2 title+author+year,1999,王煊,,,49,前卫医药杂志,脾蒂扭转误诊为急性胃肠炎1例
WS2158,CBM,1999111212,duplicate,T2 title+author+year,1999,王煊,,16,111,前卫医药杂志,脾蒂扭转误诊为急性胃肠炎1例
WS2159,Wanfang,https://d.wanfangdata.com.cn/periodical/CiBQZXJpb2RpY2FsQ0hJU29scjkyMDI2MDkxNTE0MjIxORINZmJ3azE5OTkwMTAzNhoIaWIxYjJ1aHo%3D,kept,T2 title+author+year,1999,陈平波,10.3969/j.issn.1003-5591.1999.01.036,12,36,腹部外科,游走脾扭转坏死误诊一例
WS2159,CNKI,https://kns.cnki.net/kcms2/article/abstract?v=DgjXjbKQq8dNIZs5W_FLL3fCpkrUlrVm5tm6FDnKXNwu4z6uhlsyqKpNKzjpM4IkZNEz83IRFWRaoCcFp6CEQRtaVV3oyHl3qmZh1qVyusKlwZvLwMkyOquzZCmLdKOQoXZbSMwn9aDcs3vivTK8ncn_HCNmw-aH68kRp2aPs97S33nMPayrBQ==&uniplatform=NZKPT&language=CHS,duplicate,,1999,陈平波,,,38,腹部外科,游走脾扭转坏死误诊一例
WS2159,CBM,1999080356,duplicate,T3 similar title+author+year,1999,陈平波,,12,36,腹部外科,游走脾扭转坏死误诊1例
WS2160,Wanfang,https://d.wanfangdata.com.cn/periodical/CiBQZXJpb2RpY2FsQ0hJU29scjkyMDI2MDkxNTE0MjIxORINeHJ3azE5OTkwMTA0ORoIaWIxYjJ1aHo%3D,kept,T2 title+author+year,1999,高鹏,10.3760/cma.j.issn.0253-3006.1999.01.049,20,52,中华小儿外科杂志,急性脾扭转3例
WS2160,CNKI,https://kns.cnki.net/kcms2/article/abstract?v=DgjXjbKQq8cbVIA4SRs9sBlXKXEOM5UvjxJ-jqVQ4V4hGUxTKu4GS3nyyznTgLMlzaGPiOPvJc-pXrx39ZEXzMp8s-NBU9siJpfLXWt-_eno6s9sVa45tXX7-z2to4Etp9toV8MWPKNpuzphpOjEfA1Jxqk2w8JXgYwREazHg5ZKOx34fZX3kw==&uniplatform=NZKPT&language=CHS,duplicate,,1999,高鹏,,,52,中华小儿外科杂志,急性脾扭转3例
WS2160,CBM,1999078098,duplicate,T2 title+author+year,1999,高鹏,,20,52,中华小儿外科杂志,急性脾扭转3例
WS2161,CNKI,https://kns.cnki.net/kcms2/article/abstract?v=DgjXjbKQq8eWM67y0PfLAde3zu8AoYGVYnLHLj6JmnKJC3iBMCC7a3sAYGMvf3vWR9AQMMdXsFBbRBkhk6Mitd3kQVSbxYyItSdCo1IYdEFZ4ip49AnPSVgmIOofeFQ6gVRgRSiBece8T_vpZOgUhaaCFDJBcxskjvWF6YunOVs1oigDWgp5ig==&uniplatform=NZKPT&language=CHS,kept,,1999,吴欣,,,22,影像诊断与介入放射学,超声体检诊断脾脏异位一例
WS2161,CBM,1999129475,duplicate,T3 similar title+author+year,1999,吴欣,,8,22,影像诊断与介入放射学,超声体检诊断脾脏异位1例
WS2162,CNKI,https://kns.cnki.net/kcms2/article/abstract?v=DgjXjbKQq8cQMMXlPx8sRqvN3roibdnhumvH9LYj_p-XMXptgjphFVvSUzAKRr_6GgQ9vQ7V_TQMaZgdqabi9_VeOmXrudNjBB7zz5i-vdnUe48ZtUu0y7WSK05KHnOnJqhgKXl31gNS5DQ-jPYLrKl9hdqGvnnlqhXgn3oTwp5p1uQn80p8mw==&uniplatform=NZKPT&language=CHS,kept,,1998,赵荣华,,,372,中华普通外科杂志,成年人游走脾五例报告
WS2162,Wanfang,https://d.wanfangdata.com.cn/periodical/CiBQZXJpb2RpY2FsQ0hJU29scjkyMDI2MDkxNTE0MjIxORIPemhwdHdrMTk5ODA2MDI2GghpYjFiMnVoeg%3D%3D,duplicate,T2 title+author+year,1998,赵荣华,10.3760/cma.j.issn.1007-631x.1998.06.126,13,372,中华普通外科杂志,成年人游走脾五例报告
WS2162,CBM,1999031683,duplicate,T3 similar title+author+year,1998,赵荣华,,13,372,中华普通外科杂志,成年人游走脾5例报告
WS2163,Wanfang,https://d.wanfangdata.com.cn/periodical/CiBQZXJpb2RpY2FsQ0hJU29scjkyMDI2MDkxNTE0MjIxORIRemd5eHl4anMxOTk4MTEwNDYaCGliMWIydWh6,kept,T2 title+author+year,1998,代景儒,10.3321/j.issn:1003-3289.1998.11.046,14,839,中国医学影像技术,异位脾致局限性球形膈膨出1例
WS2163,CNKI,https://link.cnki.net/doi/10.13929/j.1003-3289.1998.11.026,duplicate,,1998,代景儒,10.13929/j.1003-3289.1998.11.026,,47,中国医学影像技术,异位脾致局限性球形膈膨出1例
WS2163,CBM,1999018719,duplicate,T2 title+author+year,1998,代景儒,,14,839,中国医学影像技术,异位脾致局限性球形膈膨出1例
WS2164,CNKI,https://kns.cnki.net/kcms2/article/abstract?v=DgjXjbKQq8fYU92NedIKSINIhL6ap4q-1IWCAwbQY2QPTAl27XvDpQKs9ufRRia4hHHDgoxnvRFB_d32aTJzEg9Zr8ZiuYFk65DHBrI1JzSXGAX743GL50uPKCKjI3HKmPilmwtje_xDArITubFa3jYXHx8gn0iR6hJrVAkFsPLJ0_bKv0HPPA==&uniplatform=NZKPT&language=CHS,kept,,1998,童明辉,,,75,中国超声医学杂志,B超检查阴囊内异位脾1例
WS2164,CBM,1998163851,duplicate,T2 title+author+year,1998,童明辉,,14,72,中国超声医学杂志,B超检查阴囊内异位脾1例
WS2165,Wanfang,https://d.wanfangdata.com.cn/periodical/CiBQZXJpb2RpY2FsQ0hJU29scjkyMDI2MDkxNTE0MjIxORIPemhnZHdrMTk5ODAzMDI4GghpYjFiMnVoeg%3D%3D,kept,T2 title+author+year,1998,周玉翠,10.3760/cma.j.issn.1007-8118.1998.03.028,,0,中华肝胆外科杂志,巨大游走脾一例报告
WS2165,CNKI,https://kns.cnki.net/kcms2/article/abstract?v=DgjXjbKQq8d_oL4IQVoB0WWrR_Xfmmcu9u-MJHZcYdk9hAUdjY9HY3efY86wZUTjKufw8qSf57wru9sexxrhKfFEQlHbgapUbtJhiQ0AyWyv_6X1dPyIxDlOs48B_cmcp3XJOq_mB-j4EarQGErn_yEvLnXovI6ZDJIrX9KO40AJBvXu9L_0vA==&uniplatform=NZKPT&language=CHS,duplicate,,1998,周玉翠,,4,133,中华肝胆外科杂志,巨大游走脾一例报告
WS2165,CBM,1998150915,duplicate,T4 author+year+volume+first page,1998,周玉翠,,4,133,中华肝胆外科杂志,巨大游走脾1例报告
WS2166,CNKI,https://kns.cnki.net/kcms2/article/abstract?v=DgjXjbKQq8cFuZhWCPoA2HuOy-BhoSXS7Hrc2by7JOWTE-7sE2Dgc6uzUQ7xtcYQa64S5sN5HKIKd7Rf08a2kz6yoVRJnltBLvB0bQolkV0RbsRodyEfcyDDAhLM4kRWRfZKonS-0uIPV0sHGLslAGh1j9QqcMnVI-x3wIAjGnW389cRWLexPQ==&uniplatform=NZKPT&language=CHS,kept,,1998,张正伟,,,125,腹部外科,腹茧症三例诊治分析
WS2167,Wanfang,https://d.wanfangdata.com.cn/periodical/CiBQZXJpb2RpY2FsQ0hJU29scjkyMDI2MDkxNTE0MjIxORIOaGx4enoxOTk4MDMwMDIaCGliMWIydWh6,kept,T2 title+author+year,1998,肖春梅,10.3969/j.issn.1001-4152.1998.03.002,13,0,护理学杂志,脾移植治疗血友病甲10例的护理
WS2167,CNKI,https://kns.cnki.net/kcms2/article/abstract?v=DgjXjbKQq8fnxXQWevlU4-IhY_cD4CYJL8BWm2DZNbKE2lHLzyoov9PZP_X2wNHkonHpFnkFbh5z14eeBTfqfJxY3oxdT_E_y6cpSurBAzLuCDdu1aE7Kz62g1ehAb1JP_v0EEz0WAbuhLyp_Ti_SPMyKWMkzOptYYiWZzGV4L0L9onX57G5Kg==&uniplatform=NZKPT&language=CHS,duplicate,,1998,肖春梅,,,134,护理学杂志,脾移植治疗血友病甲10例的护理
WS2167,CBM,1998113841,duplicate,T2 title+author+year,1998,肖春梅,,13,134,护理学杂志,脾移植治疗血友病甲10例的护理
WS2168,Wanfang,https://d.wanfangdata.com.cn/periodical/CiBQZXJpb2RpY2FsQ0hJU29scjkyMDI2MDkxNTE0MjIxORIMeHl4MTk5ODA0MDMxGghpYjFiMnVoeg%3D%3D,kept,,1998,欧荣彬,10.3969/j.issn.0253-9802.1998.04.031,29,205,新医学,临床常见诊疗错误汇编(179)
WS2168,CNKI,https://kns.cnki.net/kcms2/article/abstract?v=DgjXjbKQq8dhXpohly5G57iGkTYQdZGCEmPrdxMnQgZn8P5mUMdJCMfW6trOSrCsg8TC0oEdAOWbye0lKkhV-x6sM8Btc0QYsybojKx6ox8xCi37EBuchWx843RkZA8UkVsyK1Z9vvdm4bqwJopeZ_1JaznpmAdYTbbnfLpLtJ68_JYRphMxgg==&uniplatform=NZKPT&language=CHS,duplicate,,1998,欧荣彬,,,205,新医学,B超游走脾剖腹为肝癌——1例肝癌误诊为游走脾的教训
WS2168,CBM,1998075888,duplicate,T2 title+author+year,1998,欧荣彬,,29,205,新医学,B超游走脾剖腹为肝癌:1例肝癌误诊为游走脾的教训
WS2169,CNKI,https://kns.cnki.net/kcms2/article/abstract?v=DgjXjbKQq8f4PB5oNF8NEP_k1zW7VJghMWBF7j6eBoW7v1ucuO6e8dSBRTGNa3ZvtX1SGNf-HzeJLEJTT_AVWaIREYQi7RdL-ubo_m_wBGyGUN-whzhGlKW4Mi5_BhWuvGt11RXm0QVDQ20MiPVNmroyzeweBKJMLixoSmUQ6nQzsLeb7cqk-w==&uniplatform=NZKPT&language=CHS,kept,,1998,彭文秀,,,13,天津医药,B型超声诊断异位脾伴扭转一例报告
WS2169,CBM,1998029482,duplicate,T3 similar title+author+year,1998,彭文秀,,26,13,天津医药,B型超声诊断异位脾伴扭转1例报告
WS2170,CNKI,https://kns.cnki.net/kcms2/article/abstract?v=DgjXjbKQq8elqF-9fPVUD-5efQ-rX9Gu4Xnxa2CiCyGkRYZyacOARG30awmlXSXnhcOEdjOm9mHyhZNp4YY4SiO2iAg7WlSEZOzMuohPiONd6kR_OIzNGnQ-WtvZiL7a9E-MQFKDznHMu9aBpQ_NK8oQQRBchpdYmFoHHyETRL0J0vc0yy3GXA==&uniplatform=NZKPT&language=CHS,kept,,1998,王建平,,,48,中华泌尿外科杂志,异位脾误诊为肾上腺肿瘤一例报告
WS2170,Wanfang,https://d.wanfangdata.com.cn/periodical/CiBQZXJpb2RpY2FsQ0hJU29scjkyMDI2MDkxNTE0MjIxORIPemhtbndrMTk5ODAxMDM2GghpYjFiMnVoeg%3D%3D,duplicate,T2 title+author+year,1998,王建平,10.3760/j:issn:1000-6702.1998.01.036,19,,中华泌尿外科杂志,异位脾误诊为肾上腺肿瘤一例报告
WS2170,CBM,1998020881,duplicate,T3 similar title+author+year,1998,王建平,,19,47,中华泌尿外科杂志,异位脾误诊为肾上腺肿瘤1例报告
WS2171,CNKI,https://kns.cnki.net/kcms2/article/abstract?v=DgjXjbKQq8d5Njcsrfb6KJBpDQhLWs37bNk0_S3wqk0UcdQDLNMuzDE9VaD0Mq5NQMeZUHUIDVhCtrqwn1TNqPclecCa-4oqek1Wlt1vJqlA4Lo8aBl3zgyWMkYX6I9fbXXgH-qtjhPP7E0fANl414LBSH_8m8Tgxo2y9u1i7pKrYJec6lrYrA==&uniplatform=NZKPT&language=CHS,kept,,1997,吴声洪,,,58,井冈山医专学报,巨大副脾蒂扭转1例报告
WS2171,Wanfang,https://d.wanfangdata.com.cn/periodical/CiBQZXJpb2RpY2FsQ0hJU29scjkyMDI2MDkxNTE0MjIxORIOUUsxOTk3MDA5NjAyMDYaCGliMWIydWh6,duplicate,T2 title+author+year,1997,吴声洪,,,58,井冈山医专学报,巨大副脾蒂扭转1例报告
WS2171,CBM,1998094281,duplicate,T2 title+author+year,1997,吴声洪,,4,58,井冈山医专学报,巨大副脾蒂扭转1例报告
WS2172,CNKI,https://link.cnki.net/doi/10.19627/j.cnki.cn31-1700/th.1997.04.020,kept,,1997,田伟,10.19627/j.cnki.cn31-1700/th.1997.04.020,,278,中国医学计算机成像杂志,游走脾蒂扭转的CT诊断
WS2172,Wanfang,https://d.wanfangdata.com.cn/periodical/CiBQZXJpb2RpY2FsQ0hJU29scjkyMDI2MDkxNTE0MjIxORIOUUsxOTk3MDA2MzU5MTEaCGliMWIydWh6,duplicate,T2 title+author+year,1997,田伟,,,278,中国医学计算机成像杂志,游走脾蒂扭转的CT诊断
WS2172,CBM,2001209414,duplicate,T2 title+author+year,1997,田伟,,3,278,中国医学计算机成像杂志,游走脾蒂扭转的CT诊断
WS2173,CNKI,https://kns.cnki.net/kcms2/article/abstract?v=DgjXjbKQq8dYQFMI4ZFv8SUFl84DoyY5X7Ch1D5MtQveKTntDuzkHLlmVsx_33YNgP3Wje_qtRI-xj2fAFZ4lCrxDIHv9QDJZLzZIknfko8vqpIxKvCCeFqxx0lIRQtOl3i0JXjQhq1XyKQrHkWZ2sm1093f3MbOfiMN2lEPPFqD6uhHTJgS4Q==&uniplatform=NZKPT&language=CHS,kept,,1997,陈善良,,,368,临床误诊误治,将游走脾误诊为腹腔肿物徒行二次手术
WS2173,CBM,1998005500,duplicate,T2 title+author+year,1997,陈善良,,10,368,临床误诊误治,将游走脾误诊为腹腔肿物徒行二次手术
WS2174,CNKI,https://link.cnki.net/doi/10.16794/j.cnki.cn33-1207/r.1997.06.007,kept,,1997,陈善良,10.16794/j.cnki.cn33-1207/r.1997.06.007,,13,浙江实用医学,游走脾误诊致二次手术1例
WS2174,CBM,1998028817,duplicate,T2 title+author+year,1997,陈善良,,2,11,浙江实用医学,游走脾误诊致二次手术1例
WS2175,CNKI,https://kns.cnki.net/kcms2/article/abstract?v=DgjXjbKQq8ftpklGy4cmPJ-2X5e1MgdaJ_T2WtaomFpZvKiXSNBn6JBabn8ZObn9Fhw_u3YEmvbonZc2qoJTIcauObvm7HoG0qQzYAsNJNesoLBHK6xDcy87mIpJ_NC0hRcm2h4TcvO2dhX6EB-JT4k1HUm_grjcZ1n34LIHnJs3mxZrbcJD3Q==&uniplatform=NZKPT&language=CHS,kept,,1997,张立元,,,13,工企医刊,120例血性腹水性急腹症的诊断与治疗探讨
WS2176,Wanfang,https://d.wanfangdata.com.cn/periodical/CiBQZXJpb2RpY2FsQ0hJU29scjkyMDI2MDkxNTE0MjIxORINeHJ3azE5OTcwNDAzORoIaWIxYjJ1aHo%3D,kept,T2 title+author+year,1997,金惠铭,10.3760/cma.j.issn.0253-3006.1997.04.039,18,221,中华小儿外科杂志,膈膨升合并胃扭转、游走脾扭转坏死1例
WS2176,CNKI,https://kns.cnki.net/kcms2/article/abstract?v=DgjXjbKQq8eddivNUMYeIOBuaJ9e_ZrrhxXjlCZbFwpEWNIVb4QI9sC1VTNsVbN_rd6jUFiLJ9v8PeykLzdkYpN6LGW38X9NAp5mzw98sHaECdYEqhbvwAEcC5eVPowoDRR25yvYa-2E5WruLdWxMNQZ6iABnhmjYeyIpwpIPRtRz4iUmHmMug==&uniplatform=NZKPT&language=CHS,duplicate,,1997,金惠铭,,,221,中华小儿外科杂志,膈膨升合并胃扭转、游走脾扭转坏死1例
WS2176,CBM,1997142232,duplicate,T2 title+author+year,1997,金惠铭,,18,221,中华小儿外科杂志,膈膨升合并胃扭转、游走脾扭转坏死1例
WS2177,CNKI,https://link.cnki.net/doi/10.16139/j.1007-9610.1997.01.018,kept,,1997,王宗义,10.16139/j.1007-9610.1997.01.018,,40,外科,儿童脾脏扭转合并坏死二例报告
WS2177,CBM,2006456805,duplicate,T3 similar title+author+year,1997,王宗义,,2,40,外科,儿童脾脏扭转合并坏死2例报告
WS2178,CNKI,https://kns.cnki.net/kcms2/article/abstract?v=DgjXjbKQq8dR8sWur5Vcq6KbiM1AHrGWfFeBlDLlHfZ-RBOJgUbFrcnn7_F1TQb8Kxpnkh65wokviFyergyCYYlnLvgRuFBZYHMQJZRtDvmTHv0Voexpxz9VuG-WiC5kj3uDUYGBTyVoTag5otEalerzPOwaxNdXYvsfzAO7S4iMXEdi-dlR8w==&uniplatform=NZKPT&language=CHS,kept,,1997,边拜,,,58,现代诊断与治疗,胸腔异位脾脏1例
WS2178,CBM,1997031318,duplicate,T2 title+author+year,1997,边拜,,8,58,现代诊断与治疗,胸腔异位脾脏1例
WS2179,CNKI,https://kns.cnki.net/kcms2/article/abstract?v=DgjXjbKQq8dTvT3igzL_VZi1v5_s1WhGpfLzy8OjtD8emcaXfCfbivKZENNViTk7a0DCycO-ce55wfJ9HwBaE92u8rjC2IpjDlPky9xsrwr8Cm8w75bm81o4LSmN4BXOa1gtUIxyekN86nl3CYSyI86IRSpe_MxUQZqKKOCNZWhFOYpmMjtvjw==&uniplatform=NZKPT&language=CHS,kept,,1996,胡清凌,,,483,江西医药,盆腔游走脾1例
WS2179,Wanfang,https://d.wanfangdata.com.cn/periodical/CiBQZXJpb2RpY2FsQ0hJU29scjkyMDI2MDkxNTE0MjIxORIOUUsxOTk2MDAzMTUwNzkaCGliMWIydWh6,duplicate,T2 title+author+year,1996,胡清凌,,,483,江西医药,盆腔游走脾1例
WS2180,CNKI,https://kns.cnki.net/kcms2/article/abstract?v=DgjXjbKQq8eb0Vg6YSysAh_Avbns0jBVUymkdiY1moks3IeqlwABMi1ZTCmg22YslpVo4PhfzLEWERHCEqnlPxE9mihb0jr8SjvOcDkfQZIGUMPQUILf-2FKI4C8OyaEJ9I1ICdoUjzeMvobXOqNGRfbPHGwAvMmfRQqRYWla9dQcaLcBOeKCA==&uniplatform=NZKPT&language=CHS,kept,,1996,许如良,,,294,临沂医专学报,急性胃扭转合并脾扭转及肠道畸形1例报告
WS2180,CBM,1998145992,duplicate,T2 title+author+year,1996,许如良,,18,294,临沂医专学报,急性胃扭转合并脾扭转及肠道畸形1例报告
WS2181,CNKI,https://kns.cnki.net/kcms2/article/abstract?v=DgjXjbKQq8fPvm540C7uvautTlUlCpqWlbzc5SMagRBJLxMv4D7peOSLXvd6ipJyT9tMyQQXMP8tjhltWUBPPZwir5m-OT5Q-wxNgFcm7owyj1HsmXvuVWPfQGUGpbrRZDkB7x2OkG1yrIWDZfSd9NOwL_WzLBgJ6rIMwdA5PGAQKOP8REZk2g==&uniplatform=NZKPT&language=CHS,kept,,1996,蔡云,,5,331,影像诊断与介入放射学,罕见胸腔异位脾CT报告1例
WS2182,CNKI,https://kns.cnki.net/kcms2/article/abstract?v=DgjXjbKQq8eijIvuT193264C1FK9F6-n7HkJkmB8W7c-TfCr_ulSymg3I6nO_c4HbUCvNVqWqDi7nTyQ9Wzck9Lqa112S2ZqikQU5vuhAP1RgXt8DsSP175-sRoT6Pe7nn4wA0oB112Thid_7ZzInvvXqVDP6FdXHfWF3F88Ml1oJnQHesV68w==&uniplatform=NZKPT&language=CHS,kept,,1996,应福明,,,31,中华创伤杂志,髂窝部异位脾脏破裂一例
WS2182,CBM,1996164417,duplicate,T3 similar title+author+year,1996,应福明,,12,365,中华创伤杂志,髂窝部异位脾脏破裂1例
WS2183,CNKI,https://kns.cnki.net/kcms2/article/abstract?v=DgjXjbKQq8c3puJlqSZ6JbZ3dpRWMdeAFI-273eguh3uDltvobipkS-eQKQLg_fXiX7No6VLxKK2J0sLliErZXGjf-S0trff1voSR8wqr3__1vyskCmAmWz_zNs2rO9GEqDouvbdgzElmFuEnnldqhiEJbLHc8-tuPvbNIcHHdMgivudQWVKHg==&uniplatform=NZKPT&language=CHS,kept,,1996,向延关,,,161,腹部外科,左腹股沟异位脾脏一例
WS2183,CBM,1997011135,duplicate,T3 similar title+author+year,1996,向延关,,9,161,腹部外科,左腹股沟异位脾脏1例
WS2184,CNKI,https://kns.cnki.net/kcms2/article/abstract?v=DgjXjbKQq8e_nRvUE8EZ40mgCWD6e0gtsyfpkQOwZ14cW6wsFU5NOibbf4TfftOPxo7EXuEH9dNmqgN0FVHUpNoPZSkvslqNxHZiZJDsQBjcTbqhLIyeVk0tZkshMNX020XQdOfX2l-EHL8j-fesdCdBkB3ItIj9n103JUX5vlYgcYroiqKwPw==&uniplatform=NZKPT&language=CHS,kept,,1996,赵屹,,,44,河南医药信息,先天性膈疝左胸异位脾脏自发性出血误诊1例
WS2184,Wanfang,https://d.wanfangdata.com.cn/periodical/CiBQZXJpb2RpY2FsQ0hJU29scjkyMDI2MDkxNTE0MjIxORIOUUsxOTk2MDA5MTY4NjUaCGliMWIydWh6,duplicate,T2 title+author+year,1996,赵屹,,,44,河南医药信息,先天性膈疝左胸异位脾脏自发性出血误诊1例
WS2185,Wanfang,https://d.wanfangdata.com.cn/periodical/CiBQZXJpb2RpY2FsQ0hJU29scjkyMDI2MDkxNTE0MjIxORINeHJ3azE5OTYwNTAzORoIaWIxYjJ1aHo%3D,kept,T2 title+author+year,1996,王焕民,10.3760/cma.j.issn.0253-3006.1996.05.039,17,263,中华小儿外科杂志,脾扭转致无菌性脾坏死纤维化1例
WS2185,CNKI,https://kns.cnki.net/kcms2/article/abstract?v=DgjXjbKQq8d7ib-lYSHAM_pN_qgEpokCxwsFSO_nHk_ItV7DaGRz-HVJqrqUCKpocEz9A7WTXm7n8Nns_q2iUOVjx-ysZi4HLqncXGWUhlU0fEXYsM14OLlW5qq3tyXzrS2EjeiAcxRcphvpC4o-uOCFALUaoZwREvHb4LMKFNQh0KXVZJpDtg==&uniplatform=NZKPT&language=CHS,duplicate,,1996,王焕民,,,263,中华小儿外科杂志,脾扭转致无菌性脾坏死纤维化1例
WS2185,CBM,1996135435,duplicate,T2 title+author+year,1996,王焕民,,17,263,中华小儿外科杂志,脾扭转致无菌性脾坏死纤维化1例
WS2186,CNKI,https://kns.cnki.net/kcms2/article/abstract?v=DgjXjbKQq8edjL0e5KFpdOwzR_FZGJgUXP3gz2denJK9KJQSR6xdiNEtAiuil0AW7Aj-CNSzChBNN1VgA1VOlB5DHgg9rbsyaCrJXok9eXM4meuH_h_JMbpxKxSMVoKSmC1faZTiybmf_A-fL7hAtLYajRP8-Z1N_czhAI4XBSB9DTdNPGQVNQ==&uniplatform=NZKPT&language=CHS,kept,,1996,高鹏,,,566,实用医学杂志,游走脾急性脾蒂扭转1例
WS2186,CBM,1996143792,duplicate,T2 title+author+year,1996,高鹏,,12,566,实用医学杂志,游走脾急性脾蒂扭转1例
WS2187,CNKI,https://kns.cnki.net/kcms2/article/abstract?v=DgjXjbKQq8eovY2J0pNxJLMgjkP73UYE_lLAzHze0IDB2p_J_pFHh5fj4jwhX84I7117vWeI0J4GTIDbtnsknv5PPeR9gjAmun5mYOnLVW-Ij-lTw8QH5QC5nBql6itbWHSWrBu_do8Vehu8YCLPIcJqwWVDXaN5i9yeU9zDol6xjsRmtNGU4A==&uniplatform=NZKPT&language=CHS,kept,,1996,李叶臣,,,36,当代医师杂志,外伤性脾破裂自体脾组织移植138例报告
WS2188,Wanfang,https://d.wanfangdata.com.cn/periodical/CiBQZXJpb2RpY2FsQ0hJU29scjkyMDI2MDkxNTE0MjIxORIOUUsxOTk2MDEwNDQwMzgaCGliMWIydWh6,kept,,1996,陈新建,,5,143,现代医用影像学,游走脾1例报告
WS2188,CNKI,https://kns.cnki.net/kcms2/article/abstract?v=DgjXjbKQq8e3EEzo6M-RBXxH2Dp0z-yeF705QyB5VkASdGs1fODlP6Dcncu66avspeL4XQBhqPgR8bwxlC5mLLtiyrJ0dzmfAr3CJ0AERMNwZd-E8pZ3JPFaTcE81xYXJPDoE1DdVbTUCIMa-hG-QoFc4kjWWgMpUMx_6j3bxJo0fFxnmfi8lQ==&uniplatform=NZKPT&language=CHS,duplicate,,1996,陈新建,,,143,现代医用影像学,游走脾1例报导
WS2188,CBM,1996171202,duplicate,T2 title+author+year,1996,陈新建,,5,143,现代医用影像学,游走脾1例报导
WS2189,CNKI,https://kns.cnki.net/kcms2/article/abstract?v=DgjXjbKQq8f7ZfKwoSX7VxGGWxsjF5RYAMeVdkaJog8K9nE7eMVdsj2iKqddpaaK2olK4WAkHw7VlgmE3lrniAehIEItWEdGq3qqksELlhSqyx0cRRTb_bDiUfU0rSGLROf4PURYZy6nFVZEMYrydnhrE1DAtbbgAcApHs4zz1-AIpt2VpAN5Q==&uniplatform=NZKPT&language=CHS,kept,,1996,孙晓飞,,,281,中华泌尿外科杂志,阴囊内异位脾一例报告
WS2189,CBM,1996060667,duplicate,T3 similar title+author+year,1996,孙晓飞,,17,281,中华泌尿外科杂志,阴囊内异位脾1例报告
WS2190,CNKI,https://kns.cnki.net/kcms2/article/abstract?v=DgjXjbKQq8c7UsIWwnh2N1VEaL67DVNaDA1cndlywcEnTb4V40mF5qXPMptv4Oz-WVyMly7plnDadlgy2nF72QwWdxWQ_kn2_pXzINH9KmeYzrikLZqgVyTwVjnGErVeoIiZH_6JSzM1yVtCEhS6PetqbZlM3-GGgNQ2ntJrVmdLIzvnoQEg2Q==&uniplatform=NZKPT&language=CHS,kept,,1996,关键,,,70,石河子医学院学报,卡塔格内综合征1例报告
WS2191,CNKI,https://kns.cnki.net/kcms2/article/abstract?v=DgjXjbKQq8cyHDVr_NQt-XTJ5fvCGfMdNBQKxJUHbinlB0T_aR9R5qXH6tvJpTa_uZxJAUJcBOFfW0aZhYpX1qYH0BfnWnEz_WJDj1iOf-DeFaeG43yEkQ_5kgyUZ7J5l0zgpfV78XiykiE2Uqda7WKIsTvpGjV0byrMmDFFe8veX55x8KIB0g==&uniplatform=NZKPT&language=CHS,kept,,1996,k.henneking,,13,36,德国医学,儿童外伤性脾破裂后自体异位脾组织移植的晚期疗效
WS2191,CBM,1996121742,duplicate,T5 title+volume+pages,1996,张伟杰,,13,36,德国医学,儿童外伤性脾破裂后自体异位脾组织移植的晚期疗效
WS2192,CNKI,https://kns.cnki.net/kcms2/article/abstract?v=DgjXjbKQq8cHgTHlZawMJyxlz0NLT6nj_oTPBf-bIov6sKky3K2z-7YXP6wixUKmACsWqh3gi80r8QQ0224SiQ2sZTXboEDa4uVKvo4AJkc25EbAZBeWNGz6ObwmZhf6tNFMs0IrxL8tippQShJjB4kdVGBVBxrmRlPhNBtQ6RVXMg1YgeZgXw==&uniplatform=NZKPT&language=CHS,kept,,1996,李欣,,,39,中华放射学杂志,婴儿急性脾扭转一例
WS2192,Wanfang,https://d.wanfangdata.com.cn/periodical/CiBQZXJpb2RpY2FsQ0hJU29scjkyMDI2MDkxNTE0MjIxORIOemhmc3gxOTk2MDEwMjIaCGliMWIydWh6,duplicate,T2 title+author+year,1996,李欣,,30,40,中华放射学杂志,婴儿急性脾扭转一例
WS2192,CBM,1996005192,duplicate,T4 author+year+volume+first page,1996,李欣,,30,40,中华放射学杂志,婴儿急性脾扭转1例
WS2193,CNKI,https://link.cnki.net/doi/10.13437/j.cnki.jcr.1995.06.015,kept,,1995,李欣,10.13437/j.cnki.jcr.1995.06.015,,351,临床放射学杂志,急性脾扭转二例
WS2194,CNKI,https://kns.cnki.net/kcms2/article/abstract?v=DgjXjbKQq8d6FXhgfTFkG-JMwYCWiIKD_gYDNWfReCTWmWsCAU1JE_eU3CQe9pLL36Ax7l4vql59pl5T-rGPBD_y14oR_G0ly3EBemns4bZQho6G6JnDx56E170mD9wTgufx0lDDs69ZvrD4SxsoM7xXLdH-CRhpi3BX-zRtqUxpwDVIC_MJQw==&uniplatform=NZKPT&language=CHS,kept,,1995,吴国新,,,163,齐齐哈尔医学院学报,附睾异位脾1例
WS2194,Wanfang,https://d.wanfangdata.com.cn/periodical/CiBQZXJpb2RpY2FsQ0hJU29scjkyMDI2MDkxNTE0MjIxORIOUUsxOTk1MDAzOTc2NjEaCGliMWIydWh6,duplicate,T2 title+author+year,1995,吴国新,,,163,齐齐哈尔医学院学报,附睾异位脾1例
WS2195,CNKI,https://link.cnki.net/doi/10.13315/j.cnki.cjcep.1995.03.026,kept,,1995,陈松春,10.13315/j.cnki.cjcep.1995.03.026,,214,临床与实验病理学杂志,脾脏异位妊娠破裂1例
WS2195,CBM,1995102150,duplicate,T2 title+author+year,1995,陈松春,,11,214,临床与实验病理学杂志,脾脏异位妊娠破裂1例
WS2196,CNKI,https://kns.cnki.net/kcms2/article/abstract?v=DgjXjbKQq8dnAfI0IuGKviHfOnAYorGsOJlZCbNqLmjNPmZADL7Vj9XJOq_9RIG9ltmA6j99CRkCwHluQRW1M-WETlcum40ByHJI1qq2XhdV4E_EaY438isZ5BiNPAM79sQ1YHTRtPyMlsJnFPd6VqRUjrIsTfEJvS5NvdQLzOsa8nWlXVUIrQ==&uniplatform=NZKPT&language=CHS,kept,,1995,陈灵亚,,,101,工企医刊,先天性膈膨升伴胃脾扭转误诊1例报告
WS2196,CBM,1996022711,duplicate,T2 title+author+year,1995,陈灵亚,,8,101,工企医刊,先天性膈膨升伴胃脾扭转误诊1例报告
WS2197,CNKI,https://kns.cnki.net/kcms2/article/abstract?v=DgjXjbKQq8czJzLwCQc3EjNSHndQWMfrTYtt3CJszhxQR6zRRax3BkJPQ6U8R-APsya6H7K3JHLLNCfvcdQjI023jWzUy4sLBLNndXhf-LB2fQvd59R1jJ56YV6SH-v04_UezOFGRVX0tjc48cLPvHoQ7liC4_8nfQjMtL3pdJaQsN8vgd01Mg==&uniplatform=NZKPT&language=CHS,kept,,1995,王昕,,,41,包头医学,幼儿游走脾一例
WS2197,Wanfang,https://d.wanfangdata.com.cn/periodical/CiBQZXJpb2RpY2FsQ0hJU29scjkyMDI2MDkxNTE0MjIxORIOUUsxOTk1MDAxNzcyMDIaCGliMWIydWh6,duplicate,T2 title+author+year,1995,王昕,,,41,包头医学,幼儿游走脾一例
WS2198,CNKI,https://link.cnki.net/doi/10.13885/j.issn.1000-2812.1994.04.038,kept,,1994,寇治民,10.13885/j.issn.1000-2812.1994.04.038,,280,兰州医学院学报,脾脏外科的进展
WS2199,CNKI,https://kns.cnki.net/kcms2/article/abstract?v=DgjXjbKQq8eNN7thQndQHSLueAuh_nq5WsC0TFu4RhcFPTktHrKsq0Aaa0J_2h8WCvV7He9Nk-5cDCTL8x0jlk1pztsa6zGW-KfqKIWIF-7qQzBefFcvxN8qymTTX8oFEYE-WATKYusSBgOyc3IATExgOH6gsRC0hQHzn0pyfDChv10Fv0q0MA==&uniplatform=NZKPT&language=CHS,kept,,1994,许大勇,,,27,中国农村医学,游走巨脾并疟疾1例报告
WS2200,CNKI,https://link.cnki.net/doi/10.13929/j.1003-3289.1994.04.023,kept,,1994,李洪东,10.13929/j.1003-3289.1994.04.023,,276,中国医学影像技术,B超诊断游走脾并扭转1例
WS2200,CBM,1994161011,duplicate,T2 title+author+year,1994,李洪东,,10,276,中国医学影像技术,B超诊断游走脾并扭转1例
WS2201,CNKI,https://kns.cnki.net/kcms2/article/abstract?v=DgjXjbKQq8fcWah1pN7l1OR0sr-oyBlikld8VyrEXZHH_sSlH6lNmyqnEeo2EmW5pGYHCfPdYv-jYkXr6ZVRW3FfrHMbH0YxIouqkfcwhaS5TX_u9nLcxjeNwthD1-gNBKVrf0nhWmIPOXcXVUGlE5NIJtZy8Qz9dW8BzMzVzHSWNWlaKRYBXA==&uniplatform=NZKPT&language=CHS,kept,,1994,颜红兵,,,284,国外医学(临床放射学分册),先天性和获得性脾异常的CT
WS2202,CNKI,https://kns.cnki.net/kcms2/article/abstract?v=DgjXjbKQq8fTxXlS0YDXO4QkvXQZ7YPsn39W1FR-bhJQ3hhNg2NwUpVY3maIGaZ1969724da4056tUoTYo11Pu7HUwTvKFziKcCKqdXcvh27PAL_gJLPhRO1Ma75y5XGKGr1tSf1DZtpua8aToi-qcwssKEA0j_uQYiIuLV7ItwMeZZvTi842A==&uniplatform=NZKPT&language=CHS,kept,,1994,李索林,,,16,医师进修杂志,游走脾45例临床分析
WS2202,CBM,1994109143,duplicate,T2 title+author+year,1994,李索林,,17,16,医师进修杂志,游走脾45例临床分析
WS2202,Wanfang,https://d.wanfangdata.com.cn/periodical/CiBQZXJpb2RpY2FsQ0hJU29scjkyMDI2MDkxNTE0MjIxORIOUUsxOTk0MDA1NTEyODQaCGliMWIydWh6,duplicate,T2 title+author+year,1994,李索林,,,16,医师进修杂志,游走脾45例临床分析
WS2203,CNKI,https://kns.cnki.net/kcms2/article/abstract?v=DgjXjbKQq8dA-kPCHS4PypHOsPfgkNzvb1Z0co1XsYsea9L184EEMkYcR7jbuQMXVYxVDDovma0Paq16pOqKBFuY5Fpfh0TmIciQLSbMcHF7A2wzbBHesbswhIHasRGnh9KCgc9NeXDE9QBjEfhI8fKwhFxpP0Xeo6_Slrbz_Qt9tIoXf9P3zw==&uniplatform=NZKPT&language=CHS,kept,,1994,陈晓波,,,489,中华妇产科杂志,游走脾囊肿误诊为卵巢囊肿一例
WS2203,Wanfang,https://d.wanfangdata.com.cn/periodical/CiBQZXJpb2RpY2FsQ0hJU29scjkyMDI2MDkxNTE0MjIxORIOemhmY2sxOTk0MDgwMTUaCGliMWIydWh6,duplicate,T2 title+author+year,1994,陈晓波,,29,489,中华妇产科杂志,游走脾囊肿误诊为卵巢囊肿一例
WS2203,Wanfang,https://d.wanfangdata.com.cn/periodical/CiBQZXJpb2RpY2FsQ0hJU29scjkyMDI2MDkxNTE0MjIxORIOUUsxOTk0MDA0NTMxNjEaCGliMWIydWh6,duplicate,,1994,陈晓波,,,489,沈阳部队医药,游走脾合并脾囊肿误诊为卵巢囊肿1例
WS2203,CBM,1994156890,duplicate,T2 title+author+year,1994,陈晓波,,7,489,沈阳部队医药,游走脾合并脾囊肿误诊为卵巢囊肿1例
WS2203,CBM,1994102755,duplicate,T3 similar title+author+year,1994,陈晓波,,29,489,中华妇产科杂志,游走脾囊肿误诊为卵巢囊肿1例
WS2204,CNKI,https://kns.cnki.net/kcms2/article/abstract?v=DgjXjbKQq8efhh1t812JbQb2UB0tFe3EYNcd-kaXUjFaTe7N_fZ2HpWTbak92VU1OAguklGuu3fGVSxlTCnPH_AIotImOOYO4WPJlgaPsLPTyRxz3T-HSz5DFRPmPHJBu4Gcs7ltbyvkEW40VZwCwUIAh7wxpzPRyOlTe6KV760-8l22mxLpOQ==&uniplatform=NZKPT&language=CHS,kept,,1994,刘广力,,,115,吉林医学,盆腔巨大游走脾囊肿1例报告
WS2204,CBM,1994068002,duplicate,T2 title+author+year,1994,刘广力,,15,115,吉林医学,盆腔巨大游走脾囊肿1例报告
WS2205,CNKI,https://kns.cnki.net/kcms2/article/abstract?v=DgjXjbKQq8dtm5bZuvAU1qk-McaxjejshAc4ujOjXsRagbHb6cHwpwHsjphHSblqoFtG_BodX9kvGu_QDICxWME9dBEOXnuCChoHKK6pXZJdzcIbBH1zZ83s1SmypGk_-7v5rwjygw0VYfs9c8dBKVdirJmy1qzDH3YQk8OPVz02nbDfNc18EA==&uniplatform=NZKPT&language=CHS,kept,,1994,陈忠,,,109,国外医学(临床放射学分册),类似肝脏肿瘤的肝内脾组织植入
WS2206,Wanfang,https://d.wanfangdata.com.cn/periodical/CiBQZXJpb2RpY2FsQ0hJU29scjkyMDI2MDkxNTE0MjIxORINeHJ3azE5OTQwMTAzMxoIaWIxYjJ1aHo%3D,kept,T2 title+author+year,1994,焦振祥,10.3760/cma.j.issn.0253-3006.1994.01.033,15,27,中华小儿外科杂志,部分游离脾脏异位于阴囊一例
WS2206,CNKI,https://kns.cnki.net/kcms2/article/abstract?v=DgjXjbKQq8dAnKUGCj-Vzcm79ziMpqAN6CsmeNTSpiPbLRfhuHMgZ6vdX6lsNK9GhQ_6YtDJ3Sl4PzjVBlgrHp9kN1VXRS7Vcw0GM85Ye3Hs_QsBLHUJFq-HJG348Dym_RMGx0qEx2qVSklfbNHQJ0f8LFETlEczdJbHK7aAMHm8CplmirL5TQ==&uniplatform=NZKPT&language=CHS,duplicate,,1994,焦振祥,,,27,中华小儿外科杂志,部分游离脾脏异位于阴囊一例
WS2206,CBM,1994049140,duplicate,T3 similar title+author+year,1994,焦振祥,,15,27,中华小儿外科杂志,部分游离脾脏异位于阴囊1例
WS2207,CNKI,https://kns.cnki.net/kcms2/article/abstract?v=DgjXjbKQq8f7mhU5GjMIj_i0aZ4s--vliAMKULW5BobH3hGOKAo5RD3aQjAj_ET0Of4EKfHtCGla9YSrX4JlNMKA_V9auq9uR4MlVRCqJkeDs-UMD6BpB7eZ5vFW06a6RB3D03tEbEpchlvqdFo82YMOtUxIeDstDiKtgmd0xF9oBURJ1TJozw==&uniplatform=NZKPT&language=CHS,kept,,1994,夏穗生,,,11,中华器官移植杂志,同种脾移植治疗血友病甲五例报告
WS2207,CBM,1994046199,duplicate,T3 similar title+author+year,1994,夏穗生,,15,11,中华器官移植杂志,同种脾移植治疗血友病甲5例报告
WS2208,CNKI,https://link.cnki.net/doi/10.13929/j.1003-3289.1993.04.057,kept,,1993,朱亮,10.13929/j.1003-3289.1993.04.057,,81,中国医学影像技术,多脾综合征1例
WS2209,CNKI,https://kns.cnki.net/kcms2/article/abstract?v=DgjXjbKQq8erc_NS6M2AESH1Lx9lQGA5EyctAveTjpQDmQGA-U1KcvaknlAtDwHtV2T5q242NAriT3G7vQBpgpUYEkiLySDIreY-Yi_cIoyocxl_IYJ9sX2tWTm9Hv2WG4DwOkja7GM-78agOSIR5DRF8AHXXFhuAqQhWWIbUDMQ7SFGlN8K2A==&uniplatform=NZKPT&language=CHS,kept,,1993,徐忠义,,,50,中级医刊,胸腹腔脏器异位并发胃癌2例
WS2210,CNKI,https://kns.cnki.net/kcms2/article/abstract?v=DgjXjbKQq8cPqKuDQiSfbr5CH2-JKd-VAFp4rtoI3RxDZ6u8sAWc27ls3NrIdt-ZfRPFz1zoWrbWIpV11Buy3BrMxuLP7lfIvrta1SWGIOZX1dJwIAoWf4c0xOllPPdW91JPAcKdy6Z4z9EZmqzCogtDqfzNKTNoIa_JtDH7u3lE6sh5VajHxQ==&uniplatform=NZKPT&language=CHS,kept,,1993,张学忠,,,49,黑龙江医药,盆腔马蹄形异位脾慢性扭转1例
WS2210,CNKI,https://kns.cnki.net/kcms2/article/abstract?v=DgjXjbKQq8fUKxZAYHmzFi8daVYZmLIe9Re-220E1GtquBwwWBrD17i6KqR-cT9XlrTAxHonCGOyg2tgJv3A8dp_ycfhnY9NCR9ozPOkPeQOLolDhZJaBZayEfGx7BjIHB42vep9xNRs-fifWF39mG_C6hmravDyW4X7KDxGBIr29xdEH8TLgQ==&uniplatform=NZKPT&language=CHS,duplicate,T2 title+author+year,1993,张学忠,,,49,黑龙江医学,盆腔马蹄形异位脾慢性扭转1例
WS2210,Wanfang,https://d.wanfangdata.com.cn/periodical/CiBQZXJpb2RpY2FsQ0hJU29scjkyMDI2MDkxNTE0MjIxORIOUUswMDAwMDEzNzM5NjgaCGliMWIydWh6,duplicate,T2 title+author+year,1993,张学忠,,,49,黑龙江医药,盆腔马蹄形异位脾慢性扭转1例
WS2211,CNKI,https://kns.cnki.net/kcms2/article/abstract?v=DgjXjbKQq8eSzWbI6m6Cpic1XUPPZNePKYmZDMgeFzAMOwPf0jPPF5PPDjdW42yNVZJdG1Zu1_8pk6FVwL8vwpGNtKZR4OzLnUgkNd046-RXjqgwd-tJfau51-xwN9DFnrQ9mno8FzT44qdXLYmoWegw6ngBsQ3r0MaWRGL10q-syAGPX8r05w==&uniplatform=NZKPT&language=CHS,kept,,1993,陈邦兴,,,288,海军医学,膈膨出并发脾蒂扭转脾坏死1例
WS2212,CNKI,https://kns.cnki.net/kcms2/article/abstract?v=DgjXjbKQq8ey2JaMdV_RT9EDs-yjvM_HqKG2Dq_mWcTV808tku9g-rKy6JckNtEoz4c4obf-1RFr6xMUtVImH_ht2c8AnLowuQDrQNLaElod9bCW0GDavD-ADbOVTyA0kUQMEx5UOY7v3-3stzc6cEcU_oGpy0fS4KETofr7iEe2EV-Ix4IApg==&uniplatform=NZKPT&language=CHS,kept,,1993,谷江,,,132,中国普通外科杂志,游走性巨脾并急性脾蒂扭转一例
WS2213,CNKI,https://kns.cnki.net/kcms2/article/abstract?v=DgjXjbKQq8ctiYu--fEQAwERW-t2-LB0UNUPmo39CCw-AtWUbRRnbkQZAQm8BrPcBfx8ZUWj6HzAJChHszYKqhOR_fhxoWlVUHE7CJ4u2Ei1oz57YEjaiJ85sHQG684uoIadkWHkEGP3EIUCZVM6me7W_SMgeJgsLrN-YnUWmufhGKXDAFLyUg==&uniplatform=NZKPT&language=CHS,kept,,1993,宫芳,,,196,医学信息荟萃,先天性膈疝1例
WS2214,CNKI,https://link.cnki.net/doi/10.16245/j.cnki.issn1008-6978.1993.03.023,kept,,1993,陈盛凤,10.16245/j.cnki.issn1008-6978.1993.03.023,,117,临床超声医学,B超诊断游走脾伴脾肿大1例
WS2215,CNKI,https://kns.cnki.net/kcms2/article/abstract?v=DgjXjbKQq8dW3IaS4nAOKoB-nBMmubLfcp-JWGKh8XxY1zopBRJIcHqwH3elXWbPClmJ0-tc5oOrDubEdO_nfGlz8nH4IHDWGaRqFIEnewmtiubeCdo_Ey-lPIEz2EHd0tVnkz5mRVaNd2qe6PtsoBkjf88UkkTs6xu_85qQJAwZCnj4XGasWw==&uniplatform=NZKPT&language=CHS,kept,,1993,刘建,,,15,国外医学.外科学分册,游走脾
WS2215,Wanfang,https://d.wanfangdata.com.cn/periodical/CiBQZXJpb2RpY2FsQ0hJU29scjkyMDI2MDkxNTE0MjIxORIOUUswMDAwMDA4MzYwNDEaCGliMWIydWh6,duplicate,T3 similar title+author+year,1993,刘建,,,15,国外医学.外科学分册,游走脾
WS2215,CBM,1994020352,duplicate,T3 similar title+author+year,1993,刘建,,20,15,国外医学·外科学分册,游走脾
WS2216,CNKI,https://link.cnki.net/doi/10.20148/j.fmj.1993.01.012,kept,,1993,吕俊岳,10.20148/j.fmj.1993.01.012,,15,福建医药杂志,游走脾2例报告
WS2217,CNKI,https://kns.cnki.net/kcms2/article/abstract?v=DgjXjbKQq8fSEhnJ69z3h_vbdAkIYRUHwe5B4wJfVD7LKLQpxCPcjMubtrDenj7t9YrshwTAL7k_VTyf-kIrH6TqdyXdKOxHS54OH0gRgQDaN2zDhi0UjkI4OW3n81_apUC1T2w4CwscOERd6V-lIkdv4D4EZ9fV3H0AS9ng6TmyEd07uGSOzw==&uniplatform=NZKPT&language=CHS,kept,,1993,王舒波,,,34,黑龙江医药,游走脾扭转误诊为卵巢肿瘤蒂扭转1例
WS2217,CNKI,https://kns.cnki.net/kcms2/article/abstract?v=DgjXjbKQq8fs9mnIePAH96iL_NfgqJHlNYVjUZp79LwhnuMqLQkbLpvthBtgUZ7xbwANJEieP6vlB-38A6q48BbUS2_cErmc-xloVtdc-LA0U-z0pAYVr9bnM1U5lpkHTfiYyg53tSNWFDi6Ua9YAHyQlkwAy2aV5gm5vtSNcBTT1KPg8BHFgg==&uniplatform=NZKPT&language=CHS,duplicate,T2 title+author+year,1993,王舒波,,,34,黑龙江医学,游走脾扭转误诊为卵巢肿瘤蒂扭转1例
WS2217,Wanfang,https://d.wanfangdata.com.cn/periodical/CiBQZXJpb2RpY2FsQ0hJU29scjkyMDI2MDkxNTE0MjIxORIOUUswMDAwMDEzNzM0MDMaCGliMWIydWh6,duplicate,T2 title+author+year,1993,王舒波,,,34,黑龙江医药,游走脾扭转误诊为卵巢肿瘤蒂扭转1例
WS2218,CNKI,https://kns.cnki.net/kcms2/article/abstract?v=DgjXjbKQq8fxamxZ2PEvGaYRvxb7nymPhEZfprqMTQ5ZitOZ6Oc-N-vl8ZGJ32G1gk93b4FhA_SGA3CaO2l8iEHn5Zy2bmYXO3Ub6cfPY1v9rDWLmPMbrgG0_XVcI-jxzBJcr9AM9U470hCLgDr-6AHd8yLYbqyg5eCeFF1wDPhNs4mUJBpLLA==&uniplatform=NZKPT&language=CHS,kept,,1992,胡幼琳,,,75,中国超声医学杂志,B超诊断儿童脾扭转1例
WS2219,CNKI,https://kns.cnki.net/kcms2/article/abstract?v=DgjXjbKQq8eR66Z3xRmiUA7PUkzHhZXXh76qWXJmt9dwALZly8lpXmMHn65mluVQHgQuIM9UUjzhypCoNX-vjDSw4_hs5oHRpa9mJzhFrJ2g1h_iPITG7PZmon1j6T1H09HMjAISGOO4Y3k6x9AtD20J-iozYW21bJwzpIheHRGYpJOBJWOUNg==&uniplatform=NZKPT&language=CHS,kept,,1992,焦振祥,,,63,张家口医学院学报,脾脏异位于阴囊一例
WS2219,Wanfang,https://d.wanfangdata.com.cn/periodical/CiBQZXJpb2RpY2FsQ0hJU29scjkyMDI2MDkxNTE0MjIxORIXUUtWMTk5MjIwMTQxMjE1MDA5MjA4ODYaCGliMWIydWh6,duplicate,T2 title+author+year,1992,焦振祥,,,63,神经药理学报,脾脏异位于阴囊一例
WS2220,CNKI,https://kns.cnki.net/kcms2/article/abstract?v=DgjXjbKQq8feV0rhu9I4wu2ifso_KOk0GM-4Kh9YNMLemHbgvxPE6UUlR4uzUMvJ7dUMnJ_Qbc490ndvWVXlF4Buiw4srKYXGvxOe1IDNaLSaUmIFffI9k0oleZ5u28QCJnsGKNO0qA5z6b1dsgHFf8L2Vtuo4wIHg-Mn_jbR8ClIGMO9Lvoag==&uniplatform=NZKPT&language=CHS,kept,,1992,陈道瑾,,,62,普通外科杂志,脾动脉结扎:儿童脾创伤选择性治疗10年经验
WS2221,CNKI,https://link.cnki.net/doi/10.16656/j.issn.1673-4696.1992.03.028,kept,,1992,刘光远,10.16656/j.issn.1673-4696.1992.03.028,,43,中国兽医科技,牛脾脏异位一例
WS2222,CNKI,https://kns.cnki.net/kcms2/article/abstract?v=DgjXjbKQq8fl8WmrUUPEOxgty7GwNJo-JKn9uTi3W7zfRMeOaSVhD4cYU4MAoSI7QdwyQ6a140fbhP7fQjhaA-ftftcylzZ4oEvBGSs-8QLTxVHvTp9ZwyxF5BOsLjinl2dU1A5YD58_-wTV55ioNq44oFGeoDF10WYExECIXqRNcHtLifSbFA==&uniplatform=NZKPT&language=CHS,kept,,1992,夏德发,,,55,中国农村医学,原发性肝癌11例误诊教训
WS2223,CNKI,https://kns.cnki.net/kcms2/article/abstract?v=DgjXjbKQq8dI573WI_ldcVriKmBXdwyZcxqEEZ-TLutOyH7lqqd6WV9eCKrDfgYmSTusdjCgVCJ2b9yIAIrAgI84XbGzwLDsO8bUwADkRmvY2qW3gN2Ter372bO7f6NydNkhsNv9z1l97tXwlXYVS2nE90U6TodlykUjOisjRdsUqYweIreDNA==&uniplatform=NZKPT&language=CHS,kept,,1991,张素芬,,,546,实用内科杂志,某些有脾脏肿大的血液病的诊断与鉴别诊断
WS2224,CNKI,https://link.cnki.net/doi/10.16096/j.cnki.nmgyxzz.1991.03.032,kept,,1991,赖玉书,10.16096/j.cnki.nmgyxzz.1991.03.032,,174,内蒙古医学杂志,游走脾一例
WS2225,CNKI,https://kns.cnki.net/kcms2/article/abstract?v=DgjXjbKQq8fKbfPCp1k4wCenzUFWnG3t2Hp6-tbeUxlBgMefelHQwf_j0tdf48s7H_dlL2TraOBm401GnFE_uGj8mGHJx_rMzjmTkAcWdiuWz3SzsWieCxP3tGbQg15mu_AWKg0f3e-GLxpl7C5r_mU--OvbL3ttTPcoX5N0pzu9P_78_PrdcQ==&uniplatform=NZKPT&language=CHS,kept,,1991,,,,19,内蒙古医学院学报,氦-氖激光激活小鼠单核-巨噬细胞系统的实验观察
WS2226,CNKI,https://kns.cnki.net/kcms2/article/abstract?v=DgjXjbKQq8fWKyCjbssM5BQhxOcGCCw51_GuqWP6THv8C-JBe3EqDjvxiknrmTKP4mTHujeJGJWpH2k7tMvOFxDIwyn7hLp0SgZIT5w7tXCoMhnC_LHxKfWtsgZ9k2EUcLs1kKvbJnut-hK6NTBRukP_hCpiZW1p6vUS3AqmcRtZigygy32adA==&uniplatform=NZKPT&language=CHS,kept,,1991,栾竟新,,,48,山东医药,脾游走至盆腔伴扭转1例
WS2227,CNKI,https://kns.cnki.net/kcms2/article/abstract?v=DgjXjbKQq8eVFr9Xig7X3zOhoNJO2TJgDkzWp17ZPgS2xBwPMtc_b2FV6qDGCricwbFxq8-slJTDpepbeNq0ToxyPivIaXa3ezJ8DLQkmuu_foNqI2xaX6RTHzqpB4co2wc_mkHDL94xdggntLmvvMe9FGUOJfJIFKWoySKH_TcksjGwYA8omQ==&uniplatform=NZKPT&language=CHS,kept,,1991,孙平,,,232,陕西医学杂志,脾脏疾病(综述)
WS2228,CNKI,https://kns.cnki.net/kcms2/article/abstract?v=DgjXjbKQq8eJkTVumN22S3LiNfLPzNfW1bn9Lr0YKN1v6ujn9QTxRY_QqCHPaSVEbquoxvwnDFo1VeW3pehWZNzTYOyO4xQJiULGRrXpgrfBEHb9FkD78u0xmjeW-rFUzLUKcbkdvvt7EOxad8irqGPCyOvnGxp_b_1g0YQpkBIOe2eq6PxZtQ==&uniplatform=NZKPT&language=CHS,kept,,1991,陆金龙,,,98,贵州医药,游走脾合并脾囊肿一例
WS2229,CNKI,https://kns.cnki.net/kcms2/article/abstract?v=DgjXjbKQq8epHeTrQCWowKAHIYuDhmNeGXcnySnXqdUw3WbrUyxUHcCepG_PZCc6NbBaemdKTU48r92FMjltFCY4YMjw7EPNAYdtD9_03keEPD5SawdkK_sijNEwFL3WHgJeiM-uc38Bb5VD-T6ahVgewQeya1onXgX8eUM5saWYAKM-nVgLeA==&uniplatform=NZKPT&language=CHS,kept,,1991,谭廷爵,,,167,实用外科杂志,自体半脾异位移植术治疗门静脉高压巨脾症(附2例报告)
WS2230,CNKI,https://link.cnki.net/doi/10.13618/j.issn.1001-5728.1990.04.021,kept,,1990,黄瑞亭,10.13618/j.issn.1001-5728.1990.04.021,,234,中国法医学杂志,钝力致脾破裂的损伤病理探讨——附6例报告
WS2231,CNKI,https://kns.cnki.net/kcms2/article/abstract?v=DgjXjbKQq8e16PuY__LvD762gBd_AvHIMOnndU8nTy_AauuvUijtB0TBum5OkDHuhHjSOSwPnnvLn7RpGmu3aym9wFeS6B-0ao8VtFsymlYnQ2Fjv9MSfybs1eZuoktP1JhqoTI5aUhOrVCmTbcGEUTXdqsl5filps3oHp2vdR_XWcqzPOAG2w==&uniplatform=NZKPT&language=CHS,kept,,1990,刘文银,,,137,腹部外科,肠旋转不良行胃大部切除术后输入肠袢坏死再次手术1例报告
WS2232,CNKI,https://link.cnki.net/doi/10.19460/j.cnki.0253-3685.1990.08.017,kept,,1990,肖声,10.19460/j.cnki.0253-3685.1990.08.017,,435,江苏医药,幼儿脾蒂扭转1例报告
WS2233,CNKI,https://kns.cnki.net/kcms2/article/abstract?v=DgjXjbKQq8dL6yGNGZJH2ZvF_UHOCz16XPXtVMs9LIjma_PBU6DvaFjUgggaLimj2VtkezKEvcEKYxJqgsDsij1-Fq8ECI3mw43J5vMPEU1XVqbHmbtnwbnpWpDwwIAJBTj35LkaQR7vRtIuszcZbZ9wBr4UzhTgfKaseAMKsbCsAbrt8C0h8Q==&uniplatform=NZKPT&language=CHS,kept,,1990,吴诚义,,,33,重庆医药,游走脾扭转(附2例报告)
WS2234,CNKI,https://kns.cnki.net/kcms2/article/abstract?v=DgjXjbKQq8e2QiFXgXUq_rLaK8k7VCDlgmUo8lbsQiiW7rI0EZsATDH07ZQ4yDrVxRM1Q1JdVPO0OQnwQgegSNx5uPRaZG60WWVZ9kD8AqF8XP_TzT1ETc00fs139YhX4cdAhXQYjn2vpltHlpzWZBqgvuHu8J6VcjEiJ124TXBgOykhPrPjGw==&uniplatform=NZKPT&language=CHS,kept,,1990,吴小荣,,,90,实用妇科与产科杂志,巨脾蒂扭转误诊为卵巢肿瘤蒂扭转1例
WS2235,CNKI,https://link.cnki.net/doi/10.13452/j.cnki.jqmc.1990.01.049,kept,,1990,赵晓青,10.13452/j.cnki.jqmc.1990.01.049,,119,青海医学院学报,脾蒂扭转误诊为卵巢囊肿蒂扭转一例
WS2236,CNKI,https://kns.cnki.net/kcms2/article/abstract?v=DgjXjbKQq8eTlTjV5HP-mg-KDePMNJSDKXIItqWv5odICwT4apwBigTz9smd08vf-vHu6uJ0apMWKroxYx35Z6YHhVhlMSZ2_fnQf67Ttljfa5_WrIFjnG-2kDXRXpa6upehs73E8alVr9UJBHPfH9RuW_dDDWXZYRYQN47Tg2e8Fw2lOfcAEA==&uniplatform=NZKPT&language=CHS,kept,,1989,沈风章,,,672,实用内科杂志,巨脾异位伴脾机能亢进1例
WS2237,CNKI,https://kns.cnki.net/kcms2/article/abstract?v=DgjXjbKQq8fyAp860IYhUM1RcM9Ob2sSiMY-DkEW2WAl_7YXkLQmNAL4QkRa7y0OojrC-DkLSfyikBxRlF8ehwfUrdEw0T4888UpK4Ly9xn4Hm8u5SHNxQlkSTzkGuWjnOptfzoSf7xx6QTrYgnkPNoBbQSY1Eyi6mhN5uxSHXngIqrltNBDuQ==&uniplatform=NZKPT&language=CHS,kept,,1989,冯志明,,,43,实用妇科与产科杂志,孕期脾扭转和破裂
WS2238,CNKI,https://kns.cnki.net/kcms2/article/abstract?v=DgjXjbKQq8eocL7d-HNES3tK8G4lLk2pEZdaBqIwa-EEoPe8A8SPZgul-JMKTAoJ_ieJT5DJfdde-vrAEJNjhCuFjDVjpeccYlfrluHa_pAvF-B_JKT7L41THceKKj33nYLQHKxYas9nYH4M-s9y-1FLldK55UiMkg0RhEO0SxpDw1Ouerayvg==&uniplatform=NZKPT&language=CHS,kept,,1989,毕银德,,,174,吉林医学,先天性游走脾并发蒂扭转及麻痹性肠梗阻一例报告
WS2238,Wanfang,https://d.wanfangdata.com.cn/periodical/CiBQZXJpb2RpY2FsQ0hJU29scjkyMDI2MDkxNTE0MjIxORIOUUswMDAwMDE3MTg2MDQaCGliMWIydWh6,duplicate,T2 title+author+year,1989,毕银德,,,174,吉林医学,先天性游走脾并发蒂扭转及麻痹性肠梗阻一例报告
WS2239,CNKI,https://kns.cnki.net/kcms2/article/abstract?v=DgjXjbKQq8dZ-g51gTrVCvJWZsKmxulmOkOpbhbSx9lxHkL3lG2BAD3Za29ePD3BFkQQ0D9AQmowr90wxUMezJeHsf94Ve5xvpCFuBgBsdKvX4fjBWGsBpB8zNtj3qRwc1v4FoMhzuQCuchmiWPj-UKPkIa8u6WUgyJ0mHvGOT6t5O8RwIiW9Q==&uniplatform=NZKPT&language=CHS,kept,,1989,王凤安,,,78,河北医学院学报,异位脾误诊胃底肿瘤1例
WS2239,CBM,1989038007,duplicate,T2 title+author+year,1989,王凤安,,10,78,河北医学院学报,异位脾误诊胃底肿瘤1例
WS2240,CNKI,https://kns.cnki.net/kcms2/article/abstract?v=DgjXjbKQq8dZ5A-EFXIqRhLJ29cSW2icgP1Amjgj-IKU1bWKrDeW9K7tG0mO0KYqhA3ItL7ME55H1jJHxjVWODC1b1GaAf9NM6oqXp1wLjTsW40qIZIXNX-ctvdtD0dsnMEjHqQpntQ1C0gFvhFA4wYuKDnL3oxkfw1Z5QPqi_DrxiCqSuW1Cg==&uniplatform=NZKPT&language=CHS,kept,,1989,于作泰,,,19,中国急救医学,副脾蒂扭转一例报告
WS2241,CNKI,https://kns.cnki.net/kcms2/article/abstract?v=DgjXjbKQq8djg6DBI9lXnanpnM7za546lEw9H4XV-TaBq4JVdfLhwyhCOJ2k6Raqf68tw6b7cSLtcsehscS0f_alTawb-XC9o3qCjD_pt60WF85lFAT2MP7dKqMKaO8LWmkUtIxHYHgzCSCwF_RLW5JE794llZbxxnAXHKo33PDsTYVx_NsL8w==&uniplatform=NZKPT&language=CHS,kept,,1989,田跃河,,,6,山西医药杂志,先天性游走脾并脾蒂扭转致急性胃扩张一例
WS2242,CNKI,https://kns.cnki.net/kcms2/article/abstract?v=DgjXjbKQq8dChtRwgKyCWqmJJorQ0BfVqOa36z_SVrOoLdzCpoLYPx2DlSO_qr1_J4kdfRvsXr-mYSPl3ZIW_FnMGPi4sxEJ_VfOUr7ltcxPvSQnnrU5KYtJcD9eFv-_TZTj7TyeSnKvZP-RUxtjzRb0taEYmKU1_1XNTA-KQ-Bo1-lKu-fNKQ==&uniplatform=NZKPT&language=CHS,kept,,1988,吕雅赐,,,28,暨南理医学报(医学专版),脐疝和异位脾(摘译)
WS2243,CNKI,https://kns.cnki.net/kcms2/article/abstract?v=DgjXjbKQq8fvjwu9RNbBIL4LsIxhot7Wv4LE8yn_3RmaHjDN6_VYYk7MwWe8C0t-bxB_92eh-q3nWJkYWDpaJKX7k9vuQBRMoSD7iwGiDUts1S6Ylf9zIp6qBTpsCSCGzRkHsuGl6faYwguqQrdNV4FUSU2dHKqeyLPrZjLLDOjM7aZt3PO61w==&uniplatform=NZKPT&language=CHS,kept,,1988,王来慈,,,278,哈尔滨医科大学学报,慢性中性粒细胞白血病伴巨大游走脾一例
WS2243,Wanfang,https://d.wanfangdata.com.cn/periodical/CiBQZXJpb2RpY2FsQ0hJU29scjkyMDI2MDkxNTE0MjIxORIOemh4eXgxOTg5MDEwMjEaCGliMWIydWh6,duplicate,T2 title+author+year,1989,王来慈,10.3760/cma.j.issn.0253-2727.1989.01.103,10,7,中华血液学杂志,慢性中性粒细胞白血病伴巨大游走脾一例
WS2243,CBM,1989025537,duplicate,T3 similar title+author+year,1989,王来慈,,10,7,中华血液学杂志,慢性中性粒细胞白血病伴巨大游走脾1例
WS2244,CNKI,https://link.cnki.net/doi/10.13418/j.issn.1001-165x.1988.02.020,kept,,1988,徐胜,10.13418/j.issn.1001-165x.1988.02.020,,106,中国临床解剖学杂志,脾异位移植到髂内动脉有关数据
WS2244,CBM,1988038008,duplicate,T2 title+author+year,1988,徐胜,,,106,中国临床解剖学杂志,脾异位移植到髂内动脉有关数据
WS2245,CNKI,https://link.cnki.net/doi/10.13929/j.1003-3289.1988.02.031,kept,,1988,杨博,10.13929/j.1003-3289.1988.02.031,,68,中国医学影像技术,B型超声诊断胃翻转造成游走脾及胃潴留
WS2246,CNKI,https://kns.cnki.net/kcms2/article/abstract?v=DgjXjbKQq8fSY83OadAjI_XULn5AOEotFVaB92B7jtXo4h5KLHgk8pGN1zbdLUlZjmIctjMrvA_GpUsVkaZzeP2KQVYTa9yOAnpl1Y2V1ZyI1vjq2LvR4rH51OTFNwpT1_gDU1JpxLNPSAe3XxfcHrRLZvYI40W-xT5N2L8S2CeVwlHq3H6CUg==&uniplatform=NZKPT&language=CHS,kept,,1988,顾万清,,,97,中国人民解放军军医进修学院学报,游走脾合并扭转1例报告
WS2246,Wanfang,https://d.wanfangdata.com.cn/periodical/CiBQZXJpb2RpY2FsQ0hJU29scjkyMDI2MDkxNTE0MjIxORIRanlqeHh5eGIxOTg4MDIwMDIaCGliMWIydWh6,duplicate,T2 title+author+year,1988,顾万清,,,97,中国人民解放军军医进修学院学报,游走脾合并扭转1例报告
WS2247,CNKI,https://kns.cnki.net/kcms2/article/abstract?v=DgjXjbKQq8eqUXgw_Mx35vCdZUqsX_2dnjSfeq0HtohN7_RB_L3elxLAWwp0H_zVaGmTpqLQUK9mvxHuCLMEjG1HZdurdY_X44F_3317-MDFdiABq4yqbKo6MFmRvsKQM6W71DpV0x-4MIDywWDYRTjwavpTTYHWpY8-jd_lbw7fevKhqX11Dg==&uniplatform=NZKPT&language=CHS,kept,,1988,江滨,,,57,临床医学杂志,巨大游走脾并发脾蒂扭转1例报告
WS2248,CNKI,https://kns.cnki.net/kcms2/article/abstract?v=DgjXjbKQq8eRUOhkvkNXtoKmbf4a7O_xbpxcN2dfTCtdPDIBZ0jCeq9rJY_ldqWTvcxmwxeuXQXzcrd_wrLaBThfQPnS0Du_6NYaqGQ61Qxg6Baqu1XwViI4B3IBp0dqTjy9trGbLrIdvdYAL6MmVKNxL1qbQoy4JVCwFL0CoWkxTg1CjuEZMw==&uniplatform=NZKPT&language=CHS,kept,,1988,郑运斌,,,112,国外医学.外科学分册,游走脾扭转——急腹症的罕见病因
WS2249,CNKI,https://kns.cnki.net/kcms2/article/abstract?v=DgjXjbKQq8eoU4Vmr5hojH7Ot06R_QQLzrqOXBCqOmIfZw_07x2-EUlK2YEGNcTh71XKwz8X1S8acGhFGL1VtnnuL9SvGrYgudCRiscSqIA7OUjjgIfJSgh3S9ve-yHh1S1ufYgSLw5_FQj1KxisGq0O_x6yUMSY7qOKBViRjCJsq_rDPTivFQ==&uniplatform=NZKPT&language=CHS,kept,,1987,徐荣楠,,,9,医师进修杂志,脾脏的少见疾病
WS2250,CNKI,https://kns.cnki.net/kcms2/article/abstract?v=DgjXjbKQq8dc2HjpDztS1xwT1iuM8IIH8-bTYCkqvO4KmchULnmLFgpkOx3EUXw69lMiI_S7SRyyKMeN97AHVepIxubLLmc9ijQl-Kw1LBLfpNt78PfvEbkEVWvp4Bhkiayj_SB_e_bbnPfhTTzyLupjK4Ov0W1d-kgtfYtKT5427pqTVB9Aqg==&uniplatform=NZKPT&language=CHS,kept,,1987,,,,232,同济医科大学学报,脾脏在廓清血源性肺炎球菌中的重要作用
WS2251,CNKI,https://kns.cnki.net/kcms2/article/abstract?v=DgjXjbKQq8cHux8OeV4VPU4-Wm7pQCUHWzczFx3d2L1TFiAvcU0oSBmXt2QY0PQHYVZAiDK0JhygWmdpqbkDvoFmEF_n3bdJfFW8ip1jA8ITcBElyfohAjOaGScq3iZAlBSMEuEIR5kHTZdBC9f_du5n9tcMmF0a7x-BMv4UUDHwhcELo7T1PQ==&uniplatform=NZKPT&language=CHS,kept,,1987,曹淑光,,,154,护理学杂志,几种保留外伤性脾破裂的手术配合
WS2252,CNKI,https://kns.cnki.net/kcms2/article/abstract?v=DgjXjbKQq8fjar5DMchS1lwsi9Xu49P5mNLWvGH-65_qJPsZK792CFa-u8X9sT4wpXA9ofqQAxVGRu7bjY-4QxRNdWJNYHE2ll73cTPwgE3eCTWBjJvTw94hcOOkGp9FonkU2J3UesOZrQ4IWtjgetFpvbR7xUag6mNOq4YocIMqLiv5I6OICw==&uniplatform=NZKPT&language=CHS,kept,,1987,程鹏,,,13,安徽医学,游走脾并发巨大脾囊肿一例报告
WS2253,CNKI,https://kns.cnki.net/kcms2/article/abstract?v=DgjXjbKQq8dQQydanQpudm37CFAC3yzrvYUOla3X3ReUEJNhy0nAajckGpvX_G6g49Xlk-ZxAi_Py_T55jdSyj5GwjWwMDFmNRnBzNThxGUWNPcdFCHo8XKJovzIjDy9khISm2jO1KCKwAic2wOfdmpXlTsOm5wJog3vua4VChVxtmFcq2meRA==&uniplatform=NZKPT&language=CHS,kept,,1987,李保全,,,60,安徽医学,游走脾扭转合并多发性畸形病
WS2254,CNKI,https://kns.cnki.net/kcms2/article/abstract?v=DgjXjbKQq8e3OAeMB8523OfMdO-rbpvNqR5OnYRqabissyJyHzyOzzSWD2xSFPtilHzS8fjOdVu7Wp1_ILp-maTrzLw0Um0Bbo-O9ciU8kwighCgEYhfckqbfJpa5jRVZan2Nz8iaPVXZgM0KMTZ94Yz381r_WMk1oPaVO1pB9JcQmIN1ibQgQ==&uniplatform=NZKPT&language=CHS,kept,,1987,胡伯年,,,211,解剖学杂志,先天性无脾脏一例报告
WS2254,CBM,2024474811,duplicate,T3 similar title+author+year,1987,胡伯年,,,211,解剖学杂志,先天性无脾脏1例报告
WS2255,CNKI,https://kns.cnki.net/kcms2/article/abstract?v=DgjXjbKQq8e5kig0I75B88KgrCv9ifZPfzrPIUPixvasc2kTL5H1k17QUKAbJMSK3EwrK1lJteqW1P8YHgIidbbBT_vRcnROu0Fv0X-qTmjtQP_IpGKlbcVvV5uIF5Dqu5KAci5RGEhuNOrEWA-p3Lpxk_6pTqKkPiPuhY_ypM6OfAREI-QoIw==&uniplatform=NZKPT&language=CHS,kept,,1987,李德霖,,,59,安徽医学,脾扭转一例报告
WS2256,CNKI,https://kns.cnki.net/kcms2/article/abstract?v=DgjXjbKQq8fOcjq5e7R2Z8bsZKzUfpREcfTZ4HGk-XZzfhyF4Jys5bIZPP59cWQ0SpoNSjotVv5J9WVjkkpa3fWuosRAbgSWSx3P-wv6DxxLyEtTy0rXxgNKLm0MHXDdtRlKiAisQNmnWIzaB92g7z5ppCWi46YUZDGSzv1I7vdDEe4FpttNtg==&uniplatform=NZKPT&language=CHS,kept,,1987,陈广哲,,,61,安徽医学,脾—性腺融合之脾脏异位一例报告
WS2256,CBM,1987032244,duplicate,T3 similar title+author+year,1987,陈广哲,,,61,安徽医学,脾-性腺融合之脾脏异位1例报告
WS2257,Wanfang,https://d.wanfangdata.com.cn/periodical/CiBQZXJpb2RpY2FsQ0hJU29scjkyMDI2MDkxNTE0MjIxORIPemhzeXdrMTk4NzAxMDA5GghpYjFiMnVoeg%3D%3D,kept,T2 title+author+year,1987,刘乐欣,10.3760/cma.j.issn.1001-9030.1987.01.109,4,22,中华实验外科杂志,脾脏在廓清血源性肺炎球菌中的重要作用
WS2257,CNKI,https://kns.cnki.net/kcms2/article/abstract?v=DgjXjbKQq8ftdo1tDogvZiGTASlK4wLteLkHrsTbyLnI7fU963_OGsoZrB2-CzGhqOjxs82ztRCZfkDLnvDOkaxOntoPQX7MIDZyqpisY0Uyw6OQPnG46yuRWW8nTZLVp5sSCcRcj7LAamDl2FkiRiM-hkcoCpfXf2hy2o51v5fGwGqvTMONVQ==&uniplatform=NZKPT&language=CHS,duplicate,,1987,刘乐欣,,4,22,中华实验外科杂志,脾脏在廓清血源性肺炎球菌中的重要作用
WS2258,CNKI,https://link.cnki.net/doi/10.15932/j.0253-9713.1987.01.019,kept,,1987,佟蔚廷,10.15932/j.0253-9713.1987.01.019,,35,北京医学,先天性游走脾并发脾蒂扭转2例报告
WS2259,Wanfang,https://d.wanfangdata.com.cn/periodical/CiBQZXJpb2RpY2FsQ0hJU29scjkyMDI2MDkxNTE0MjIxORINeHJ3azE5ODcwMTAyORoIaWIxYjJ1aHo%3D,kept,T2 title+author+year,1987,陆傅贤,10.3760/cma.j.issn.0253-3006.1987.01.029,8,4,中华小儿外科杂志,儿童脾扭转一例报告
WS2259,CNKI,https://kns.cnki.net/kcms2/article/abstract?v=DgjXjbKQq8eJqHapWBzTF6TIjpQPNRXmfqkaiNJPrDKo2Z6nAybX0qR4lcdsNIeptVzOVMlIwW9QVy9ksd2PFBMJ_Xu1hdEjl6uixqaHOY6C9j_5EIPKvR-x_6g0IwUfvimHFid6QvvMMeJfm1y7MlcqhplNO1LGOAHMdgAiDm5zvd9DUOnnGA==&uniplatform=NZKPT&language=CHS,duplicate,,1987,陆傅贤,,8,4,中华小儿外科杂志,儿童脾扭转一例报告
WS2259,CNKI,https://kns.cnki.net/kcms2/article/abstract?v=DgjXjbKQq8eq73PxWCWzaQFe0-UEIhKQrb7q0fcX0PWf_3p9yN5gr3ucMzJsyQv9ngNN-QLDJi0U-aYdRj_ZJg0ZkxCE8eH-0G-4u1UDdn3zrl1Mz1Ul19kMeW51nHJkQhDb8sNJdcNZWAOs0DMZQMfa511i1vz8u5tCTKtWTMiWeXHGaZy8Gw==&uniplatform=NZKPT&language=CHS,duplicate,T5 title+volume+pages,1987,,,8,4,中华小儿外科杂志,儿童脾扭转一例报告
WS2260,CNKI,https://kns.cnki.net/kcms2/article/abstract?v=DgjXjbKQq8d90CPY3G3sW8_e18wDsDGRQB9ORFvY2x0yrtMCp6r1xHwO--qj6jqzZWN-lpBY3-S6Wf2E-fEGPzvK5a3wCDz8t9Pi0lrsK_0t9dvmDxnNWcTy0aIPFzZ6rM3WSG6mdfppdysgON0bhejU_Qvm455B1rU2ROAZbgfRKDvJ1-DYrQ==&uniplatform=NZKPT&language=CHS,kept,,1987,刘乐欣,,8,17,中华器官移植杂志,狗脾同种移植
WS2261,CNKI,https://kns.cnki.net/kcms2/article/abstract?v=DgjXjbKQq8cd1y_VSVRX5cFQIZzcfmtgv74KtR8IANikN_gOcZFx6Vq1-NMzE9E7mlfgXi-0C9RJpf1D5HQp2smY0E08ej1URUqDUN6eFBr706oHIYjLLglMl7j99CVhvTueElqJJ_5WIlkEI91TzuLuBu1S_VFQ5sZAhqlQnvVrh2-Gkgw9Nw==&uniplatform=NZKPT&language=CHS,kept,,1986,田井明,,,446,实用外科杂志,游走大脾一例
WS2262,CNKI,https://kns.cnki.net/kcms2/article/abstract?v=DgjXjbKQq8d26XAMcb4HfBXWWImDsMtBf1bfU8rFOvmy8vWtoOGjXIOpifCCAp-e_Z3CceuCQwNPqwwZ2frOFQFYSX2aGcyYxjy7w-03139siSYLjy-ZZgHL-e7Mhls7-r3uD1FjMrC1_Pmo4P15zVrFF0VHpFmHYyXCJMFRsu2TwuX2nNrabA==&uniplatform=NZKPT&language=CHS,kept,,1986,朱博明,,,103,哈尔滨医科大学学报,脾性腺融合畸形一例报告
WS2263,CNKI,https://link.cnki.net/doi/10.13609/j.cnki.1000-0313.1986.01.005,kept,,1986,von,10.13609/j.cnki.1000-0313.1986.01.005,,15,放射学实践,超声和CT对脾脏疾患的定性诊断
WS2264,CNKI,https://kns.cnki.net/kcms2/article/abstract?v=DgjXjbKQq8cqLJ4VYbo_v1qkRrO3f17INxlX-X1FBV2pdrdJbZyUZ_CTyPuseJLqpDrC_GikrqzB9WshkCWBjKmPNNhS7HLCWY48iFfbVn9fcsmPzMS5nr5YFMjveHwFEo1n8P_5Y-l3iH_bPDo60b1LvixHRWRMIlTh9z0wseCt--Bpr5yFrw==&uniplatform=NZKPT&language=CHS,kept,,1986,金光秀,,,24,中国实用护理杂志,带血管蒂的半脾异位移植术护理
WS2265,CNKI,https://kns.cnki.net/kcms2/article/abstract?v=DgjXjbKQq8cXgTpZs5D3EQByMlYv88tldIvBcO8ByDuFyvJwdOigRj6-TVo2eUbqVnvMdBT-1fRj0BnOvaym_LTsDo20vGQC_wPyeQDuGgtsgspWwNJ_wQ8-MbN3MnN4iK-nVfmAZmaYd8HHT70whN70rpP0ol5EESpUMmtN0KK6_SeGjymyQA==&uniplatform=NZKPT&language=CHS,kept,,1985,邓柏杰,,,521,新医学,自体脾组织移植3例报告
WS2266,CNKI,https://kns.cnki.net/kcms2/article/abstract?v=DgjXjbKQq8enRXeESvJR_e7p1UKZWNPYwlzT59pWunPNM0s5sd4JUb2tBAQPAMy-WOm4AYebeKJWZ4l3cx5hBHgpmuX51O1eWlXGty-xhqSNiaMmlQ5hC9wdhx4Xu4_1df9cVl8U2dJERWV9G5WbXypqr-FV0IMncZE-hz4Z33LE9j8FX9egtg==&uniplatform=NZKPT&language=CHS,kept,,1985,罗学宏,,,33,湖南医学,游走脾误诊的教训(附4例报告)
WS2266,CBM,1986014549,duplicate,T2 title+author+year,1985,罗学宏,,,33,湖南医学,游走脾误诊的教训:附4例报告
WS2267,CNKI,https://kns.cnki.net/kcms2/article/abstract?v=DgjXjbKQq8fTfzRrUFrnWOuVq7pvqa6UWC9wYPMa9c9WYPNbl4dqP2M0hehwoEPvYVCoqOT8qKq7Dwvp5eYgsS14t4ms_6rDxq2PWs935aytpEljP-JuDgh_-APVbS1vV7w7XtcRShgQ8iwo9oxFpMCOO34bM8osxg0NiPAZ6evUD2IJMUKQQg==&uniplatform=NZKPT&language=CHS,kept,,1985,王连奎,,,56,实用外科杂志,畸形脏脾异位至阴囊一例
WS2268,CNKI,https://kns.cnki.net/kcms2/article/abstract?v=DgjXjbKQq8dUarysUdP7QLPOYEWQuFoVTPUIfYKa32idqJh5k6wAAglIjXxD00D06fQjcVvKOnoQ-a33mSq1HQ9nQ3l-va2TqiXNCvCKPw42m8xEh95jGgGDYIIrztKmuzmTUqKmplIb_cKtF_mUx7uNr3aufbpgtXPovLmkUU1yQxSztOzyaw==&uniplatform=NZKPT&language=CHS,kept,,1984,,,,432,武汉医学院学报,狗自体部分脾异位移植
WS2269,CNKI,https://link.cnki.net/doi/10.19460/j.cnki.0253-3685.1984.08.006,kept,,1984,车卫国,10.19460/j.cnki.0253-3685.1984.08.006,,9,江苏医药,横结肠系膜类癌1例
WS2270,CNKI,https://kns.cnki.net/kcms2/article/abstract?v=DgjXjbKQq8dY-m3JBqf84DHfglUjjw-jTLKgX14tY1XEjmCnrQD6-WpTRZ9qj1sETkLeQxji4QuuA5AqfFBN0h3ymfQvPVWDk10I5upftn0wwzDgPVXGFjC9c3DCS4Vpp5y9F4wZ2MnNYYMlVAEPyipFO-dhFT4dcsKjQ3shiOhdpVV70vlgFg==&uniplatform=NZKPT&language=CHS,kept,,1984,刘乐欣,,5,134,中华器官移植杂志,狗自体部分脾异位移植
WS2270,Wanfang,https://d.wanfangdata.com.cn/periodical/CiBQZXJpb2RpY2FsQ0hJU29scjkyMDI2MDkxNTE0MjIxORIRemhxZ3l6OTgxOTg0MDMwMTcaCGliMWIydWh6,duplicate,T2 title+author+year,1984,刘乐欣,10.3760/cma.j.issn.0254-1785.1984.03.017,5,134,中华器官移植杂志,狗自体部分脾异位移植
WS2270,CBM,1985010949,duplicate,T2 title+author+year,1984,刘乐欣,,,134,中华器官移植杂志,狗自体部分脾异位移植
WS2271,CNKI,https://kns.cnki.net/kcms2/article/abstract?v=DgjXjbKQq8cV89T01FKIpMuAMVxAdpVsmw9acmITPf8ChPz7EFTO-YtGxonmrfm7r2nX1pi0RBBkBr06suaS0FDZ0R8kRWqgsFFXJVGfbh-PG5ZgJS06eFZ6ViDfCrel-BQtemW39gTcfqhLhkYsGhGizK_aQkYMrLAQ1RaYBoWBzctHWDD6lQ==&uniplatform=NZKPT&language=CHS,kept,,1984,林雪珍,,,22,中国养蜂,巢脾快速固定器
WS2272,CNKI,https://kns.cnki.net/kcms2/article/abstract?v=DgjXjbKQq8cthaaCFzGcBIRuDY9j9ApItvgW9iGqzdHZ4QmZ9l1TA_3wxPi3XC_Dl0iMO1a4kNVMk3Sw7Xs9WIiTqISUiTl62Dzt76_OpBRCxxuR5LZGfJpKriSDq3jXWDyjjPzEaePga38E_e6PVALhqGd3tolya26-XQiCkI7rlV76E5QIcA==&uniplatform=NZKPT&language=CHS,kept,,1984,林朝义,,,222,广西医学,脾下垂并扭转一例
WS2273,CNKI,https://kns.cnki.net/kcms2/article/abstract?v=DgjXjbKQq8dK0seFvI1wuwB8-NigRWvliHvPNqlZUaMZLlCrEKQ16oon5cmRbLNfI9OIpHgX8Hb_wZ6GSOpW4384FIba54LluVT0CEsfZfx9k0FpYCmU1jXtZcYWUYB-NqB_GzfhWxlbREgkJ8AJSCZs63tcg-1ZNtSU3C0kFhIbhlb1y5uutA==&uniplatform=NZKPT&language=CHS,kept,,1984,孙希龙,,,198,中华外科杂志,附睾内异位脾一例
WS2273,Wanfang,https://d.wanfangdata.com.cn/periodical/CiBQZXJpb2RpY2FsQ0hJU29scjkyMDI2MDkxNTE0MjIxORINemh3azE5ODQwNDAxNxoIaWIxYjJ1aHo%3D,duplicate,T2 title+author+year,1984,孙希龙,,22,198,中华外科杂志,附睾内异位脾一例
WS2274,Wanfang,https://d.wanfangdata.com.cn/periodical/CiBQZXJpb2RpY2FsQ0hJU29scjkyMDI2MDkxNTE0MjIxORINeHJ3azE5ODQwMjAzNhoIaWIxYjJ1aHo%3D,kept,T2 title+author+year,1984,吕昭明,10.3760/cma.j.issn.0253-3006.1984.02.036,5,117,中华小儿外科杂志,游走脾伴脾蒂扭转1例报告
WS2274,CNKI,https://kns.cnki.net/kcms2/article/abstract?v=DgjXjbKQq8cx0Ln5G1wxouZwLH02nFauut_YzX0W2eeJnTBCcj0l5rsC8H1EuPMTdrPOkAuTlqjIrkJ3eYp5aZyz96sgKtoU2Hadx4dKsnDgwfp_m_JGR8DjHM8VpVMxJKmcoJlKHExAnQsCHVrdB9wxyQddQCTqk0iW8mzgoglR7noEY2nImA==&uniplatform=NZKPT&language=CHS,duplicate,,1984,吕昭明,,5,117,中华小儿外科杂志,游走脾伴脾蒂扭转1例报告
WS2274,CNKI,https://kns.cnki.net/kcms2/article/abstract?v=DgjXjbKQq8eq73PxWCWzaQFe0-UEIhKQrb7q0fcX0PWf_3p9yN5grwSonR_Vx1pT1XvCuUSf7xTeVLF6NiJLT-GLFtyAoXFA8kayr9A28c5Smi-sMqFPlPqPtTrjyromdKZVnLvscvURSkcIVQRkNNqBCR5VmvZqg0KVLW4_d3I7f0-HTr-2og==&uniplatform=NZKPT&language=CHS,duplicate,T5 title+volume+pages,1984,,,5,117,中华小儿外科杂志,游走脾伴脾蒂扭转1例报告
WS2275,CNKI,https://kns.cnki.net/kcms2/article/abstract?v=DgjXjbKQq8c1ojweM5stJR85DUHy7Sybo75zo381A8zqsni_Swa1H9C-JtvOe-91TCUPxVuPEkfvhDh-_EuKLZVi7sWDyryS-xodOkChUeBA5-NLrvlod91d0w0tfMxyG17V7JcCXtpl78Zctplt2GdBxnZ6ZxGSchJefq6r8wFbMVyTWZ2bQg==&uniplatform=NZKPT&language=CHS,kept,,1983,于清忠,,,27,医师进修杂志,副脾扭转一例
WS2276,CNKI,https://kns.cnki.net/kcms2/article/abstract?v=DgjXjbKQq8ft-ZMSgOjhSyUruykm9_TVgY-jNiX3y1Xo0WXnZQYDILqAMJmQVYfV8nMRSjblBvrMIcUWa2yMTAlDbnAfHi6qPH_oYTKS4YvtSVBpdTosj15m4ikn__nlQfMmRI04xI3X8gLmGT075C5ent11jRv_1DX4q0lFv1MBCfC1lP7ivg==&uniplatform=NZKPT&language=CHS,kept,,1983,张传(木盖),,,10,医师进修杂志,幼婴儿自发性胃破裂合并脾脏异位一例
WS2277,CNKI,https://kns.cnki.net/kcms2/article/abstract?v=DgjXjbKQq8euIMtuomaaHGcOOgKN4pxZggQIrio9dg-zNA4zhfPdpJkOScUvDy9WvRZffdx0IG3ga9a72opvcBw6rLDe5GPOBkZ2mkfxfuO7ZdhELhDGvhEMX0kekYrPf-u3JJEKA6YT7faFTakMNUCIeToF9t7CF_F21rimvXo-4AjMAwNmWw==&uniplatform=NZKPT&language=CHS,kept,,1983,李建龙,,,54,广西医学,误诊为游走脾的胃平滑肌瘤一例
WS2278,CNKI,https://kns.cnki.net/kcms2/article/abstract?v=DgjXjbKQq8fdeT9FEuXqlvAtIeEOAQu3QH8iiNCr5gY7pUjyrRqiIIWVx2CATz39BbiZDlKkqndnmGS9uRY5RHdSF6So1HO0-6K_8CoghhXMY39vMqmYcqPBUn20wrwM13m_To-L4lACaUR2OghX98uPgrNcSEZgOLjznvCBQN2Xt50n6kgvrQ==&uniplatform=NZKPT&language=CHS,kept,,1983,夏敏,,,76,皖南医学院学报,游走脾误诊一例
WS2279,CNKI,https://link.cnki.net/doi/10.16096/j.cnki.nmgyxzz.1982.04.052,kept,,1982,李友松,10.16096/j.cnki.nmgyxzz.1982.04.052,,519,内蒙古医学杂志,游走脾蒂扭转误诊兰尾脓肿
WS2280,CNKI,https://kns.cnki.net/kcms2/article/abstract?v=DgjXjbKQq8cL5wM0ya-d2MK0o71k8WSqlpXMDRtK4HjsnK7TGiM3rHoQFwVaFqj6dFCu5lRJFSyNy1cn1Ilnfxck0g1naeE8JVYxORxSc0OqyUn1_wRBprET4n_tnPI-z4kiFbS5khwMhVS4Tf3e7FI64F_y_Vjo-1gbbqatfafytq3bq7iG6w==&uniplatform=NZKPT&language=CHS,kept,,1982,廖德夫,,,52,安徽医学,脾扭转误诊一例
WS2281,CNKI,https://kns.cnki.net/kcms2/article/abstract?v=DgjXjbKQq8dgccvZwAD3zUVhaZXqfu-4fJUrV6XflDfOvEFE8_c1VuLGgHy-52rRdiIYxOHUtkjgDKN3DO-5TW1fAQdK2oAEC18xzRh28d-sTnN4BpZ9JxR1qHE_944lWH65vzO6155xyT5DPOgT3UvOzwtM7LxrPOMZkys_o_ZtLbRbakLqyQ==&uniplatform=NZKPT&language=CHS,kept,,1982,曹道德,,,308,武汉医学,妊娠合并膈疝误诊为自发性气胸1例报告
WS2282,CNKI,https://kns.cnki.net/kcms2/article/abstract?v=DgjXjbKQq8dmuco8yoS9PG9DFN1Ty_FEhLtwpwc9_nmiBfFIVtnNHlZ5mCcE3SlgZLOneI1s_SJB_7HOkWSYKLRGkgC3rLQSrc9y3ALgQ5k2hKZR2F5lLOMSayVY329ibqYAmlq3V9SXx_qK5zFRwsq1qTW6sJE4eRZm7Q0PjVaJ9RycIPaSFg==&uniplatform=NZKPT&language=CHS,kept,,1982,魏东兴,,,284,实用外科杂志,脾扭转一例
WS2283,CNKI,https://kns.cnki.net/kcms2/article/abstract?v=DgjXjbKQq8fFlEnP_pzFVgs3Wy6yHnofQAbmuUTu2cjHvVuE6cSN1yuV_78JK8_1vB3VhnHfp3vXUEZ0E3p1hbVxmCR5li9hTn8RBM7NAphMq8lSlAbjXpcQTjI3l5Yz6WO16zLuzRoK-9BhSlwUSfSytvta556QQ1DH8x-k2BPZ21slr3-YSg==&uniplatform=NZKPT&language=CHS,kept,,1982,杨广顺,,3,117,国外医学(创伤与外科基本问题分册),异位脾移植和部分脾切除后的脾再生
WS2284,CNKI,https://kns.cnki.net/kcms2/article/abstract?v=DgjXjbKQq8dD5HMaajk-O2DDMQepn6nZ52b_WhGBKUv8jWNPDvms70_eM9-GE7SV_P_DChfz0RuXWer63BpSX_jgd1rmkblBnKzI-4hKolWiqtVgt5z4gzGI7TE8bVTYXoavVFoc4oNvj859OvzQg52dA94rWcGXqA3nfNBccCLifPmggIn6rg==&uniplatform=NZKPT&language=CHS,kept,,1982,范展淮,,,50,医师进修杂志,盆腔异位脾1例
WS2285,CNKI,https://link.cnki.net/doi/10.16252/j.cnki.issn1004-0501-1982.02.041,kept,,1982,胡昌梯,10.16252/j.cnki.issn1004-0501-1982.02.041,,122,四川医学,71例原发性肝癌误诊分析
WS2286,CNKI,https://kns.cnki.net/kcms2/article/abstract?v=DgjXjbKQq8cnIoWkkAtnEr6lts82TkeHiDwai4EBDKsdYLoSqXkhb-bqh50gZ3gYPzokyigwx1QBgw0yRUoxKCXXjRNMDlvJDwUafWnlNgkcNen11_Vf5qcNp3dONwkCzt-qPf9R8y8qd_ujZARZ0CKrPmoohSt9KlUR3fLSvJsTAUaNvvlOpw==&uniplatform=NZKPT&language=CHS,kept,,1981,王天翔,,,742,天津医药,游走脾伴有囊状淋巴管瘤
WS2287,CNKI,https://kns.cnki.net/kcms2/article/abstract?v=DgjXjbKQq8eK6iay0bxh8eGDVN7HcSiL6bGfALMCwlTXgx-u2GAn3brj1t6OMR7Ng7nfYlGNBGJkBrAJMBF1HQ3p7Z4jyQneup7fehz08TpYlyLI-otIlAIaeqSyw1qTllflNwnAsm1ARXwo7DNiohHBsgz7rXz46OwLdKQ49n0qaGlGcE1q0g==&uniplatform=NZKPT&language=CHS,kept,,1981,缐骝骧,,,36,医师进修杂志,付脾蒂扭转、脾破裂误诊为宫外孕一例
WS2288,CNKI,https://kns.cnki.net/kcms2/article/abstract?v=DgjXjbKQq8fpfJ315SMzPdfNtCE5K0ZFJca--SDXRHOW-B9YETZJmsPn1RdKw2nOBdqGrb7z8yfgwv1wtNEToGQBaOs9ovI_6zz3qWgcRQNE3Y-Evz_iq65wtjOIT8GVHi4VwhZaBC0kDdE2ITAD-vtuIueZhFnsxkZVHkXTYyRyqVyGeAXj1w==&uniplatform=NZKPT&language=CHS,kept,,1981,汪淦,,,64,安徽医学,内脏部分发育异常伴有“胃翻转”一例报告
WS2289,CNKI,https://kns.cnki.net/kcms2/article/abstract?v=DgjXjbKQq8fTTa0pStEM8Pu7D_E6hUMgl8tDCW0rhhPThR5nQwVNskjs-Ucw6mlMiK_IoD2XOAIV1cBNYjMDfBCCNok9e0Gs_8UkJjqAcRWBr0bE18wQErlniyFvSPcrXPgZg-BZu9qYZPw9rHOt4H073XP71ynoxQeU6AN9n-xP84wXRup1xw==&uniplatform=NZKPT&language=CHS,kept,,1981,邢广君,,,58,吉林医学,先天性阴囊内异位脾一例
WS2290,CNKI,https://kns.cnki.net/kcms2/article/abstract?v=DgjXjbKQq8ev6s0AgugCNkrb7MDW-F-MTEQkQgrvyUvZXIt93Y3E9KDTNq0hDlkj5Da_KPUICgGl1dfFQJ_4sh5oVEfjcnkZ4pacNoQXub52x1k7iZF2JwfKjHJLmyaOmJB7NeRWAHLyPj3O1QUadxz-6Mm1asn98W8EJhkXg2rxFuG9_cvEWw==&uniplatform=NZKPT&language=CHS,kept,,1981,何泽生,,,402,中华外科杂志,脾扭转误诊一例
WS2290,Wanfang,https://d.wanfangdata.com.cn/periodical/CiBQZXJpb2RpY2FsQ0hJU29scjkyMDI2MDkxNTE0MjIxORINemh3azE5ODEwNzAxMRoIaWIxYjJ1aHo%3D,duplicate,T2 title+author+year,1981,何泽生,,19,402,中华外科杂志,脾扭转误诊一例
WS2291,CNKI,https://kns.cnki.net/kcms2/article/abstract?v=DgjXjbKQq8ci-hGPH6e8aRpQCYjH_54dH0F-vYXzDGUfE1FShUQmgHLd9sNAkqpvmiPHG_DzTRB5b9TtatNc39uo_R0yobYSLdAU41A4XnfTqFl85u9mRc0MyZCC8mzI6wqBMn_dotUoscbf74LCFQfhtjI9m36qNO1H_yYp67vNtr_S2dEndg==&uniplatform=NZKPT&language=CHS,kept,,1981,毛启玙,,,46,贵州医药,游走脾的X线诊断(附一例报告)
WS2292,CNKI,https://link.cnki.net/doi/10.13799/j.cnki.mdjyxyxb.1980.s1.031,kept,,1980,h.m.rice,10.13799/j.cnki.mdjyxyxb.1980.s1.031,,66,牡丹江医专学报,外伤脾切除后的异位脾组织不足以防止肺炎双球菌败血症的发生
WS2293,CNKI,https://kns.cnki.net/kcms2/article/abstract?v=DgjXjbKQq8cMnC3Fj0Iuy1MPYXbHCZu87hPIMoGBu-IcpXqZc_GLr_rZbyU0d_LAEe0FpWQl33oKPrhumqquNPSlfsBLQPWaxHX3jFacXonkolA9oyOYO2Pc1nt10dh2rzknVDJZhyPWDjblzwi9JFLj2FvwHi4c0Jp5y2Egjsj5sRzPIeU4ig==&uniplatform=NZKPT&language=CHS,kept,,1980,何泽生,,,242,第四军医大学学报,脾扭转误诊一例
WS2294,CNKI,https://link.cnki.net/doi/10.19460/j.cnki.0253-3685.1980.03.023,kept,,1980,成志芳,10.19460/j.cnki.0253-3685.1980.03.023,,48,江苏医药,异位脾脏
WS2295,CNKI,https://kns.cnki.net/kcms2/article/abstract?v=DgjXjbKQq8fAOvJ8Cm_9uFenJ9hAGPyRLIjHffHTkYCJiJuSixx75AHthm6sAtUP1cEu4m3qTJSMgCvxEnP19ZuEuENZwtm30fN1eoG-c1UZ5E2nsPvqV3zhy7T_932bRk-yl0EJefkUFK9sBYmclY2hG9zsLP1lDSD52CVrbNUIIbB7chrGqQ==&uniplatform=NZKPT&language=CHS,kept,,1978,谭凤美,,,99,广医通讯,倒置的脾
WS2296,CNKI,https://link.cnki.net/doi/10.19405/j.cnki.issn1000-1492.1977.03.017,kept,,1977,姚有道,10.19405/j.cnki.issn1000-1492.1977.03.017,,53,安医学报,游走脾误诊卵巢囊肿
WS2297,CNKI,https://kns.cnki.net/kcms2/article/abstract?v=DgjXjbKQq8cg2nVZZG0CS18c1ZcklpGum7NMnQj-GGFYhpJ0WY-GRn2CoMkEd-fVySc6E4T9hxA3D6rjmtDSiPcbo1NP6nHVbqZRG4V6tcGMMu225NTg2QYI6HTT94m5QQ9S43NhrumyUJpp68ZGt7HACav06PhetA3pI9uuM7D-RWV1ZscmXg==&uniplatform=NZKPT&language=CHS,kept,,1963,孙义辉,,,732,中华外科杂志,阴囊内異位脾一例报告
WS2297,Wanfang,https://d.wanfangdata.com.cn/periodical/CiBQZXJpb2RpY2FsQ0hJU29scjkyMDI2MDkxNTE0MjIxORINemh3azE5NjMwOTAxNBoIaWIxYjJ1aHo%3D,duplicate,T3 similar title+author+year,1963,孙义辉,,11,732,中华外科杂志,阴囊内异位脾一例报告
WS2298,CNKI,https://kns.cnki.net/kcms2/article/abstract?v=DgjXjbKQq8du878VrrqRALdDYwLoDH5r5XzbtsUfFR-e4W0uWhL_giBvnf2IjsUiWBfF3N47OMaan0jIkNBrbgkOcTu2EJ84FvZrB6EwA2c_eAviIbUIzZhr27mjodVaHghSFYaLgaMPrcDdkfc_JgF1xymlbaVnWUrz4G04kx30_LdwHIFm7g==&uniplatform=NZKPT&language=CHS,kept,,1963,章鳴皋,,11,340,中华内科杂志,人工气腹併发游走脾一例报吿
WS2299,CNKI,https://kns.cnki.net/kcms2/article/abstract?v=DgjXjbKQq8do-at4MlGEka-PUVpyBvDnaKwWrYh3aXky_xa75oqBz8u_BgBIyyPZ3wl-ZKswfye9WlmJ_-inmj8CTLjS1V5FYgM_59A0RijGI9zltlhKNteeYK6tahiArJ_1OMvb2P9XJQE1R1JV2lE4MmZ9_gn-mG7nobrYBDxjvpYDVE63fw==&uniplatform=NZKPT&language=CHS,kept,,1963,黄进德,,,101,中华外科杂志,盆腔異位脾臓扭转
WS2300,CNKI,https://link.cnki.net/doi/10.13361/j.qdyxy.1962.02.004,kept,,1962,邱祖蔭,10.13361/j.qdyxy.1962.02.004,,14,青岛医学院学报,正常脾脏最大厚度超声波测量
WS2301,CNKI,https://kns.cnki.net/kcms2/article/abstract?v=DgjXjbKQq8c9XUBgK0ZiFclVO5HppP9vAx7l7kJDDp1kwFM3hMpi-jFFEBoYQGoIsAld47gJWKZBTfxZq8dOzxB2VvOTSkV1pOK2V-81SDo2tedlyNuiOJwcsLtdFNt0-zYcYKeQu4jYaKOcIyHa3bRfcTMe-5Mv5g9PU5-FHLOWdkiZs_96Rg==&uniplatform=NZKPT&language=CHS,kept,,1961,项道行,,,594,中华外科杂志,游走脾
WS2301,Wanfang,https://d.wanfangdata.com.cn/periodical/CiBQZXJpb2RpY2FsQ0hJU29scjkyMDI2MDkxNTE0MjIxORINemh3azE5NjEwODAwOBoIaWIxYjJ1aHo%3D,duplicate,T3 similar title+author+year,1961,项道行,,9,594,中华外科杂志,游走脾
WS2302,CNKI,https://kns.cnki.net/kcms2/article/abstract?v=DgjXjbKQq8dL-9ESQPdLia7rN8xlndq9RUs-MzcJLSWbvNp4WUomYWnX7C1irR7mn_wn0cwy-oQHewXEen5F1658KuaAKEBWriCBH_ZQcsV3_LTn7VFUY2mzQyoNYxBlc3OS8H7nAaPD2APqLfVIfw9gnl0eWegbuX-lZnSfYY9BLCx5q_h-Aw==&uniplatform=NZKPT&language=CHS,kept,,1958,陈仲虞,,,193,人民军医,盆腔内游走脾合并脾蒂扭转
WS2303,CNKI,https://kns.cnki.net/kcms2/article/abstract?v=DgjXjbKQq8dkRrrmUjy4ekxLES99lqFQXpKFRE-EeGzFlrZsojdJB4dju4Vt6JbSuVSm-X945YAKo1e3Neutjz7-cOBy0e2xKcPvu7TyU2fxEexUdXbu0h21x5tiq58gu7_cSaDt7-0lqtvhGLxNOOaL4WEAZBmHymJNKuGnlTzDG4foftjU6g==&uniplatform=NZKPT&language=CHS,kept,,1957,高谷深,,,70,中华外科杂志,先天性游走脾
WS2303,Wanfang,https://d.wanfangdata.com.cn/periodical/CiBQZXJpb2RpY2FsQ0hJU29scjkyMDI2MDkxNTE0MjIxORINemh3azE5NTcwMTAxNRoIaWIxYjJ1aHo%3D,duplicate,T2 title+author+year,1957,高谷深,,5,70,中华外科杂志,先天性游走脾
WS2304,CNKI,https://kns.cnki.net/kcms2/article/abstract?v=DgjXjbKQq8f8Glrr7DmuB0_ZiJw290xFRX8kPIqpvQhI_v6ziCa-mWw-_XbRt41u5Pcq2glKNbAd6vsRemyfFfzl0_kEGZB_kPexQlpLYA9kyIVC0kLCUx-CoEcnJgmnPTaY9yinQLWfhHwnK-F0HoMTAYuOrhXkdUrlNA3xBo_R4FEYPfevlg==&uniplatform=NZKPT&language=CHS,kept,,1948,高有炳,,34,281,,脾脏扭转症(Torsion of Spleen)附病例二
WS2304,Wanfang,https://d.wanfangdata.com.cn/periodical/CiBQZXJpb2RpY2FsQ0hJU29scjkyMDI2MDkxNTE0MjIxORINemh5eDE5NDgwNjAwNxoIaWIxYjJ1aHo%3D,duplicate,T2 title+author+year,1948,高有炳,,34,281,中华医学杂志,脾脏扭转症（Torsion of Spleen)附病例二
WS2305,Wanfang,https://d.wanfangdata.com.cn/periodical/CiBQZXJpb2RpY2FsQ0hJU29scjkyMDI2MDkxNTE0MjIxORIPemhtbndrMTk5MTA1MDI4GghpYjFiMnVoeg%3D%3D,kept,T2 title+author+year,1991,李晓霞,,12,337,中华泌尿外科杂志,左精索旁异位脾并毛细血管瘤一例报告
WS2305,CNKI,https://kns.cnki.net/kcms2/article/abstract?v=DgjXjbKQq8f0Y6cOg2RUPTMGq58fxknn00BEUYHOTJRO56dhF9jqZMHZCQO0bnat7duDffddVGja84BCSgGwH9vvP5pQAeqM6Iz9cOZ5FFQizCE864IlEFnyEZYCPW6V4Ka_zbVscEDQ7GIEB1hpF54bQvspPiWMvXpwT4EN40A0ws8xVetILg==&uniplatform=NZKPT&language=CHS,duplicate,,1991,李晓霞,,,337,中华泌尿外科杂志1991,左精索旁异位脾并毛细血管瘤一例报告
WS2305,CBM,1993103013,duplicate,T3 similar title+author+year,1991,李晓霞,,12,337,中华泌尿外科杂志,左精索旁异位脾并毛细血管瘤1例报告
WS2306,CNKI,https://kns.cnki.net/kcms2/article/abstract?v=DgjXjbKQq8eAXia3l5UWEAshTloXTVGx1fKnnYMoUYNdEV34odvPqIpUNzIRp1rFvWCU889smDlFPTu062ec8jKIIN_xy4m99UBgHHBQYj8FbzBgYAD1Q2ctlD-lCR3PbqlNFxPGO7ue3A3HeVGUUjyGAFgvxbDPcUHDV759RyQi7GQriV0JQg==&uniplatform=NZKPT&language=CHS,kept,,1966,,,12,202,中华妇产科杂志,产后脾扭转一例报告
WS2306,Wanfang,https://d.wanfangdata.com.cn/periodical/CiBQZXJpb2RpY2FsQ0hJU29scjkyMDI2MDkxNTE0MjIxORIOemhmY2sxOTY2MDMwMjAaCGliMWIydWh6,duplicate,T5 title+volume+pages,1966,,,12,202,中华妇产科杂志,产后脾扭转一例报告
WS2307,CNKI,https://kns.cnki.net/kcms2/article/abstract?v=DgjXjbKQq8dQmIgbe6Nrbll3kbPVJe-xvm6kUmp7k9Ss_OMX0CsrhVzz8h17lidS0ryxmQkekapAu88kKkH4t0JFP4NoO2VqWtCEDTcKQ3HyZTXSfhtOhVHTQBfCHCKwWivksCw8Huwmp0Cq_DJsTFMovT1xvPKWSQydnoYrVO5kD9IxwZ49NQ==&uniplatform=NZKPT&language=CHS,kept,,1958,,,6,506,中华妇产科杂志,巨大脾扭转误诊为卵巢肿瘤扭转一例报告
WS2307,Wanfang,https://d.wanfangdata.com.cn/periodical/CiBQZXJpb2RpY2FsQ0hJU29scjkyMDI2MDkxNTE0MjIxORIOemhmY2sxOTU4MDUwMDEaCGliMWIydWh6,duplicate,T5 title+volume+pages,1958,樊庆北,,6,506,中华妇产科杂志,巨大脾扭转误诊为卵巢肿瘤扭转一例报告
WS2308,CNKI,https://kns.cnki.net/kcms2/article/abstract?v=DgjXjbKQq8eO8-sKl3jpydy6GRaLIZUHXj1KaeX3djWAwPH1TO0BP4QtBfZKqd2FEdJ14DGYitzpn560EBejIeumKUYbVvlC7cQGlpu0OkwmQ0qveY7MZ4--d5g8qMwhxNhjGUxBmQOr9r3g3lR64xsRaLi-iqYB6rLbGzV3-DfkY7X1ZuwIUA==&uniplatform=NZKPT&language=CHS,kept,,1965,,,10,225,中华放射学杂志,游走脾的气腹检查(附一例报告)
WS2308,Wanfang,https://d.wanfangdata.com.cn/periodical/CiBQZXJpb2RpY2FsQ0hJU29scjkyMDI2MDkxNTE0MjIxORIOemhmc3gxOTY1MDMwNDIaCGliMWIydWh6,duplicate,T5 title+volume+pages,1965,杨布泽,,10,225,中华放射学杂志,游走脾的气腹检查（附一例报告）
WS2309,CNKI,https://kns.cnki.net/kcms2/article/abstract?v=DgjXjbKQq8cGLrGMOkmN2w7-IC0QlUVQWDYrZUyhKTA_wzK-s65xLkbSd2evLYVvKYN86j1G0ybTc4hLHmXeyOWfBKJM4qde-HSkKeGU7e7fc56IZlxfDAvLRk-C2_lAoLK8cRLaL-khA4e88C8rIljupR2KSKTT0KLw10wSBz-ScINtbxdJWQ==&uniplatform=NZKPT&language=CHS,kept,,1955,,,3,65,中华放射学杂志,游走脾
WS2309,Wanfang,https://d.wanfangdata.com.cn/periodical/CiBQZXJpb2RpY2FsQ0hJU29scjkyMDI2MDkxNTE0MjIxORIOemhmc3gxOTU1MDEwMTgaCGliMWIydWh6,duplicate,T5 title+volume+pages,1955,,,3,65,中华放射学杂志,游走脾
WS2310,CNKI,https://kns.cnki.net/kcms2/article/abstract?v=DgjXjbKQq8f9E1EVJOn6QL6AQX0QJxz6v855MKkWTBVCO6Vis4dhERp1fxnfCIsk7iG3AljfSLN1g77xB_LHu6XgB6jMh0ustRdrJ0-MSvjhD2OsOfkXO3Heb3iuYu5-NMij01fG2ikoY6LhC1_CJ5tmyoGDdGLMU-yIp1vpAzU3zmveaTYnbQ==&uniplatform=NZKPT&language=CHS,kept,,1959,,,7,336,中华外科杂志,游走脾引起肠梗阻
WS2310,Wanfang,https://d.wanfangdata.com.cn/periodical/CiBQZXJpb2RpY2FsQ0hJU29scjkyMDI2MDkxNTE0MjIxORINemh3azE5NTkwMzA3NRoIaWIxYjJ1aHo%3D,duplicate,T5 title+volume+pages,1959,宋仲麟,,7,336,中华外科杂志,游走脾引起肠梗阻
WS2311,CNKI,https://kns.cnki.net/kcms2/article/abstract?v=DgjXjbKQq8fcEruWNIyTTJCpTHvv-QO5C1Zr7dVxbYiB114GLLtII0KbBm7rK-WKqxxYFWES6hosem7ing-pC2SIU1yIXiZBD4YA0Sot_xrUdoOiUOQxKSVkqeXy7qG-xLtgppogJjtQuMUpKflOniyZy0n5r7Pduw2Q0FpPXZ86wHpYv_jv7w==&uniplatform=NZKPT&language=CHS,kept,,1956,,,4,44,中华外科杂志,游走脾嵌入盆腔内引起的肠梗阻
WS2311,Wanfang,https://d.wanfangdata.com.cn/periodical/CiBQZXJpb2RpY2FsQ0hJU29scjkyMDI2MDkxNTE0MjIxORINemh3azE5NTYwMTAxNhoIaWIxYjJ1aHo%3D,duplicate,T5 title+volume+pages,1956,李伦,,4,44,中华外科杂志,游走脾嵌入盆腔内引起的肠梗阻
WS2312,CNKI,https://kns.cnki.net/kcms2/article/abstract?v=DgjXjbKQq8drwNqkV18FdNcWwubKfwHPKg3WwLE165jGRzKnV21ZS3npmfMCimzFpiRPtZfo8Zzqzuib056n2pU1H43JmEWbYfeSrl6b0swTjBD7Cp8roqmvfLRsGFvZ8pdNqiymdiL1Vy4muBBqd00I26RiZXm6UcnC3FsiYavThK8R_Y3nUQ==&uniplatform=NZKPT&language=CHS,kept,,1953,,,1,122,中华外科杂志,游动脾合并脾蒂扭转
WS2312,Wanfang,https://d.wanfangdata.com.cn/periodical/CiBQZXJpb2RpY2FsQ0hJU29scjkyMDI2MDkxNTE0MjIxORINemh3azE5NTMwMjAwMxoIaWIxYjJ1aHo%3D,duplicate,T5 title+volume+pages,1953,瞿祖德,,1,120,中华外科杂志,游动脾合并脾蒂扭转
WS2313,CNKI,https://kns.cnki.net/kcms2/article/abstract?v=DgjXjbKQq8ea0YijLb4AA549VGjqRaMP8a4t1gkdnw9hvdZWTSCj-h7eRPRJS7SBfwHbtDBW4rgZlZtboIBvh9eLBhxEMKZOcnxl0glpXxqKnp4Tuq1t3E7ou-2Xy1W5cimugG3NI51F6sBjx14wi5k7eYH2L5FxOQe8EF-smSoo1vz9dL4hjw==&uniplatform=NZKPT&language=CHS,kept,,1958,,,44,507,中华医学杂志,人工气腹并发脾蒂扭转一例
WS2313,Wanfang,https://d.wanfangdata.com.cn/periodical/CiBQZXJpb2RpY2FsQ0hJU29scjkyMDI2MDkxNTE0MjIxORINemh5eDE5NTgwNTAwMxoIaWIxYjJ1aHo%3D,duplicate,T5 title+volume+pages,1958,许学受,,44,506,中华医学杂志,人工气腹并发脾蒂扭转一例
WS2314,Wanfang,https://d.wanfangdata.com.cn/periodical/CiBQZXJpb2RpY2FsQ0hJU29scjkyMDI2MDkxNTE0MjIxORIQcWszXzAwMDAzNTYzMDk1NRoIaWIxYjJ1aHo%3D,kept,,2026,董伊迪,10.12373/jcyxlt.2026.01.23766,8,,基层医学论坛（新加坡学术出版社）,伴有脾动脉钙化的异位脾扭转 1 例
WS2315,Wanfang,https://d.wanfangdata.com.cn/periodical/CiBQZXJpb2RpY2FsQ0hJU29scjkyMDI2MDkxNTE0MjIxORISemdianl5LWtwMjAyMTI0MDcxGghpYjFiMnVoeg%3D%3D,kept,,2021,李林林,,31,82,中国保健营养,儿童脾扭转1例
WS2316,Wanfang,https://d.wanfangdata.com.cn/periodical/CiBQZXJpb2RpY2FsQ0hJU29scjkyMDI2MDkxNTE0MjIxORIRbGN4ZXdrenoyMDE0MDQwMzYaCGliMWIydWh6,kept,,2014,张小波,10.3969/j.issn.1671-6353.2014.04.034,,365,临床小儿外科杂志,儿童游走脾并蒂扭转、脾坏死1例
WS2316,CBM,2014527512,duplicate,T2 title+author+year,2014,张小波,,,365,临床小儿外科杂志,儿童游走脾并蒂扭转、脾坏死1例
WS2317,Wanfang,https://d.wanfangdata.com.cn/thesis/Ch1UaGVzaXNOZXdTb2xyOVMyMDI2MDkxNjA5NDMzMhIIWTEwNjkwOTcaCGliMWIydWh6,kept,,2007,温哲,,,,,肝脾固定术对肝前型门静脉高压症大鼠模型治疗作用的实验研究
WS2318,Wanfang,https://d.wanfangdata.com.cn/periodical/CiBQZXJpb2RpY2FsQ0hJU29scjkyMDI2MDkxNTE0MjIxORINemhuazE5NjMwNDAzNBoIaWIxYjJ1aHo%3D,kept,,1963,章鸣皋,,11,340,中华内科杂志,人工气腹并发游走脾一例报告
WS2319,Wanfang,https://d.wanfangdata.com.cn/periodical/CiBQZXJpb2RpY2FsQ0hJU29scjkyMDI2MDkxNTE0MjIxORIQemd3enh6ejIwMDcyMDI0ORoIaWIxYjJ1aHo%3D,kept,,2007,,,7,4947,中国误诊学杂志,静脉滴注银杏达莫注射液过敏1例/斜视术后反复发生的结膜囊肿1例/异位脾误诊为盆腔肿物1例/侵蚀性葡萄胎引起心力衰竭1例
WS2320,Wanfang,https://d.wanfangdata.com.cn/periodical/CiBQZXJpb2RpY2FsQ0hJU29scjkyMDI2MDkxNTE0MjIxORIRemd3Y3drenoyMDE4MDIwMjMaCGliMWIydWh6,kept,,2018,李莹,10.3760/cma.j.issn.1671-0274.2018.02.019,21,215,中华胃肠外科杂志,胃周脾种植一例并文献复习
WS2320,CBM,2018224096,duplicate,T3 similar title+author+year,2018,李莹,,21,215,中华胃肠外科杂志,胃周脾种植1例并文献复习
WS2321,Wanfang,https://d.wanfangdata.com.cn/periodical/CiBQZXJpb2RpY2FsQ0hJU29scjkyMDI2MDkxNTE0MjIxORIQbGNmc3h6ejIwMTcwMzAxNxoIaWIxYjJ1aHo%3D,kept,,2017,曾仲刚,,36,364,临床放射学杂志,腹腔脾种植的多层螺旋CT表现与病理对照分析
WS2321,CBM,2017295504,duplicate,T2 title+author+year,2017,曾仲刚,,36,364,临床放射学杂志,腹腔脾种植的多层螺旋CT表现与病理对照分析
WS2322,Wanfang,https://d.wanfangdata.com.cn/periodical/CiBQZXJpb2RpY2FsQ0hJU29scjkyMDI2MDkxNTE0MjIxORIVemhvbmdnd2N3a3p6MjAxMTA2MDA3GghpYjFiMnVoeg%3D%3D,kept,,2011,孙媛媛,10.3969/j.issn.1009-6604.2011.06.007,16,502,中国微创外科杂志,妊娠期急腹症腹腔镜的应用原则
WS2322,CBM,2011664434,duplicate,T2 title+author+year,2011,孙媛媛,,11,502,中国微创外科杂志,妊娠期急腹症腹腔镜的应用原则
WS2323,Wanfang,https://d.wanfangdata.com.cn/conference/CiFDb25mZXJlbmNlTmV3U29scjlTMjAyNjA5MTUwOTMyMzESBzc5NTE2NzQaCGliMWIydWh6,kept,,2012,张小波,,,368,,儿童游走脾并蒂扭转、脾坏死1例诊疗分析
WS2324,Wanfang,https://d.wanfangdata.com.cn/conference/CiFDb25mZXJlbmNlTmV3U29scjlTMjAyNjA5MTUwOTMyMzESBzc2NDY3MjcaCGliMWIydWh6,kept,,2011,潘庆山,,,49,,胃扩张(胃、脾扭转)综合征手术治疗
WS2325,Wanfang,https://d.wanfangdata.com.cn/periodical/CiBQZXJpb2RpY2FsQ0hJU29scjkyMDI2MDkxNTE0MjIxORINemh3azE5NjMwMjAyNhoIaWIxYjJ1aHo%3D,kept,,1963,黄进德,,11,101,中华外科杂志,盆腔异位脾脏扭转
WS2326,Wanfang,https://d.wanfangdata.com.cn/periodical/CiBQZXJpb2RpY2FsQ0hJU29scjkyMDI2MDkxNTE0MjIxORIQc3lmc3h6ejIwMjAxMjA0MhoIaWIxYjJ1aHo%3D,kept,,2020,朱红丽,10.3969/j.issn.1002-1671.2020.12.042,36,2048,实用放射学杂志,肝内脾组织植入1例
WS2326,CBM,2021234861,duplicate,T2 title+author+year,2020,朱红丽,,36,2048,实用放射学杂志,肝内脾组织植入1例
WS2327,Wanfang,https://d.wanfangdata.com.cn/periodical/CiBQZXJpb2RpY2FsQ0hJU29scjkyMDI2MDkxNTE0MjIxORIQemdsbnh6ejIwMTMxMTExMxoIaWIxYjJ1aHo%3D,kept,,2013,杨大计,10.3969/j.issn.1005-9202.2013.11.113,33,2701,中国老年学杂志,腹腔镜下保留脾脏胰腺远端切除术12例
WS2328,Wanfang,https://d.wanfangdata.com.cn/periodical/CiBQZXJpb2RpY2FsQ0hJU29scjkyMDI2MDkxNTE0MjIxORIQamtiZDAwMTIwMjAyODQ5NhoIaWIxYjJ1aHo%3D,kept,,2020,刘荣升,,,298,健康必读,超声检查脾异位1例
WS2329,Wanfang,https://d.wanfangdata.com.cn/periodical/CiBQZXJpb2RpY2FsQ0hJU29scjkyMDI2MDkxNTE0MjIxORIQemRibHh6ejIwMDIwNTAzMhoIaWIxYjJ1aHo%3D,kept,,2002,陈晓东,10.3969/j.issn.1007-8096.2002.05.032,9,312,诊断病理学杂志,纵隔髓脂肪瘤1例
WS2330,Wanfang,https://d.wanfangdata.com.cn/periodical/CiBQZXJpb2RpY2FsQ0hJU29scjkyMDI2MDkxNTE0MjIxORIPc3l5eXp6MjAxODAyMDI2GghpYjFiMnVoeg%3D%3D,kept,,2018,陈海霞,10.14172/j.issn1671-4008.2018.02.025,35,157,实用医药杂志,副脾误诊为胃间质瘤1例
WS2330,CBM,2018335144,duplicate,T2 title+author+year,2018,陈海霞,,35,157,实用医药杂志,副脾误诊为胃间质瘤1例
WS2331,Wanfang,https://d.wanfangdata.com.cn/periodical/CiBQZXJpb2RpY2FsQ0hJU29scjkyMDI2MDkxNTE0MjIxORIPemhjc3l4MjAxMzAzMDAyGghpYjFiMnVoeg%3D%3D,kept,,2013,陈立斌,10.3760/cma.j.issn.1004-4477.2013.03.002,22,189,中华超声影像学杂志,胰腺尾部内副脾内镜超声表现1例
WS2332,Wanfang,https://d.wanfangdata.com.cn/periodical/CiBQZXJpb2RpY2FsQ0hJU29scjkyMDI2MDkxNTE0MjIxORIRendueGpreWoyMDE1MjMxNzQaCGliMWIydWh6,kept,,2015,张小强,,,196,中外女性健康研究,脾破裂脾脏切除术后异位种植30例诊治研究
WS2332,CBM,2018254467,duplicate,T2 title+author+year,2015,张小强,,,196,中外女性健康研究,脾破裂脾脏切除术后异位种植30例诊治研究
WS2333,Wanfang,https://d.wanfangdata.com.cn/periodical/CiBQZXJpb2RpY2FsQ0hJU29scjkyMDI2MDkxNTE0MjIxORINa3h5czIwMjAwMzAzOBoIaWIxYjJ1aHo%3D,kept,,2020,胡开宾,,23,30,科学养生,脾切除的探讨
WS2334,Wanfang,https://d.wanfangdata.com.cn/periodical/CiBQZXJpb2RpY2FsQ0hJU29scjkyMDI2MDkxNTE0MjIxORIOeWl5cXkyMDE4MzMwMTgaCGliMWIydWh6,kept,,2018,李宝华,10.3969/j.issn.2095-1752.2018.33.018,8,27,医药前沿,肝和脾异位妊娠临床病理观察
WS2335,Wanfang,https://d.wanfangdata.com.cn/periodical/CiBQZXJpb2RpY2FsQ0hJU29scjkyMDI2MDkxNTE0MjIxORIPeWluc2JqMjAxODQ1MTMzGghpYjFiMnVoeg%3D%3D,kept,,2018,王晓双,10.3969/j.issn.2095-8439.2018.45.133,5,105,饮食保健,一例脾脏异位妊娠患者的护理
WS2336,Wanfang,https://d.wanfangdata.com.cn/periodical/CiBQZXJpb2RpY2FsQ0hJU29scjkyMDI2MDkxNTE0MjIxORINbmt5eDIwMDEwMTAyORoIaWIxYjJ1aHo%3D,kept,,2001,王淑静,10.3969/j.issn.1008-1127.2001.01.029,23,36,农垦医学,脾分叶畸形的超声诊断
WS2337,Wanfang,https://d.wanfangdata.com.cn/conference/CiFDb25mZXJlbmNlTmV3U29scjlTMjAyNjA5MTUwOTMyMzESBzcyMTA2MDcaCGliMWIydWh6,kept,,2009,丁远仁,,,179,,脾异位胰腺1例报告
WS2338,Wanfang,https://d.wanfangdata.com.cn/periodical/CiBQZXJpb2RpY2FsQ0hJU29scjkyMDI2MDkxNTE0MjIxORIReGRtbndrenoyMDA4MDIwMzIaCGliMWIydWh6,kept,,2008,曲龙嘉,10.3969/j.issn.1009-8291.2008.02.032,13,99,现代泌尿外科杂志,右侧肾上腺区脾种植1例
WS2338,CBM,2008188317,duplicate,T2 title+author+year,2008,曲龙嘉,,13,99,现代泌尿外科杂志,右侧肾上腺区脾种植1例
WS2339,Wanfang,https://d.wanfangdata.com.cn/conference/CiFDb25mZXJlbmNlTmV3U29scjlTMjAyNjA5MTUwOTMyMzESBzkxNTI1OTgaCGliMWIydWh6,kept,,2016,王倩,,,272,,犬胃扭转-扩张综合征手术通路
WS2340,Wanfang,https://d.wanfangdata.com.cn/conference/CiFDb25mZXJlbmNlTmV3U29scjlTMjAyNjA5MTUwOTMyMzESBzg3MjE3NjgaCGliMWIydWh6,kept,,2015,包喜军,,,248,,两例犬肱骨骨折的内固定治疗
WS2341,Wanfang,https://d.wanfangdata.com.cn/thesis/Ch1UaGVzaXNOZXdTb2xyOVMyMDI2MDkxNjA5NDMzMhIIWTI4Njg3MzEaCGliMWIydWh6,kept,,2015,赖婷敏,,,,,盆腔脾组织植入：病例报告
WS2342,Wanfang,https://d.wanfangdata.com.cn/periodical/CiBQZXJpb2RpY2FsQ0hJU29scjkyMDI2MDkxNTE0MjIxORIPbGN3end6MjAwMTA0MDQ1GghpYjFiMnVoeg%3D%3D,kept,,2001,李文惠,10.3969/j.issn.1002-3429.2001.04.045,14,289,临床误诊误治,胃切除术致脾损伤
WS2343,Wanfang,https://d.wanfangdata.com.cn/periodical/CiBQZXJpb2RpY2FsQ0hJU29scjkyMDI2MDkxNTE0MjIxORISZ3d4bXgtenlxMjAxODAxMDAxGghpYjFiMnVoeg%3D%3D,kept,,2018,贾良梁,10.3969/j.issn.1001-0769.2018.01.001,,1,国外畜牧学（猪与禽）,肠或胃扭转
WS2344,Wanfang,https://d.wanfangdata.com.cn/periodical/CiBQZXJpb2RpY2FsQ0hJU29scjkyMDI2MDkxNTE0MjIxORISaGJtdHl4eXhiMjAwMTA0MDM2GghpYjFiMnVoeg%3D%3D,kept,,2001,徐创明,10.3969/j.issn.1008-6633.2001.04.036,3,441,华北煤炭医学院学报,阑尾炎误诊的辩证分析
WS2345,Wanfang,https://d.wanfangdata.com.cn/periodical/CiBQZXJpb2RpY2FsQ0hJU29scjkyMDI2MDkxNTE0MjIxORINbWZ6ejIwMDMwMTAxMRoIaWIxYjJ1aHo%3D,kept,,2003,谭永堂,10.3969/j.issn.1003-9139.2003.01.011,,36,蜜蜂杂志,中蜂过箱时用铅丝固定代替绑脾
WS2346,Wanfang,https://d.wanfangdata.com.cn/thesis/Ch1UaGVzaXNOZXdTb2xyOVMyMDI2MDkxNjA5NDMzMhIHWTg4NzA5MRoIaWIxYjJ1aHo%3D,kept,,2006,赵玮钦,,,,,重组人骨形成蛋白复性探讨及重组人骨形成蛋白4二连体对辐射损伤小鼠造血系统的作用
WS2347,Wanfang,https://d.wanfangdata.com.cn/periodical/CiBQZXJpb2RpY2FsQ0hJU29scjkyMDI2MDkxNTE0MjIxORINbWZ6ejIwMDIwNDAxMRoIaWIxYjJ1aHo%3D,kept,,2002,朱建华,10.3969/j.issn.1003-9139.2002.04.011,,38,蜜蜂杂志,快速转运蜂群法
WS2348,Wanfang,https://d.wanfangdata.com.cn/periodical/CiBQZXJpb2RpY2FsQ0hJU29scjkyMDI2MDkxNTE0MjIxORINbWZ6ejIwMDIwNTAxMRoIaWIxYjJ1aHo%3D,kept,,2002,杨东清,10.3969/j.issn.1003-9139.2002.05.011,,14,蜜蜂杂志,蜂群快速包装一法
WS2349,Wanfang,https://d.wanfangdata.com.cn/thesis/Ch1UaGVzaXNOZXdTb2xyOVMyMDI2MDkxNjA5NDMzMhIHWTUyMTg4MxoIaWIxYjJ1aHo%3D,kept,,2003,张玲,,,,,Smad3基因剔除对小鼠造血功能和树突状细胞功能的影响
WS2350,Wanfang,https://d.wanfangdata.com.cn/periodical/CiBQZXJpb2RpY2FsQ0hJU29scjkyMDI2MDkxNTE0MjIxORIQcWszXzAwMDAzMDk0MDk3ORoIaWIxYjJ1aHo%3D,kept,,2023,王燕,10.12677/acm.2023.132320,13,2290,临床医学进展,儿童游走脾扭转并破裂出血1例报告并文献复习
WS2351,Wanfang,https://d.wanfangdata.com.cn/periodical/CiBQZXJpb2RpY2FsQ0hJU29scjkyMDI2MDkxNTE0MjIxORIReXlmc2pzenoyMDAyMDkxNDgaCGliMWIydWh6,kept,,2002,,,,,医用放射技术杂志,异位脾/肺错钩瘤/甲状腺肿瘤的CT诊断
WS2352,Wanfang,https://d.wanfangdata.com.cn/periodical/CiBQZXJpb2RpY2FsQ0hJU29scjkyMDI2MDkxNTE0MjIxORIRZHNqeWR4eGIyMDE2MjQwMTAaCGliMWIydWh6,kept,,2016,严霞瑜,10.16016/j.1000-5404.201606183,38,2621,第三军医大学学报,3例女性盆腔脾种植超声图像分析
WS2352,CBM,2017171195,duplicate,T2 title+author+year,2016,严霞瑜,,38,2621,第三军医大学学报,3例女性盆腔脾种植超声图像分析
WS2353,Wanfang,https://d.wanfangdata.com.cn/thesis/Ch1UaGVzaXNOZXdTb2xyOVMyMDI2MDkxNjA5NDMzMhIHWTQzOTM2NhoIaWIxYjJ1aHo%3D,kept,,2002,王毓利,,,,,套管法大鼠异位脾移植模型的建立及丹参对移植脾再灌注损伤的保护作用
WS2354,Wanfang,https://d.wanfangdata.com.cn/periodical/CiBQZXJpb2RpY2FsQ0hJU29scjkyMDI2MDkxNTE0MjIxORIXUUtDMjAxMzIwMTQwMzEzMDAwNTIyNTcaCGliMWIydWh6,kept,,2013,刘占斌,,,12,养犬,犬游走脾的诊断与治疗
WS2355,Wanfang,https://d.wanfangdata.com.cn/periodical/CiBQZXJpb2RpY2FsQ0hJU29scjkyMDI2MDkxNTE0MjIxORIOUUsxOTk3MDA5NjYwNTUaCGliMWIydWh6,kept,,1997,于洪志,,14,32,吉林医学信息,小儿游走脾扭转1例
WS2356,Wanfang,https://d.wanfangdata.com.cn/conference/CiFDb25mZXJlbmNlTmV3U29scjlTMjAyNjA5MTUwOTMyMzESCDExMjMxMTg0GghpYjFiMnVoeg%3D%3D,kept,,2018,章泽宇,,,375,,肝内异位脾误诊为肝癌一例
WS2357,Wanfang,https://d.wanfangdata.com.cn/conference/CiFDb25mZXJlbmNlTmV3U29scjlTMjAyNjA5MTUwOTMyMzESBzg3NDU3OTMaCGliMWIydWh6,kept,,2013,陶开山,,,397,,GTKO猪-猴异种异位脾窝辅助性肝移植实验研究
WS2358,CBM,2009523930,kept,T2 title+author+year,2008,朱代荣,,7,71,新医学导刊,游走脾致胃部分坏死破裂1例
WS2358,Wanfang,https://d.wanfangdata.com.cn/periodical/CiBQZXJpb2RpY2FsQ0hJU29scjkyMDI2MDkxNTE0MjIxORIOUUsyMDA4MDMzOTc2NDYaCGliMWIydWh6,duplicate,,2008,朱代荣,,7,71,新医学导刊,游走脾致胃部分坏死破裂1例
WS2359,Wanfang,https://d.wanfangdata.com.cn/periodical/CiBQZXJpb2RpY2FsQ0hJU29scjkyMDI2MDkxNTE0MjIxORIOUUsyMDAzMDIyNjg0NTIaCGliMWIydWh6,kept,,2003,贾洪刚,,,69,医用放射技术杂志,超声诊断游走脾1例报告
WS2359,CBM,2003193491,duplicate,T2 title+author+year,2003,贾洪刚,,,69,医用放射技术杂志,超声诊断游走脾1例报告
WS2360,Wanfang,https://d.wanfangdata.com.cn/periodical/CiBQZXJpb2RpY2FsQ0hJU29scjkyMDI2MDkxNTE0MjIxORIOUUsyMDAyMDE5ODczNjgaCGliMWIydWh6,kept,,2002,张旗,,,003,医用放射技术杂志,异位脾
WS2360,CBM,2003028858,duplicate,T3 similar title+author+year,2002,张旗,,,3,医用放射技术杂志,异位脾
WS2361,Wanfang,https://d.wanfangdata.com.cn/periodical/CiBQZXJpb2RpY2FsQ0hJU29scjkyMDI2MDkxNTE0MjIxORIOUUsyMDAxMDE3MDQzNTgaCGliMWIydWh6,kept,,2001,车明亮,,18,30,吉林医学信息,急性胃扭转合并游走脾1例
WS2362,Wanfang,https://d.wanfangdata.com.cn/periodical/CiBQZXJpb2RpY2FsQ0hJU29scjkyMDI2MDkxNTE0MjIxORIOUUsxOTk2MDEwMzkxMzAaCGliMWIydWh6,kept,,1996,张晓辉,,9,38,长春医药,脾扭转误诊结肠癌1例
WS2363,Wanfang,https://d.wanfangdata.com.cn/periodical/CiBQZXJpb2RpY2FsQ0hJU29scjkyMDI2MDkxNTE0MjIxORIPendqa3d6MjAxMDMzMzQzGghpYjFiMnVoeg%3D%3D,kept,,2010,那忠莱,10.3969/j.issn.1672-5085.2010.33.343,7,325,中外健康文摘,急腹症护理的技术探讨
WS2364,Wanfang,https://d.wanfangdata.com.cn/periodical/CiBQZXJpb2RpY2FsQ0hJU29scjkyMDI2MDkxNTE0MjIxORIPendqa3d6MjAxMDE2MDcyGghpYjFiMnVoeg%3D%3D,kept,,2010,姜云三,10.3969/j.issn.1672-5085.2010.16.072,7,91,中外健康文摘,21例脾切除手术的临床治疗
WS2365,Wanfang,https://d.wanfangdata.com.cn/thesis/Ch1UaGVzaXNOZXdTb2xyOVMyMDI2MDkxNjA5NDMzMhIHWTQzMTI5NBoIaWIxYjJ1aHo%3D,kept,,2002,刘昶,,,,,IL-4基因克隆与转染延长脾移植存活效应的实验研究
WS2366,Wanfang,https://d.wanfangdata.com.cn/periodical/CiBQZXJpb2RpY2FsQ0hJU29scjkyMDI2MDkxNTE0MjIxORIOUUsyMDA0MDI0MDM5NDkaCGliMWIydWh6,kept,,2004,林民兴,,1,,中华现代内科学杂志,大网膜异位脾种植结节功能亢进并溶血性贫血1例
WS2366,CBM,2005111597,duplicate,T2 title+author+year,2004,林民兴,,1,188,中华现代内科学杂志,大网膜异位脾种植结节功能亢进并溶血性贫血1例
WS2367,Wanfang,https://d.wanfangdata.com.cn/periodical/CiBQZXJpb2RpY2FsQ0hJU29scjkyMDI2MDkxNTE0MjIxORIOUUsxOTk2MDA5MzUzMjAaCGliMWIydWh6,kept,,1996,henne.,,13,36,德国医学,儿童儿伤性脾破裂后自体异位脾组织移植的晚期疗效
WS2368,Wanfang,https://d.wanfangdata.com.cn/periodical/CiBQZXJpb2RpY2FsQ0hJU29scjkyMDI2MDkxNTE0MjIxORINeWZrajIwMDQwNTAxNBoIaWIxYjJ1aHo%3D,kept,,2004,余林生,,,20,养蜂科技,解景戎关于中蜂巢箱的论述(续)
WS2369,Wanfang,https://d.wanfangdata.com.cn/conference/CiFDb25mZXJlbmNlTmV3U29scjlTMjAyNjA5MTUwOTMyMzESCDExNDI0NzE1GghpYjFiMnVoeg%3D%3D,kept,,2018,陈建树,,,1,,脾脏异位妊娠1例
WS2370,Wanfang,https://d.wanfangdata.com.cn/conference/CiFDb25mZXJlbmNlTmV3U29scjlTMjAyNjA5MTUwOTMyMzESCDEwMDQyMDUyGghpYjFiMnVoeg%3D%3D,kept,,2016,李明,,,1,,脾脏异位妊娠CT诊断
WS2370,Wanfang,https://d.wanfangdata.com.cn/conference/CiFDb25mZXJlbmNlTmV3U29scjlTMjAyNjA5MTUwOTMyMzESCDEwMDQxOTY1GghpYjFiMnVoeg%3D%3D,duplicate,T3 similar title+author+year,2016,李明,,,1,,脾脏异位妊娠的CT诊断
WS2371,Wanfang,https://d.wanfangdata.com.cn/periodical/CiBQZXJpb2RpY2FsQ0hJU29scjkyMDI2MDkxNTE0MjIxORIOUUsyMDAwMDE1MTI3MjUaCGliMWIydWh6,kept,,2000,王煊,,18,54,适宜诊疗技术,脾蒂扭转误诊为急性胃肠炎1例
WS2372,Wanfang,https://d.wanfangdata.com.cn/periodical/CiBQZXJpb2RpY2FsQ0hJU29scjkyMDI2MDkxNTE0MjIxORIOUUsyMDA1MDIzNjg2NzUaCGliMWIydWh6,kept,,2005,付红霞,,5,,中华临床新医学,脾脏异位妊娠破裂1例
WS2372,CBM,2005371331,duplicate,T2 title+author+year,2005,付红霞,,5,1062,中华临床新医学,脾脏异位妊娠破裂1例
WS2373,Wanfang,https://d.wanfangdata.com.cn/periodical/CiBQZXJpb2RpY2FsQ0hJU29scjkyMDI2MDkxNTE0MjIxORIOUUsxOTk1MDEwMDA5MDIaCGliMWIydWh6,kept,,1995,顾习真,,,35,大家健康,脾切除后对人体有影响吗?
WS2374,Wanfang,https://d.wanfangdata.com.cn/periodical/CiBQZXJpb2RpY2FsQ0hJU29scjkyMDI2MDkxNTE0MjIxORIOUUswMDAwMDQ5ODUzNjUaCGliMWIydWh6,kept,,1992,吴德华,,,36,中国兽医科技,浅析犬急腹症的鉴别诊断与处理
WS2375,Wanfang,https://d.wanfangdata.com.cn/conference/CiFDb25mZXJlbmNlTmV3U29scjlTMjAyNjA5MTUwOTMyMzESBzg3NDAyMjUaCGliMWIydWh6,kept,,2013,任松林,,,97,,儿童脾切除临床特点分析
WS2376,Wanfang,https://d.wanfangdata.com.cn/periodical/CiBQZXJpb2RpY2FsQ0hJU29scjkyMDI2MDkxNTE0MjIxORIOUUsyMDA4MDI1MDU1MzEaCGliMWIydWh6,kept,,2008,潘勇,,,46,农村新技术,治胃下垂方4则
WS2377,Wanfang,https://d.wanfangdata.com.cn/patent/Ch1QYXRlbnROZXdTb2xyOVMyMDI2MDkxNzE1MTE0OBIpWkxfQ04yMDI1MjEyOTMwMDQuM19DTjIyNDQwMjYxNlVfMjAyNjA2MjYaCGliMWIydWh6,kept,,,黄秋林,,,,,一种基于标准箱改进的活框土养蜂箱
WS2378,Wanfang,https://d.wanfangdata.com.cn/patent/Ch1QYXRlbnROZXdTb2xyOVMyMDI2MDkxNzE1MTE0OBIpWkxfQ04yMDI0MjI2ODk3MTguOF9DTjIyMzI3NDcwMVVfMjAyNTA4MjkaCGliMWIydWh6,kept,,,王立林,,,,,一种筒型中华蜂养殖用蜂箱
WS2379,Wanfang,https://d.wanfangdata.com.cn/patent/Ch1QYXRlbnROZXdTb2xyOVMyMDI2MDkxNzE1MTE0OBIpWkxfQ04yMDI0MTAxMTg5MzMuNF9DTjEyMDM1MjQxN0FfMjAyNTA3MjIaCGliMWIydWh6,kept,,,吴华勇,,,,,一种基于机器视觉检测蜂巢孔内有无幼虫的识别装置及方法
WS2380,Wanfang,https://d.wanfangdata.com.cn/patent/Ch1QYXRlbnROZXdTb2xyOVMyMDI2MDkxNzE1MTE0OBIpWkxfQ04yMDIzMjMxOTQ3MjUuMl9DTjIyMTg2MDgxMVVfMjAyNDEwMTgaCGliMWIydWh6,kept,,,吴少英,,,,,户外蜜蜂巢脾图像信息拍摄平台
WS2381,Wanfang,https://d.wanfangdata.com.cn/patent/Ch1QYXRlbnROZXdTb2xyOVMyMDI2MDkxNzE1MTE0OBIpWkxfQ04yMDIzMjEwNTc3MjUuNV9DTjIxOTkzOTM0MFVfMjAyMzExMDMaCGliMWIydWh6,kept,,,杜兴媛,,,,,一种适用于蜜蜂转场的蜂脾固定装置
WS2382,Wanfang,https://d.wanfangdata.com.cn/patent/Ch1QYXRlbnROZXdTb2xyOVMyMDI2MDkxNzE1MTE0OBIpWkxfQ04yMDE5MjA0Njc0NjEuOF9DTjIxMDAxOTQ3M1VfMjAyMDAyMDcaCGliMWIydWh6,kept,,,柴家科,,,,,一种脾固定包
WS2383,Wanfang,https://d.wanfangdata.com.cn/patent/Ch1QYXRlbnROZXdTb2xyOVMyMDI2MDkxNzE1MTE0OBIpWkxfQ04yMDE4MjA0ODIyNDMuN19DTjIwODE0NDE5OVVfMjAxODExMjcaCGliMWIydWh6,kept,,,韩宾,,,,,一种用于蜂箱的蜂脾固定装置
WS2384,Wanfang,https://d.wanfangdata.com.cn/patent/Ch1QYXRlbnROZXdTb2xyOVMyMDI2MDkxNzE1MTE0OBIpWkxfQ04yMDE3MTEyMzI2MDAuMF9DTjEwNzkyNjc2N0JfMjAyMTA1MDQaCGliMWIydWh6,kept,,,刘靖,,,,,一种流水线式自动摇蜜机
WS2385,Wanfang,https://d.wanfangdata.com.cn/patent/Ch1QYXRlbnROZXdTb2xyOVMyMDI2MDkxNzE1MTE0OBIpWkxfQ04yMDIwMjEzMjQyOTAuMl9DTjIxMzA5NTU1MFVfMjAyMTA1MDQaCGliMWIydWh6,kept,,,解道豪,,,,,一种单脾蜜蜂运送箱
WS2386,Wanfang,https://d.wanfangdata.com.cn/patent/Ch1QYXRlbnROZXdTb2xyOVMyMDI2MDkxNzE1MTE0OBIpWkxfQ04yMDE4MTA1MTc0NDkuM19DTjEwODY2OTAwN0JfMjAyMTA5MTAaCGliMWIydWh6,kept,,,刘利,,,,,一种蜜蜂的养殖方法
WS2387,Wanfang,https://d.wanfangdata.com.cn/patent/Ch1QYXRlbnROZXdTb2xyOVMyMDI2MDkxNzE1MTE0OBIpWkxfQ04yMDIwMjA1Mjc3MzkuOV9DTjIxMjAzNTQ2NFVfMjAyMDEyMDEaCGliMWIydWh6,kept,,,汤铜华,,,,,一种便于抽取巢脾的蜂箱
WS2388,Wanfang,https://d.wanfangdata.com.cn/patent/Ch1QYXRlbnROZXdTb2xyOVMyMDI2MDkxNzE1MTE0OBIpWkxfQ04yMDE3MTAzMjc3NDEuNF9DTjEwNzAxODkyNUJfMjAyMDExMjQaCGliMWIydWh6,kept,,,蒋敬,,,,,一种自动取蜜装置以及取蜜方法
WS2389,Wanfang,https://d.wanfangdata.com.cn/patent/Ch1QYXRlbnROZXdTb2xyOVMyMDI2MDkxNzE1MTE0OBIpWkxfQ04yMDE2MTAzODM2MjAuN19DTjEwNTkxODE2MEJfMjAxOTAxMDEaCGliMWIydWh6,kept,,,吴长江,,,,,蜂蜜提取机
WS2390,Wanfang,https://d.wanfangdata.com.cn/patent/Ch1QYXRlbnROZXdTb2xyOVMyMDI2MDkxNzE1MTE0OBIpWkxfQ04yMDE2MTAzODM2NTguNF9DTjEwNTkxODE2MUJfMjAxOTA0MDUaCGliMWIydWh6,kept,,,吴长江,,,,,蜂蜜脱离装置
WS2391,Wanfang,https://d.wanfangdata.com.cn/patent/Ch1QYXRlbnROZXdTb2xyOVMyMDI2MDkxNzE1MTE0OBIpWkxfQ04yMDE3MjE3MTMwMTQuM19DTjIwNzU4OTg0NlVfMjAxODA3MTAaCGliMWIydWh6,kept,,,王华堂,,,,,一种适用于长时间运输的蜂王运输盒
WS2392,Wanfang,https://d.wanfangdata.com.cn/patent/Ch1QYXRlbnROZXdTb2xyOVMyMDI2MDkxNzE1MTE0OBIpWkxfQ04yMDE3MjA2NjI5MTMuOV9DTjIwNjk4MDY4MlVfMjAxODAyMDkaCGliMWIydWh6,kept,,,徐建怀,,,,,一种化蜡设备
WS2393,Wanfang,https://d.wanfangdata.com.cn/patent/Ch1QYXRlbnROZXdTb2xyOVMyMDI2MDkxNzE1MTE0OBIpWkxfQ04yMDE4MTA1MTc0NDkuM19DTjEwODY2OTAwN0FfMjAxODEwMTkaCGliMWIydWh6,kept,,,刘利,,,,,一种蜜蜂的养殖方法
WS2394,Wanfang,https://d.wanfangdata.com.cn/patent/Ch1QYXRlbnROZXdTb2xyOVMyMDI2MDkxNzE1MTE0OBIpWkxfQ04yMDE3MTEyMzI2MDAuMF9DTjEwNzkyNjc2N0FfMjAxODA0MjAaCGliMWIydWh6,kept,,,吴昊苏,,,,,一种流水线式自动摇蜜机
WS2395,Wanfang,https://d.wanfangdata.com.cn/patent/Ch1QYXRlbnROZXdTb2xyOVMyMDI2MDkxNzE1MTE0OBIpWkxfQ04yMDE3MjA0MDQ1OTQuMV9DTjIwNjkyMzUxNFVfMjAxODAxMjYaCGliMWIydWh6,kept,,,吴新荣,,,,,一种多功能蜜蜂蜂蜜分装装置
WS2396,Wanfang,https://d.wanfangdata.com.cn/patent/Ch1QYXRlbnROZXdTb2xyOVMyMDI2MDkxNzE1MTE0OBIpWkxfQ04yMDE3MjE0MjI4MTAuMV9DTjIwNzYzOTQ1MFVfMjAxODA3MjQaCGliMWIydWh6,kept,,,杨德勇,,,,,一种电动摇蜜架
WS2397,Wanfang,https://d.wanfangdata.com.cn/patent/Ch1QYXRlbnROZXdTb2xyOVMyMDI2MDkxNzE1MTE0OBIpWkxfQ04yMDE3MjE0MTIxNTAuOV9DTjIwNzY3ODY1NVVfMjAxODA4MDMaCGliMWIydWh6,kept,,,杨德勇,,,,,一种便捷手动摇蜜架
WS2398,Wanfang,https://d.wanfangdata.com.cn/patent/Ch1QYXRlbnROZXdTb2xyOVMyMDI2MDkxNzE1MTE0OBIpWkxfQ04yMDE3MTA5MTYwMzYuOF9DTjEwNzY5MTI4N0FfMjAxODAyMTYaCGliMWIydWh6,kept,,,蒋仕兴,,,,,一种巢蜜的制造方法
WS2399,Wanfang,https://d.wanfangdata.com.cn/patent/Ch1QYXRlbnROZXdTb2xyOVMyMDI2MDkxNzE1MTE0OBIpWkxfQ04yMDE3MTA0Mjk1MzEuNl9DTjEwNzEyNjkwOUFfMjAxNzA5MDUaCGliMWIydWh6,kept,,,徐建怀,,,,,一种化蜡设备
WS2400,Wanfang,https://d.wanfangdata.com.cn/patent/Ch1QYXRlbnROZXdTb2xyOVMyMDI2MDkxNzE1MTE0OBIpWkxfQ04yMDE3MTAyNTIxODAuNl9DTjEwNjkyMjU3MkFfMjAxNzA3MDcaCGliMWIydWh6,kept,,,吴新荣,,,,,一种多功能蜜蜂蜂蜜分装装置
WS2401,Wanfang,https://d.wanfangdata.com.cn/patent/Ch1QYXRlbnROZXdTb2xyOVMyMDI2MDkxNzE1MTE0OBIpWkxfQ04yMDE2MTAzNzgyOTIuMV9DTjEwNjM4NjU3NUFfMjAxNzAyMTUaCGliMWIydWh6,kept,,,吴长江,,,,,蜂蜜获取装置
WS2402,Wanfang,https://d.wanfangdata.com.cn/patent/Ch1QYXRlbnROZXdTb2xyOVMyMDI2MDkxNzE1MTE0OBIpWkxfQ04yMDE3MTAzMjc3NDEuNF9DTjEwNzAxODkyNUFfMjAxNzA4MDgaCGliMWIydWh6,kept,,,蒋敬,,,,,一种自动取蜜装置以及取蜜方法
WS2403,Wanfang,https://d.wanfangdata.com.cn/patent/Ch1QYXRlbnROZXdTb2xyOVMyMDI2MDkxNzE1MTE0OBIpWkxfQ04yMDE2MTAzNzg0OTYuNV9DTjEwNjM4NjU3NkFfMjAxNzAyMTUaCGliMWIydWh6,kept,,,吴长江,,,,,蜂蜜榨出机
WS2404,Wanfang,https://d.wanfangdata.com.cn/patent/Ch1QYXRlbnROZXdTb2xyOVMyMDI2MDkxNzE1MTE0OBIpWkxfQ04yMDE1MjA3OTU3ODIuMl9DTjIwNTE5NjcwNVVfMjAxNjA1MDQaCGliMWIydWh6,kept,,,黄洪云,,,,,一种用于蜂蜜加工的自动过滤式电动不锈钢摇蜜机
WS2405,Wanfang,https://d.wanfangdata.com.cn/patent/Ch1QYXRlbnROZXdTb2xyOVMyMDI2MDkxNzE1MTE0OBIpWkxfQ04yMDE1MjA4MDMxMzAuOV9DTjIwNTA2MDM5NVVfMjAxNjAzMDIaCGliMWIydWh6,kept,,,李玉梅,,,,,蜂箱运输固定器
WS2406,Wanfang,https://d.wanfangdata.com.cn/patent/Ch1QYXRlbnROZXdTb2xyOVMyMDI2MDkxNzE1MTE0OBIpWkxfQ04yMDE2MTAzODM2MjAuN19DTjEwNTkxODE2MEFfMjAxNjA5MDcaCGliMWIydWh6,kept,,,吴长江,,,,,蜂蜜提取机
WS2407,Wanfang,https://d.wanfangdata.com.cn/patent/Ch1QYXRlbnROZXdTb2xyOVMyMDI2MDkxNzE1MTE0OBIpWkxfQ04yMDE2MTAzODM2NTguNF9DTjEwNTkxODE2MUFfMjAxNjA5MDcaCGliMWIydWh6,kept,,,吴长江,,,,,蜂蜜脱离装置
WS2408,Wanfang,https://d.wanfangdata.com.cn/patent/Ch1QYXRlbnROZXdTb2xyOVMyMDI2MDkxNzE1MTE0OBIpWkxfQ04yMDE2MjA1MTg0NTIuM19DTjIwNTgxMzIyMFVfMjAxNjEyMjEaCGliMWIydWh6,kept,,,吴长江,,,,,蜂蜜脱离装置
WS2409,Wanfang,https://d.wanfangdata.com.cn/patent/Ch1QYXRlbnROZXdTb2xyOVMyMDI2MDkxNzE1MTE0OBIpWkxfQ04yMDE2MjA1MjYwMTMuN19DTjIwNTgxMzIyM1VfMjAxNjEyMjEaCGliMWIydWh6,kept,,,吴长江,,,,,蜂蜜提取机
WS2410,Wanfang,https://d.wanfangdata.com.cn/patent/Ch1QYXRlbnROZXdTb2xyOVMyMDI2MDkxNzE1MTE0OBIpWkxfQ04yMDE2MjA1MTg0NTMuOF9DTjIwNTgxMzIyMVVfMjAxNjEyMjEaCGliMWIydWh6,kept,,,吴长江,,,,,蜂蜜获取装置
WS2411,Wanfang,https://d.wanfangdata.com.cn/patent/Ch1QYXRlbnROZXdTb2xyOVMyMDI2MDkxNzE1MTE0OBIpWkxfQ04yMDE0MTAwMDQ4ODIuOV9DTjEwMzc0OTI4NUJfMjAxNjAzMDIaCGliMWIydWh6,kept,,,葛凤晨,,,,,对小面积植物实施三微蜜蜂授粉的方法和设备
WS2412,Wanfang,https://d.wanfangdata.com.cn/patent/Ch1QYXRlbnROZXdTb2xyOVMyMDI2MDkxNzE1MTE0OBIpWkxfQ04yMDE2MjA1MTg0NTUuN19DTjIwNTgxMzIyMlVfMjAxNjEyMjEaCGliMWIydWh6,kept,,,吴长江,,,,,蜂蜜榨出机
WS2413,Wanfang,https://d.wanfangdata.com.cn/patent/Ch1QYXRlbnROZXdTb2xyOVMyMDI2MDkxNzE1MTE0OBIpWkxfQ04yMDE2MjAyMTQxNDcuNV9DTjIwNTQwOTEyOFVfMjAxNjA4MDMaCGliMWIydWh6,kept,,,郑永春,,,,,一种蜜盖电动切割机
WS2414,Wanfang,https://d.wanfangdata.com.cn/patent/Ch1QYXRlbnROZXdTb2xyOVMyMDI2MDkxNzE1MTE0OBIpWkxfQ04yMDE0MTA1NjUwNDcuMl9DTjEwNDMwNDA5NUJfMjAxNjA4MTcaCGliMWIydWh6,kept,,,申磊,,,,,中华蜜蜂瓶式巢蜜平箱生产方法、生产装置及生产用巢框
WS2415,Wanfang,https://d.wanfangdata.com.cn/patent/Ch1QYXRlbnROZXdTb2xyOVMyMDI2MDkxNzE1MTE0OBIpWkxfQ04yMDE1MjA1MDAwMzQuN19DTjIwNDc5NjQ3OFVfMjAxNTExMjUaCGliMWIydWh6,kept,,,逯彦果,,,,,侧开门式蜜蜂蜂箱
WS2416,Wanfang,https://d.wanfangdata.com.cn/patent/Ch1QYXRlbnROZXdTb2xyOVMyMDI2MDkxNzE1MTE0OBIpWkxfQ04yMDE0MjA3ODM5NDkuOV9DTjIwNDMxNzI1OVVfMjAxNTA1MTMaCGliMWIydWh6,kept,,,黄祯荣,,,,,摇蜜机卡装巢脾的坯框
WS2417,Wanfang,https://d.wanfangdata.com.cn/cstad/CiRDc3RhZE5ld1NvbHI5UzIwMjUwOTI0MjAyNjA5MTUxNTA1NTMSCDkwMjA2MjM5GghpYjFiMnVoeg%3D%3D,kept,,,河北省衡水地区医院,,,,,保脾疗法治疗创伤性脾破裂的临床研究
WS2418,Wanfang,https://d.wanfangdata.com.cn/patent/Ch1QYXRlbnROZXdTb2xyOVMyMDI2MDkxNzE1MTE0OBIpWkxfQ04yMDE0MTA1NjUwNDcuMl9DTjEwNDMwNDA5NUFfMjAxNTAxMjgaCGliMWIydWh6,kept,,,申磊,,,,,中华蜜蜂瓶式巣蜜平箱生产方法、生产装置及生产用巢框
WS2419,Wanfang,https://d.wanfangdata.com.cn/cstad/CiRDc3RhZE5ld1NvbHI5UzIwMjUwOTI0MjAyNjA5MTUxNTA1NTMSCDY5NDAwMzcyGghpYjFiMnVoeg%3D%3D,kept,,,浙江农业大学,,,,,C型多功能蜂箱
WS2420,Wanfang,https://d.wanfangdata.com.cn/patent/Ch1QYXRlbnROZXdTb2xyOVMyMDI2MDkxNzE1MTE0OBIpWkxfQ04yMDE0MTAwMDQ4ODIuOV9DTjEwMzc0OTI4NUFfMjAxNDA0MzAaCGliMWIydWh6,kept,,,葛凤晨,,,,,对小面积植物实施三微蜜蜂授粉的方法和设备
WS2421,Wanfang,https://d.wanfangdata.com.cn/patent/Ch1QYXRlbnROZXdTb2xyOVMyMDI2MDkxNzE1MTE0OBIpWkxfQ04yMDEzMjAyNzYyNjUuNV9DTjIwMzIzMjIwOVVfMjAxMzEwMDkaCGliMWIydWh6,kept,,,蔡智慧,,,,,卡接式眼镜腿结构
WS2422,Wanfang,https://d.wanfangdata.com.cn/patent/Ch1QYXRlbnROZXdTb2xyOVMyMDI2MDkxNzE1MTE0OBIpWkxfQ04yMDEwMjAyODQ3NTIuMl9DTjIwMTc1ODY2NlVfMjAxMTAzMTYaCGliMWIydWh6,kept,,,姜希有,,,,,可转式蜜蜂蜂箱
WS2423,Wanfang,https://d.wanfangdata.com.cn/patent/Ch1QYXRlbnROZXdTb2xyOVMyMDI2MDkxNzE1MTE0OBInWkxfQ04yMDA0MTAwMTA4MzYuNl9DTjEyNTk4MjNDXzIwMDYwNjIxGghpYjFiMnVoeg%3D%3D,kept,,,葛凤晨,,,,,中蜂复脾野巢式盒蜜及生产方法和设备
WS2424,Wanfang,https://d.wanfangdata.com.cn/patent/Ch1QYXRlbnROZXdTb2xyOVMyMDI2MDkxNzE1MTE0OBInWkxfQ04yMDA0MTAwMTA4MzYuNl9DTjE1Njg2NzJBXzIwMDUwMTI2GghpYjFiMnVoeg%3D%3D,kept,,,葛凤晨,,,,,中蜂复脾野巢式盒蜜及生产方法和设备
WS2425,Wanfang,https://d.wanfangdata.com.cn/patent/Ch1QYXRlbnROZXdTb2xyOVMyMDI2MDkxNzE1MTE0OBIjWkxfQ04wMzIyOTMxNS4xX0NOMjYxNjUwNVlfMjAwNDA1MTkaCGliMWIydWh6,kept,,,黄卫东,,,,,成熟蜜脾运输箱
WS2426,Wanfang,https://d.wanfangdata.com.cn/patent/Ch1QYXRlbnROZXdTb2xyOVMyMDI2MDkxNzE1MTE0OBIjWkxfQ045ODEyMzUzMS5YX0NOMTA3OTE5MUNfMjAwMjAyMjAaCGliMWIydWh6,kept,,,袁俊丰,,,,,人工单面巢脾及其使用方法
WS2427,Wanfang,https://d.wanfangdata.com.cn/patent/Ch1QYXRlbnROZXdTb2xyOVMyMDI2MDkxNzE1MTE0OBIjWkxfQ045ODI0MzA4MC45X0NOMjM1NzQ5NllfMjAwMDAxMTIaCGliMWIydWh6,kept,,,袁俊丰,,,,,人工单面巢脾
WS2428,Wanfang,https://d.wanfangdata.com.cn/patent/Ch1QYXRlbnROZXdTb2xyOVMyMDI2MDkxNzE1MTE0OBIjWkxfQ045ODEyMzUzMS5YX0NOMTIxNTU0OEFfMTk5OTA1MDUaCGliMWIydWh6,kept,,,袁俊丰,,,,,人工单面巢脾及其使用方法
WS2429,Wanfang,https://d.wanfangdata.com.cn/cstad/CiRDc3RhZE5ld1NvbHI5UzIwMjUwOTI0MjAyNjA5MTUxNTA1NTMSBjg3MTIzNBoIaWIxYjJ1aHo%3D,kept,,,同济医科大学器官移植研究所,,,,,自体脾移植与保留性脾部分切除术实验研究与临床应用
WS2430,CBM,2025248678,kept,,2025,邹俊杰,,23,205,中国CT和MRI杂志,胸腔异位脾脏伴膈疝1例
WS2431,CBM,2025216223,kept,,2025,杨婷,,9,190,影像研究与医学应用,脾外伤切除后肝脏内异位脾脏1例报道
WS2432,CBM,2025203779,kept,,2025,杨婷,,9,192,影像研究与医学应用,胰腺内异位脾脏并表皮样囊肿1例报道及文献学习
WS2433,CBM,2025108284,kept,,2018,马含夕,,34,308,常州实用医学,异位脾种植1例
WS2434,CBM,2024232840,kept,,2023,刘飞,,43,806,中华消化杂志,超声内镜引导下细针纹身术对最大径≤3cm胰腺病变腹腔镜胰腺远端切除术的术前定位价值
WS2435,CBM,1984022372,kept,,1984,刘乐欣,,,46,中华器官移植杂志,脾脏移植概述
WS2436,CBM,2023195062,kept,,2023,刘魏然,,32,86,肿瘤影像学,肝内异位脾脏1例
WS2437,CBM,2022355009,kept,,2006,王跃忠,,14,19,中国保健,腹膜后异位脾脏1例
WS2438,CBM,2021271918,kept,,2021,张艺民,,13,214,中国循证心血管医学杂志,起搏电极导线引起心脏穿孔的处理策略研究
WS2439,CBM,2021206747,kept,,2020,尹志强,,12,31,中国农村卫生,经皮穿刺椎体成形术后骨水泥泄漏致心脏穿孔1例病例分析
WS2440,CBM,2019427485,kept,,2019,杨均均,,40,1685,广东医学,脾内移植肝细胞的功能和增殖情况探讨
WS2441,CBM,2019270243,kept,,2019,高龙飞,,27,286,中国矫形外科杂志,经皮椎体成形术后心脏水泥栓塞1例并文献分析
WS2442,CBM,2018331547,kept,,2018,柴伟,,18,114,中国微创外科杂志,腹腔镜胰体尾切除30例报告
WS2443,CBM,2017371297,kept,,2017,张传明,,37,701,中国实用外科杂志,腹腔镜治疗胃底体异位脾脏1例报告
WS2444,CBM,2017281141,kept,,2017,尚保军,,2,19,临床医学研究与实践,紧急心脏临时起搏治疗心脏急症的临床应用效果分析
WS2445,CBM,2016351716,kept,,2016,王春喜,,22,168,中国中西医结合外科杂志,15例异位脾脏的诊断和外科治疗
WS2446,CBM,2015743195,kept,,2015,施润,,32,2031,中华实验外科杂志,残胃联合脾脏移植胸腔治疗远端胃大部切除术后食管癌
WS2447,CBM,2015125252,kept,,2014,郑明霞,,26,1396,西部医学,射频消融并发心脏穿孔的围手术期观察与护理
WS2448,CBM,2014443050,kept,,2014,彭毅,,39,252,贵阳医学院学报,心脏永久起搏器植入464例并发症分析
WS2449,CBM,2014289306,kept,,2014,王洁琼,,34,391,基础医学与临床,沉默PARG基因增强局部对结肠癌的免疫应答
WS2450,CBM,2014205458,kept,,2013,万真,,17,9132,中国组织工程研究,异种肝前体细胞移植治疗急性肝损伤大鼠
WS2451,CBM,2013630224,kept,,2013,金银鹏,,,530,肝脏,人脂肪干细胞治疗急性肝功能衰竭大鼠疗效的探索
WS2452,CBM,2008195299,kept,,2008,王辉,,10,43,中国社区医师·医学专业,外伤性脾破裂的治疗体会
WS2453,CBM,2013605383,kept,,2013,董永光,,18,524,浙江创伤外科,外伤性脾破裂48例诊治体会
WS2454,CBM,2013520095,kept,,2013,张钧书,,,1123,浙江医学,肿瘤干细胞标志CD166在结肠癌中的表达及其临床生物学意义
WS2455,CBM,2007155650,kept,,2007,姜洪池,,13,289,中华肝胆外科杂志,我国脾脏外科发展路在何方
WS2456,CBM,2007140489,kept,,2007,陈曜,,32,474,重庆医科大学学报,肝再生增强因子联合肝细胞脾内移植治疗急性肝衰的实验研究
WS2457,CBM,2007136330,kept,,2007,石卫东,,17,288,中国癌症杂志,人胰腺癌高肝转移细胞株的建立及其意义
WS2458,CBM,2007130614,kept,,2007,姜洪池,,12,101,外科理论与实践,我国脾脏外科的未来发展方向
WS2459,CBM,2007130606,kept,,2007,赵宪琪,,12,119,外科理论与实践,脾脏移植的发展现状
WS2460,CBM,2007360652,kept,,2007,贾鹏松,,5,844,实用全科医学,保脾手术治疗脾创伤32例
WS2461,CBM,2013415347,kept,,2013,申华,,,124,北方药学,外伤性脾破裂47例诊疗体会
WS2462,CBM,2013367692,kept,,2013,曾杰辉,,19,30,当代医学,外伤性脾破裂行脾切除手术疗效观察
WS2463,CBM,2013342284,kept,,2012,邱玲琍,,47,1035,江西医药,腹膜后异位脾脏误诊为“盆腔包块”1例
WS2464,CBM,2013238632,kept,,2012,宁树华,,10,569,中国医药指南,外伤性脾破裂70例治疗体会
WS2465,CBM,2013124218,kept,,2012,杨怡,,32,1132,基础医学与临床,PARG基因沉默对小鼠结肠癌CT26细胞肝转移影响
WS2466,CBM,2012555286,kept,,2012,盛永涛,,39,348,复旦学报·医学版,PARG基因沉默对大肠癌CT26细胞移植瘤生长与转移的影响
WS2467,CBM,2012456484,kept,,2012,王洁琼,,37,293,重庆医科大学学报,PARG基因沉默对肿瘤局部B220^+DEC205^+DC的影响
WS2468,CBM,2012409607,kept,,2012,冯渊,,37,84,重庆医科大学学报,经颈动脉途径肝动脉插管及脾内注射肝细胞移植治疗急性肝衰大鼠的疗效比较
WS2469,CBM,2012382797,kept,,2012,冯渊,,16,3314,中国组织工程研究,原代肝细胞的分离和移植
WS2470,CBM,2012334762,kept,,2012,胡波,,16,423,基层医学论坛,创伤性脾破裂98例治疗体会
WS2471,CBM,2011778713,kept,,2011,曲志军,,23,1992,中国民康医学,外伤性脾破裂的治疗体会
WS2472,CBM,2011686808,kept,,2011,陆瑜,,,33,中国社区医师·医学专业,外伤性脾破裂治疗43例体会
WS2473,CBM,2011638278,kept,,2011,王继洲,,28,1021,中华实验外科杂志,当前脾脏外科的研究热点与难点
WS2474,CBM,2011577958,kept,,2011,张善程,,19,44,中国伤残医学,外伤性脾破裂治疗的选择
WS2475,CBM,2011435921,kept,,2010,朱会文,,8,189,中外医学研究,外伤性脾破裂治疗45例体会
WS2476,CBM,2011406639,kept,,2011,沈向前,,36,74,中南大学学报·医学版,心导管术所致心脏压塞
WS2477,CBM,2011404517,kept,,2011,张国军,,17,35,河南外科学杂志,外伤性脾破裂88例治疗体会
WS2478,CBM,2011378721,kept,,2011,陈花,,28,245,中华实验外科杂志,CTLA4-Ig对肝细胞移植大鼠免疫耐受的作用及其机制
WS2479,CBM,2011358262,kept,,2010,陈焱,,,4305,实用医学杂志,人胚胎骨髓间充质干细胞大鼠脾脏移植后向肝脏的迁移与分化
WS2480,CBM,2011313416,kept,,2010,孙叶海,,20,882,中国现代医学杂志,主动固定起搏导线和被动起搏导线的应用比较研究
WS2481,CBM,2011170645,kept,,2010,陈胜平,,,1100,南京医科大学学报·自然科学版,绿色荧光蛋白标记的肝细胞移植治疗放射性肝损伤
WS2482,CBM,2010417573,kept,,2010,范学圣,,,585,中华小儿外科杂志,游走脾脏1例
WS2483,CBM,2010395238,kept,,2010,李振华,,19,605,临床医药实践,外伤性脾破裂治疗43例体会
WS2484,CBM,2010340440,kept,,2010,华浩水,,,66,当代医学,外伤性脾破裂的治疗体会
WS2485,CBM,2010256545,kept,,2010,霍景山,,,20,中华普通外科杂志,脾大部切除及食管横断吻合术治疗肝硬化门静脉高压症的血流动力学研究
WS2486,CBM,2010256309,kept,,2010,胡小花,,,23,中华小儿外科杂志,小儿游离脾扭转1例
WS2487,CBM,2010247766,kept,,2010,王立军,,4,57,中国现代药物应用,外伤性脾破裂31例手术治疗体会
WS2488,CBM,2010235338,kept,,2010,李生,,29,82,中外医疗,外伤性脾破裂的治疗体会
WS2489,CBM,2010168889,kept,,2010,王满仓,,,7,中国现代医生,不同途径移植大鼠骨髓间充质干细胞(BMSCs)对大鼠肝硬化的治疗作用
WS2490,CBM,2009535481,kept,,2009,刘波,,,1040,中国医师杂志,肝卵圆细胞经脾脏移植治疗肝纤维化的实验研究
WS2491,CBM,2009466948,kept,,2009,石泳中,,26,1569,医学临床研究,兔肝细胞的脾脏移植和定位初步研究
WS2492,CBM,2008412952,kept,,2008,刘锐,,25,528,中华实验外科杂志,微囊化细胞经脾脏移植治疗糖尿病
WS2493,CBM,2008412646,kept,,2008,陈焱,,25,1214,中华实验外科杂志,人胚胎骨髓间充质干细胞大鼠脾脏移植后向肝脏的迁移与分化的研究
WS2494,CBM,2008409632,kept,,2008,孙艳,,28,171,中华消化杂志,诱导分化的骨髓间充质干细胞不同途径移植治疗慢性肝损伤的研究
WS2495,CBM,2008405209,kept,,2007,苏伟,,29,818,中华肿瘤杂志,经门静脉注射重组p53腺病毒治疗肝转移肿瘤的实验研究
WS2496,CBM,2008402817,kept,,2008,周滔,,24,568,临床心血管病杂志,主动固定起搏导线导致心脏穿孔3例及文献复习
WS2497,CBM,2008347920,kept,,2008,刘迎娣,,16,1969,世界华人消化杂志,经脾脏hMSCs移植对乙酰氨基酚所致小鼠急性肝损伤的治疗作用
WS2498,CBM,2008146349,kept,,2008,李宗芳,,29,1,西安交通大学学报·医学版,脾脏的基础研究进展与展望
WS2499,CBM,2008085836,kept,,2008,吴磊,,,137,中国误诊学杂志,副脾误诊为肝脏肿瘤1例分析
WS2500,CBM,2008046129,kept,,2007,肖志明,,32,753,中南大学学报·医学版,裸鼠脾脏移植瘤模型在NGX6抗结肠癌转移作用研究中的应用
WS2501,CBM,2007389829,kept,,2007,,,11,8820,中国组织工程研究与临床康复,器官移植的学科特点
WS2502,CBM,2007190651,kept,,2007,侯利民,,28,232,中华器官移植杂志,耐受性树突状细胞延长大鼠移植脾存活时间
WS2503,CBM,2007155602,kept,,2007,陈曜,,15,378,中华肝脏病杂志,新生大鼠肝细胞脾内移植联合鼠肝再生增强因子治疗大鼠急性肝衰竭的疗效与免疫学机制
WS2504,CBM,2007090661,kept,,2007,zhang,,120,452,中华医学杂志·英文版,A 26-year clinical observation of splenic auto-transplantation and oesophageal transection anastomosis: a new treatment strategy in patients with portal hypertension
WS2505,CBM,2006325571,kept,,2006,陈艳,,12,784,中华肝胆外科杂志,肝细胞脾脏移植代谢性支持大鼠急性缺血性肝衰竭
WS2506,CBM,2006284826,kept,,2006,史永照,,27,946,第二军医大学学报,小剂量FK506作用下同种脾组织移植诱导大鼠原位肝移植术后免疫耐受的机制
WS2507,CBM,2006179517,kept,,2006,刘玉清,,5,790,临床和实验医学杂志,外伤性脾破裂43例治疗体会
WS2508,CBM,2006156541,kept,,2006,李羽,,27,879,第四军医大学学报,永生化肝细胞移植治疗肝衰竭
WS2509,CBM,2006051253,kept,,2006,侯远发,,6,43,岭南现代临床外科,43例外伤性脾破裂的治疗体会
WS2510,CBM,2005733148,kept,,2005,陈胜平,,25,567,苏州大学学报·医学版,肝细胞移植治疗放射性肝损伤的实验研究
WS2511,CBM,2005108694,kept,,2004,刘玉清,,1,44,中华现代外科学杂志,外伤性脾破裂治疗43例体会
WS2512,CBM,2005091999,kept,,2004,罗军,,27,590,新疆医科大学学报,肠道外引流的大鼠胰、脾、十二指肠移植模型的制作
WS2513,CBM,2005036063,kept,,2004,李羽,,15,8,透析与人工器官,肝细胞移植治疗大鼠急性肝衰竭的研究
WS2514,CBM,2005034290,kept,,2004,文志向,,24,722,中国实用外科杂志,脾脏移植术临床意义的再思考
WS2515,CBM,2003503412,kept,,2004,李羽,,12,1125,世界华人消化杂志,急性肝衰竭大鼠肝细胞移植的实验研究
WS2516,CBM,2003351405,kept,,2003,昌盛,,8,504,外科理论与实践,同种脾脏移植治疗血友病甲的若干问题
WS2517,CBM,2003128486,kept,,2002,张铁民,,8,658,中华肝胆外科杂志,脾移植术后早期管理体会:附5例报告
WS2518,CBM,2002264723,kept,,2002,陈震,,12,120,中国癌症杂志,健脾理气中药上调nm23表达
WS2519,CBM,2002234703,kept,,2002,刘昶,,3,682,中华新医学,影响大鼠带血管异位脾移植模型成功率的因素分析
WS2520,CBM,2002183391,kept,,2002,陈震,,9,46,中国临床医学,健脾理气中药抗肿瘤肝转移及其机理初步研究
WS2521,CBM,2002028002,kept,,2001,文志向,,14,215,腹部外科,尸体脾脏移植治疗血友病甲的临床观察
WS2522,CBM,2002002127,kept,,2001,姜洪池,,7,475,中华肝胆外科杂志,活体供脾脾脏移植治疗血友病甲5例
WS2523,CBM,2001274287,kept,,2001,王刚,,15,50,西北国防医学杂志,游走脾并脾蒂扭转
WS2524,CBM,2001082551,kept,,2000,陈天宇,,6,361,中华肝胆外科杂志,脾移植前去除成熟树突状细胞预防移植排斥反应的体外研究
WS2525,CBM,2000235669,kept,,2000,廖丹,,5,66,肝脏,肝细胞移植对急性肝衰竭大鼠的治疗作用及移植细胞生物学特性的研究
WS2526,CBM,2000223827,kept,,2000,张铁民,,13,138,腹部外科,抗生素在腹部器官移植术中的合理应用
WS2527,CBM,2000195661,kept,,2000,王坤杰,,14,181,中国修复重建外科杂志,异种移植中的移植物抗宿主病
WS2528,CBM,2000053374,kept,,1999,李建华,,9,224,医学影像学杂志,游走脾1例报告
WS2529,CBM,1999144758,kept,,1999,金正明,,4,124,外科理论与实践,脾扭转1例报告
WS2530,CBM,1998125317,kept,,1998,赵素真,,7,137,河南医学研究,布加氏综合征腔-房转流术的血流动力学研究及两种术式比较
WS2531,CBM,1998120110,kept,,1998,张正伟,,11,125,腹部外科,腹茧症3例诊治分析
WS2532,CBM,1998035929,kept,,1997,杨光汉,,18,423,四川医学,脾脏异位妊娠1例
WS2533,CBM,1997138480,kept,,1997,刘慎微,,18,174,中华器官移植杂志,血友病甲亲属供脾全脾移植后的凝血像变化
WS2534,CBM,1997066254,kept,,1997,王准,,17,248,苏州医学院学报,脾保留术18例报告
WS2535,CBM,1997023976,kept,,1994,曹辛,,,29,医学信息(云南),脾网:治疗游走脾的一种改进方法
WS2536,CBM,1997023050,kept,,1995,atsushi,,,82,枣庄医药,超声诊断游走脾的扭转
WS2537,CBM,1996142618,kept,,1996,郭天棋,,31,321,江西医药,游走脾误诊为右卵巢肿瘤1例
WS2538,CBM,1996085652,kept,,1996,于中海,,,80,中外医用放射技术,巨大异位脾蒂扭转致肠梗阻1例
WS2539,CBM,1996078672,kept,,1996,吴保平,,13,144,前卫医药杂志,东亚钳蝎毒对裸鼠移植瘤的抗转移作用
WS2540,CBM,1995147968,kept,,1995,颜亭样,,35,20,山东医药,肿瘤病人移植人胚胸腺和脾脏后的T细胞亚群变化
WS2541,CBM,1995135559,kept,,1995,李欣,,14,351,临床放射学杂志,急性脾扭转2例
WS2542,CBM,1995050185,kept,,1995,冷希圣,,22,29,国外医学·外科学分册,自体脾脏移植
WS2543,CBM,1995013926,kept,,1994,刘双艇,,,52,舟山医学,B超诊断肝硬化合并巨大游走脾1例
WS2544,CBM,1994045777,kept,,1994,乔海泉,,11,58,中华实验外科杂志,非门脉相续性部分脾脏移植的研究
WS2545,CBM,1994017313,kept,,1993,李索林,,14,168,中华小儿外科杂志,婴幼儿游走脾
WS2546,CBM,1992027695,kept,,1991,姜洪池,,6,214,普外临床,脾脏移植的近况
WS2547,CBM,1990027171,kept,,1990,郑红,,13,1,中华理疗杂志,氦-氖激光激活小鼠单核-巨噬细胞系统的实验观察
WS2548,CBM,1987032243,kept,,1987,李德霖,,,59,安徽医学,脾扭转1例报告
WS2549,CBM,1984022369,kept,,1983,陈忠豪,,,104,医学资料·病理专辑,脾性腺融合:附1例精索内付脾异位
WS2550,CBM,1984001921,kept,,1983,刘昌荣,,,7,中华医学会湖北分会外科学会和普外泌外小儿外烧伤整形学会成立暨学术会议,小儿脾扭转多次误诊的病例分析
