PMID,Title,Authors,Citation,First Author,Journal/Book,Publication Year,Create Date,PMCID,NIHMS ID,DOI
42787632,Laparoscopic Splenectomy for a Completely Infarcted Wandering Spleen After Prolonged Positional Abdominal Pain: A Case Report and Focused Literature Review.,"Awwad T, Jradi A, Deghaim R, Khalife M",Clin Case Rep. 2026 Sep 24;14(10):e73607. doi: 10.1002/ccr3.73607. eCollection 2026 Oct.,Awwad T,Clinical case reports,2026,2026/09/25 11:45,PMC13602819,,10.1002/ccr3.73607
42699937,The diagnostic challenge of wandering spleen with torsion: a rare cause of acute abdomen in children - a case report.,"Daher T, El-Mefleh N, Mkhibar M",Int J Surg Case Rep. 2026 Jul 30;138(9):3345-3348. doi: 10.1097/RC9.0000000000000696. eCollection 2026 Sep.,Daher T,International journal of surgery case reports,2026,2026/09/06 01:18,PMC13544840,,10.1097/RC9.0000000000000696
42699432,Ectopic splenic volvulus and infarction: a case report.,"Kinson M, Rathnasena T, Piratheep K",Int J Surg Case Rep. 2026 Aug 6;138(9):3526-3529. doi: 10.1097/RC9.0000000000000781. eCollection 2026 Sep.,Kinson M,International journal of surgery case reports,2026,2026/09/06 01:18,PMC13544680,,10.1097/RC9.0000000000000781
42639322,Torsion and Rupture of a Wandering Pelvic Accessory Spleen Associated with Essential Thrombocythemia: A Case Report.,"Suzuki A, Sato T, Hasegawa F, Enjoji M",Surg Case Rep. 2026;12(1):26-0232. doi: 10.70352/scrj.cr.26-0232. Epub 2026 Aug 22.,Suzuki A,Surgical case reports,2026,2026/08/25 11:38,PMC13503049,,10.70352/scrj.cr.26-0232
42593030,Retroperitoneal ectopic spleen identified during emergency laparotomy.,"Belen Aydogmus B, Bilgi Kirmaci M, Konur M, Balli E, Aydogmus YB, Canbek I, Ozdemir C",Ulus Travma Acil Cerrahi Derg. 2026 Aug;32(8):1008-1013. doi: 10.14744/tjtes.2025.11568.,Belen Aydogmus B,Ulusal travma ve acil cerrahi dergisi = Turkish journal of trauma & emergency surgery : TJTES,2026,2026/08/13 12:43,PMC13478498,,10.14744/tjtes.2025.11568
42572374,Pelvic Wandering Spleen Mimicking an Ovarian Germ Cell Tumor.,"Mammadova G, Ersak B, Kilic IC, Cakir C",J Obstet Gynaecol Res. 2026 Aug;52(8):e70458. doi: 10.1111/jog.70458.,Mammadova G,The journal of obstetrics and gynaecology research,2026,2026/08/10 06:37,PMC13454706,,10.1111/jog.70458
42565921,Mesenteroaxial gastric volvulus associated with a wandering spleen in an older woman treated with anterior gastropexy and splenectomy: a case report.,"Nomiya H, Ofuji K, Nosaka T, Tsuji A, Sugata R, Otsuki T, Taguchi S, Imamura Y, Nakamoto Y, Suto H",Clin J Gastroenterol. 2026 Aug 7. doi: 10.1007/s12328-026-02415-z.,Nomiya H,Clinical journal of gastroenterology,2026,2026/08/07 12:39,,,10.1007/s12328-026-02415-z
42519252,Splenic Torsion in a 16-Year-Old Female With a Wandering Spleen: A Case Report.,"Bani Abdel-Rahman GM, Halasah LH",Cureus. 2026 Jun 20;18(6):e111195. doi: 10.7759/cureus.111195. eCollection 2026 Jun.,Bani Abdel-Rahman GM,Cureus,2026,2026/07/28 18:35,PMC13384039,,10.7759/cureus.111195
42395192,Intermittent Torsion of a Wandering Spleen: A Case of Recurrent Acute Abdominal Pain.,"Altaif Z, Altaif M",Cureus. 2026 Jun 2;18(6):e110126. doi: 10.7759/cureus.110126. eCollection 2026 Jun.,Altaif Z,Cureus,2026,2026/07/03 10:11,PMC13326857,,10.7759/cureus.110126
42273556,Wandering spleen.,"Zhang Z, Zhang L, Liu X, Xu H",Hepatobiliary Surg Nutr. 2026 Jun 1;15(3):96. doi: 10.21037/hbsn-2026-1-0077. Epub 2026 May 26.,Zhang Z,Hepatobiliary surgery and nutrition,2026,2026/06/11 06:36,PMC13247767,,10.21037/hbsn-2026-1-0077
42241351,Laparoscopic splenopexy for splenic torsion in a patient with heterotaxy and single ventricle physiology: A rare case report.,"Malik MA, Shashikiran B",J Minim Access Surg. 2026 Apr 27. doi: 10.4103/jmas.jmas_586_25.,Malik MA,Journal of minimal access surgery,2026,2026/06/04 18:39,,,10.4103/jmas.jmas_586_25
42220417,Wandering Lymphoma: A Case of Wandering Spleen Secondary to Splenic Marginal Zone Lymphoma.,"Parker JB, Wilson C, Parrondo R, Alhaj Moustafa M",Case Rep Hematol. 2026 May 27;2026:8172177. doi: 10.1155/crh/8172177. eCollection 2026.,Parker JB,Case reports in hematology,2026,2026/06/01 08:04,PMC13215980,,10.1155/crh/8172177
42074645,Rare and Unusual Consequences of Blunt Abdominal Trauma-The Significance of Anatomical Anomalies.,"Rybicki M, Bialas B, Jachymczak W, Karolczak I, Kot J, Dobrowolska K, Czyzewski BM, Czyzewska J, Paszowski K, Klosinki KK",J Clin Med. 2026 Apr 9;15(8):2842. doi: 10.3390/jcm15082842.,Rybicki M,Journal of clinical medicine,2026,2026/05/04 06:33,PMC13116258,,10.3390/jcm15082842
42072796,Splenoses and Other Ectopic and Heterotopic Splenic Tissue: The Use of Long-Lasting Enhancement in Contrast-Enhanced Ultrasound to Avoid Unnecessary Intervention.,"Moller K, Faiss S, Lim A, Jenssen C, Dietrich CF",Diagnostics (Basel). 2026 Apr 15;16(8):1169. doi: 10.3390/diagnostics16081169.,Moller K,"Diagnostics (Basel, Switzerland)",2026,2026/05/04 06:32,PMC13115550,,10.3390/diagnostics16081169
42007203,Imaging findings of splenic volvulus in a wandering spleen: A radiology case report.,"Alfakhry A, Ghosen A, Hariri AA",Radiol Case Rep. 2026 Apr 2;21(6):2643-2647. doi: 10.1016/j.radcr.2026.03.017. eCollection 2026 Jun.,Alfakhry A,Radiology case reports,2026,2026/04/20 13:10,PMC13084344,,10.1016/j.radcr.2026.03.017
41975166,Surgical management of pediatric primary splenic lesions: safety and feasibility of transumbilical single-port laparoscopic partial splenectomy.,"Liu ZS, Yang Y, Bian J, Qi SQ",Updates Surg. 2026 Apr 13. doi: 10.1007/s13304-026-02552-7.,Liu ZS,Updates in surgery,2026,2026/04/14 00:32,,,10.1007/s13304-026-02552-7
41972881,Unusual case of an ectopic pre-uterine spleen.,"Schumacher G, Gebert U, Costa S, Prader S",J Minim Access Surg. 2026 Apr 13. doi: 10.4103/jmas.jmas_531_25.,Schumacher G,Journal of minimal access surgery,2026,2026/04/13 12:37,,,10.4103/jmas.jmas_531_25
41959687,"Splenic pathologies: A pictorial review of common, wandering, twisting and rare presentations.","Rumhumha AR, Mphephu PE, Gabuza LM",SA J Radiol. 2026 Mar 30;30(1):3366. doi: 10.4102/sajr.v30i1.3366. eCollection 2026.,Rumhumha AR,SA journal of radiology,2026,2026/04/10 06:33,PMC13058552,,10.4102/sajr.v30i1.3366
41948767,Elective Robotic Splenectomy for Wandering Spleen-Associated Pancreatitis: A Novel Case Report.,"Elshabrawi MN, Elkhattib I, Elraggal D, Elsayed B, Hansen N, Pradhan F",Clin Case Rep. 2026 Apr 3;14(4):e72385. doi: 10.1002/ccr3.72385. eCollection 2026 Apr.,Elshabrawi MN,Clinical case reports,2026,2026/04/08 12:16,PMC13051882,,10.1002/ccr3.72385
41847488,Multifocal costal osseous pneumatosis and osteomyelitis secondary to Clostridium botulinum in a dog.,"Depoix M, Haraschak J, Billhymer A, Kennedy C",Can Vet J. 2026 Mar 1;67(3):290-297. eCollection 2026 Mar.,Depoix M,The Canadian veterinary journal = La revue veterinaire canadienne,2026,2026/03/18 07:25,PMC12990001,,
41837052,Splenectomy vs. splenopexy and analysis of wandering spleen management across age groups: a case report.,"Kunwar A, Koirala D, Mandal SC, Mandal T, Shrestha V, Shah SP",Int J Surg Case Rep. 2026 Feb 16;138(3):1099-1104. doi: 10.1097/RC9.0000000000000302. eCollection 2026 Mar.,Kunwar A,International journal of surgery case reports,2026,2026/03/16 21:57,PMC12981801,,10.1097/RC9.0000000000000302
41836978,Wandering spleen: a rare and challenging diagnosis in pregnancy - a case report from Ethiopia.,"Yigzaw KT, Tegegne BA, Ashagrie FT, Birhanu AM, Wolle AM, Mohammed YA",Int J Surg Case Rep. 2026 Jan 30;138(3):438-443. doi: 10.1097/RC9.0000000000000001. eCollection 2026 Mar.,Yigzaw KT,International journal of surgery case reports,2026,2026/03/16 21:56,PMC12981876,,10.1097/RC9.0000000000000001
41773117,Splenic Torsion in a Patient With Situs Inversus Totalis and Polysplenia: Challenging Diagnosis and Treatment of a Rare Case.,"Zhu E, Giron H, Matter M, Schneider M",Cureus. 2026 Jan 29;18(1):e102609. doi: 10.7759/cureus.102609. eCollection 2026 Jan.,Zhu E,Cureus,2026,2026/03/03 06:30,PMC12949847,,10.7759/cureus.102609
41708114,Gastric Volvulus Complicated with a Wandering Spleen.,"Fujita K, Iwai A, Oh K, Mori T",Intern Med. 2026 Sep 15;65(18):2535-2536. doi: 10.2169/internalmedicine.6440-25. Epub 2026 Feb 17.,Fujita K,"Internal medicine (Tokyo, Japan)",2026,2026/02/19 01:35,,,10.2169/internalmedicine.6440-25
41560065,Recurrent gastric variceal bleeding due to wandering spleen - complete resolution following laparoscopic splenectomy: A case report.,"Jin BC, Seo SY, Baek HS, Kim SW",Medicine (Baltimore). 2026 Jan 16;105(3):e47197. doi: 10.1097/MD.0000000000047197.,Jin BC,Medicine,2026,2026/01/21 06:30,PMC12826139,,10.1097/MD.0000000000047197
41525125,Rare causes of acute abdomen in a paediatric surgery department: a 5-years review.,"Zangari A, Plessi C, Benigna A, Briganti V",Clin Ter. 2026 Jan-Feb;177(1):146-152. doi: 10.7417/CT.2026.1986.,Zangari A,La Clinica terapeutica,2026,2026/01/12 13:14,,,10.7417/CT.2026.1986
41522659,Acute Abdominal Pain in Pregnancy Revealing a Wandering Spleen With Infarction: A Case Report.,"Youssef YT, Baklola M, Elshazli A, Al-Bawah N, Mahmoud MA, Youssef T",Case Rep Surg. 2026 Jan 8;2026:6307093. doi: 10.1155/cris/6307093. eCollection 2026.,Youssef YT,Case reports in surgery,2026,2026/01/12 06:29,PMC12783679,,10.1155/cris/6307093
41476387,Wandering accessory paracervical spleen undergoing torsion in pregnancy: A challenging diagnosis and management.,"Caiaffa C, Weindelmayer J, Giacopuzzi S, Pedrazzoli E, Garzon S, Uccella S, Bosco M",Int J Gynaecol Obstet. 2026 Jul;174(1):485-487. doi: 10.1002/ijgo.70786. Epub 2025 Dec 31.,Caiaffa C,International journal of gynaecology and obstetrics: the official organ of the International Federation of Gynaecology and Obstetrics,2026,2026/01/01 07:38,,,10.1002/ijgo.70786
41454945,Twisting in the abdomen and pelvis: a review of organ torsions.,"Waldron R, Murad V, Krishna S, O Brien C",Abdom Radiol (NY). 2026 Aug;51(8):4189-4199. doi: 10.1007/s00261-025-05346-4. Epub 2025 Dec 27.,Waldron R,Abdominal radiology (New York),2026,2025/12/27 17:51,,,10.1007/s00261-025-05346-4
41364221,Whirl sign in splenic torsion: an uncommon complication of wandering spleen.,"Aggarwal P, Madhusudhan KS",Abdom Radiol (NY). 2026 Jul;51(7):3716-3717. doi: 10.1007/s00261-025-05322-y. Epub 2025 Dec 9.,Aggarwal P,Abdominal radiology (New York),2026,2025/12/09 13:09,,,10.1007/s00261-025-05322-y
41109937,Ectopic Spleen in the Gastric Fundus.,"Zhuo Q, Wen P, Guan F",Dig Dis Sci. 2026 Apr;71(4):1145-1146. doi: 10.1007/s10620-025-09482-1. Epub 2025 Oct 18.,Zhuo Q,Digestive diseases and sciences,2026,2025/10/19 00:28,,,10.1007/s10620-025-09482-1
41583261,A Rare Case of a Large Diaphragmatic Hernia With Upward Hepatic Transposition.,"de Oliveira RF, de Almeida AHV, Mello LF, Leal AAA, Silva DF, Aragao JA, Abreu BJ",Cureus. 2025 Dec 24;17(12):e100034. doi: 10.7759/cureus.100034. eCollection 2025 Dec.,de Oliveira RF,Cureus,2025,2026/01/26 14:54,PMC12830166,,10.7759/cureus.100034
41378192,Gastric volvulus and wandering spleen in Pitt-Hopkins syndrome: first paediatric case report.,"Vasta G, Angotti R, Contini G, Perrotta ML, Molinaro F, Tarallo L, Plessi C, Briganti V",Front Pediatr. 2025 Nov 25;13:1705547. doi: 10.3389/fped.2025.1705547. eCollection 2025.,Vasta G,Frontiers in pediatrics,2025,2025/12/11 07:43,PMC12685921,,10.3389/fped.2025.1705547
41293622,Splenic Torsion in a Patient with Polysplenia Syndrome and Dorsal Pancreatic Agenesis: A Case Report.,"Kishida K, Nemoto H, Sarukawa H, Matsunaga R, Miyaji H, Yazawa N, Shimura K, Miyamae T",Surg Case Rep. 2025;11(1):25-0380. doi: 10.70352/scrj.cr.25-0380. Epub 2025 Nov 19.,Kishida K,Surgical case reports,2025,2025/11/26 06:29,PMC12643795,,10.70352/scrj.cr.25-0380
41132620,A puzzling pelvic passenger: case report of a wandering splenunculus.,Aumeerally MI,J Surg Case Rep. 2025 Oct 22;2025(10):rjaf841. doi: 10.1093/jscr/rjaf841. eCollection 2025 Oct.,Aumeerally MI,Journal of surgical case reports,2025,2025/10/24 06:26,PMC12542979,,10.1093/jscr/rjaf841
41113293,"Gastric Volvulus, Pancreatic Volvulus, and Wandering Spleen: A Rare Emergency Triad Behind Acute Abdomen.","Layegh P, Mahdavi Rafie A, Doostparast A",Clin Case Rep. 2025 Oct 15;13(10):e71007. doi: 10.1002/ccr3.71007. eCollection 2025 Oct.,Layegh P,Clinical case reports,2025,2025/10/20 12:31,PMC12528540,,10.1002/ccr3.71007
41113236,Gastric volvulus in an elderly male with a hiatal hernia and a wandering spleen: a case report.,"Alsobyani F, AbuAlshamat R, Alharthi G, Khayyat S, Gadah A",J Surg Case Rep. 2025 Oct 16;2025(10):rjaf808. doi: 10.1093/jscr/rjaf808. eCollection 2025 Oct.,Alsobyani F,Journal of surgical case reports,2025,2025/10/20 12:30,PMC12527824,,10.1093/jscr/rjaf808
41079801,"Wandering Spleen, A Rare Cause of Acute Abdomen: A Case Report.","Yambah JK, Ninson KA, Sulemana AS, Annan RE, Abayateye VNL, Donkor GA, Dokurugu M, Tobias N",Clin Case Rep. 2025 Oct 8;13(10):e71204. doi: 10.1002/ccr3.71204. eCollection 2025 Oct.,Yambah JK,Clinical case reports,2025,2025/10/13 12:30,PMC12507506,,10.1002/ccr3.71204
41049083,Splenic torsion in polysplenia syndrome: a rare cause of acute abdomen in a paediatric patient.,"Alaraby SOMA, Mukhtar SY, Ibrahim MY, Mohamed E, Hussein SAE, Idres MOM",J Surg Case Rep. 2025 Oct 3;2025(10):rjaf771. doi: 10.1093/jscr/rjaf771. eCollection 2025 Oct.,Alaraby SOMA,Journal of surgical case reports,2025,2025/10/06 12:31,PMC12494201,,10.1093/jscr/rjaf771
40951031,Splenic Pedicle Volvulus in a Wandering Spleen: A Rare Pediatric Emergency.,"M P N, Al Mnaseer MR, Siddiqui S, Mubeen A, Jamil Y",Cureus. 2025 Aug 13;17(8):e90043. doi: 10.7759/cureus.90043. eCollection 2025 Aug.,M P N,Cureus,2025,2025/09/15 12:33,PMC12432479,,10.7759/cureus.90043
40918681,A Case of Ectopic Spleen Transplanted Into the Sigmoid Colon and Pelvic Peritoneum.,"Liu M, Zhang M, Xiang J, Zhang Y, Liu J",Case Rep Med. 2025 Aug 29;2025:4875687. doi: 10.1155/carm/4875687. eCollection 2025.,Liu M,Case reports in medicine,2025,2025/09/08 12:43,PMC12413271,,10.1155/carm/4875687
40893905,Splenectomy for wandering spleen with pedicle torsion in a 17-year-old: a case report.,"Liu G, Shen Y, Jiao C, Zhang Y, Zhang X, Meng Q, Liu W",Front Med (Lausanne). 2025 Aug 14;12:1646831. doi: 10.3389/fmed.2025.1646831. eCollection 2025.,Liu G,Frontiers in medicine,2025,2025/09/02 22:34,PMC12391071,,10.3389/fmed.2025.1646831
40861332,Detorsion of Wandering Spleen Causes Significant Hypersplenism Resulting in Thrombocytopenia and Spinal Cord Injury: A Case Report.,"Innami Y, Mizuno Y, Yamada K, Takasawa K, Ito Y, Okamoto K, Hashimoto J, Ohira R, Shimoda K, Mizuno T, Kamiya T, Yoshii T, Takagi M, Aruga T",Surg Case Rep. 2025;11(1):25-0111. doi: 10.70352/scrj.cr.25-0111. Epub 2025 Aug 14.,Innami Y,Surgical case reports,2025,2025/08/27 20:47,PMC12377856,,10.70352/scrj.cr.25-0111
40830774,The enigmatic wandering spleen: managing three cases in a tertiary setting.,"Al Blooshi M, Aboelkheir A, Hiremath A, Jaber G, AlMarzouqi M",BMC Pediatr. 2025 Aug 19;25(1):631. doi: 10.1186/s12887-025-06005-9.,Al Blooshi M,BMC pediatrics,2025,2025/08/20 06:31,PMC12366119,,10.1186/s12887-025-06005-9
40821369,Wandering spleen torsion with splenic vein thrombosis: A case report.,"Benbrahim FZ, Essolaymany Z, Chaouche I, Akammar A, Haloua M, Alami B, Lamrani MYA, Boubbou M, Maaroufi M, Bouardi NE",Radiol Case Rep. 2025 Aug 9;20(11):5474-5477. doi: 10.1016/j.radcr.2025.05.050. eCollection 2025 Nov.,Benbrahim FZ,Radiology case reports,2025,2025/08/18 12:32,PMC12356290,,10.1016/j.radcr.2025.05.050
40821234,Torsion of an Accessory Spleen Presenting as Acute Right Iliac Fossa Pain: A Case Report.,"Ouachaou J, Driouich A, Sidayne M, El Khettab F, Youssef Z",Cureus. 2025 Jul 15;17(7):e88006. doi: 10.7759/cureus.88006. eCollection 2025 Jul.,Ouachaou J,Cureus,2025,2025/08/18 12:33,PMC12352590,,10.7759/cureus.88006
40808892,Massively Enlarged Wandering Spleen With Torsion and Infarction in a 10-Year-Old: Case Report and Comprehensive Literature Review.,"Sawaftah Z, Sawafta O, Rajha HE, Hassouneh A, Tawfiq Anati MD, Hussein AH, Abuayash AM, Taha HT, Rajab I",Case Rep Pediatr. 2025 Aug 6;2025:9927034. doi: 10.1155/crpe/9927034. eCollection 2025.,Sawaftah Z,Case reports in pediatrics,2025,2025/08/14 06:27,PMC12349995,,10.1155/crpe/9927034
40804705,Wandering Spleen in a Pediatric Lung Transplant Patient With Filamin A Deficiency: An Incidental Finding.,"Knight SE, Donado MY, Gazzaneo MC",Pediatr Transplant. 2025 Sep;29(6):e70161. doi: 10.1111/petr.70161.,Knight SE,Pediatric transplantation,2025,2025/08/14 06:28,PMC12350825,,10.1111/petr.70161
40764094,[Ultrasonic manifestations of splenic torsion in children].,"Zhao N, Pei GH, Xu WJ, Zhang HJ, Zhou D, Zhao J, Zhao XX",Zhonghua Yi Xue Za Zhi. 2025 Aug 5;105(29):2507-2510. doi: 10.3760/cma.j.cn112137-20250227-00466.,Zhao N,Zhonghua yi xue za zhi,2025,2025/08/06 00:27,,,10.3760/cma.j.cn112137-20250227-00466
40755659,An Adult Case of Gastric Volvulus Associated With Wandering Spleen: A Case Report.,"Slaoui H, Chaouche I, Ezzoulali Z, Ouazzani H, El Bouardi N, Alami B, Alaoui Lamrani MY, Boubbou M, Maaroufi M",Cureus. 2025 Jul 1;17(7):e87114. doi: 10.7759/cureus.87114. eCollection 2025 Jul.,Slaoui H,Cureus,2025,2025/08/04 12:27,PMC12314206,,10.7759/cureus.87114
40735167,Accessory spleen torsion: a hidden etiology of acute abdominal emergency.,"Sanabria Greciano L, Fernandez Alfonso A, Peinado Iribar B, Cano Alonso R, Alvarez Vazquez A, Martinez de Vega Fernandez V",BJR Case Rep. 2025 Jul 16;11(4):uaaf035. doi: 10.1093/bjrcr/uaaf035. eCollection 2025 Jul.,Sanabria Greciano L,BJR case reports,2025,2025/07/30 06:29,PMC12303862,,10.1093/bjrcr/uaaf035
40725800,Splenic Torsion Following Blunt Abdominal Trauma.,"Arkuszewski PT, Grochowska A, Jachymczak W, Klosinski KK",J Clin Med. 2025 Jul 18;14(14):5107. doi: 10.3390/jcm14145107.,Arkuszewski PT,Journal of clinical medicine,2025,2025/07/29 06:30,PMC12295792,,10.3390/jcm14145107
40682101,Acute splenic torsion in an adolescent with polysplenia syndrome: case report.,"Vassallo F, Panzuto F, Serra G, Caruso AM, Putignano L, Bommarito D, Corsello G, Salerno S",Ital J Pediatr. 2025 Jul 18;51(1):238. doi: 10.1186/s13052-025-02059-8.,Vassallo F,Italian journal of pediatrics,2025,2025/07/19 16:44,PMC12275450,,10.1186/s13052-025-02059-8
40611920,Ultrasonographic diagnosis of splenic torsion: a case report.,"Di Z, Zhao S",Front Surg. 2025 Jun 19;12:1586986. doi: 10.3389/fsurg.2025.1586986. eCollection 2025.,Di Z,Frontiers in surgery,2025,2025/07/04 06:27,PMC12222168,,10.3389/fsurg.2025.1586986
40607365,Case Report: Acute primary splenic torsion in a maned wolf (Chrysocyon brachyurus).,"Hernandez G, Picavet PP, Bruwier A, Soula M, Tovar-Lopez G",Front Vet Sci. 2025 Jun 18;12:1596698. doi: 10.3389/fvets.2025.1596698. eCollection 2025.,Hernandez G,Frontiers in veterinary science,2025,2025/07/03 17:33,PMC12214253,,10.3389/fvets.2025.1596698
40606585,Wandering spleen presenting as a pelvic mass: A rare case report and literature review.,"Siouri H, Betari H, Mojahid A, Mahi NE, Ziani H, Siham N, Kamaoui I, Skiker I",Radiol Case Rep. 2025 Jun 20;20(9):4469-4473. doi: 10.1016/j.radcr.2025.05.063. eCollection 2025 Sep.,Siouri H,Radiology case reports,2025,2025/07/03 06:28,PMC12221586,,10.1016/j.radcr.2025.05.063
40568276,Abdominal Pain Unveiled: Torsion of a Wandering Spleen in a Background of Biliary Stenting.,"Gautam P, Om P, Khan F, Dhabhai P, Goyal I",Cureus. 2025 May 26;17(5):e84819. doi: 10.7759/cureus.84819. eCollection 2025 May.,Gautam P,Cureus,2025,2025/06/26 06:26,PMC12195634,,10.7759/cureus.84819
40557005,Discontinuous Splenogonadal Fusion: A Case Report.,"Al-Bdairi FJ, Altoriahi KM, Alqzweni AA, Almayali JA, Kraidi MA",Cureus. 2025 May 25;17(5):e84795. doi: 10.7759/cureus.84795. eCollection 2025 May.,Al-Bdairi FJ,Cureus,2025,2025/06/25 06:25,PMC12187175,,10.7759/cureus.84795
40550875,About the management of patients with wandering spleen in pregnancy and postpartum.,"Daniela B, Sonia P",Arch Gynecol Obstet. 2025 Sep;312(3):991-996. doi: 10.1007/s00404-025-08009-3. Epub 2025 Jun 24.,Daniela B,Archives of gynecology and obstetrics,2025,2025/06/24 11:08,PMC12374910,,10.1007/s00404-025-08009-3
40529386,The Wanderer: Acute Abdomen Secondary to a Wandering Spleen.,"Lombardo T, Shah RR, Mazzie J",Case Rep Radiol. 2025 Jun 10;2025:6697671. doi: 10.1155/crra/6697671. eCollection 2025.,Lombardo T,Case reports in radiology,2025,2025/06/18 06:25,PMC12173544,,10.1155/crra/6697671
40507662,Wandering Accessory Spleen and Its Implications for Modern Clinical Practice.,"Grochowska A, Czyzewski BM, Klosinski KK, Arkuszewski PT",J Clin Med. 2025 Jun 1;14(11):3901. doi: 10.3390/jcm14113901.,Grochowska A,Journal of clinical medicine,2025,2025/06/13 06:35,PMC12155822,,10.3390/jcm14113901
40486164,A case of conservatively managed pelvic wandering spleen clinically mimicking uterine mass: A case report and literature review.,"Negasi M, Kassie B, Solomon A, Abraha M, Kahsay H, Gidey A",Radiol Case Rep. 2025 May 15;20(8):3765-3769. doi: 10.1016/j.radcr.2025.04.097. eCollection 2025 Aug.,Negasi M,Radiology case reports,2025,2025/06/09 12:31,PMC12144457,,10.1016/j.radcr.2025.04.097
40442357,Abnormal anatomical landmarks: the guide points of laparoscopic Ladd's surgery for neonatal congenital intestinal malrotation.,"Zeng X, Lian N, Wang X, Du D",Surg Endosc. 2025 Jul;39(7):4386-4391. doi: 10.1007/s00464-025-11764-8. Epub 2025 May 29.,Zeng X,Surgical endoscopy,2025,2025/05/30 01:47,,,10.1007/s00464-025-11764-8
40412853,Acute abdomen secondary to torsion of a wandering spleen.,"Garcia-Hidalgo C, Abellan Lopez M, Plasencia Martinez JM",Radiologia (Engl Ed). 2025 May-Jun;67(3):395-398. doi: 10.1016/j.rxeng.2024.11.006. Epub 2025 May 5.,Garcia-Hidalgo C,Radiologia,2025,2025/05/25 20:35,,,10.1016/j.rxeng.2024.11.006
40368246,A wandering spleen.,"Guerra F, Matarazzo F, Giuliani G, Coratti A",Clin Res Hepatol Gastroenterol. 2025 Jun;49(6):102614. doi: 10.1016/j.clinre.2025.102614. Epub 2025 May 12.,Guerra F,Clinics and research in hepatology and gastroenterology,2025,2025/05/15 00:36,,,10.1016/j.clinre.2025.102614
40347907,A case of torsed wandering spleen presenting as perforated acute appendicitis: A case report and literature review.,"Aljuba A, Al-Ihribat AR, AbuRahmeh B, Khashan N, Lbraheem K, Al Najajreh Y",Int J Surg Case Rep. 2025 Jun;131:111421. doi: 10.1016/j.ijscr.2025.111421. Epub 2025 May 9.,Aljuba A,International journal of surgery case reports,2025,2025/05/11 18:56,PMC12139484,,10.1016/j.ijscr.2025.111421
40306103,A painful twist: Wandering spleen with torsion and infarction: A case report.,"Elnour AS, Yagoub A, Saeed A, Nugud F, Alshaikh AA",Int J Surg Case Rep. 2025 Jun;131:111391. doi: 10.1016/j.ijscr.2025.111391. Epub 2025 Apr 28.,Elnour AS,International journal of surgery case reports,2025,2025/05/01 00:27,PMC12423696,,10.1016/j.ijscr.2025.111391
40231162,An Unusual Cause of Pediatric Anemia and Jaundice.,"Tang R, Wei DC, Fang Y, Zhou CX, Qi SQ",J Am Coll Emerg Physicians Open. 2025 Mar 28;6(3):100105. doi: 10.1016/j.acepjo.2025.100105. eCollection 2025 Jun.,Tang R,Journal of the American College of Emergency Physicians open,2025,2025/04/15 06:24,PMC11995703,,10.1016/j.acepjo.2025.100105
40191661,Ectopic splenic torsion-a challenging diagnosis in a resource-limited setting mimicking a gynecologic emergency: a case report.,"Feleke AA, Zemariam MA, Belay SA, Worku AT, Yigezaw GS, Addis NA, Yitina EF",J Surg Case Rep. 2025 Apr 4;2025(4):rjaf182. doi: 10.1093/jscr/rjaf182. eCollection 2025 Apr.,Feleke AA,Journal of surgical case reports,2025,2025/04/07 06:25,PMC11969148,,10.1093/jscr/rjaf182
40183998,Case report: laparoscopic keyhole splenopexy with composite mesh for wandering spleen.,"Cesana G, Rubicondo C, Uccelli M, Olmi S",Updates Surg. 2025 Aug;77(4):1261-1264. doi: 10.1007/s13304-025-02181-6. Epub 2025 Apr 4.,Cesana G,Updates in surgery,2025,2025/04/04 12:29,,,10.1007/s13304-025-02181-6
40120328,"Torsion of a wandering spleen, a rare cause of acute abdomen: A case report.","Melkamu H, Yohannes B, Asefa D, Debela A, Binyam F, Ali AO",Int J Surg Case Rep. 2025 Apr;129:111144. doi: 10.1016/j.ijscr.2025.111144. Epub 2025 Mar 12.,Melkamu H,International journal of surgery case reports,2025,2025/03/23 16:51,PMC11981770,,10.1016/j.ijscr.2025.111144
40065330,Pheochromocytoma in a patient with heterotaxy syndrome: a case report.,"Rad FF, Esfahanian F, Hashemizadeh P, Mehrtabar E",BMC Endocr Disord. 2025 Mar 10;25(1):65. doi: 10.1186/s12902-024-01829-5.,Rad FF,BMC endocrine disorders,2025,2025/03/11 06:26,PMC11892141,,10.1186/s12902-024-01829-5
40032560,Postpartum splenic torsion in a patient with a wandering spleen and splenomegaly.,"Bond ZE, Farooqui W, Kristensen TS, Penninga L",BMJ Case Rep. 2025 Mar 3;18(3):e259196. doi: 10.1136/bcr-2023-259196.,Bond ZE,BMJ case reports,2025,2025/03/04 00:21,,,10.1136/bcr-2023-259196
40030633,Torsion with necrosis of a wandering spleen in a child.,"Li X, Liu W, Li Y, Liao X, Liang S",Med Ultrason. 2025 Mar 2;27(1):110-111. doi: 10.11152/mu-4484.,Li X,Medical ultrasonography,2025,2025/03/03 18:23,,,10.11152/mu-4484
39990618,Emergency radiological evaluation of wandering spleen volvulus and infarction: A case report and review of literature.,"Kashbour M, Abuhlaiga M, Awan MA, Gashoot K",Radiol Case Rep. 2025 Feb 4;20(4):2203-2206. doi: 10.1016/j.radcr.2025.01.057. eCollection 2025 Apr.,Kashbour M,Radiology case reports,2025,2025/02/24 12:26,PMC11847500,,10.1016/j.radcr.2025.01.057
39968248,Acute Gastric Volvulus Associated with Wandering Spleen and Diaphragmatic Eventration in a 5-month-old Girl.,"Mandarano G, Torri F, Bulotta AL, Bosisio M, Parolini F, Boroni G, Alberti D",J Indian Assoc Pediatr Surg. 2025 Jan-Feb;30(1):81-86. doi: 10.4103/jiaps.jiaps_122_24. Epub 2025 Jan 2.,Mandarano G,Journal of Indian Association of Pediatric Surgeons,2025,2025/02/19 06:22,PMC11832090,,10.4103/jiaps.jiaps_122_24
39909795,A case of mesenteroaxial gastric volvulus with wandering spleen in a 2-year-old boy.,"Chen YH, Chang YT",Pediatr Neonatol. 2025 May;66(3):289-290. doi: 10.1016/j.pedneo.2024.12.002. Epub 2025 Jan 23.,Chen YH,Pediatrics and neonatology,2025,2025/02/06 00:20,,,10.1016/j.pedneo.2024.12.002
39897739,Wandering spleen with torsion in pelvic: A case report and literature review.,"Truong NX, Dung LT, Van Thu N, Giang HT, Van Hieu N, Van Hung N, Hoai NV, Chung NH, Loc TQ",Radiol Case Rep. 2025 Jan 14;20(4):1791-1794. doi: 10.1016/j.radcr.2024.12.047. eCollection 2025 Apr.,Truong NX,Radiology case reports,2025,2025/02/03 12:22,PMC11782806,,10.1016/j.radcr.2024.12.047
39891292,Splenic infarction following torsion of wandering spleen involving pancreatic tail successfully managed in resource limited setting: a case report.,"Gashaw Wubie A, Yirga B, Goedert MH",J Med Case Rep. 2025 Jan 31;19(1):41. doi: 10.1186/s13256-024-05003-2.,Gashaw Wubie A,Journal of medical case reports,2025,2025/02/01 20:44,PMC11786403,,10.1186/s13256-024-05003-2
39666269,Torsion of the wandering spleen with intestinal obstruction.,"Hosoi N, Sohda M, Hara K, Saito H, Sano A, Sakai M, Ogawa H, Shirabe K, Saeki H",Clin J Gastroenterol. 2025 Apr;18(2):389-392. doi: 10.1007/s12328-024-02082-y. Epub 2024 Dec 12.,Hosoi N,Clinical journal of gastroenterology,2025,2024/12/12 12:27,,,10.1007/s12328-024-02082-y
39654567,Intraperitoneal hemorrhage due to accessory spleen torsion: Case report.,"Hosoda K, Shimizu K, Tadokoro M, Miyazaki N",Radiol Case Rep. 2024 Nov 22;20(2):903-908. doi: 10.1016/j.radcr.2024.10.115. eCollection 2025 Feb.,Hosoda K,Radiology case reports,2025,2024/12/10 06:23,PMC11625100,,10.1016/j.radcr.2024.10.115
39615250,Wandering spleen with torsion causing an acute abdomen: A case report.,"Aregawi AB, Geremew TT",Int J Surg Case Rep. 2025 Jan;126:110678. doi: 10.1016/j.ijscr.2024.110678. Epub 2024 Nov 29.,Aregawi AB,International journal of surgery case reports,2025,2024/12/01 15:22,PMC11648267,,10.1016/j.ijscr.2024.110678
38986904,Wandering spleen as a cause of acute abdomen.,"Abellan Lopez M, Carrasco Gonzalez L, Flores Pastor BM, Soria Aledo V",Cir Esp (Engl Ed). 2025 Jan;103(1):54. doi: 10.1016/j.cireng.2024.05.019. Epub 2024 Jul 8.,Abellan Lopez M,Cirugia espanola,2025,2024/07/11 00:42,,,10.1016/j.cireng.2024.05.019
38240265,Totally laparoscopic partial splenectomy and gastropexy for a splenic cyst in a wandering spleen.,"Merchant TS, Kotawala H",J Minim Access Surg. 2025 Jan 1;21(1):77-79. doi: 10.4103/jmas.jmas_212_23. Epub 2024 Jan 19.,Merchant TS,Journal of minimal access surgery,2025,2024/01/19 12:43,PMC11838794,,10.4103/jmas.jmas_212_23
40729296,"Wandering Spleen Complicated by Thrombocytopenia, Acute Appendicitis, and Sepsis: A Case Report and Literature Review.","Inggriani S, Sulay CBH, Octavius GS",Reports (MDPI). 2024 Sep 2;7(3):73. doi: 10.3390/reports7030073.,Inggriani S,Reports (MDPI),2024,2025/07/29 18:31,PMC12225254,,10.3390/reports7030073
39705258,Analysis of associated malformations by computed tomography in adults with polysplenia syndrome: A pilot study.,"Gu X, Xu S, Chen J, Jiang X, Xie P, Fang X, Gao Y, Huang J, Liu K",PLoS One. 2024 Dec 20;19(12):e0312548. doi: 10.1371/journal.pone.0312548. eCollection 2024.,Gu X,PloS one,2024,2024/12/20 18:20,PMC11661641,,10.1371/journal.pone.0312548
39631916,Splenic torsion in a patient with paraplegia: considerations for evaluation and management.,"Calatayud B, Cooper AB, Noty C",BMJ Case Rep. 2024 Dec 4;17(12):e263013. doi: 10.1136/bcr-2024-263013.,Calatayud B,BMJ case reports,2024,2024/12/05 05:32,,,10.1136/bcr-2024-263013
39553140,Double Twist and Shout: An Emergency Caused by Torsion of the Ovary and the Wandering Spleen.,"Dreesen T, Kerckhofs A, Hosseini H, van Bergen L, Ramadhan A, Morreel S, Spinhoven M, Tjalma WA",Cureus. 2024 Oct 16;16(10):e71645. doi: 10.7759/cureus.71645. eCollection 2024 Oct.,Dreesen T,Cureus,2024,2024/11/18 06:22,PMC11567656,,10.7759/cureus.71645
39536671,A rare case of wandering spleen with splenomegaly in a postpartum female patient: A case report and literature review.,"Shale WT, Nureta TH, Omar AY, Philipo GS",Int J Surg Case Rep. 2024 Dec;125:110517. doi: 10.1016/j.ijscr.2024.110517. Epub 2024 Oct 24.,Shale WT,International journal of surgery case reports,2024,2024/11/14 03:54,PMC11605383,,10.1016/j.ijscr.2024.110517
39403664,Splenic Torsion From a Wandering Spleen.,"Hernandez RM, Duddy BJ, Iverson KJ",Cureus. 2024 Sep 13;16(9):e69369. doi: 10.7759/cureus.69369. eCollection 2024 Sep.,Hernandez RM,Cureus,2024,2024/10/15 10:17,PMC11471350,,10.7759/cureus.69369
39388371,Spectrum of Heterotopic and Ectopic Splenic Conditions.,"Nelson LW, Bugenhagen SM, Lubner MG, Bhalla S, Pickhardt PJ",Radiographics. 2024 Nov;44(11):e240004. doi: 10.1148/rg.240004.,Nelson LW,"Radiographics : a review publication of the Radiological Society of North America, Inc",2024,2024/10/10 18:50,,,10.1148/rg.240004
39387011,Computed tomography features and surgical treatment of wandering spleen torsion: A case report.,"Hamidi H, Osmani H, Zahin RM",Radiol Case Rep. 2024 Sep 24;19(12):6213-6216. doi: 10.1016/j.radcr.2024.08.146. eCollection 2024 Dec.,Hamidi H,Radiology case reports,2024,2024/10/10 06:23,PMC11461956,,10.1016/j.radcr.2024.08.146
39355703,Emphysematous splenic torsion in a German shepherd dog.,"Vaitkus LA, Gu J, Sukut SL",Can Vet J. 2024 Oct;65(10):1071-1075.,Vaitkus LA,The Canadian veterinary journal = La revue veterinaire canadienne,2024,2024/10/02 11:42,PMC11411475,,
39350792,Wandering spleen combined with pedicle torsion and splenic infarction: a rare case report and literature review.,"Cui Q, Xu X, Li C, Tang L",Front Pediatr. 2024 Sep 16;12:1429490. doi: 10.3389/fped.2024.1429490. eCollection 2024.,Cui Q,Frontiers in pediatrics,2024,2024/10/01 06:55,PMC11439698,,10.3389/fped.2024.1429490
39161211,Two cases of pediatric splenic torsion as a possible late complication of laparoscopic fundoplication.,"Hiraba T, Ogita H, Yokota T, Kondo S, Tanaka A, Shimono R, Kusaka T",Pediatr Int. 2024 Jan-Dec;66(1):e15810. doi: 10.1111/ped.15810.,Hiraba T,Pediatrics international : official journal of the Japan Pediatric Society,2024,2024/08/20 06:42,,,10.1111/ped.15810
39119536,Delayed presentation of splenic laceration in a postpartum patient: a case of wandering spleen.,"Zayed A, Samara E, Shubietah A, Awwad A, Zakaria Z, Daraghma R, Hajhamad M",J Surg Case Rep. 2024 Aug 8;2024(8):rjae499. doi: 10.1093/jscr/rjae499. eCollection 2024 Aug.,Zayed A,Journal of surgical case reports,2024,2024/08/09 06:42,PMC11308933,,10.1093/jscr/rjae499
39106744,Hidden for years: Torsion and infarction in the wandering spleen of a 45-year-old woman.,"Suliman A, Soud M, Elfaki H, Mohamed A, Mukhatar M, Suliman H",Int J Surg Case Rep. 2024 Sep;122:110092. doi: 10.1016/j.ijscr.2024.110092. Epub 2024 Aug 3.,Suliman A,International journal of surgery case reports,2024,2024/08/07 00:42,PMC11347857,,10.1016/j.ijscr.2024.110092
38982911,Ex-situ Open Approach Spleen Preserving Splenic Hilum Lymphadenectomy.,Moldovan SC,Chirurgia (Bucur). 2024 Jun;119(3):330-341. doi: 10.21614/chirurgia.2024.v.119.i.3.p.330.,Moldovan SC,"Chirurgia (Bucharest, Romania : 1990)",2024,2024/07/10 06:42,,,10.21614/chirurgia.2024.v.119.i.3.p.330
38972105,Bochdalek's hernia in adults: A unique case with gastric volvulus and intrathoracic kidney.,"Farwati R, Ghedda SA, Aboudan R, Ataya J, Abdulhakim H",Int J Surg Case Rep. 2024 Aug;121:110006. doi: 10.1016/j.ijscr.2024.110006. Epub 2024 Jul 4.,Farwati R,International journal of surgery case reports,2024,2024/07/08 00:43,PMC11277729,,10.1016/j.ijscr.2024.110006
38881967,Gastric volvulus with necrosis and gangrene associated with wandering spleen: A rare case report from Syria.,"Hanifa H, Al-Shami K, Al-Shaher T, Ataya J, Al-Abrass M, Moezzen H, Ghannam T",SAGE Open Med Case Rep. 2024 Jun 14;12:2050313X241262141. doi: 10.1177/2050313X241262141. eCollection 2024.,Hanifa H,SAGE open medical case reports,2024,2024/06/17 06:43,PMC11179459,,10.1177/2050313X241262141
38839447,Wandering spleen: Diagnosis and treatment.,"Poirier A, Ben Bader M, Reibel N",J Visc Surg. 2024 Dec;161(6):402-403. doi: 10.1016/j.jviscsurg.2024.05.005. Epub 2024 Jun 4.,Poirier A,Journal of visceral surgery,2024,2024/06/06 01:14,,,10.1016/j.jviscsurg.2024.05.005
38824616,[Torsion of the wandering spleen in childhood - report of 3 cases].,"Ronaky R, Farkas A, Lazary G, Farkas L, Mohay G, Vastyan A",Orv Hetil. 2024 Jun 2;165(22):866-871. doi: 10.1556/650.2024.33054. Print 2024 Jun 2.,Ronaky R,Orvosi hetilap,2024,2024/06/02 19:35,,,10.1556/650.2024.33054
38823227,Wandering Spleen in a 47-year-old female treated by non-operative conservative management. Case report and literature review.,"Nhungo CJ, Nsato SB, Lwakatare FA, Mbaga AA, Lyimo FR, Mwanga AH",Int J Surg Case Rep. 2024 Jul;120:109834. doi: 10.1016/j.ijscr.2024.109834. Epub 2024 May 28.,Nhungo CJ,International journal of surgery case reports,2024,2024/06/02 00:43,PMC11176938,,10.1016/j.ijscr.2024.109834
38790071,Wandering spleen presenting in the form of right sided pelvic mass and pain in a patient with AD-PCKD: a case report and review of the literature.,"Shibiru YA, Wondimu S, Almaw W",J Med Case Rep. 2024 May 25;18(1):259. doi: 10.1186/s13256-024-04580-6.,Shibiru YA,Journal of medical case reports,2024,2024/05/25 05:43,PMC11127297,,10.1186/s13256-024-04580-6
38789529,Neutrophils disrupt B-1a cell homeostasis by targeting Siglec-G to exacerbate sepsis.,"Tan C, Reilly B, Ma G, Murao A, Jha A, Aziz M, Wang P",Cell Mol Immunol. 2024 Jul;21(7):707-722. doi: 10.1038/s41423-024-01165-7. Epub 2024 May 24.,Tan C,Cellular & molecular immunology,2024,2024/05/25 05:43,PMC11214631,,10.1038/s41423-024-01165-7
38776970,Spherocytosis as an indicator of fragmentation injury in dogs with splenic torsion.,"Beeston D, Szladovits B, Cortellini S",J Am Vet Med Assoc. 2024 May 22;262(9):1-6. doi: 10.2460/javma.24.03.0148. Print 2024 Sep 1.,Beeston D,Journal of the American Veterinary Medical Association,2024,2024/05/23 00:42,,,10.2460/javma.24.03.0148
38704970,Torsion of a wandering spleen in a pregnant patient presented with acute abdomen: A case report.,"Chekol AM, Abzaw AT, Abebe SH, Semagn ZA, Hassen BM",Int J Surg Case Rep. 2024 Jun;119:109721. doi: 10.1016/j.ijscr.2024.109721. Epub 2024 May 1.,Chekol AM,International journal of surgery case reports,2024,2024/05/06 00:52,PMC11087991,,10.1016/j.ijscr.2024.109721
38694347,Wandering spleen in a postpartum female: a case report.,"Rasheed O, Wassouf A, Abo Al Shamat A, Daoud R, Knaj D, Ahmad G",Ann Med Surg (Lond). 2024 Mar 18;86(5):3099-3102. doi: 10.1097/MS9.0000000000001960. eCollection 2024 May.,Rasheed O,Annals of medicine and surgery (2012),2024,2024/05/02 06:42,PMC11060191,,10.1097/MS9.0000000000001960
38689812,Volvulus of a wandering spleen in a pediatric patient.,"Ferrara D, Vallone G, Russo S, Rossi E, Riccio C, Rinaldo AM, Zeccolini R, Zeccolini M, Esposito F",Radiol Case Rep. 2024 Apr 24;19(7):2864-2867. doi: 10.1016/j.radcr.2024.03.004. eCollection 2024 Jul.,Ferrara D,Radiology case reports,2024,2024/05/01 06:56,PMC11058064,,10.1016/j.radcr.2024.03.004
38615066,Splenic torsion mistaken for an ovarian cyst: a case report.,"Ahmed S, Iqbal S, Batool S, Khan R",J Med Case Rep. 2024 Apr 14;18(1):181. doi: 10.1186/s13256-024-04502-6.,Ahmed S,Journal of medical case reports,2024,2024/04/14 00:42,PMC11016203,,10.1186/s13256-024-04502-6
38612596,The Dual Role of Neutrophil Extracellular Traps (NETs) in Sepsis and Ischemia-Reperfusion Injury: Comparative Analysis across Murine Models.,"Kiwit A, Lu Y, Lenz M, Knopf J, Mohr C, Ledermann Y, Klinke-Petrowsky M, Pagerols Raluy L, Reinshagen K, Herrmann M, Boettcher M, Elrod J",Int J Mol Sci. 2024 Mar 28;25(7):3787. doi: 10.3390/ijms25073787.,Kiwit A,International journal of molecular sciences,2024,2024/04/13 10:43,PMC11011604,,10.3390/ijms25073787
38549360,Atypically located accessory splenic hemangiosarcoma in a Dog: Diagnostic value of triple-phase computed tomography.,"Yun D, Choi J, Baek YB, Cho KO, Lee K, Lee SK",Vet Med Sci. 2024 May;10(3):e1431. doi: 10.1002/vms3.1431.,Yun D,Veterinary medicine and science,2024,2024/03/29 06:46,PMC10979114,,10.1002/vms3.1431
38533436,A large gastric splenosis mimicking gastrointestinal stromal tumor: A case report and literature review.,"Li X, Hu X, Wang P, Hu G, Zhou B, Cai J",Exp Ther Med. 2024 Mar 7;27(5):186. doi: 10.3892/etm.2024.12474. eCollection 2024 May.,Li X,Experimental and therapeutic medicine,2024,2024/03/27 06:43,PMC10964733,,10.3892/etm.2024.12474
38529386,The imaging features of ectopic spleen: which modality is more consistent? A cases series report and literature reviews.,"Xiao M, Liang J, Ren J, Zheng R, Wu L",Front Oncol. 2024 Mar 11;14:1310394. doi: 10.3389/fonc.2024.1310394. eCollection 2024.,Xiao M,Frontiers in oncology,2024,2024/03/26 06:45,PMC10961413,,10.3389/fonc.2024.1310394
38445142,Wandering Spleen Torsion: A Diagnostic Challenge.,"Eleiwi M, Atatri Y, Younis O, Zuhd J, Awadghanem A, Qashoo A, Sholi S, Bustame S",Cureus. 2024 Feb 4;16(2):e53552. doi: 10.7759/cureus.53552. eCollection 2024 Feb.,Eleiwi M,Cureus,2024,2024/03/06 06:43,PMC10913703,,10.7759/cureus.53552
38404444,Iatrogenic wandering spleen causing gastric outlet obstruction and perforation.,"Lieb KR, Beaulieu D, Dhir M",J Surg Case Rep. 2024 Feb 22;2024(2):rjae088. doi: 10.1093/jscr/rjae088. eCollection 2024 Feb.,Lieb KR,Journal of surgical case reports,2024,2024/02/26 06:45,PMC10884729,,10.1093/jscr/rjae088
38402100,Spleno-Sigmoid Knotting - An Unfamiliar Cause of Intestinal Obstruction.,"Gebretsion MT, Mergiyaw YA, Shumargaw AT",Am J Emerg Med. 2024 Apr;78:241.e1-241.e3. doi: 10.1016/j.ajem.2024.02.027. Epub 2024 Feb 20.,Gebretsion MT,The American journal of emergency medicine,2024,2024/02/25 00:42,,,10.1016/j.ajem.2024.02.027
38370603,Laparoscopic exploration of a wandering spleen in a complex adolescent case with sigmoid volvulus and left-side portal hypertension: a case report.,"Rafei A, Hilal NA",J Surg Case Rep. 2024 Feb 13;2024(2):rjae059. doi: 10.1093/jscr/rjae059. eCollection 2024 Feb.,Rafei A,Journal of surgical case reports,2024,2024/02/19 06:42,PMC10871695,,10.1093/jscr/rjae059
38308980,Gastric volvulus and splenopancreatic torsion with wandering spleen: A case report.,"Belayneh ES, Belete AW, Mitku A, Ahmed HM, Yirdaw H, Ketema T",Int J Surg Case Rep. 2024 Mar;116:109338. doi: 10.1016/j.ijscr.2024.109338. Epub 2024 Feb 2.,Belayneh ES,International journal of surgery case reports,2024,2024/02/04 00:42,PMC10847792,,10.1016/j.ijscr.2024.109338
38304753,Splenic torsion in a cat with chronic anemia.,"Bucknoff MC, Rolph KE",JFMS Open Rep. 2024 Jan 31;10(1):20551169231216405. doi: 10.1177/20551169231216405. eCollection 2024 Jan-Jun.,Bucknoff MC,JFMS open reports,2024,2024/02/02 06:43,PMC10832429,,10.1177/20551169231216405
37985350,Splenic torsion as a cause of acute abdomen.,"Lajusticia H, Bronte A, Ruiz Marzo R",An Pediatr (Engl Ed). 2024 Jan;100(1):79-80. doi: 10.1016/j.anpede.2023.11.004. Epub 2023 Nov 18.,Lajusticia H,Anales de pediatria,2024,2023/11/21 01:07,,,10.1016/j.anpede.2023.11.004
37976521,"""Wandering Spleen"" With Lymphomatous Involvement.","Cagliyan F, Balaban Genc ZC, Dede F, Erdil TY",Clin Nucl Med. 2024 Jan 1;49(1):71-73. doi: 10.1097/RLU.0000000000004949. Epub 2023 Nov 16.,Cagliyan F,Clinical nuclear medicine,2024,2023/11/17 18:42,,,10.1097/RLU.0000000000004949
37423540,Isolated gastric varices resulting from a wandering spleen.,"Chen A, Li Q, Zhao L, Zhang C, Wang G",Gastrointest Endosc. 2024 Jan;99(1):121-122. doi: 10.1016/j.gie.2023.07.005. Epub 2023 Jul 7.,Chen A,Gastrointestinal endoscopy,2024,2023/07/10 00:41,,,10.1016/j.gie.2023.07.005
38222125,Wandering Spleen After Sleeve Gastrectomy as a Cause of Sigmoid Volvulus.,"Snyder EN, Rao A, Rehrig ST Jr",Cureus. 2023 Dec 13;15(12):e50447. doi: 10.7759/cureus.50447. eCollection 2023 Dec.,Snyder EN,Cureus,2023,2024/01/15 06:42,PMC10785998,,10.7759/cureus.50447
38033686,Wandering spleen; a rare clinical presentation of chronic pain with acute torsion.,"Ghasemi S, Najari D, Mirhosseini M, Refaei M",Clin Case Rep. 2023 Nov 27;11(12):e8270. doi: 10.1002/ccr3.8270. eCollection 2023 Dec.,Ghasemi S,Clinical case reports,2023,2023/11/30 18:45,PMC10682236,,10.1002/ccr3.8270
38011954,Mesenteroaxial volvulus due to wandering spleen: a unique repair via mesenteric splenopexy and gastropexy.,"Chopko TC, Schassberger M, Bingener J",BMJ Case Rep. 2023 Nov 27;16(11):e258235. doi: 10.1136/bcr-2023-258235.,Chopko TC,BMJ case reports,2023,2023/11/28 00:42,PMC10685920,,10.1136/bcr-2023-258235
37904894,Wandering Spleen and Acute Gastric Volvulus in an Elderly Woman with Acute Abdomen: A Case Report.,"Basu S, Pratap A, Bhartiya SK, Shukla VK",Clin Exp Gastroenterol. 2023 Oct 25;16:181-185. doi: 10.2147/CEG.S428679. eCollection 2023.,Basu S,Clinical and experimental gastroenterology,2023,2023/10/31 06:42,PMC10613404,,10.2147/CEG.S428679
37901012,Wandering spleen torsion with portal vein thrombosis: A case report.,"Zhu XY, Ji DX, Shi WZ, Fu YW, Zhang DK",World J Clin Cases. 2023 Oct 6;11(28):6955-6960. doi: 10.12998/wjcc.v11.i28.6955.,Zhu XY,World journal of clinical cases,2023,2023/10/30 06:47,PMC10600865,,10.12998/wjcc.v11.i28.6955
37860287,Volvulus of a wandering enlarged pelvic spleen involving pancreatic tail: A case report.,"Lakmal K, Nagasinghe SU, Niruban G, Chandraguptha MR, Kalaiyukan S, Wijesinghe K, Nandasena M",SAGE Open Med Case Rep. 2023 Oct 16;11:2050313X231205812. doi: 10.1177/2050313X231205812. eCollection 2023.,Lakmal K,SAGE open medical case reports,2023,2023/10/20 06:42,PMC10583505,,10.1177/2050313X231205812
37839258,Wandering spleen causing small bowel obstruction: Laparoscopic surgical treatment (with video).,"Petrucciani N, Barone SC, Mucaj L, D'Angelo F, Aurello P, Silecchia G",Int J Surg Case Rep. 2023 Nov;112:108961. doi: 10.1016/j.ijscr.2023.108961. Epub 2023 Oct 13.,Petrucciani N,International journal of surgery case reports,2023,2023/10/16 00:41,PMC10667868,,10.1016/j.ijscr.2023.108961
37797525,"Splenic torsion, a challenging diagnosis in an adult presenting with acute abdomen.","Subunca R, Sriluxayini M, Priyatharsan K, Mayorathan U, Vinojan S, Heerthikan K",Int J Surg Case Rep. 2023 Oct;111:108898. doi: 10.1016/j.ijscr.2023.108898. Epub 2023 Oct 3.,Subunca R,International journal of surgery case reports,2023,2023/10/06 00:43,PMC10558308,,10.1016/j.ijscr.2023.108898
37727144,Wandering spleen with acute torsion mimicking an adnexal mass.,"Khan H, Fatima K, Aman M, Khan F, Khan P, Safi MI",Radiol Case Rep. 2023 Sep 8;18(11):4094-4098. doi: 10.1016/j.radcr.2023.08.069. eCollection 2023 Nov.,Khan H,Radiology case reports,2023,2023/09/20 06:42,PMC10505588,,10.1016/j.radcr.2023.08.069
37716902,IMAGING MANIFESTATIONS OF WANDERING SPLEEN WITH TORSION.,"Wu T, Chen S, Qin L, Zhang M",J Emerg Med. 2023 Oct;65(4):e330-e334. doi: 10.1016/j.jemermed.2023.06.003. Epub 2023 Jun 23.,Wu T,The Journal of emergency medicine,2023,2023/09/17 00:41,,,10.1016/j.jemermed.2023.06.003
37581126,Situs Inversus Partialis With a Wandering Spleen Having a Single Atrium: A Rare Tale of Survival.,"Deolikar V, Gemnani RR, Saboo K, Kumar S, Acharya S",Cureus. 2023 Jul 14;15(7):e41860. doi: 10.7759/cureus.41860. eCollection 2023 Jul.,Deolikar V,Cureus,2023,2023/08/15 06:42,PMC10423321,,10.7759/cureus.41860
37567471,Torsion of pelvic wandering spleen with infarction.,"Zhou XB, Li BX, Liu W",Am J Med Sci. 2023 Dec;366(6):e107-e108. doi: 10.1016/j.amjms.2023.08.005. Epub 2023 Aug 10.,Zhou XB,The American journal of the medical sciences,2023,2023/08/12 10:42,,,10.1016/j.amjms.2023.08.005
37531882,"Huge accessory spleen with torsion, mimicking splenic lymphangioma: A case report and review of the literature.","Haidari M, Malakzai HA, Haidary AM, Faizi FR, Abdul-Ghafar J",Int J Surg Case Rep. 2023 Aug;109:108597. doi: 10.1016/j.ijscr.2023.108597. Epub 2023 Jul 29.,Haidari M,International journal of surgery case reports,2023,2023/08/03 01:06,PMC10400468,,10.1016/j.ijscr.2023.108597
37519610,Splenic Capsule Injury: A Rare Complication of Sigmoid Volvulus.,"Miftari R, Gazzetta J",Cureus. 2023 Jun 28;15(6):e41118. doi: 10.7759/cureus.41118. eCollection 2023 Jun.,Miftari R,Cureus,2023,2023/07/31 06:43,PMC10382788,,10.7759/cureus.41118
37332428,Accessory Spleen Mimicking an Intrahepatic Neoplasm: A Rare Case Report.,"M S P, Matthew C, Rajendran RR",Cureus. 2023 May 18;15(5):e39185. doi: 10.7759/cureus.39185. eCollection 2023 May.,M S P,Cureus,2023,2023/06/19 06:42,PMC10276632,,10.7759/cureus.39185
37305869,A case of splenogonadal fusion in the left testis.,Zhou T,Clin Case Rep. 2023 Jun 8;11(6):e7264. doi: 10.1002/ccr3.7264. eCollection 2023 Jun.,Zhou T,Clinical case reports,2023,2023/06/12 06:42,PMC10250685,,10.1002/ccr3.7264
37288173,Torsion of the Accessory Spleen in a Child With Acute Abdomen.,"Cakmak M 2nd, Akyel NG",Cureus. 2023 May 6;15(5):e38643. doi: 10.7759/cureus.38643. eCollection 2023 May.,Cakmak M 2nd,Cureus,2023,2023/06/08 06:42,PMC10243378,,10.7759/cureus.38643
37265917,Acute Gastric Volvulus With Wandering Spleen in a Two-Year-Old Child: A Rare Association.,"Bhambu SK, Awasthi PK, Mangal R, Mehta R, N S",Cureus. 2023 May 1;15(5):e38386. doi: 10.7759/cureus.38386. eCollection 2023 May.,Bhambu SK,Cureus,2023,2023/06/02 13:15,PMC10231407,,10.7759/cureus.38386
37263001,A wandering spleen with 720 degrees torsion and persistent ascending and descending mesocolon in a 5-year-old Syrian male: A case report.,"Ahmad H, Hamdar H, Nahle AA, Martini N, Alkhatib Z",Int J Surg Case Rep. 2023 Jun;107:108319. doi: 10.1016/j.ijscr.2023.108319. Epub 2023 May 13.,Ahmad H,International journal of surgery case reports,2023,2023/06/02 01:07,PMC10310902,,10.1016/j.ijscr.2023.108319
37109765,Radiologic Findings of Single Accessory Splenic Infarction in a Patient with Accessory Spleens in the Abdominal Cavity: A Case Report.,"Xu N, Xu Y, Zhu Q",Medicina (Kaunas). 2023 Apr 20;59(4):807. doi: 10.3390/medicina59040807.,Xu N,"Medicina (Kaunas, Lithuania)",2023,2023/04/28 06:41,PMC10144062,,10.3390/medicina59040807
37007360,Wandering Spleen in a Patient With Significant Medical History.,"French J, Austin CL, Sodade FE, Beam ZT",Cureus. 2023 Feb 27;15(2):e35543. doi: 10.7759/cureus.35543. eCollection 2023 Feb.,French J,Cureus,2023,2023/04/04 06:00,PMC10056767,,10.7759/cureus.35543
36766707,"Midgut Volvulus Adds a Murine, Neutrophil-Driven Model of Septic Condition to the Experimental Toolbox.","Elrod J, Kiwit A, Lenz M, Rohde H, Bornigen D, Alawi M, Mohr C, Pagerols Raluy L, Trochimiuk M, Knopf J, Reinshagen K, Herrmann M, Boettcher M",Cells. 2023 Jan 19;12(3):366. doi: 10.3390/cells12030366.,Elrod J,Cells,2023,2023/02/12 06:00,PMC9913099,,10.3390/cells12030366
36752858,"Wandering liver, spleen, and kidney: what the radiologist needs to know.","Caruso MJ, Bidani K, Singh AK",Abdom Radiol (NY). 2023 May;48(5):1854-1861. doi: 10.1007/s00261-022-03789-7. Epub 2023 Feb 8.,Caruso MJ,Abdominal radiology (New York),2023,2023/02/09 06:00,,,10.1007/s00261-022-03789-7
36741617,Wandering Spleen: A Rare Case From the Emergency Department.,"Jawad M, Yusuf MH, Al Doaibel KA, Nesaif FM, Alharbi AS",Cureus. 2023 Jan 2;15(1):e33246. doi: 10.7759/cureus.33246. eCollection 2023 Jan.,Jawad M,Cureus,2023,2023/02/07 06:00,PMC9890613,,10.7759/cureus.33246
36688842,Gastric outlet obstruction secondary to a wandering spleen: systematic review and surgical management of a case.,"Moore E, O'Brien JW, Merali N, Farkas N, Madhavan A, Abbassi-Ghadi N, Preston S, Singh P",Ann R Coll Surg Engl. 2023 Jul;105(6):501-506. doi: 10.1308/rcsann.2022.0149. Epub 2023 Jan 23.,Moore E,Annals of the Royal College of Surgeons of England,2023,2023/01/24 06:00,PMC10313450,,10.1308/rcsann.2022.0149
36608635,Wandering spleen: An unsuspected presentation at a general hospital in Uganda.,"Salvador L, Agaba L, Mukisa B, Amone J, Odaga J",Int J Surg Case Rep. 2023 Jan;102:107863. doi: 10.1016/j.ijscr.2022.107863. Epub 2023 Jan 4.,Salvador L,International journal of surgery case reports,2023,2023/01/08 06:00,PMC9826802,,10.1016/j.ijscr.2022.107863
36563504,Surgical resection for accessory spleen torsion: A case report.,"Kuroiwa M, Takayama H, Uchikawa Y, Shimada R",Int J Surg Case Rep. 2023 Jan;102:107835. doi: 10.1016/j.ijscr.2022.107835. Epub 2022 Dec 13.,Kuroiwa M,International journal of surgery case reports,2023,2022/12/24 06:00,PMC9800427,,10.1016/j.ijscr.2022.107835
36402370,Wandering Spleen: An Unusual Cause of Recurrent Abdominal Pain.,"Borsani O, Braschi-Amirfarzan M, Boveri E, Rumi E",Clin Gastroenterol Hepatol. 2023 May;21(5):A19-A20. doi: 10.1016/j.cgh.2022.11.003. Epub 2022 Nov 17.,Borsani O,Clinical gastroenterology and hepatology : the official clinical practice journal of the American Gastroenterological Association,2023,2022/11/20 06:00,,,10.1016/j.cgh.2022.11.003
35999102,A new surgical approach for a child with acute torsion of the wandering spleen: A case report.,"Liao W, Huang H, Zhao X, Jiang H",Asian J Surg. 2023 Feb;46(2):1174-1175. doi: 10.1016/j.asjsur.2022.08.031. Epub 2022 Aug 20.,Liao W,Asian journal of surgery,2023,2022/08/24 06:00,,,10.1016/j.asjsur.2022.08.031
35882312,"Laparoscopic approach to accessory wandering spleen, an uncommon association.","Ferrer-Inaebnit E, Segura-Sampedro JJ, Pineno-Flores C, Morales-Soriano R",Cir Esp (Engl Ed). 2023 Mar;101(3):217-218. doi: 10.1016/j.cireng.2022.07.013. Epub 2022 Jul 23.,Ferrer-Inaebnit E,Cirugia espanola,2023,2022/07/27 06:00,,,10.1016/j.cireng.2022.07.013
35656572,Torsion of wandering spleen after Fontan operation in a patient with situs inversus: a rare complication.,"Miyamura F, Matsuo O, Nakamura K",Cardiol Young. 2023 Jun;33(6):862-863. doi: 10.1017/S1047951122001755. Epub 2022 Jun 3.,Miyamura F,Cardiology in the young,2023,2022/06/04 06:00,,,10.1017/S1047951122001755
34461758,Volvulus of the Transverse Colon.,"Huerta S, Pickett ML, Mottershaw AM, Gupta P, Pham T",Am Surg. 2023 May;89(5):1930-1943. doi: 10.1177/00031348211041564. Epub 2021 Aug 30.,Huerta S,The American surgeon,2023,2021/09/01 06:00,,,10.1177/00031348211041564
33866863,Surgical Control of Bleeding From Ovarian Torsion in the Setting of Immune Thrombocytopenic Purpura Without Splenectomy.,"Shaw TB, Ma B, Barazza M, Sawaya D",Am Surg. 2023 Nov;89(11):4884-4887. doi: 10.1177/00031348211011128. Epub 2021 Apr 18.,Shaw TB,The American surgeon,2023,2021/04/20 06:00,,,10.1177/00031348211011128
37246688,Gastric volvulus and wandering spleen; a life-threatening surgical emergency.,"Mirza A, Khan N, Shahid A, Khan K",J Pak Med Assoc. 2022 Dec;72(12):2546-2548. doi: 10.47391/JPMA.4839.,Mirza A,JPMA. The Journal of the Pakistan Medical Association,2022,2023/05/29 13:04,,,10.47391/JPMA.4839
36785695,[Situs inversus associated with wandering spleen and common mesentery detected from medical imaging in Niamey (Niger): a case report].,"Bako ID, Mahamat H, Tinao H, Sako M, Nababa M, Djiga Y, Roufai NM, Issa NB, Amatkoul F, Sadi C, Habou I, Oumarou A, Akpovi A",Pan Afr Med J. 2022 Nov 17;43:144. doi: 10.11604/pamj.2022.43.144.32397. eCollection 2022.,Bako ID,The Pan African medical journal,2022,2023/02/15 06:00,PMC9922086,,10.11604/pamj.2022.43.144.32397
36741085,Case Report: Gut and spleen anomalies associated with DYRK1A syndrome.,"Infantino I, Tocchioni F, Ghionzoli M, Coletta R, Morini F, Morabito A",Front Pediatr. 2023 Jan 18;10:936732. doi: 10.3389/fped.2022.936732. eCollection 2022.,Infantino I,Frontiers in pediatrics,2022,2023/02/07 06:00,PMC9890171,,10.3389/fped.2022.936732
36552927,Splenic Torsion in Heterotaxy Syndrome with Left Isomerism: A Case Report and Literature Review.,"Cheang IN, Fu YW, Chin TW, Hsu YJ, Wu CY",Diagnostics (Basel). 2022 Nov 23;12(12):2920. doi: 10.3390/diagnostics12122920.,Cheang IN,"Diagnostics (Basel, Switzerland)",2022,2022/12/24 06:00,PMC9776906,,10.3390/diagnostics12122920
36388241,Wandering Spleen with Splenic Torsion: Unusual Cause of Acute Abdomen.,"Ahmed M, Nasir M, Negash A, Haile K",Int Med Case Rep J. 2022 Nov 4;15:625-630. doi: 10.2147/IMCRJ.S388271. eCollection 2022.,Ahmed M,International medical case reports journal,2022,2022/11/18 06:00,PMC9642092,,10.2147/IMCRJ.S388271
36384575,Pelvic mass causing hematospermia: splenosis.,"Jiang Y, Chen L, Wang M, Li X, Xie D, Yu D, Wang Y",BMC Urol. 2022 Nov 16;22(1):187. doi: 10.1186/s12894-022-01138-w.,Jiang Y,BMC urology,2022,2022/11/18 06:00,PMC9670433,,10.1186/s12894-022-01138-w
36381033,A congenital wandering spleen with a large epithelial cyst: A case report.,"Lim Y, Leng H, Lee CH, Chhun V, Lee YD",Clin Case Rep. 2022 Nov 12;10(11):e6559. doi: 10.1002/ccr3.6559. eCollection 2022 Nov.,Lim Y,Clinical case reports,2022,2022/11/17 06:00,PMC9653159,,10.1002/ccr3.6559
36304217,The Cause of an Unusual Abdominal Pain in Children: Splenic Torsiyon - Three Case Report.,"Demir M, Demirci S, Hamzaoglu C, Kaba M, Sever N",Sisli Etfal Hastan Tip Bul. 2022 Sep 22;56(3):435-438. doi: 10.14744/SEMB.2021.64872. eCollection 2022.,Demir M,Sisli Etfal Hastanesi tip bulteni,2022,2022/10/29 06:00,PMC9580979,,10.14744/SEMB.2021.64872
36285167,Successful laparoscopic-assisted partial splenectomy and splenopexy with umbilical approach to wandering spleen with an enlarged cyst in a pediatric patient.,"Ikeda T, Hosokawa T, Goto S, Hashimoto M, Nagasaki E, Masuko T",J Surg Case Rep. 2022 Oct 20;2022(10):rjac483. doi: 10.1093/jscr/rjac483. eCollection 2022 Oct.,Ikeda T,Journal of surgical case reports,2022,2022/10/27 06:00,PMC9584345,,10.1093/jscr/rjac483
36261950,Splenectomy for wandering splenomegaly in a patient with idiopathic thrombocytopenic purpura: A case report of a rare association.,"Korbi I, Rabti S, Chaouch MA, Bouchrika A, Zouari K, Noomene F",Int J Surg Case Rep. 2022 Oct;99:107719. doi: 10.1016/j.ijscr.2022.107719. Epub 2022 Sep 30.,Korbi I,International journal of surgery case reports,2022,2022/10/21 06:00,PMC9568874,,10.1016/j.ijscr.2022.107719
36184835,Laparoscopic Splenectomy of a Wandering Pelvic Splenomegaly in a Young Woman Treated in Childhood with Surgery for Diaphragmatic Hernia and Adhesiolysis for Intestinal Obstruction.,"Cartesegna E, Rassu PC, Accarpio V, Barbieri S, Bocchio MM, Giaminardi E, Malfitano A, Montobbio A, Olcese S, Palombo D, Re F, Di Somma CG",Am J Case Rep. 2022 Oct 3;23:e936964. doi: 10.12659/AJCR.936964.,Cartesegna E,The American journal of case reports,2022,2022/10/04 06:00,PMC9540513,,10.12659/AJCR.936964
36147692,A case report of wandering spleen with pedicle torsion and splenic infarction being misdiagnosed as organ inversion complicated with acute appendicitis.,"Zhao S, Wang Y, Wan Z, Chen H, Zhao X, Li R",Front Surg. 2022 Sep 6;9:916426. doi: 10.3389/fsurg.2022.916426. eCollection 2022.,Zhao S,Frontiers in surgery,2022,2022/09/24 06:00,PMC9485545,,10.3389/fsurg.2022.916426
36138238,Volvulus of the stomach and wandering spleen after repair of congenital diaphragmatic hernia: unexpected manifestations in a neonate.,"Oyachi N, Numano F, Fukatsu T, Nemoto A, Naito A",Surg Case Rep. 2022 Sep 23;8(1):178. doi: 10.1186/s40792-022-01537-z.,Oyachi N,Surgical case reports,2022,2022/09/23 06:00,PMC9500137,,10.1186/s40792-022-01537-z
36106553,Suspected spontaneous early hemorrhagic transformation of multiple ischemic strokes secondary to primary splenic torsion in a German Shepherd dog.,"Van Caenegem N, Troupel T, Mortier J, Thibaud JL, Blot S",J Vet Intern Med. 2022 Nov;36(6):2191-2198. doi: 10.1111/jvim.16527. Epub 2022 Sep 15.,Van Caenegem N,Journal of veterinary internal medicine,2022,2022/09/16 06:00,PMC9708388,,10.1111/jvim.16527
36043920,"Wandering spleen, which is torsioned with the distal pancreas.","Senturk M, Kasikci YS",Ulus Travma Acil Cerrahi Derg. 2022 Sep;28(9):1363-1365. doi: 10.14744/tjtes.2021.34288.,Senturk M,Ulusal travma ve acil cerrahi dergisi = Turkish journal of trauma & emergency surgery : TJTES,2022,2022/09/01 06:00,PMC10315951,,10.14744/tjtes.2021.34288
36007577,Pediatric Splenic Torsion in an Orthotopic Spleen without Fixation Elements.,"Antona G, Arredondo Montero J, Ros Briones R, Bronte Anaut M, Moreno Iberico MA, Bardaji Pascual C",J Pediatr. 2022 Dec;251:209-210. doi: 10.1016/j.jpeds.2022.08.021. Epub 2022 Aug 22.,Antona G,The Journal of pediatrics,2022,2022/08/26 06:00,,,10.1016/j.jpeds.2022.08.021
35933802,Splenic diffuse heterogeneous hypoechogenicity pattern of dogs and cats: A systematic review.,Fontoura-Andrade JL,Res Vet Sci. 2022 Dec 20;152:83-88. doi: 10.1016/j.rvsc.2022.07.016. Epub 2022 Jul 25.,Fontoura-Andrade JL,Research in veterinary science,2022,2022/08/08 06:00,,,10.1016/j.rvsc.2022.07.016
35905147,Early career clinicians euthanize more dogs with nontraumatic hemoabdomen but not gastric dilatation and volvulus than more experienced clinicians.,"Molitoris A, Pfaff A, Cudney S, de Laforcade A",J Am Vet Med Assoc. 2022 Jul 28;260(12):1514-1517. doi: 10.2460/javma.22.05.0198.,Molitoris A,Journal of the American Veterinary Medical Association,2022,2022/07/30 06:00,,,10.2460/javma.22.05.0198
35874869,Wandering spleen with torsion and infarction: A case report.,"Lugo-Fagundo E, Fishman EK",Radiol Case Rep. 2022 Jul 18;17(9):3377-3379. doi: 10.1016/j.radcr.2022.06.073. eCollection 2022 Sep.,Lugo-Fagundo E,Radiology case reports,2022,2022/07/26 06:00,PMC9304641,,10.1016/j.radcr.2022.06.073
35864485,Diagnosis and treatment of splenic torsion in children: preoperative thrombocytosis predicts splenic infarction.,"Wang Z, Peng C, Wu D, Wang K, Chen Y",BMC Pediatr. 2022 Jul 22;22(1):440. doi: 10.1186/s12887-022-03484-y.,Wang Z,BMC pediatrics,2022,2022/07/22 06:00,PMC9306085,,10.1186/s12887-022-03484-y
35857027,Treatment and outcomes of two pigs treated for hemoabdomen secondary to splenic disease.,"Schultz BL, Bookbinder LC, Claffey EF, Luedke LK, Delvescovo B, Fubini SL, Radcliffe RM",Vet Surg. 2022 Nov;51(8):1206-1214. doi: 10.1111/vsu.13858. Epub 2022 Jul 20.,Schultz BL,Veterinary surgery : VS,2022,2022/07/21 06:00,,,10.1111/vsu.13858
35856300,Acute Abdomen Due to Torsion of a Wandering Spleen in a Child.,"Giannattasio A, Maglione M, Coppola C, Di Candia F, De Marco M, Tamasi S, Tipo V",J Paediatr Child Health. 2022 Sep;58(9):1704-1705. doi: 10.1111/jpc.16124. Epub 2022 Jul 20.,Giannattasio A,Journal of paediatrics and child health,2022,2022/07/21 06:00,,,10.1111/jpc.16124
35813495,Wandering spleen with torsion: a rare cause of acute abdomen in a 14-year-old girl.,"Bairwa BL, Gupta S, Singh AK, Gupta P",Arch Clin Cases. 2022 Jul 7;9(2):56-61. doi: 10.22551/2022.35.0902.10204. eCollection 2022.,Bairwa BL,Archive of clinical cases,2022,2022/07/12 06:00,PMC9262086,,10.22551/2022.35.0902.10204
35722538,Case Report: Splenic Ischemia Induced by Volvulus of Ileum.,"Sergi M, Chisari G, Lombardo SP, Fontana P",Front Surg. 2022 Jun 1;9:888332. doi: 10.3389/fsurg.2022.888332. eCollection 2022.,Sergi M,Frontiers in surgery,2022,2022/06/21 06:00,PMC9198446,,10.3389/fsurg.2022.888332
35663712,Accessory Spleen Masquerading as an Intrapancreatic Tumor: A Case Report.,"Smith HC, Kakar N, Shadid AM",Cureus. 2022 May 2;14(5):e24677. doi: 10.7759/cureus.24677. eCollection 2022 May.,Smith HC,Cureus,2022,2022/06/07 06:00,PMC9159715,,10.7759/cureus.24677
35643897,Spontaneous reset of the wandering spleen with acute torsion.,"Wen G, Shou T, Chen J, Song L",Asian J Surg. 2022 Nov;45(11):2413-2414. doi: 10.1016/j.asjsur.2022.05.073. Epub 2022 May 26.,Wen G,Asian journal of surgery,2022,2022/06/02 06:00,,,10.1016/j.asjsur.2022.05.073
35601383,Preoperative angioembolisation of a mediastinal accessory ectopic spleen: A case report and review of the literature.,"Stephenson RR, Amyes E, McKay G, Lalloo ST",Radiol Case Rep. 2022 May 13;17(7):2519-2524. doi: 10.1016/j.radcr.2022.04.030. eCollection 2022 Jul.,Stephenson RR,Radiology case reports,2022,2022/05/24 06:00,PMC9118497,,10.1016/j.radcr.2022.04.030
35571522,The left gastro-omental vessels are able to maintain the entire spleen blood supply.,Petroianu A,J Vasc Bras. 2022 Apr 22;21:e20210191. doi: 10.1590/1677-5449.20210178. eCollection 2022.,Petroianu A,Jornal vascular brasileiro,2022,2022/05/17 06:00,PMC9083538,,10.1590/1677-5449.20210178
35570876,Wandering spleen torsion in a patient with polysplenia syndrome.,"Draghmeh M, Taher A, Atatri Y, Al-Rub FA, Muhaisen W, Khanfar O",Radiol Case Rep. 2022 May 6;17(7):2373-2377. doi: 10.1016/j.radcr.2022.04.009. eCollection 2022 Jul.,Draghmeh M,Radiology case reports,2022,2022/05/17 06:00,PMC9096468,,10.1016/j.radcr.2022.04.009
35492869,Surgical Management of a Volvulus of a Wandering Spleen Associated with a Volvulus of the Small Intestine.,"Maienza E, Chereau N, Menegaux F",Case Rep Surg. 2022 Apr 22;2022:8696492. doi: 10.1155/2022/8696492. eCollection 2022.,Maienza E,Case reports in surgery,2022,2022/05/03 06:00,PMC9054486,,10.1155/2022/8696492
35479965,Splenic volvulus on ectopic spleen in adults: A case report.,"Ouazzani LCE, Jadib A, Siradji H, Wassi AE, Boutachali R, Tabakh H, Siwane A, Touil N, Kacimi O, Chikhaoui N",Radiol Case Rep. 2022 Apr 15;17(6):2167-2169. doi: 10.1016/j.radcr.2022.03.045. eCollection 2022 Jun.,Ouazzani LCE,Radiology case reports,2022,2022/04/29 06:00,PMC9036056,,10.1016/j.radcr.2022.03.045
35391540,Patients with gastric volvulus recurrence have high incidence of wandering spleen requiring laparoscopic gastropexy and splenopexy.,"Nakagawa Y, Uchida H, Amano H, Hinoki A, Tainaka T, Shirota C, Sumida W, Yokota K, Makita S, Okamoto M, Takimoto A, Yasui A, Takada S, Kato D",Pediatr Surg Int. 2022 Jun;38(6):875-881. doi: 10.1007/s00383-022-05125-y. Epub 2022 Apr 7.,Nakagawa Y,Pediatric surgery international,2022,2022/04/09 06:00,,,10.1007/s00383-022-05125-y
35369544,Torsed wandering spleen as a cause of recurrent abdominal pain in a child.,"Tang PH, Tangaperumal A, Ahmad NA, Bahari M, Mra A, Teh YG",Radiol Case Rep. 2022 Mar 27;17(5):1794-1797. doi: 10.1016/j.radcr.2022.03.017. eCollection 2022 May.,Tang PH,Radiology case reports,2022,2022/04/05 06:00,PMC8965025,,10.1016/j.radcr.2022.03.017
35355540,Laparoscopic Splenopexy Due to Wandering Spleen: Feasible Technique.,"Sumer F, Okut G, Kaplan K, Gunes O, Kayaalp C",Cureus. 2022 Feb 25;14(2):e22597. doi: 10.7759/cureus.22597. eCollection 2022 Feb.,Sumer F,Cureus,2022,2022/04/01 06:00,PMC8957781,,10.7759/cureus.22597
35342100,Splenic surgery: a ten years experience of a tertiary center in Turkey.,"Gunes O, Bag YM, Turgut E, Gunes A, Sumer F, Kayaalp C",Ann Ital Chir. 2022;92:59-64.,Gunes O,Annali italiani di chirurgia,2022,2022/03/29 06:00,,,
35110771,Chronic splenic torsion in a dog with an accessory spleen.,"Mergl JC, Hanselman B, Kirsch M",Can Vet J. 2022 Feb;63(2):147-151.,Mergl JC,The Canadian veterinary journal = La revue veterinaire canadienne,2022,2022/02/04 06:00,PMC8759329,,
35079332,Dwarfism associated with wandering splenomegaly.,"Petroianu A, Sabino KR",J Surg Case Rep. 2022 Jan 22;2022(1):rjab558. doi: 10.1093/jscr/rjab558. eCollection 2022 Jan.,Petroianu A,Journal of surgical case reports,2022,2022/01/27 06:00,PMC8784172,,10.1093/jscr/rjab558
35000764,Multimodality imaging of developmental splenic anomalies: tips and pitfalls.,"Wong A, Fung KFK, Wong WC, Ng KK, Kung BT, Kan YLE",Clin Radiol. 2022 May;77(5):319-325. doi: 10.1016/j.crad.2021.12.014. Epub 2022 Jan 7.,Wong A,Clinical radiology,2022,2022/01/11 06:00,,,10.1016/j.crad.2021.12.014
35000121,Reduction of acute gastric volvulus in a 3-year-old using a balloon-attached endoscope combined with gel immersion endoscopy.,"Yokoyama K, Yano T, Kumagai H, Okada Y, Hashimoto Y, Ono S, Lefor AK, Yamagata T",Clin J Gastroenterol. 2022 Feb;15(1):95-100. doi: 10.1007/s12328-021-01566-5. Epub 2022 Jan 9.,Yokoyama K,Clinical journal of gastroenterology,2022,2022/01/10 06:00,,,10.1007/s12328-021-01566-5
34897151,Splenectomy for Torsion of a Wandering Spleen in a Patient with Myeloproliferative Disease.,"Imawari K, Uojima H, Hayama K, Toshimitsu F, Sanoyama I, Iwasaki S, Wada N, Kubota K, Hidaka H, Nakazawa T, Shibuya A, Suzuki T, Kumamoto Y, Saegusa M",Intern Med. 2022 Jul 15;61(14):2143-2148. doi: 10.2169/internalmedicine.8391-21. Epub 2021 Dec 11.,Imawari K,"Internal medicine (Tokyo, Japan)",2022,2021/12/14 06:00,PMC9381354,,10.2169/internalmedicine.8391-21
34666939,"Diagnosis, management and outcome of splenic torsion; a systematic review of published studies.","Bough GM, Gargan KE, Cleeve SJ, Farrell S",Surgeon. 2022 Oct;20(5):e296-e305. doi: 10.1016/j.surge.2021.08.006. Epub 2021 Oct 16.,Bough GM,The surgeon : journal of the Royal Colleges of Surgeons of Edinburgh and Ireland,2022,2021/10/21 06:00,,,10.1016/j.surge.2021.08.006
34240502,Ultrasonographic and CT diagnosis of a complete splenic duplication with right splenic torsion and presumed regional splenic vein hypertension in a dog.,"Battiato P, Salguero R, Specchi S, Longo M",Vet Radiol Ultrasound. 2022 Jan;63(1):E1-E5. doi: 10.1111/vru.13007. Epub 2021 Jul 9.,Battiato P,Veterinary radiology & ultrasound : the official journal of the American College of Veterinary Radiology and the International Veterinary Radiology Association,2022,2021/07/10 06:00,PMC9290587,,10.1111/vru.13007
32870025,Wandering Spleen With Splenic Torsion and Pancreatitis : Spleen Preserving Management.,"Safaya A, Piscina A, Con J",Am Surg. 2022 Jun;88(6):1361-1363. doi: 10.1177/0003134820945288. Epub 2020 Sep 1.,Safaya A,The American surgeon,2022,2020/09/02 06:00,,,10.1177/0003134820945288
35382088,Ectopic Intrathoracic Kidney Associated with Ipsilateral Ectopic Spleen and Diaphragmatic Hernia in a Pediatric Patient: A Case Report.,"Naseri M, Ghalibafan SF, Alamdaran SA",Tanaffos. 2021 Mar;20(3):291-293.,Naseri M,Tanaffos,2021,2022/04/07 06:00,PMC8978037,,
35155313,Case Report: Conservative Non-operative Management of a Neonate With Torted Wandering Spleen.,"Bourusly M, Ayed M, Bahzad Z",Front Pediatr. 2022 Jan 28;9:791932. doi: 10.3389/fped.2021.791932. eCollection 2021.,Bourusly M,Frontiers in pediatrics,2021,2022/02/15 06:00,PMC8832051,,10.3389/fped.2021.791932
34765218,Wandering spleen with splenic arteriovenous torsion.,"Hashiguchi G, Hamada T, Yamashita M, Kuroki T",Clin Case Rep. 2021 Nov 7;9(11):e05051. doi: 10.1002/ccr3.5051. eCollection 2021 Nov.,Hashiguchi G,Clinical case reports,2021,2021/11/13 06:00,PMC8572348,,10.1002/ccr3.5051
34762623,Infarcted wandering spleen and pancreatic volvulus in a patient with concomitant Grynfelt-Lesshaft haernia.,"Saldivar-Martinez DE, Galindo-Sanchez HM, Fonseca-Sada I, Marcos-Ramirez ER, Vazquez-Fernandez F",Cir Cir. 2021;89(S1):20-22. doi: 10.24875/CIRU.20000813.,Saldivar-Martinez DE,Cirugia y cirujanos,2021,2021/11/12 06:00,,,10.24875/CIRU.20000813
34734060,Successful treatment of floating splenic volvulus: Two case reports and a literature review.,"Sun C, Li SL",World J Clin Cases. 2021 Oct 16;9(29):8812-8819. doi: 10.12998/wjcc.v9.i29.8812.,Sun C,World journal of clinical cases,2021,2021/11/05 06:00,PMC8546827,,10.12998/wjcc.v9.i29.8812
34703712,Wandering Spleen: A Rare Case of an Adnexal Lesion.,"Vlastarakos P, Rouvali A, Giourga M, Gerede A, Domali E",Cureus. 2021 Sep 23;13(9):e18231. doi: 10.7759/cureus.18231. eCollection 2021 Sep.,Vlastarakos P,Cureus,2021,2021/10/28 06:00,PMC8542105,,10.7759/cureus.18231
34631075,Subclinical wandering spleen in a cat with gastrointestinal lymphoma.,"Yuki M, Narita M",Clin Case Rep. 2021 Oct 4;9(10):e04891. doi: 10.1002/ccr3.4891. eCollection 2021 Oct.,Yuki M,Clinical case reports,2021,2021/10/12 06:00,PMC8489507,,10.1002/ccr3.4891
34480462,[Post-traumatic thoracic splenosis].,"Rudenko MS, Motus IY, Saloutin MV",Khirurgiia (Mosk). 2021;(9):100-102. doi: 10.17116/hirurgia2021091100.,Rudenko MS,Khirurgiia,2021,2021/09/05 06:00,,,10.17116/hirurgia2021091100
34388905,Wandering splenomegaly reduction after splenopexy.,"Petroianu A, Sabino KR",Int J Surg Case Rep. 2021 Aug;85:106273. doi: 10.1016/j.ijscr.2021.106273. Epub 2021 Aug 4.,Petroianu A,International journal of surgery case reports,2021,2021/08/15 06:00,PMC8350494,,10.1016/j.ijscr.2021.106273
34377643,Preoperative Diagnosis of a Torsioned Accessory Spleen.,"Yoshida M, Saida T, Masuoka S, Urushibara A, Chiba F, Masumoto K",J Med Ultrasound. 2021 Jun 21;29(2):116-118. doi: 10.4103/JMU.JMU_35_20. eCollection 2021 Apr-Jun.,Yoshida M,Journal of medical ultrasound,2021,2021/08/12 06:00,PMC8330679,,10.4103/JMU.JMU_35_20
34377222,Post-traumatic intrathoracic splenosis and role of Tc-99m Sulfur colloid scintigraphy in confirmation.,"Sawhney H, Gandhi D, Parmar G, Serhal M, Miller FH, Magnetta M",Radiol Case Rep. 2021 Jul 22;16(9):2742-2745. doi: 10.1016/j.radcr.2021.06.069. eCollection 2021 Sep.,Sawhney H,Radiology case reports,2021,2021/08/12 06:00,PMC8327499,,10.1016/j.radcr.2021.06.069
34367498,Torsion of spleen and portal hypertension: Pathophysiology and clinical implications.,"Jha AK, Bhagwat S, Dayal VM, Suchismita A",World J Hepatol. 2021 Jul 27;13(7):774-780. doi: 10.4254/wjh.v13.i7.774.,Jha AK,World journal of hepatology,2021,2021/08/10 06:00,PMC8326160,,10.4254/wjh.v13.i7.774
34346582,[Acute abdomen based on a wandering spleen].,"Schrijver WAME, Dijkstra RF, van der Werff YD",Ned Tijdschr Geneeskd. 2021 May 19;165:D5318.,Schrijver WAME,Nederlands tijdschrift voor geneeskunde,2021,2021/08/05 06:00,,,
34221345,Infarcted wandering spleen: A case report from Saudi Arabia.,"Alghamdi R, Alzahrnai A, Alosaimi A, Albabtain I",J Surg Case Rep. 2021 Jun 30;2021(6):rjab277. doi: 10.1093/jscr/rjab277. eCollection 2021 Jun.,Alghamdi R,Journal of surgical case reports,2021,2021/07/06 06:00,PMC8245189,,10.1093/jscr/rjab277
34162614,"Laparoscopic management of gastric volvulus, diaphragmatic eventration and wandering spleen in a child.","Kataria R, Sundaram J, Agarwal P, Lal T",BMJ Case Rep. 2021 Jun 23;14(6):e242441. doi: 10.1136/bcr-2021-242441.,Kataria R,BMJ case reports,2021,2021/06/25 06:00,PMC8231058,,10.1136/bcr-2021-242441
34107944,Torsion of the wandering spleen as an abdominal emergency: a case report.,"Masroor M, Sarwari MA",BMC Surg. 2021 Jun 9;21(1):289. doi: 10.1186/s12893-021-01289-x.,Masroor M,BMC surgery,2021,2021/06/11 06:00,PMC8190838,,10.1186/s12893-021-01289-x
34062360,Cecal splenosis mimicking gastrointestinal stroma tumor. Case report and review of the literature.,"Alberto RG, Eliana LZ, Mauricio TM, Eduardo GH",Int J Surg Case Rep. 2021 Jun;83:105992. doi: 10.1016/j.ijscr.2021.105992. Epub 2021 May 21.,Alberto RG,International journal of surgery case reports,2021,2021/06/02 06:00,PMC8178097,,10.1016/j.ijscr.2021.105992
33904059,Splenic Volvulus and 2q37 Deletion Syndrome.,"Labiad C, Vaillant JC, Genser L",J Gastrointest Surg. 2021 Nov;25(11):2999-3000. doi: 10.1007/s11605-021-05013-1. Epub 2021 Apr 26.,Labiad C,Journal of gastrointestinal surgery : official journal of the Society for Surgery of the Alimentary Tract,2021,2021/04/28 06:00,,,10.1007/s11605-021-05013-1
33883109,Challenge of diagnosing splenic torsion in a paediatric patient with gastroschisis.,"Gordon ES, Wagner LA, Kennedy JM",BMJ Case Rep. 2021 Apr 21;14(4):e239520. doi: 10.1136/bcr-2020-239520.,Gordon ES,BMJ case reports,2021,2021/04/23 06:00,PMC8061818,,10.1136/bcr-2020-239520
33830509,Diagnosis and surgical treatment of a primary splenic torsion in a domestic ferret (Mustela putorius furo).,"Rooney T, Gardhouse S, Berke K, Cassel N, Walsh T, Eshar D",J Small Anim Pract. 2021 Nov;62(11):1026-1029. doi: 10.1111/jsap.13341. Epub 2021 Apr 8.,Rooney T,The Journal of small animal practice,2021,2021/04/09 06:00,,,10.1111/jsap.13341
33779107,Laparoscopic splenopexy for wandering spleen with absorbable mesh fixation.,"Nel D, Kloppers C, Panieri E",S Afr J Surg. 2021 Mar;59(1):30a-30b.,Nel D,South African journal of surgery. Suid-Afrikaanse tydskrif vir chirurgie,2021,2021/03/30 06:00,,,
33730926,Abdominopelvic ectopic spleen with a comprehensive imaging examination: a case report.,"Guo H, Ba X, Gong P, Wang G, Ma H, Wang L, Wang Q",J Int Med Res. 2021 Mar;49(3):3000605211000511. doi: 10.1177/03000605211000511.,Guo H,The Journal of international medical research,2021,2021/03/19 06:00,PMC8166395,,10.1177/03000605211000511
33709481,Surgical abdominal emergency due to torsion of wandering spleen.,"Kumarasamy S, Ansari A, Tandup C, Kaman L, Savlania A",ANZ J Surg. 2021 Nov;91(11):2531-2533. doi: 10.1111/ans.16733. Epub 2021 Mar 12.,Kumarasamy S,ANZ journal of surgery,2021,2021/03/13 06:00,,,10.1111/ans.16733
33682463,An infarcted wandering spleen leading to a sigmoid volvulus presenting with acute large bowel obstruction: a case report.,"Hamdy O, Yousry M, Saleh GA",Ann R Coll Surg Engl. 2021 Apr;103(4):e127-e130. doi: 10.1308/rcsann.2020.7144. Epub 2021 Mar 8.,Hamdy O,Annals of the Royal College of Surgeons of England,2021,2021/03/09 06:00,PMC10335255,,10.1308/rcsann.2020.7144
33622743,Ectopic spleen presenting as a slowly enlarging lung nodule in the right lower lobe following gastric pull up operation.,"Alfahad A, Hussain R, Devaraj M, Svec A",BMJ Case Rep. 2021 Feb 23;14(2):e237912. doi: 10.1136/bcr-2020-237912.,Alfahad A,BMJ case reports,2021,2021/02/25 06:00,PMC7907855,,10.1136/bcr-2020-237912
33590622,Re: Rare case of wandering spleen causing intra-thoracic megacolon.,"Hayati F, Azizan N, Ng CY, Payus AO, Syed Abdul Rahim SS",ANZ J Surg. 2021 Jan;91(1-2):214. doi: 10.1111/ans.16380.,Hayati F,ANZ journal of surgery,2021,2021/02/17 06:00,,,10.1111/ans.16380
33541983,"'Wandering spleen with acute torsion' : a rare indication for splenectomy in an adult, complicated by postoperative splanchnic venous thrombosis and intestinal gangrene.","Midha G, Surendran S, Yacob M, Samarasam I",BMJ Case Rep. 2021 Feb 4;14(2):e238647. doi: 10.1136/bcr-2020-238647.,Midha G,BMJ case reports,2021,2021/02/06 06:00,PMC7868251,,10.1136/bcr-2020-238647
33509856,Wandering spleen leading to splenic torsion with gastric and pancreatic volvulus.,"Shen MR, Barrett M, Waits S, Williams AM",BMJ Case Rep. 2021 Jan 28;14(1):e235918. doi: 10.1136/bcr-2020-235918.,Shen MR,BMJ case reports,2021,2021/01/30 06:00,PMC7845679,,10.1136/bcr-2020-235918
33428514,Surgical Approach of Wandering Spleen in Infants and Children: A Systematic Review.,"Ganarin A, Fascetti Leon F, La Pergola E, Gamba P",J Laparoendosc Adv Surg Tech A. 2021 Apr;31(4):468-477. doi: 10.1089/lap.2020.0759. Epub 2021 Jan 11.,Ganarin A,Journal of laparoendoscopic & advanced surgical techniques. Part A,2021,2021/01/12 06:00,,,10.1089/lap.2020.0759
33417114,The likely association between wandering spleen and absent left kidney.,"Thomas AK, Thomas R",Emerg Radiol. 2021 Apr;28(2):431-435. doi: 10.1007/s10140-020-01895-x. Epub 2021 Jan 8.,Thomas AK,Emergency radiology,2021,2021/01/09 06:00,,,10.1007/s10140-020-01895-x
33394461,Acute abdomen due to torsion of the wandering spleen: A rare clinical presentation.,"Kafadar MT, Daduk Y, Karakoc M",Ulus Travma Acil Cerrahi Derg. 2021 Jan;27(1):154-156. doi: 10.14744/tjtes.2020.00734.,Kafadar MT,Ulusal travma ve acil cerrahi dergisi = Turkish journal of trauma & emergency surgery : TJTES,2021,2021/01/05 06:00,,,10.14744/tjtes.2020.00734
33373922,Wandering spleen with splenic torsion: Report of two cases.,"Virani P, Farbod A, Niknam S, Akhgari A",Int J Surg Case Rep. 2021 Jan;78:274-277. doi: 10.1016/j.ijscr.2020.12.039. Epub 2020 Dec 18.,Virani P,International journal of surgery case reports,2021,2020/12/30 06:00,PMC7776122,,10.1016/j.ijscr.2020.12.039
33341287,[A case report of wandering spleen].,"Giraud JT, Dingremont C, Gailleton R, Tissier M, Arouch K",Rev Med Interne. 2021 Apr;42(4):285-287. doi: 10.1016/j.revmed.2020.11.010. Epub 2020 Dec 16.,Giraud JT,La Revue de medecine interne,2021,2020/12/21 06:00,,,10.1016/j.revmed.2020.11.010
33325583,Spontaneous emphysematous splenitis: Radiographic and ultrasonographic findings in three Golden Retriever dogs.,"Battiato P, Fernandez Y, Salguero R, Novellas R, Espada Y, Biller D, Anselmi C",Vet Radiol Ultrasound. 2021 May;62(3):309-315. doi: 10.1111/vru.12941. Epub 2020 Dec 16.,Battiato P,Veterinary radiology & ultrasound : the official journal of the American College of Veterinary Radiology and the International Veterinary Radiology Association,2021,2020/12/17 06:00,,,10.1111/vru.12941
33210467,Laparoscopic retroperitoneal splenopexy for wandering spleen: A novel technique using a three-incision retroperitoneal pouch.,"Umeda S, Kimura K, Takama Y, Yamauchi K, Yonekura T",Asian J Endosc Surg. 2021 Jul;14(3):644-647. doi: 10.1111/ases.12894. Epub 2020 Nov 18.,Umeda S,Asian journal of endoscopic surgery,2021,2020/11/20 06:00,,,10.1111/ases.12894
33041134,Splenic volvulus of a wandering spleen.,"Schaeffer WJ, Mahmood SMJ, Vermillion SA, Sweet R, Haas NL",Am J Emerg Med. 2021 Mar;41:265.e1-265.e3. doi: 10.1016/j.ajem.2020.08.048. Epub 2020 Aug 19.,Schaeffer WJ,The American journal of emergency medicine,2021,2020/10/13 06:00,,,10.1016/j.ajem.2020.08.048
32718836,Acute abdomen secondary to torsion and infarction of a wandering spleen.,"Perez-Rosillo MA, Gomez-Huertas M, Salmeron-Ruiz A, Lainez-Ramos-Bossini AJ",Gastroenterol Hepatol. 2021 Oct;44(8):585-586. doi: 10.1016/j.gastrohep.2020.05.013. Epub 2020 Jul 25.,Perez-Rosillo MA,Gastroenterologia y hepatologia,2021,2020/07/29 06:00,,,10.1016/j.gastrohep.2020.05.013
32646735,A wandering SPLEEN.,"Lebeul JA, Ollende C, Valbousquet L, Prieux-Klotz C",Dig Liver Dis. 2021 Apr;53(4):500-501. doi: 10.1016/j.dld.2020.06.025. Epub 2020 Jul 6.,Lebeul JA,Digestive and liver disease : official journal of the Italian Society of Gastroenterology and the Italian Association for the Study of the Liver,2021,2020/07/11 06:00,,,10.1016/j.dld.2020.06.025
33562971,Coincidental finding of pelvic splenosis during gynecological surgery.,"Dibonova M, Nemec M",Ceska Gynekol. 2020 Winter;85(3):193-196.,Dibonova M,Ceska gynekologie,2020,2021/02/11 06:00,,,
33343117,Torsion of a Wandering Spleen Managed Conservatively: Rare and Interesting.,"Skiba R, Ghosh DN, Barker A",J Indian Assoc Pediatr Surg. 2020 Sep-Oct;25(5):323-325. doi: 10.4103/jiaps.JIAPS_216_19. Epub 2020 Sep 1.,Skiba R,Journal of Indian Association of Pediatric Surgeons,2020,2020/12/22 06:00,PMC7732016,,10.4103/jiaps.JIAPS_216_19
33273777,Wandering spleen: A rare entity and a diagnostic dilemma.,"Kaur R, Dua A, Dalal A",Indian J Radiol Imaging. 2020 Jul-Sep;30(3):389-391. doi: 10.4103/ijri.IJRI_46_20. Epub 2020 Oct 15.,Kaur R,The Indian journal of radiology & imaging,2020,2020/12/05 06:00,PMC7694723,,10.4103/ijri.IJRI_46_20
33213371,Endoscopic full-thickness resection of gastric ectopic splenic nodules.,"Zheng L, Li D, Wang W",BMC Gastroenterol. 2020 Nov 19;20(1):388. doi: 10.1186/s12876-020-01533-3.,Zheng L,BMC gastroenterology,2020,2020/11/21 06:00,PMC7678266,,10.1186/s12876-020-01533-3
33207096,Wandering Spleen.,"Wester A, Co I",N Engl J Med. 2020 Nov 19;383(21):2065. doi: 10.1056/NEJMicm2003627.,Wester A,The New England journal of medicine,2020,2020/11/19 06:00,,,10.1056/NEJMicm2003627
33171434,"Splenoptosis in young female, case report.","El-Helou E, Alimoradi M, Sabra H, Naccour J, Zaarour M, Chebli FA, Wakim R, Haddad MM",Int J Surg Case Rep. 2020;77:214-218. doi: 10.1016/j.ijscr.2020.11.001. Epub 2020 Nov 4.,El-Helou E,International journal of surgery case reports,2020,2020/11/11 06:00,PMC7653206,,10.1016/j.ijscr.2020.11.001
33137668,Treatment of a congenital diaphragmatic hernia with associated wandering spleen: Case report of a 17-year-old girl.,"Dangen J, Lau S, Abbas S",Int J Surg Case Rep. 2020;77:32-35. doi: 10.1016/j.ijscr.2020.10.049. Epub 2020 Oct 22.,Dangen J,International journal of surgery case reports,2020,2020/11/03 06:00,PMC7610022,,10.1016/j.ijscr.2020.10.049
33088415,Torsion of Wandering Spleen and its adherence to the right ovary - An unusual cause of recurrent pain abdomen.,"Gulati M, Suman A, Satyam, Garg A",J Radiol Case Rep. 2020 Jul 31;14(7):10-18. doi: 10.3941/jrcr.v14i7.3752. eCollection 2020 Jul.,Gulati M,Journal of radiology case reports,2020,2020/10/23 06:00,PMC7536009,,10.3941/jrcr.v14i7.3752
32996204,CT angiography identifies collaterals in dogs with splenic vein obstruction and presumed regional splenic vein hypertension.,"Specchi S, Bertolini G",Vet Radiol Ultrasound. 2020 Nov;61(6):636-640. doi: 10.1111/vru.12914. Epub 2020 Sep 29.,Specchi S,Veterinary radiology & ultrasound : the official journal of the American College of Veterinary Radiology and the International Veterinary Radiology Association,2020,2020/10/01 06:00,,,10.1111/vru.12914
32925740,Wandering spleen with splenic torsion in a toddler: A case report and literature review.,"Wang Z, Zhao Q, Huang Y, Mo Z, Tian Z, Yang F, Wang Y, Yao L",Medicine (Baltimore). 2020 Sep 11;99(37):e22063. doi: 10.1097/MD.0000000000022063.,Wang Z,Medicine,2020,2020/09/15 06:00,PMC7489642,,10.1097/MD.0000000000022063
32868755,Wandering Spleen Volvulus: A Case Report and Literature Review of This Diagnostic Challenge.,"Koliakos E, Papazarkadas X, Sleiman MJ, Rotas I, Christodoulou M",Am J Case Rep. 2020 Sep 1;21:e925301. doi: 10.12659/AJCR.925301.,Koliakos E,The American journal of case reports,2020,2020/09/02 06:00,PMC7483514,,10.12659/AJCR.925301
32823158,Simultaneous Torsion of a Uterine Horn and Spleen in a Pregnant Two-Year-Old Crossbreed Bitch: A Case Report.,"Martins-Bessa A, Vieira L, Machado J, Almeida M, Alves T, Fachada MT, Pires MA, Alves A, Dias IR",Top Companion Anim Med. 2020 Nov;41:100459. doi: 10.1016/j.tcam.2020.100459. Epub 2020 Jun 26.,Martins-Bessa A,Topics in companion animal medicine,2020,2020/08/22 06:00,,,10.1016/j.tcam.2020.100459
32802611,Rare Cause of Abdominal Pain in an Adolescent Patient: Splenic Infarction in Absence of Causative Underlying Hematologic Disorder.,"Shimshoni D, Vandillen C",Cureus. 2020 Jul 14;12(7):e9176. doi: 10.7759/cureus.9176.,Shimshoni D,Cureus,2020,2020/08/18 06:00,PMC7425819,,10.7759/cureus.9176
32771108,"A wandering spleen, splenomegaly, hypersplenism, and iron deficiency anaemia.","Pouchot J, Couprie A",Lancet. 2020 Aug 8;396(10248):412. doi: 10.1016/S0140-6736(20)31552-X.,Pouchot J,"Lancet (London, England)",2020,2020/08/11 06:00,,,10.1016/S0140-6736(20)31552-X
32762474,Accessory spleen originating from the intrinsic muscularis of the stomach misdiagnosed as gastrointestinal stromal tumor: a case report.,"Zhang J, Zhong JW, Lu GR, Zhou YH, Xue ZX, Ye MS",J Int Med Res. 2020 Aug;48(8):300060520935304. doi: 10.1177/0300060520935304.,Zhang J,The Journal of international medical research,2020,2020/08/09 06:00,PMC7416145,,10.1177/0300060520935304
32612378,Torsion of Wandering Spleen Attached to the Omentum: A Rare Case Report from Iran.,"Abaszadeh F, Taebi M, Nikzad Jamnani H",Int J Gen Med. 2020 Jun 24;13:333-336. doi: 10.2147/IJGM.S248259. eCollection 2020.,Abaszadeh F,International journal of general medicine,2020,2020/07/03 06:00,PMC7322114,,10.2147/IJGM.S248259
32508109,Small bowel obstruction due to splenosis 30 years after splenectomy.,"El-Helou E, Alimoradi M, Sabra H, Ghoussoub Y, Zaarour M, Abousleiman G",Ann R Coll Surg Engl. 2020 Nov;102(9):e1-e3. doi: 10.1308/rcsann.2020.0131. Epub 2020 Jun 8.,El-Helou E,Annals of the Royal College of Surgeons of England,2020,2020/06/09 06:00,PMC7591599,,10.1308/rcsann.2020.0131
32436983,Torsion of wandering spleen nine years after gastric volvulus: Effect of multiparity?,"Karaisli S, Acar T, Acar N, Kamer E, Haciyanli M",Ulus Travma Acil Cerrahi Derg. 2020 May;26(3):489-492. doi: 10.14744/tjtes.2019.91606.,Karaisli S,Ulusal travma ve acil cerrahi dergisi = Turkish journal of trauma & emergency surgery : TJTES,2020,2020/05/22 06:00,,,10.14744/tjtes.2019.91606
32432066,Torsion of an Accessory Spleen in a Child With Biliary Atresia Splenic Malformation Syndrome.,"Simon DA, Fleishman NR, Choi P, Fraser JD, Fischer RT",Front Pediatr. 2020 May 4;8:220. doi: 10.3389/fped.2020.00220. eCollection 2020.,Simon DA,Frontiers in pediatrics,2020,2020/05/21 06:00,PMC7212802,,10.3389/fped.2020.00220
32424633,Torsion of wandering spleen: radiological findings.,"Parada Blazquez MJ, Rodriguez Vargas D, Garcia Ferrer M, Tinoco Gonzalez J, Vargas Serrano B",Emerg Radiol. 2020 Oct;27(5):555-560. doi: 10.1007/s10140-020-01786-1. Epub 2020 May 18.,Parada Blazquez MJ,Emergency radiology,2020,2020/05/20 06:00,,,10.1007/s10140-020-01786-1
32420307,Endoscopic ultrasonography elastography in the diagnosis of intrapancreatic ectopic spleen: A case report.,"Ge N, Sun SY",World J Clin Cases. 2020 May 6;8(9):1729-1734. doi: 10.12998/wjcc.v8.i9.1729.,Ge N,World journal of clinical cases,2020,2020/05/19 06:00,PMC7211534,,10.12998/wjcc.v8.i9.1729
32369654,Atypical mesenteroaxial gastric volvulus with wandering spleen as a late complication of vagotomy and pyloromyotomy for peptic duodenal ulcer.,"Mocanu SN, Caceres Diez M, Garay Sola M",ANZ J Surg. 2020 Dec;90(12):E186-E187. doi: 10.1111/ans.15966. Epub 2020 May 5.,Mocanu SN,ANZ journal of surgery,2020,2020/05/06 06:00,,,10.1111/ans.15966
32368543,Unusual association of Axenfeld-Rieger syndrome and wandering spleen: A case report.,"Chang YL, Lin J, Li YH, Tsao LC",World J Clin Cases. 2020 Apr 26;8(8):1502-1506. doi: 10.12998/wjcc.v8.i8.1502.,Chang YL,World journal of clinical cases,2020,2020/05/06 06:00,PMC7190964,,10.12998/wjcc.v8.i8.1502
32253884,A rare cause of acute abdominal pain in a patient with Primary ciliary dyskinesia with situs inversus totalis.,"Ciki K, Turer OB, Hizal M, Tugcu GD, Emiralioglu N, Yalcin E, Ersoz DD, Kiper N, Ozcelik U",Turk J Pediatr. 2020;62(1):156-159. doi: 10.24953/turkjped.2020.01.024.,Ciki K,The Turkish journal of pediatrics,2020,2020/04/08 06:00,,,10.24953/turkjped.2020.01.024
32205002,Torsion of Wandering Spleen: A Case Report.,"Goksu M, Baykan AH",J Emerg Med. 2020 Apr;58(4):e189-e192. doi: 10.1016/j.jemermed.2020.01.012. Epub 2020 Mar 20.,Goksu M,The Journal of emergency medicine,2020,2020/03/25 06:00,,,10.1016/j.jemermed.2020.01.012
32156414,Massive splenic infarction in a wandering spleen: A rare indication for emergency splenectomy.,"Perez Reyes M, Blanco Elena JA, Miron Fernandez I, Santoyo Santoyo J",Cir Esp (Engl Ed). 2020 Dec;98(10):627. doi: 10.1016/j.ciresp.2020.02.001. Epub 2020 Mar 8.,Perez Reyes M,Cirugia espanola,2020,2020/03/12 06:00,,,10.1016/j.ciresp.2020.02.001
32082535,Acute abdomen due to an infarction of wandering spleen: case report.,"Assaf R, Shebli B, Alzahran A, Rahmeh AR, Mansour A, Hamza R, Alaasy Alkushti E, Ayoub K",J Surg Case Rep. 2020 Feb 15;2020(2):rjz378. doi: 10.1093/jscr/rjz378. eCollection 2020 Feb.,Assaf R,Journal of surgical case reports,2020,2020/02/23 06:00,PMC7024078,,10.1093/jscr/rjz378
32077164,CT characteristics of primary splenic torsion in eight dogs.,"Hughes JR, Johnson VS, Genain MA",Vet Radiol Ultrasound. 2020 May;61(3):261-268. doi: 10.1111/vru.12844. Epub 2020 Feb 19.,Hughes JR,Veterinary radiology & ultrasound : the official journal of the American College of Veterinary Radiology and the International Veterinary Radiology Association,2020,2020/02/23 06:00,,,10.1111/vru.12844
32021685,Torsion of wandering spleen involving the pancreatic tail.,"Colombo F, D'Amore P, Crespi M, Sampietro G, Foschi D",Ann Med Surg (Lond). 2019 Dec 20;50:10-13. doi: 10.1016/j.amsu.2019.12.001. eCollection 2020 Feb.,Colombo F,Annals of medicine and surgery (2012),2020,2020/02/06 06:00,PMC6994766,,10.1016/j.amsu.2019.12.001
32017329,Laparoscopic splenectomy for a wandering spleen with resultant splenomegaly and gastric varices.,"Chue KM, Tan JKH, Pang NQ, Kow AWC",ANZ J Surg. 2020 Oct;90(10):2124-2125. doi: 10.1111/ans.15737. Epub 2020 Feb 4.,Chue KM,ANZ journal of surgery,2020,2020/02/06 06:00,,,10.1111/ans.15737
31989898,Torsion of Wandering Spleen: Importance of Splenic Density and Liver-to- Spleen Attenuation Ratio on CT.,"Cetinoglu YK, Karasu S, Acar T, Uluc ME, Haciyanli M, Tosun O",Curr Med Imaging Rev. 2020;16(1):88-93. doi: 10.2174/1573405614666181009142322.,Cetinoglu YK,Current medical imaging reviews,2020,2020/01/29 06:00,,,10.2174/1573405614666181009142322
31964552,Incidental finding of abdominal splenosis with mononucleated cell infiltration leading to a diagnosis of acute myeloid leukemia.,"Zhao Y, Maule J, McCracken J, Xing J, Wang E",Pathol Res Pract. 2020 Mar;216(3):152818. doi: 10.1016/j.prp.2020.152818. Epub 2020 Jan 10.,Zhao Y,"Pathology, research and practice",2020,2020/01/23 06:00,,,10.1016/j.prp.2020.152818
31679741,Torsion of a wandering spleen.,"Rey Valles YS, Fonseca Sosa FK, Valles Gamboa M, Quesada Martinez E",Cir Esp (Engl Ed). 2020 Aug-Sep;98(7):418-419. doi: 10.1016/j.ciresp.2019.09.009. Epub 2019 Oct 31.,Rey Valles YS,Cirugia espanola,2020,2019/11/05 06:00,,,10.1016/j.ciresp.2019.09.009
31646719,Rare case of wandering spleen causing intra-thoracic megacolon.,"Han J, Tonkin D, Hewett P",ANZ J Surg. 2020 Jun;90(6):1192-1193. doi: 10.1111/ans.15542. Epub 2019 Oct 24.,Han J,ANZ journal of surgery,2020,2019/10/28 06:00,,,10.1111/ans.15542
31549337,Diagnosis of intrapancreatic accessory spleen by endoscopic ultrasound-guided fine-needle aspiration mimicking a pancreatic neoplasm: a case report and review of literature.,"Renno A, Hill M, Abdel-Aziz Y, Meawad H, Lenhard A, Nawras A",Clin J Gastroenterol. 2020 Apr;13(2):287-297. doi: 10.1007/s12328-019-01045-y. Epub 2019 Sep 23.,Renno A,Clinical journal of gastroenterology,2020,2019/09/25 06:00,,,10.1007/s12328-019-01045-y
31958965,Extraperitoneal pocket splenopexy is a suitable solution for wandering spleen in children and adolescents - case report.,"Frybova B, Dotlacil V, Rygl M",Rozhl Chir. 2019 Winter;98(12):509-512. doi: 10.33699/PIS.2019.98.12.509-512.,Frybova B,Rozhledy v chirurgii : mesicnik Ceskoslovenske chirurgicke spolecnosti,2019,2020/01/22 06:00,,,10.33699/PIS.2019.98.12.509-512
31827967,Epidermoid Cysts in a Wandering Spleen: An Unusual Enigma.,"Algino SE, Sorrentino S, Luyimbazi DT, Grider DJ",Case Rep Surg. 2019 Nov 20;2019:1581736. doi: 10.1155/2019/1581736. eCollection 2019.,Algino SE,Case reports in surgery,2019,2019/12/13 06:00,PMC6886353,,10.1155/2019/1581736
31816207,Wandering Spleen in a 1-Year-Old Girl: An Enigmatic Journey to Find the Hiding Necrotic Spleen.,"Lim PPC, Dasgupta K, Wheeler T",S D Med. 2019 Oct;72(10):459-463.,Lim PPC,South Dakota medicine : the journal of the South Dakota State Medical Association,2019,2019/12/10 06:00,,,
31811094,Wandering spleen: a rare complication of sleeve gastrectomy.,"Camarillo G, Kopelman Y, Daskal Y, Sheffer D",BMJ Case Rep. 2019 Dec 5;12(12):e232494. doi: 10.1136/bcr-2019-232494.,Camarillo G,BMJ case reports,2019,2019/12/08 06:00,PMC6904170,,10.1136/bcr-2019-232494
31807373,Symptomatic Intrathoracic Splenosis More than Forty Years After a Gunshot Injury.,"Khan A, Khan S, Pillai S",Cureus. 2019 Oct 24;11(10):e5985. doi: 10.7759/cureus.5985.,Khan A,Cureus,2019,2019/12/07 06:00,PMC6876915,,10.7759/cureus.5985
31788290,Pelvic splenosis-A rare cause of pelvic mass.,"Degheili JA, Abou Heidar NF",Clin Case Rep. 2019 Sep 16;7(11):2247-2249. doi: 10.1002/ccr3.2419. eCollection 2019 Nov.,Degheili JA,Clinical case reports,2019,2019/12/04 06:00,PMC6878045,,10.1002/ccr3.2419
31777729,Chronic Gastric Volvulus as a Late Complication of Hepatectomy for Hepatoblastoma in a Child: A Case Report.,"Lee HS, Jung EJ, Park JS, Park T",Pediatr Gastroenterol Hepatol Nutr. 2019 Nov;22(6):608-612. doi: 10.5223/pghn.2019.22.6.608. Epub 2019 Nov 7.,Lee HS,"Pediatric gastroenterology, hepatology & nutrition",2019,2019/11/30 06:00,PMC6856505,,10.5223/pghn.2019.22.6.608
31617809,"Evaluation of a novel technique involving ultrasound-guided, temporary, percutaneous gastropexy and gastrostomy catheter placement for providing sustained gastric decompression in dogs with gastric dilatation-volvulus.","Fox-Alvarez WA, Case JB, Lewis DD, Joyce AC, Cooke KL, Toskich B",J Am Vet Med Assoc. 2019 Nov 1;255(9):1027-1034. doi: 10.2460/javma.255.9.1027.,Fox-Alvarez WA,Journal of the American Veterinary Medical Association,2019,2019/10/17 06:00,,,10.2460/javma.255.9.1027
31580314,Validation of in vitro labeling method for human use of heat-damage red blood cells to detect splenic tissue and hemocateretic function.,"Sammartano A, Scarlattei M, Migliari S, Baldari G, Ruffini L",Acta Biomed. 2019 Sep 6;90(3):275-280. doi: 10.23750/abm.v90i3.7767.,Sammartano A,Acta bio-medica : Atenei Parmensis,2019,2019/10/04 06:00,PMC7233735,,10.23750/abm.v90i3.7767
31560339,Wandering Spleen with 720-degree Torsion Treated with Splenectomy and Distal Pancreatectomy.,"Ng MRA, McCullers M, Gamenthaler A",Am Surg. 2019 Aug 1;85(8):e430-e432.,Ng MRA,The American surgeon,2019,2019/09/29 06:00,,,
31530528,What is a disappearing intra-abdominal mass?,"Sahoo AK, Goneppanavar M, Rajan S, Raj R, Prasad N R V",Turk J Gastroenterol. 2019 Sep;30(9):843-845. doi: 10.5152/tjg.2019.18657.,Sahoo AK,The Turkish journal of gastroenterology : the official journal of Turkish Society of Gastroenterology,2019,2019/09/19 06:00,PMC6750813,,10.5152/tjg.2019.18657
31492728,Unusual pseudocyst in a wandering spleen.,"Manoharan D, Kumar A, Krishna A, Bansal VK",BMJ Case Rep. 2019 Sep 5;12(9):e229948. doi: 10.1136/bcr-2019-229948.,Manoharan D,BMJ case reports,2019,2019/09/08 06:00,PMC6731936,,10.1136/bcr-2019-229948
31445501,Torsion of wandering spleen treated by laparoscopic splenopexy: A case report.,"Awan M, Gallego JL, Al Hamadi A, Vinod VC",Int J Surg Case Rep. 2019;62:58-61. doi: 10.1016/j.ijscr.2019.06.040. Epub 2019 Jun 26.,Awan M,International journal of surgery case reports,2019,2019/08/25 06:00,PMC6717052,,10.1016/j.ijscr.2019.06.040
31440319,Wandering spleen with splenic torsion in a child with DiGeorge syndrome.,"Taylor CS, Howard-Claudio C",Radiol Case Rep. 2019 Aug 6;14(10):1209-1213. doi: 10.1016/j.radcr.2019.06.018. eCollection 2019 Oct.,Taylor CS,Radiology case reports,2019,2019/08/24 06:00,PMC6698723,,10.1016/j.radcr.2019.06.018
31406036,A case of acute splenic vein thrombosis in a dog.,Kim J,J Vet Med Sci. 2019 Oct 24;81(10):1492-1495. doi: 10.1292/jvms.19-0258. Epub 2019 Aug 12.,Kim J,The Journal of veterinary medical science,2019,2019/08/14 06:00,PMC6863712,,10.1292/jvms.19-0258
31371695,A Case of Small Intestinal Ileus Due to Wandering Spleen with a Large Cyst.,"Matsuyama T, Nakao T, Harada S, Nakamura T, Nobori S, Ushigome H",Am J Case Rep. 2019 Aug 2;20:1138-1140. doi: 10.12659/AJCR.916845.,Matsuyama T,The American journal of case reports,2019,2019/08/03 06:00,PMC6690211,,10.12659/AJCR.916845
31352320,Emergency laparoscopic splenectomy for torsion of wandering spleen in a geriatric patient: A case report.,"Nastiti NA, Niam MS, Khoo PJ",Int J Surg Case Rep. 2019;61:91-95. doi: 10.1016/j.ijscr.2019.07.021. Epub 2019 Jul 19.,Nastiti NA,International journal of surgery case reports,2019,2019/07/29 06:00,PMC6664162,,10.1016/j.ijscr.2019.07.021
31319072,Overeating and a Wandering Spleen: What Is the Link?,"De'Ath HD, Kelly JJ",Gastroenterology. 2019 Dec;157(6):e11-e12. doi: 10.1053/j.gastro.2019.07.022. Epub 2019 Jul 15.,De'Ath HD,Gastroenterology,2019,2019/07/19 06:00,,,10.1053/j.gastro.2019.07.022
31210954,Wandering spleen in a geriatric patient - a rare presentation of gastric volvulus.,"Gandhi C, Fowler RL, Hersey S, Heffernan DS, Stafford T",JRSM Open. 2019 May 31;10(6):2054270419851325. doi: 10.1177/2054270419851325. eCollection 2019 Jun.,Gandhi C,JRSM open,2019,2019/06/19 06:00,PMC6545661,,10.1177/2054270419851325
31193859,"Concurrent occurrence of a wandering spleen, organoaxial gastric volvulus, pancreatic volvulus, and cholestasis - A rare cause of an acute abdomen.","Asafu Adjaye Frimpong G, Aboagye E, Ayisi-Boateng NK, Antwi K, Bawuah KA, Coleman NE, Nunoo AW, Danso DB, Amoah M, Kwofie B",Radiol Case Rep. 2019 May 29;14(8):946-951. doi: 10.1016/j.radcr.2019.05.018. eCollection 2019 Aug.,Asafu Adjaye Frimpong G,Radiology case reports,2019,2019/06/14 06:00,PMC6543132,,10.1016/j.radcr.2019.05.018
31131126,Splenic torsion with involvement of pancreas and descending colon in a 9-year-old boy.,"Seif Amir Hosseini A, Streit U, Uhlig J, Biggemann L, Kahl F, Ahmed S, Markus D",BJR Case Rep. 2018 Jun 27;5(1):20180051. doi: 10.1259/bjrcr.20180051. eCollection 2019 Feb.,Seif Amir Hosseini A,BJR case reports,2019,2019/05/28 06:00,PMC6519498,,10.1259/bjrcr.20180051
31092484,Splenic infarction from vascular torsion in a child with normal splenic anatomy.,"Molina AL, Smola C, Wu CL, Hofto ME",BMJ Case Rep. 2019 May 15;12(5):e228425. doi: 10.1136/bcr-2018-228425.,Molina AL,BMJ case reports,2019,2019/05/17 06:00,PMC6536158,,10.1136/bcr-2018-228425
31040610,Splenorenal fusion mimicking renal cancer: One case report and literature review.,"Zugail AS, Ahallal Y, Comperat EM, Guillonneau B",Urol Ann. 2019 Apr-Jun;11(2):211-213. doi: 10.4103/UA.UA_47_18.,Zugail AS,Urology annals,2019,2019/05/02 06:00,PMC6476214,,10.4103/UA.UA_47_18
30970171,Targeting the Spleen as an Alternative Site for Hematopoiesis.,"Short C, Lim HK, Tan J, O'Neill HC",Bioessays. 2019 May;41(5):e1800234. doi: 10.1002/bies.201800234. Epub 2019 Apr 10.,Short C,"BioEssays : news and reviews in molecular, cellular and developmental biology",2019,2019/04/11 06:00,,,10.1002/bies.201800234
33536831,Contrast-Enhanced Computed Tomographic Findings of the Wandering Spleen: A Case Report.,"Ozcaglayan O, Ozcaglayan TI, Gulek B",Sisli Etfal Hastan Tip Bul. 2019 Mar 28;53(1):76-79. doi: 10.14744/SEMB.2017.07379. eCollection 2019.,Ozcaglayan O,Sisli Etfal Hastanesi tip bulteni,2019,2019/03/28 00:00,PMC7847729,,10.14744/SEMB.2017.07379
30876653,Torsion of the Wandering Spleen.,"Karapolat B, Korkmaz HAA, Kocak G",Am J Med Sci. 2019 May;357(5):e17-e18. doi: 10.1016/j.amjms.2019.01.016. Epub 2019 Feb 2.,Karapolat B,The American journal of the medical sciences,2019,2019/03/17 06:00,,,10.1016/j.amjms.2019.01.016
30809877,Splenic torsion and polysplenia syndrome in a 10-year-old girl.,"Fujiwara M, Abe Y, Kodera A, Kitada K, Araki T",Pediatr Int. 2019 Feb;61(2):192-193. doi: 10.1111/ped.13760.,Fujiwara M,Pediatrics international : official journal of the Japan Pediatric Society,2019,2019/02/28 06:00,,,10.1111/ped.13760
30778694,Laparoscopic splenectomy for polysplenia with splenic torsion: a case report.,"Kubo H, Yamaoka N, Tamai M, Kamiya H, Kamada Y, Nagata T, Fukuda KI, Otsuji E",Surg Case Rep. 2019 Feb 18;5(1):28. doi: 10.1186/s40792-019-0582-0.,Kubo H,Surgical case reports,2019,2019/02/20 06:00,PMC6379504,,10.1186/s40792-019-0582-0
30768070,Atraumatic splenic rupture secondary to appendicular perforation by cecal volvulus.,"Menendez-Moreno A, Burneo-Esteves M, Orti-Rodriguez R, Feria-Gonzalez A, Perez-Alvarez A, Barrera-Gomez M",Cir Cir. 2019;87(2):211-214. doi: 10.24875/CIRU.18000373.,Menendez-Moreno A,Cirugia y cirujanos,2019,2019/02/16 06:00,,,10.24875/CIRU.18000373
30758809,A rare case of accessory spleen torsion in a child diagnosed by ultrasound (US) and contrast-enhanced ultrasound (CEUS).,"Trinci M, Ianniello S, Galluzzo M, Giangregorio C, Palliola R, Briganti V, Tursini S, Miele V",J Ultrasound. 2019 Mar;22(1):99-102. doi: 10.1007/s40477-019-00359-4. Epub 2019 Feb 13.,Trinci M,Journal of ultrasound,2019,2019/02/14 06:00,PMC6430300,,10.1007/s40477-019-00359-4
30694749,Pancreatic Incidentalomas: A Management Algorithm for Identifying Ectopic Spleens.,"Baugh KA, Villafane N, Farinas C, Dhingra S, Silberfein EJ, Massarweh NN, Cao HT, Fisher WE, Van Buren G 2nd",J Surg Res. 2019 Apr;236:144-152. doi: 10.1016/j.jss.2018.11.032. Epub 2018 Dec 17.,Baugh KA,The Journal of surgical research,2019,2019/01/30 06:00,,,10.1016/j.jss.2018.11.032
30555950,Simple schwannomatosis or an incomplete Coffin-Siris? Report of a particular case.,"Bellantoni G, Guerrini F, Del Maestro M, Galzio R, Luzzi S",eNeurologicalSci. 2018 Nov 27;14:31-33. doi: 10.1016/j.ensci.2018.11.021. eCollection 2019 Mar.,Bellantoni G,eNeurologicalSci,2019,2018/12/18 06:00,PMC6277249,,10.1016/j.ensci.2018.11.021
30293757,Wandering spleen and intestinal malrotation.,"Guvendi B, Ogul H",Cir Esp (Engl Ed). 2019 Apr;97(4):232. doi: 10.1016/j.ciresp.2018.08.014. Epub 2018 Oct 4.,Guvendi B,Cirugia espanola,2019,2018/10/09 06:00,,,10.1016/j.ciresp.2018.08.014
30087001,Diagnostic imaging of abnormalities in the number and location of the spleen.,"Rodriguez Vargas D, Parada Blazquez MJ, Vargas Serrano B",Radiologia (Engl Ed). 2019 Jan-Feb;61(1):26-34. doi: 10.1016/j.rx.2018.07.002. Epub 2018 Aug 4.,Rodriguez Vargas D,Radiologia,2019,2018/08/09 06:00,,,10.1016/j.rx.2018.07.002
30019879,"""Wandering spleen"" as a rare cause of recurrent abdominal pain: a systematic review.","Barabino M, Luigiano C, Pellicano R, Giovenzana M, Santambrogio R, Pisani A, Ierardi AM, Palamara MA, Consolo P, Giacobbe G, Fagoonee S, Eusebi LH, Opocher E",Minerva Chir. 2019 Aug;74(4):359-363. doi: 10.23736/S0026-4733.18.07841-0. Epub 2018 Jul 18.,Barabino M,Minerva chirurgica,2019,2018/07/19 06:00,,,10.23736/S0026-4733.18.07841-0
29737310,Is laparoscopic approach for wandering spleen in children an option?,"Alqadi GO, Saxena AK",J Minim Access Surg. 2019 Apr-Jun;15(2):93-97. doi: 10.4103/jmas.JMAS_14_18.,Alqadi GO,Journal of minimal access surgery,2019,2018/05/09 06:00,PMC6438076,,10.4103/jmas.JMAS_14_18
30931139,Splenosis of the abdomen and pelvis complicated by torsion of a splenic implant clinically mimicking an acute bowel ischemia.,"Lemos AA, Crespi S, Costa S, Marini A",BJR Case Rep. 2018 Dec;4(4):20180024. doi: 10.1259/bjrcr.20180024. Epub 2018 May 24.,Lemos AA,BJR case reports,2018,2019/04/02 06:00,PMC6438399,,10.1259/bjrcr.20180024
30572857,Thoracic splenosis presenting as pulmonary space-occupying lesion.,"Niu Y, Liu W, Xian L, Liu T, Huang C, Yang S",BMC Surg. 2018 Dec 20;18(1):119. doi: 10.1186/s12893-018-0461-9.,Niu Y,BMC surgery,2018,2018/12/24 06:00,PMC6302502,,10.1186/s12893-018-0461-9
30569981,An unusual cause of acute abdomen: wandering spleen with infarction.,"Bernardes Filho F, Nastri Filho R, Vena RT, Febronio EM, Queiroz RM",Rev Assoc Med Bras (1992). 2018 Dec;64(12):1075-1076. doi: 10.1590/1806-9282.64.12.1075.,Bernardes Filho F,Revista da Associacao Medica Brasileira (1992),2018,2018/12/21 06:00,,,10.1590/1806-9282.64.12.1075
30457661,[Torsion of wandering spleen - unusual cause to acute abdominal pain in pediatric patients].,"Hurtig J, Gkekas I, Nasvall P",Lakartidningen. 2018 Nov 20;115:FA9Z.,Hurtig J,Lakartidningen,2018,2018/11/21 06:00,,,
30403608,Ectopic spleen mimicking hepatocellular carcinoma in the late post-operative period of bariatric surgery.,"Falcao de Santana M, Menezes Marques L, Lopes Gibara V, E Magalhaes Neto G, Gustavo De Quadros L, Kaiser Junior RL, Gouvea Faria MA, Filho IZ",Cell Mol Biol (Noisy-le-grand). 2018 Oct 30;64(13):113-115.,Falcao de Santana M,"Cellular and molecular biology (Noisy-le-Grand, France)",2018,2018/11/08 06:00,,,
30357080,Torsion of Wandering Spleen with Infarction.,"Khan DB, Khandwala K, Abbasi SU, Khan SD, Raza R",Cureus. 2018 Aug 21;10(8):e3177. doi: 10.7759/cureus.3177.,Khan DB,Cureus,2018,2018/10/26 06:00,PMC6197534,,10.7759/cureus.3177
30324789,Wandering Spleen: Three Subsequent Cases in Young Women.,"Vaynshtein J, Guetta O, Replyansky I, Vakhrushev A, Czeiger D, Ovnat A, Sebbag G",Isr Med Assoc J. 2018 Oct;20(10):656-657.,Vaynshtein J,The Israel Medical Association journal : IMAJ,2018,2018/10/17 06:00,,,
30260109,[Endoscopic management of gastric volvulus in a 8-years old girl].,"Pasten Gonzalez A, Gonzalez Figueroa B, Riquelme Mendoza R, Gonzalez Jeria P",Cir Pediatr. 2018 Aug 3;31(3):153-157.,Pasten Gonzalez A,Cirugia pediatrica : organo oficial de la Sociedad Espanola de Cirugia Pediatrica,2018,2018/09/28 06:00,,,
30115712,Wandering spleen caused by subcapsular haemorrhage.,"Kariya CM, Fowler DH, Stratton P",BMJ Case Rep. 2018 Aug 16;2018:bcr2018224917. doi: 10.1136/bcr-2018-224917.,Kariya CM,BMJ case reports,2018,2018/08/18 06:00,PMC6101342,,10.1136/bcr-2018-224917
30065530,Partial Splenic Torsion in situ: Revealed by Ultrasound and Computed Tomography.,"Bayramoglu M, Haberal KM, Kahraman G, Avci T",J Med Ultrasound. 2018 Apr-Jun;26(2):107-108. doi: 10.4103/JMU.JMU_25_18. Epub 2018 Jun 12.,Bayramoglu M,Journal of medical ultrasound,2018,2018/08/02 06:00,PMC6029199,,10.4103/JMU.JMU_25_18
30034889,The Importance of Recognizing Wandering Spleen as a Cause of Recurrent Acute Pancreatitis.,"Lourdusamy V, Patel D, Docobo R, Tantry S, Lourdusamy D, Farukh S",Case Rep Gastrointest Med. 2018 Jun 21;2018:7573835. doi: 10.1155/2018/7573835. eCollection 2018.,Lourdusamy V,Case reports in gastrointestinal medicine,2018,2018/07/24 06:00,PMC6032662,,10.1155/2018/7573835
30021736,Splenic torsion: a rare cause of abdominal pain.,"Mohseni M, Kruse BT, Graham C",BMJ Case Rep. 2018 Jul 18;2018:bcr2018224952. doi: 10.1136/bcr-2018-224952.,Mohseni M,BMJ case reports,2018,2018/07/20 06:00,PMC6058114,,10.1136/bcr-2018-224952
29950372,Acute torsion of a wandering spleen: a paediatric emergency.,"Anand S, Yadav DK, Sharma S, Varshney A",BMJ Case Rep. 2018 Jun 27;2018:bcr2018225496. doi: 10.1136/bcr-2018-225496.,Anand S,BMJ case reports,2018,2018/06/29 06:00,PMC6020928,,10.1136/bcr-2018-225496
29911755,Emergencies in the Treatment of Wandering Spleen.,"Cohen O, Baazov A, Samuk I, Schwarz M, Kravarusic D, Freud E",Isr Med Assoc J. 2018 Jun;20(6):354-357.,Cohen O,The Israel Medical Association journal : IMAJ,2018,2018/06/19 06:00,,,
29889641,What Is Your Diagnosis?,"Spears SM, White RS, McConkey MJ",J Am Vet Med Assoc. 2018 Jun 15;252(12):1463-1466. doi: 10.2460/javma.252.12.1463.,Spears SM,Journal of the American Veterinary Medical Association,2018,2018/06/12 06:00,,,10.2460/javma.252.12.1463
29876050,Torsion of a wandering spleen as a cause of portal hypertension and mesenteric varices: a rare aetiology.,"Rafie BA, AbuHamdan OJ, Trengganu NS, Althebyani BH, Almatrafi BS",J Surg Case Rep. 2018 May 18;2018(5):rjy107. doi: 10.1093/jscr/rjy107. eCollection 2018 May.,Rafie BA,Journal of surgical case reports,2018,2018/06/08 06:00,PMC5961426,,10.1093/jscr/rjy107
29657312,Left Upper-Quadrant Appendicitis in a Patient with Congenital Intestinal Malrotation and Polysplenia.,"Lupianez-Merly C, Torres-Ayala SC, Morales L, Gonzalez A, Lara-Del Rio JA, Ojeda-Boscana I",Am J Case Rep. 2018 Apr 16;19:447-452. doi: 10.12659/ajcr.908276.,Lupianez-Merly C,The American journal of case reports,2018,2018/04/17 06:00,PMC5923602,,10.12659/ajcr.908276
29602063,Wandering spleen with horseshoe kidney a rare occurrence.,"Than DJ, Ern TT, Karim KBA",Int J Surg Case Rep. 2018;45:96-100. doi: 10.1016/j.ijscr.2018.03.028. Epub 2018 Mar 22.,Than DJ,International journal of surgery case reports,2018,2018/03/31 06:00,PMC6000907,,10.1016/j.ijscr.2018.03.028
29529542,"Splenic torsion, a challenging diagnosis: Case report and review of literature.","Viana C, Cristino H, Veiga C, Leao P",Int J Surg Case Rep. 2018;44:212-216. doi: 10.1016/j.ijscr.2018.02.032. Epub 2018 Feb 25.,Viana C,International journal of surgery case reports,2018,2018/03/13 06:00,PMC5928290,,10.1016/j.ijscr.2018.02.032
29521675,Splenectomy in Gaucher Disease: A Call for Minimally Invasive Surgery.,"Freund MR, Reissman P, Zimran A, Alberton J",Surg Laparosc Endosc Percutan Tech. 2018 Apr;28(2):86-89. doi: 10.1097/SLE.0000000000000518.,Freund MR,"Surgical laparoscopy, endoscopy & percutaneous techniques",2018,2018/03/10 06:00,,,10.1097/SLE.0000000000000518
29482086,Laparoscopic splenectomy for a simultaneous wandering spleen along with an ectopic accessory spleen. Case report and review of the literature.,"Rizzuto A, Di Saverio S",Int J Surg Case Rep. 2018;43:36-40. doi: 10.1016/j.ijscr.2018.01.017. Epub 2018 Feb 9.,Rizzuto A,International journal of surgery case reports,2018,2018/02/27 06:00,PMC5907687,,10.1016/j.ijscr.2018.01.017
29458805,Man With Abdominal Pain.,"Hallisey SD, Matilsky DK",Ann Emerg Med. 2018 Mar;71(3):430-438. doi: 10.1016/j.annemergmed.2017.09.030.,Hallisey SD,Annals of emergency medicine,2018,2018/02/21 06:00,,,10.1016/j.annemergmed.2017.09.030
29450603,"A ""wandering spleen"".","Zhang P, Dyer RB, Holbert BL",Abdom Radiol (NY). 2018 Sep;43(9):2525-2526. doi: 10.1007/s00261-018-1488-1.,Zhang P,Abdominal radiology (New York),2018,2018/02/17 06:00,,,10.1007/s00261-018-1488-1
29409991,"A Multicystic, Malrotated Pancreas in a Patient With Wandering Spleen.","Taydas O, Ogul H, Bayraktutan U, Kantarci M",Gastroenterology. 2018 Jul;155(1):e16-e17. doi: 10.1053/j.gastro.2017.11.288. Epub 2018 Feb 1.,Taydas O,Gastroenterology,2018,2018/02/08 06:00,,,10.1053/j.gastro.2017.11.288
29064546,Wandering spleen: a unique cause of acute abdomen.,"Hui Lian H, Hayati F, Ali AA, Azizan N, Che Ani MF, Suhaili MA, Zakaria AD",Folia Morphol (Warsz). 2018;77(2):400-402. doi: 10.5603/FM.a2017.0097. Epub 2017 Oct 24.,Hui Lian H,Folia morphologica,2018,2017/10/25 06:00,,,10.5603/FM.a2017.0097
28875287,The Wandering Spleen.,"Tagliabue F, Chiarelli M, Confalonieri G, Pesenti G, Beretta S, Cappello A, Fumagalli LAM, Costa M",J Gastrointest Surg. 2018 Mar;22(3):546-547. doi: 10.1007/s11605-017-3560-5. Epub 2017 Sep 5.,Tagliabue F,Journal of gastrointestinal surgery : official journal of the Society for Surgery of the Alimentary Tract,2018,2017/09/07 06:00,,,10.1007/s11605-017-3560-5
28774572,Wandering spleen.,"Ayyildiz V, Guvendi B, Ogul H, Kantarci M",Cir Esp (Engl Ed). 2018 Mar;96(3):171. doi: 10.1016/j.ciresp.2017.05.011. Epub 2017 Jul 31.,Ayyildiz V,Cirugia espanola,2018,2017/08/05 06:00,,,10.1016/j.ciresp.2017.05.011
28631052,"Anatomic variations of the spleen: current state of terminology, classification, and embryological background.","Varga I, Babala J, Kachlik D",Surg Radiol Anat. 2018 Jan;40(1):21-29. doi: 10.1007/s00276-017-1893-0. Epub 2017 Jun 19.,Varga I,Surgical and radiologic anatomy : SRA,2018,2017/06/21 06:00,,,10.1007/s00276-017-1893-0
28385371,Wandering Spleen: An Overview.,"Reisner DC, Burgan CM",Curr Probl Diagn Radiol. 2018 Jan-Feb;47(1):68-70. doi: 10.1067/j.cpradiol.2017.02.007. Epub 2017 Feb 16.,Reisner DC,Current problems in diagnostic radiology,2018,2017/04/08 06:00,,,10.1067/j.cpradiol.2017.02.007
28277264,[Pulmonary opacity].,"Bacha S, Habibech S, Attia M, Cheikhrouhou S, Chaouch N, Racil H, Chabbou A",Rev Med Interne. 2018 Jun;39(6):441-442. doi: 10.1016/j.revmed.2016.09.008. Epub 2016 Oct 27.,Bacha S,La Revue de medecine interne,2018,2017/03/10 06:00,,,10.1016/j.revmed.2016.09.008
28264229,You wander... you lose! Importance of surgical intervention in wandering spleen.,"Lai C, Whan E, Gera P",ANZ J Surg. 2018 Nov;88(11):E805-E806. doi: 10.1111/ans.13859. Epub 2017 Mar 6.,Lai C,ANZ journal of surgery,2018,2017/03/07 06:00,,,10.1111/ans.13859
26489700,Torsion of an ectopic spleen: a possible late complication of paraoesophageal hernia repair.,"Urbonas T, Crotty FE, Al-Bahrani A",ANZ J Surg. 2018 Apr;88(4):E357-E358. doi: 10.1111/ans.13372. Epub 2015 Oct 21.,Urbonas T,ANZ journal of surgery,2018,2015/10/23 06:00,,,10.1111/ans.13372
29546013,Partial Splenectomy in the treatment of an adult with beta thalassemia intermedia: A case report.,"Correia JG, Moreira N, Costa Almeida CE, Reis LS",Int J Surg Case Rep. 2017 Nov 11;41:446-449. doi: 10.1016/j.ijscr.2017.11.011. eCollection 2017.,Correia JG,International journal of surgery case reports,2017,2018/03/17 06:00,PMC5702856,,10.1016/j.ijscr.2017.11.011
29245220,"Case report of intestinal non-rotation, heterotaxy, and polysplenia in a patient with pancreatic cancer.","Pagkratis S, Kryeziu S, Lin M, Hoque S, Bucobo JC, Buscaglia JM, Georgakis GV, Sasson AR, Kim J",Medicine (Baltimore). 2017 Dec;96(49):e8599. doi: 10.1097/MD.0000000000008599.,Pagkratis S,Medicine,2017,2017/12/17 06:00,PMC5728835,,10.1097/MD.0000000000008599
29197844,Volvulus of a wandering pelvic spleen: CT diagnosis with 3D reformatted illustration.,"Danse E, Khoury R",BMJ Case Rep. 2017 Dec 2;2017:bcr2017222214. doi: 10.1136/bcr-2017-222214.,Danse E,BMJ case reports,2017,2017/12/05 06:00,PMC5720287,,10.1136/bcr-2017-222214
28953636,Colonic obstruction caused by accessory spleen torsion: A rare case report and literature review.,"Ren C, Liu Y, Cao R, Zhao T, Chen D, Yao L, Pan Z",Medicine (Baltimore). 2017 Sep;96(39):e8116. doi: 10.1097/MD.0000000000008116.,Ren C,Medicine,2017,2017/09/28 06:00,PMC5626279,,10.1097/MD.0000000000008116
28756363,Torsion of huge wandering accessory spleen. Case report and review of literature.,"Termos S, Redha A, Zbibo R, Alduwaisan A, AlKabbani M, Elyousif N, Alali M",Int J Surg Case Rep. 2017;38:131-135. doi: 10.1016/j.ijscr.2017.07.037. Epub 2017 Jul 22.,Termos S,International journal of surgery case reports,2017,2017/08/02 06:00,PMC5537394,,10.1016/j.ijscr.2017.07.037
28749303,GASTRIC DILATATION VOLVULUS IN ADULT MANED WOLVES (CHRYSOCYON BRACHYURUS).,"Hinton JD, Padilla LR, Joyner PH, Schnellbacher R, Walsh TF, Aitken-Palmer C",J Zoo Wildl Med. 2017 Jun;48(2):476-483. doi: 10.1638/2016-0112R.1.,Hinton JD,Journal of zoo and wildlife medicine : official publication of the American Association of Zoo Veterinarians,2017,2017/07/28 06:00,,,10.1638/2016-0112R.1
28733740,"Laparoscopic splenopexy for wandering spleen, a video demonstration of technique by encircling the spleen with polyglactin 910 woven mesh.","Morgan S, Glenn I, Soldes O",Surg Endosc. 2017 Dec;31(12):5427-5428. doi: 10.1007/s00464-017-5630-x. Epub 2017 Jul 21.,Morgan S,Surgical endoscopy,2017,2017/07/25 06:00,,,10.1007/s00464-017-5630-x
28723778,Thoracic splenosis mimicking a pleuropneumonia: A case report.,"Baldolli A, Coeuret S, Le Pennec V, Agostini D, Verdon R",Medicine (Baltimore). 2017 Jul;96(29):e7552. doi: 10.1097/MD.0000000000007552.,Baldolli A,Medicine,2017,2017/07/21 06:00,PMC5521918,,10.1097/MD.0000000000007552
28699604,Torsion of a wandering spleen in an adolescent with Gaucher disease.,"Gungor S, Ozturk M, Varol FI, Sigirci A, Selimoglu MA",Turk J Gastroenterol. 2017 Jul;28(4):303-306. doi: 10.5152/tjg.2017.17035.,Gungor S,The Turkish journal of gastroenterology : the official journal of Turkish Society of Gastroenterology,2017,2017/07/13 06:00,,,10.5152/tjg.2017.17035
28648152,[Wandering spleen in a patient hospitalized with acute abdomen].,"Demirel A, Hansen MA, Sunesen KG, Nerstrom P",Ugeskr Laeger. 2017 Jun 19;179(25):V01170025.,Demirel A,Ugeskrift for laeger,2017,2017/06/27 06:00,,,
30062256,Multiple Cardiac Papillary Fibroelastomas.,"Patel N, Harb S, Xu B, Soltesz E, Myles J, Faulx M",CASE (Phila). 2017 Jun 26;1(3):104-106. doi: 10.1016/j.case.2017.03.004. eCollection 2017 Jun.,Patel N,"CASE (Philadelphia, Pa.)",2017,2017/06/26 00:00,PMC6058221,,10.1016/j.case.2017.03.004
28459078,Wandering Spleen and Portal Hypertension: A Vicious Interplay.,"Jha AK, Ranjan R, Priyadarshi RN",ACG Case Rep J. 2017 Apr 12;4:e54. doi: 10.14309/crj.2017.54. eCollection 2017.,Jha AK,ACG case reports journal,2017,2017/05/02 06:00,PMC5404629,,10.14309/crj.2017.54
28315152,Bilateral robotic transabdominal adrenalectomy in a patient with intestinal malrotation.,"Feng Z, Solorzano CC",J Robot Surg. 2017 Dec;11(4):467-471. doi: 10.1007/s11701-017-0690-4. Epub 2017 Mar 17.,Feng Z,Journal of robotic surgery,2017,2017/03/21 06:00,,,10.1007/s11701-017-0690-4
28281478,Single port laparoscopic splenectomy for wandering spleen with splenomegaly in a patient with Wolf-Hirschhorn syndrome.,"Zorron R, Cunha SH, Barreto MC, Phillips HN",J Minim Access Surg. 2017 Apr-Jun;13(2):135-138. doi: 10.4103/0972-9941.195567.,Zorron R,Journal of minimal access surgery,2017,2017/03/11 06:00,PMC5363120,,10.4103/0972-9941.195567
28272028,Bilobate wandering spleen with doble torsion of the vascular pedicle. A case report.,"Barra S, Lepore R, Cappabianca A, Barra F",Ann Ital Chir. 2017 Mar 8;6:S2239253X17026536.,Barra S,Annali italiani di chirurgia,2017,2017/03/09 06:00,,,
28256499,Portal venous thrombosis developing after torsion of a wandering spleen.,"Yilmaz O, Kiziltan R, Almali N, Aras A",Niger J Clin Pract. 2017 Mar;20(3):394-396. doi: 10.4103/1119-3077.201431.,Yilmaz O,Nigerian journal of clinical practice,2017,2017/03/04 06:00,,,10.4103/1119-3077.201431
28140311,[Wandering spleen: an unusual cause of acute abdomen].,"Mattioni L, Pena ME, Ringa M, Schlottmann F, Bugari G",Medicina (B Aires). 2017;77(1):43-45.,Mattioni L,Medicina,2017,2017/02/01 06:00,,,
27510156,[Longterm risk subtotal splenectomy?].,"Mett TR, Fischer H, Metzger J",Chirurg. 2017 Apr;88(4):339-341. doi: 10.1007/s00104-016-0266-2.,Mett TR,Der Chirurg; Zeitschrift fur alle Gebiete der operativen Medizen,2017,2016/08/12 06:00,,,10.1007/s00104-016-0266-2
27377289,IMAGING DIAGNOSIS-ECTOPIC SPLEEN MIMICKING HEPATIC TUMOR WITH INTRA-ABDOMINAL METASTASES INVESTIGATED VIA TRIPLE-PHASE HELICAL COMPUTED TOMOGRAPHY IN A DOG.,"Kutara K, Konno T, Kondo H, Aoki K, Yamazoe H, Matsunaga S",Vet Radiol Ultrasound. 2017 May;58(3):E26-E30. doi: 10.1111/vru.12395. Epub 2016 Jul 5.,Kutara K,Veterinary radiology & ultrasound : the official journal of the American College of Veterinary Radiology and the International Veterinary Radiology Association,2017,2016/07/06 06:00,,,10.1111/vru.12395
27329561,Pancreatic accessory spleen. False positive with (99m)Tc-Octreotide.,"Serrano-Vicente J, Infante-Torre JR, Garcia-Bernardo L, Moreno-Caballero M, Martinez-Esteve A, Rayo-Madrid JI",Rev Esp Med Nucl Imagen Mol. 2017 Jan-Feb;36(1):53-55. doi: 10.1016/j.remn.2016.05.003. Epub 2016 Jun 18.,Serrano-Vicente J,Revista espanola de medicina nuclear e imagen molecular,2017,2016/06/23 06:00,,,10.1016/j.remn.2016.05.003
30363305,Wandering spleen torsion-use of contrast-enhanced ultrasound.,"Aguirre Pascual E, Fontanilla T, Perez I, Munoz B, Carmona MS, Minaya J",BJR Case Rep. 2016 Jun 13;3(1):20150342. doi: 10.1259/bjrcr.20150342. eCollection 2017.,Aguirre Pascual E,BJR case reports,2017,2016/06/13 00:00,PMC6159283,,10.1259/bjrcr.20150342
26240117,Wandering spleen: a surgical enigma.,"Puranik AK, Mehra R, Chauhan S, Pandey R",Gastroenterol Rep (Oxf). 2017 Aug;5(3):241-243. doi: 10.1093/gastro/gov034. Epub 2015 Aug 3.,Puranik AK,Gastroenterology report,2017,2015/08/05 06:00,PMC5554386,,10.1093/gastro/gov034
28009140,Wandering spleen with a ten-time twisted vascular pedicle.,"Peretti M, Mariotto A, Scire G, Pani E, Zambaldo S, Bianchi S, Camoglio FS, Giacomello L",Pediatr Med Chir. 2016 Dec 20;38(3):119. doi: 10.4081/pmc.2016.119.,Peretti M,La Pediatria medica e chirurgica : Medical and surgical pediatrics,2016,2016/12/23 06:00,,,10.4081/pmc.2016.119
27499224,[Upper gastrointestinal bleeding in portal hypertensive gastropathy reveals a wandering spleen].,"Touarsa F, Nassar I, Ajana A, Benelbaghdadi I, Billah NM",Presse Med. 2016 Oct;45(10):935-937. doi: 10.1016/j.lpm.2016.06.005. Epub 2016 Aug 4.,Touarsa F,"Presse medicale (Paris, France : 1983)",2016,2016/10/26 06:00,,,10.1016/j.lpm.2016.06.005
27703832,Wandering Spleen and Organoaxial Gastric Volvulus after Morgagni Hernia Repair: A Case Report and Review of the Literature.,"Cantone N, Gulia C, Miele V, Trinci M, Briganti V",Case Rep Surg. 2016;2016:6450765. doi: 10.1155/2016/6450765. Epub 2016 Sep 14.,Cantone N,Case reports in surgery,2016,2016/10/06 06:00,PMC5039297,,10.1155/2016/6450765
27638821,[Acute abdomen with abdominal mass and missing spleen].,"Hesse N, Rentsch M, Reichelt A",Radiologe. 2016 Nov;56(11):990-992. doi: 10.1007/s00117-016-0164-0.,Hesse N,Der Radiologe,2016,2016/09/18 06:00,,,10.1007/s00117-016-0164-0
27583079,[Torsion of wandering spleen in a teenager: about a case].,"Deme H, Akpo LG, Fall S, Badji N, Ka I, Gueye ML, Toure MH, Niang el H",Pan Afr Med J. 2016 May 5;24:15. doi: 10.11604/pamj.2016.24.15.7554. eCollection 2016.,Deme H,The Pan African medical journal,2016,2016/09/02 06:00,PMC4992398,,10.11604/pamj.2016.24.15.7554
27433363,A Physician's Nightmare: Fever of Unknown Origin.,"Din S, Anwer F, Beg M",Case Rep Pediatr. 2016;2016:5437971. doi: 10.1155/2016/5437971. Epub 2016 Jun 28.,Din S,Case reports in pediatrics,2016,2016/07/20 06:00,PMC4940533,,10.1155/2016/5437971
27298644,Locally vascularized pelvic accessory spleen.,"Iorio F, Frantellizzi V, Drudi FM, Maghella F, Liberatore M",J Ultrasound. 2015 Aug 6;19(2):141-4. doi: 10.1007/s40477-015-0178-x. eCollection 2016.,Iorio F,Journal of ultrasound,2016,2016/06/15 06:00,PMC4879009,,10.1007/s40477-015-0178-x
27248774,The Great Pretender: Pediatric Wandering Spleen: Two Case Reports and Review of the Literature.,"Radillo L, Taddio A, Ghirardo S, Bramuzzo M, Pederiva F, Maschio M, Barbi E",Pediatr Emerg Care. 2016 Sep;32(9):619-22. doi: 10.1097/PEC.0000000000000642.,Radillo L,Pediatric emergency care,2016,2016/06/02 06:00,,,10.1097/PEC.0000000000000642
27221130,Acute gastric volvulus associated with wandering spleen in an adult treated laparoscopically after endoscopic reduction: a case report.,"Omata J, Utsunomiya K, Kajiwara Y, Takahata R, Miyasaka N, Sugasawa H, Sakamoto N, Yamagishi Y, Fukumura M, Kitagawa D, Konno M, Okusa Y, Murayama M",Surg Case Rep. 2016 Dec;2(1):47. doi: 10.1186/s40792-016-0175-0. Epub 2016 May 24.,Omata J,Surgical case reports,2016,2016/05/26 06:00,PMC4879081,,10.1186/s40792-016-0175-0
27144203,Endoscopic Ultrasound-Guided Needle-Based Probe Confocal Laser Endomicroscopy (nCLE) of Intrapancreatic Ectopic Spleen.,"Bastidas AB, Holloman D, Lankarani A, Nieto JM",ACG Case Rep J. 2016 Apr 15;3(3):196-8. doi: 10.14309/crj.2016.48. eCollection 2016 Apr.,Bastidas AB,ACG case reports journal,2016,2016/05/05 06:00,PMC4843155,,10.14309/crj.2016.48
27126675,[Big surprise in the lesser pelvis].,"Hartinger J, Maurer E, Walthers EM, Hofmann R, Hegele A",Urologe A. 2016 Oct;55(10):1350-1352. doi: 10.1007/s00120-016-0092-7.,Hartinger J,Der Urologe. Ausg. A,2016,2016/04/30 06:00,,,10.1007/s00120-016-0092-7
27084901,Torsion of the normally positioned spleen.,"Shi H, Hamouda ES",BMJ Case Rep. 2016 Apr 15;2016:10.1136/bcr-2016-214839. doi: 10.1136/bcr-2016-214839.,Shi H,BMJ case reports,2016,2016/04/17 06:00,PMC4840709,,10.1136/bcr-2016-214839
27057261,Torsion of a Wandering Spleen Presenting as Acute Abdomen.,"Chauhan NS, Kumar S",Pol J Radiol. 2016 Mar 15;81:110-3. doi: 10.12659/PJR.895972. eCollection 2016.,Chauhan NS,Polish journal of radiology,2016,2016/04/09 06:00,PMC4795092,,10.12659/PJR.895972
27055928,Wandering spleen in the pelvic region in an adult man with symptoms of acute abdomen.,"Makhlouf NA, Morsy KH, Ammar S, Mohammed RA, Yousef HA, Mostafa MG",Arab J Gastroenterol. 2016 Mar;17(1):49-52. doi: 10.1016/j.ajg.2016.03.003. Epub 2016 Apr 4.,Makhlouf NA,Arab journal of gastroenterology : the official publication of the Pan-Arab Association of Gastroenterology,2016,2016/04/09 06:00,,,10.1016/j.ajg.2016.03.003
26953920,Primary splenic torsion in dogs: 102 cases (1992-2014).,"DeGroot W, Giuffrida MA, Rubin J, Runge JJ, Zide A, Mayhew PD, Culp WT, Mankin KT, Amsellem PM, Petrukovich B, Ringwood PB, Case JB, Singh A",J Am Vet Med Assoc. 2016 Mar 15;248(6):661-8. doi: 10.2460/javma.248.6.661.,DeGroot W,Journal of the American Veterinary Medical Association,2016,2016/03/10 06:00,,,10.2460/javma.248.6.661
30805467,Torsion of wandering spleen.,"Hussain FB, Ambusaidi F",Int J Pediatr Adolesc Med. 2016 Mar;3(1):43-45. doi: 10.1016/j.ijpam.2015.12.001. Epub 2016 Mar 3.,Hussain FB,International journal of pediatrics & adolescent medicine,2016,2016/03/01 00:00,PMC6372406,,10.1016/j.ijpam.2015.12.001
26883137,Imaging findings of splenic emergencies: a pictorial review.,"Unal E, Onur MR, Akpinar E, Ahmadov J, Karcaaltincaba M, Ozmen MN, Akata D",Insights Imaging. 2016 Apr;7(2):215-22. doi: 10.1007/s13244-016-0467-8. Epub 2016 Feb 16.,Unal E,Insights into imaging,2016,2016/02/18 06:00,PMC4805612,,10.1007/s13244-016-0467-8
26853294,A Rare Case of Splenic Torsion with Sigmoid Volvulus in a 14-Year-Old Girl.,"Ahmadi H, Tehrani MM",Acta Med Iran. 2016 Jan;54(1):72-5.,Ahmadi H,Acta medica Iranica,2016,2016/02/09 06:00,,,
26783008,Synchronic volvulus of splenic flexure and caecum: a very rare cause of large bowel obstruction.,"Islam S, Hosein D, Harnarayan P, Naraynsingh V",BMJ Case Rep. 2016 Jan 18;2016:bcr2015213029. doi: 10.1136/bcr-2015-213029.,Islam S,BMJ case reports,2016,2016/01/20 06:00,PMC4735276,,10.1136/bcr-2015-213029
30079655,[Torsion of wandering spleen: a case report in the Kara University Hospital (Togo)].,"Dossouvi T, N'Timon B, Adabra K, Dagbe M, Botcho G, Leyman P, Dosseh D",Mali Med. 2016;31(4):48-51.,Dossouvi T,Le Mali medical,2016,2016/01/01 00:00,,,
26655213,Antenatally diagnosed right-sided stomach (dextrogastria): A rare rotational anomaly.,"Versteegh HP, Adams SD, Boxall S, Burge DM, Stanton MP",J Pediatr Surg. 2016 Feb;51(2):236-9. doi: 10.1016/j.jpedsurg.2015.10.060. Epub 2015 Nov 4.,Versteegh HP,Journal of pediatric surgery,2016,2015/12/15 06:00,,,10.1016/j.jpedsurg.2015.10.060
26598388,Quantitative evaluation of the transplanted lin(-) hematopoietic cell migration kinetics.,"Kaseta V, Vaitkuviene A, Liubaviciute A, Maciuleviciene R, Stirke A, Biziuleviciene G",Transpl Immunol. 2016 Feb;34:54-9. doi: 10.1016/j.trim.2015.11.003. Epub 2015 Nov 18.,Kaseta V,Transplant immunology,2016,2015/11/26 06:00,,,10.1016/j.trim.2015.11.003
26139504,Spleen assessment after laparoscopic transperitoneal left adrenalectomy: preliminary results.,"Cianci P, Fersini A, Tartaglia N, Altamura A, Lizzi V, Stoppino LP, Macarini L, Ambrosi A, Neri V",Surg Endosc. 2016 Apr;30(4):1503-7. doi: 10.1007/s00464-015-4363-y. Epub 2015 Jul 3.,Cianci P,Surgical endoscopy,2016,2015/07/04 06:00,PMC4801995,,10.1007/s00464-015-4363-y
28149130,Laparoscopic splenectomy for a wandering spleen causing chronic pelvic pain.,"Yoldas O, Karabuga T, Ozsan I, Sahin E, Limon O, Aydin U",Ulus Cerrahi Derg. 2015 Jun 19;32(4):292-294. doi: 10.5152/UCD.2015.2850. eCollection 2016.,Yoldas O,Ulusal cerrahi dergisi,2016,2015/06/19 00:00,PMC5245725,,10.5152/UCD.2015.2850
26943424,Torsion of an accessory spleen: a rare case preoperatively diagnosed and cured by single-port surgery.,"Ozeki M, Asakuma M, Go N, Ogura T, Inoue Y, Shimizu T, Hirokawa F, Yamamoto K, Hayashi M, Narumi Y, Higuchi K, Uchiyama K",Surg Case Rep. 2015 Dec;1(1):100. doi: 10.1186/s40792-015-0101-x. Epub 2015 Oct 7.,Ozeki M,Surgical case reports,2015,2016/03/05 06:00,PMC4596154,,10.1186/s40792-015-0101-x
26943371,Laparoscopic splenectomy for a wandering spleen complicating gastric varices: report of a case.,"Sato M, Miyaki Y, Tochikubo J, Onoda T, Shiiya N, Wada H",Surg Case Rep. 2015 Dec;1(1):3. doi: 10.1186/s40792-014-0003-3. Epub 2015 Jan 16.,Sato M,Surgical case reports,2015,2016/03/05 06:00,PMC4747945,,10.1186/s40792-014-0003-3
26889148,Ectopic Spleen Tissue - an Underestimated Differential Diagnosis of a Hypervascularised Liver Tumour.,"Grambow E, Weinrich M, Zimpfer A, Kloker K, Klar E",Viszeralmedizin. 2015 Dec;31(6):445-7. doi: 10.1159/000442115. Epub 2015 Dec 2.,Grambow E,Viszeralmedizin,2015,2016/02/19 06:00,PMC4748799,,10.1159/000442115
26730110,An Unusual Reason for Gastric Variceal Hemorrhage: Wandering Spleen.,"Koseoglu H, Atalay R, Buyukasik NS, Canyigit M, Ozer M, Solakoglu T, Akin FE, Bolat AD, Yurekli OT, Ersoy O",Indian J Surg. 2015 Dec;77(Suppl 2):750-1. doi: 10.1007/s12262-013-0993-2. Epub 2013 Oct 19.,Koseoglu H,The Indian journal of surgery,2015,2016/01/06 06:00,PMC4692925,,10.1007/s12262-013-0993-2
26670205,Ectopic spleen and liver hemangioma mimicking metastatic pancreatic neuroendocrine tumor.,"Engler CC, Lemke J, Kornmann M, Barth TF, Schmidt SA, Henne-Bruns D",Int J Surg Case Rep. 2015;17:139-42. doi: 10.1016/j.ijscr.2015.10.041. Epub 2015 Nov 6.,Engler CC,International journal of surgery case reports,2015,2015/12/17 06:00,PMC4701808,,10.1016/j.ijscr.2015.10.041
26640582,Ectopic splenic autotransplantation following traumatic injury: A case report.,"Zhang J, Yin J, Wang X, Ling Y, Quan J",Exp Ther Med. 2015 Nov;10(5):1973-1975. doi: 10.3892/etm.2015.2732. Epub 2015 Sep 7.,Zhang J,Experimental and therapeutic medicine,2015,2015/12/08 06:00,PMC4665716,,10.3892/etm.2015.2732
26629290,"Wandering spleen, gastric and pancreatic volvulus and right-sided descending and sigmoid colon.","Flores-Rios E, Mendez-Diaz C, Rodriguez-Garcia E, Perez-Ramos T",J Radiol Case Rep. 2015 Oct 31;9(10):18-25. doi: 10.3941/jrcr.v9i10.2475. eCollection 2015 Oct.,Flores-Rios E,Journal of radiology case reports,2015,2015/12/03 06:00,PMC4638397,,10.3941/jrcr.v9i10.2475
26620993,Torsion of a wandering spleen. A rare cause of acute abdomen.,"Jude NN, Onochie NC",Saudi Med J. 2015 Dec;36(12):1490-2. doi: 10.15537/smj.2015.12.12363.,Jude NN,Saudi medical journal,2015,2015/12/02 06:00,PMC4707407,,10.15537/smj.2015.12.12363
26591299,SPLENIC TORTION IN A WANDERING SPLEEN: A CASE REPORT FROM AYDER REFERRAL HOSPITAL.,Esayas R,Ethiop Med J. 2015 Apr;53(2):109-11.,Esayas R,Ethiopian medical journal,2015,2015/11/26 06:00,,,
26576796,Wandering spleen with volvulus of pancreas.,"Karaosmanoglu AD, Onur MR, Karcaaltincaba M",J Med Ultrason (2001). 2015 Jul;42(3):413-6. doi: 10.1007/s10396-015-0622-8. Epub 2015 Mar 25.,Karaosmanoglu AD,Journal of medical ultrasonics (2001),2015,2015/11/19 06:00,,,10.1007/s10396-015-0622-8
26500956,Ectopic Spleen Presenting as Lump Abdomen: A Rare Case Report and Review of Literature.,"Rajaram B, Venkanna M, Kumar DR, Kumaraswamy B, Reddy BS",J Clin Diagn Res. 2015 Sep;9(9):PD26-7. doi: 10.7860/JCDR/2015/13135.6541. Epub 2015 Sep 1.,Rajaram B,Journal of clinical and diagnostic research : JCDR,2015,2015/10/27 06:00,PMC4606285,,10.7860/JCDR/2015/13135.6541
26380497,Wandering Spleen. A Case of Spontaneous Hemoperitoneum in an HIV-positive Patient with Recurrent Tuboovarian Abscess.,"Singh S, Raidoo S, Kuo K, Resnick K",J Reprod Med. 2015 Jul-Aug;60(7-8):359-61.,Singh S,The Journal of reproductive medicine,2015,2015/09/19 06:00,,,
26379994,Acute torsion of wandering spleen in a 17-year-old girl.,"Jiang M, Chen P, Ruan X, Ye X, Huang Q",Int J Clin Exp Med. 2015 Jul 15;8(7):11621-3. eCollection 2015.,Jiang M,International journal of clinical and experimental medicine,2015,2015/09/18 06:00,PMC4565377,,
26324218,Atraumatic splenic rupture and ileal volvulus following cocaine abuse.,"Ballard DH, Smith JP Jr, Samra NS",Clin Imaging. 2015 Nov-Dec;39(6):1112-4. doi: 10.1016/j.clinimag.2015.06.012. Epub 2015 Jul 17.,Ballard DH,Clinical imaging,2015,2015/09/02 06:00,,,10.1016/j.clinimag.2015.06.012
26303736,Urgent laparoscopic mesh splenopexy for torsion of wandering spleen and distal pancreas: A case report.,"Torri F, Parolini F, Vanzetti E, Milianti S, Cheli M, Alberti D",Asian J Endosc Surg. 2015 Aug;8(3):350-3. doi: 10.1111/ases.12188.,Torri F,Asian journal of endoscopic surgery,2015,2015/08/26 06:00,,,10.1111/ases.12188
26225153,Wandering Spleen: Whirlpool Appearance in Color Doppler Ultrasonography. A Case Report.,"Mohammadi A, Ghasemi-Rad M",Maedica (Bucur). 2015 Mar;10(1):58-60.,Mohammadi A,Maedica,2015,2015/08/01 06:00,PMC4496770,,
26171637,Radiofrequency-Assisted Partial Splenectomy Plus Splenopexy--A Modified Surgical Procedure for Wandering Spleen: A Case Report.,"Hao F, Wang W, Yang X",J Laparoendosc Adv Surg Tech A. 2015 Sep;25(9):760-2. doi: 10.1089/lap.2015.0260. Epub 2015 Jul 14.,Hao F,Journal of laparoendoscopic & advanced surgical techniques. Part A,2015,2015/07/15 06:00,,,10.1089/lap.2015.0260
26072553,[Twisting of migrating spleens in a child aging 14 years].,"Tandilava RZ, Bakhtadze TI, Koridze LT, Tandilava ZR",Klin Khir. 2015 Mar;(3):79-80.,Tandilava RZ,Klinichna khirurhiia,2015,2015/06/16 06:00,,,
26057579,Control of stomach smooth muscle development and intestinal rotation by transcription factor BARX1.,"Jayewickreme CD, Shivdasani RA",Dev Biol. 2015 Sep 1;405(1):21-32. doi: 10.1016/j.ydbio.2015.05.024. Epub 2015 Jun 6.,Jayewickreme CD,Developmental biology,2015,2015/06/10 06:00,PMC4529797,NIHMS698277,10.1016/j.ydbio.2015.05.024
25955145,Chronic splenic torsion in two dogs.,"Reinhart JM, Sherwood JM, KuKanich KS, Klocke E, Biller DS",J Am Anim Hosp Assoc. 2015 May-Jun;51(3):185-90. doi: 10.5326/JAAHA-MS-6129.,Reinhart JM,Journal of the American Animal Hospital Association,2015,2015/05/09 06:00,,,10.5326/JAAHA-MS-6129
25934026,Volvulus of the splenic flexure of colon: The coffee bean and whirl signs.,"Saavedra-Perez D, Valentini M, Benarroch G, Garcia-Valdecasas JC",Surgery. 2015 May;157(5):957-8. doi: 10.1016/j.surg.2014.01.012. Epub 2014 May 22.,Saavedra-Perez D,Surgery,2015,2015/05/03 06:00,,,10.1016/j.surg.2014.01.012
25824922,Acute abdomen due to torsion of the wandering spleen.,"Sojo-Rodriguez V, Canete-Gomez J, Olivares C, Reguera-Rosal J, Segura-Sampedro JJ, Camacho-Marente V, Lopez-Bernal F, Padillo-Ruiz J",Rev Esp Enferm Dig. 2015 Apr;107(4):229-30.,Sojo-Rodriguez V,Revista espanola de enfermedades digestivas,2015,2015/04/01 06:00,,,
25738479,Solitary perihepatic splenosis mimicking liver lesion: a case report and literature review.,"Wu C, Zhang B, Chen L, Zhang B, Chen X",Medicine (Baltimore). 2015 Mar;94(9):e586. doi: 10.1097/MD.0000000000000586.,Wu C,Medicine,2015,2015/03/05 06:00,PMC4553962,,10.1097/MD.0000000000000586
25640790,Wandering spleen with torsion causing pancreatic volvulus and associated intrathoracic gastric volvulus. An unusual triad and cause of acute abdominal pain.,"Aswani Y, Anandpara KM, Hira P",JOP. 2015 Jan 31;16(1):78-80. doi: 10.6092/1590-8577/2905.,Aswani Y,JOP : Journal of the pancreas,2015,2015/02/03 06:00,,,10.6092/1590-8577/2905
25275421,Intrapancreatic accessory spleen detected by 68Ga DOTANOC PET/CT and 99mTc-colloid SPECT/CT scintigraphy.,"Collarino A, del Ciello A, Perotti G, Rufini V",Clin Nucl Med. 2015 May;40(5):415-8. doi: 10.1097/RLU.0000000000000601.,Collarino A,Clinical nuclear medicine,2015,2014/10/03 06:00,,,10.1097/RLU.0000000000000601
24943137,Accessory spleen torsion in a teenager.,"Mocanu SN, Sierra Vinuesa A, Munoz-Ramos Trayter C, Castaneda Figueroa EA, Garcia San Pedro A",ANZ J Surg. 2015 Dec;85(12):987-9. doi: 10.1111/ans.12723. Epub 2014 Jun 18.,Mocanu SN,ANZ journal of surgery,2015,2014/06/20 06:00,,,10.1111/ans.12723
24612438,Acute torsion of a wandering spleen.,"Gu J, Elston T, Robson A",ANZ J Surg. 2015 Oct;85(10):789-90. doi: 10.1111/ans.12551. Epub 2014 Feb 26.,Gu J,ANZ journal of surgery,2015,2014/03/13 06:00,,,10.1111/ans.12551
24526755,The role of US in finding intussusception and alternative diagnosis: a report of 100 pediatric cases.,"Ja Lim K, Lee K, Yoon DY, Moon JH, Lee H, Kim MJ, Kim SS",Acta Radiol. 2015 Feb;56(2):228-33. doi: 10.1177/0284185114524088. Epub 2014 Feb 13.,Ja Lim K,"Acta radiologica (Stockholm, Sweden : 1987)",2015,2014/02/15 06:00,,,10.1177/0284185114524088
26349180,Wandering spleen: a rare clinical entity.,"Singla S, Singla M, Singla S, Goyal S",Trop Gastroenterol. 2014 Oct-Dec;35(4):273-4. doi: 10.7869/tg.234.,Singla S,Tropical gastroenterology : official journal of the Digestive Diseases Foundation,2014,2015/09/10 06:00,,,10.7869/tg.234
25897284,Wandering Spleen- A diagnostic Challenge: Case Report and Review of Literature.,"Faridi MS, Kumar A, Inam L, Shahid R",Malays J Med Sci. 2014 Nov-Dec;21(6):57-60.,Faridi MS,The Malaysian journal of medical sciences : MJMS,2014,2015/04/22 06:00,PMC4391456,,
25755964,Splenorenal collaterals as hallmark for a twisted wandering spleen in a 14-year-old girl with abdominal pain: a case report.,"Rellum R, Risseeuw G, Blaauw Id, Lequin M",European J Pediatr Surg Rep. 2014 Jun;2(1):26-8. doi: 10.1055/s-0034-1370776. Epub 2014 Mar 28.,Rellum R,European journal of pediatric surgery reports,2014,2015/03/11 06:00,PMC4336078,,10.1055/s-0034-1370776
25755963,Single-incision laparoscopic splenectomy and splenic autotransplantation for an enlarged wandering spleen with torsion.,"Katsura S, Kawamura D, Harada E, Enoki T, Hamano K",European J Pediatr Surg Rep. 2014 Jun;2(1):23-5. doi: 10.1055/s-0033-1357262. Epub 2013 Oct 10.,Katsura S,European journal of pediatric surgery reports,2014,2015/03/11 06:00,PMC4336060,,10.1055/s-0033-1357262
25630326,Wandering spleen with chronic torsion in a patient with thalassaemia.,Ho CL,Singapore Med J. 2014 Dec;55(12):e198-200. doi: 10.11622/smedj.2014185.,Ho CL,Singapore medical journal,2014,2015/01/30 06:00,PMC4292010,,10.11622/smedj.2014185
25518790,Torsion of a wandering spleen: an unusual abdominal catastrophe.,"Riaz ul Haq M, Elhassan E, Mahdi D",J Coll Physicians Surg Pak. 2014 Nov;24 Suppl 3:S245-6.,Riaz ul Haq M,Journal of the College of Physicians and Surgeons--Pakistan : JCPSP,2014,2014/12/19 06:00,,,
25496925,Gastropexy for prevention of gastric dilatation-volvulus in dogs: history and techniques.,"Allen P, Paul A",Top Companion Anim Med. 2014 Sep;29(3):77-80. doi: 10.1053/j.tcam.2014.09.001. Epub 2014 Sep 19.,Allen P,Topics in companion animal medicine,2014,2014/12/17 06:00,,,10.1053/j.tcam.2014.09.001
25460427,Accessory wandering spleen: Report of a case of laparoscopic approach in an asymptomatic patient.,"Perin A, Cola R, Favretti F",Int J Surg Case Rep. 2014;5(12):887-9. doi: 10.1016/j.ijscr.2014.10.045. Epub 2014 Oct 18.,Perin A,International journal of surgery case reports,2014,2014/12/03 06:00,PMC4275829,,10.1016/j.ijscr.2014.10.045
25437661,Post-splenectomy intrapancreatic accessory spleen mimicking endocrine tumor of the pancreas.,"Zhu HX, Lou WH, Kuang TT, Wang DS",Int J Surg Case Rep. 2014;5(12):1151-3. doi: 10.1016/j.ijscr.2014.11.032. Epub 2014 Nov 15.,Zhu HX,International journal of surgery case reports,2014,2014/12/02 06:00,PMC4275968,,10.1016/j.ijscr.2014.11.032
25426231,Tale of a wandering spleen: 1800 degree torsion with infarcted spleen and secondary involvement of liver.,"Maksoud SF, Swamy N, Khater NH",J Radiol Case Rep. 2014 Jun 30;8(6):18-26. doi: 10.3941/jrcr.v8i6.1534. eCollection 2014 Jun.,Maksoud SF,Journal of radiology case reports,2014,2014/11/27 06:00,PMC4242138,,10.3941/jrcr.v8i6.1534
25426221,Dynamic MRI in the diagnosis and post surgical evaluation of wandering spleen.,"Clark JK, Gorman J, Lee MH, Barbick BC, Marks RM",J Radiol Case Rep. 2014 Oct 31;8(10):15-22. doi: 10.3941/jrcr.v8i10.1969. eCollection 2014 Oct.,Clark JK,Journal of radiology case reports,2014,2014/11/27 06:00,PMC4242148,,10.3941/jrcr.v8i10.1969
25392630,Laparoscopic transperitoneal left adrenalectomy and wandering spleen risk.,"Piccoli M, De Luca GM, Pasculli A, Angelini M, Guicciardi L, Mullineris B, Marchi D, Melotti G",JSLS. 2014 Jul-Sep;18(3):e2014.00278. doi: 10.4293/JSLS.2014.00278.,Piccoli M,JSLS : Journal of the Society of Laparoendoscopic Surgeons,2014,2014/11/14 06:00,PMC4154420,,10.4293/JSLS.2014.00278
25335381,"Torsion of wandering spleen, an unusual cause of acute abdomen; a report of two cases.","Olasehinde O, Aderibigbe AS, Akinkuolie AA, Adisa AO, Ajenifuja KO, Aladesuru OA, Oyekunle O",Afr J Med Med Sci. 2014 Mar;43(1):75-8.,Olasehinde O,African journal of medicine and medical sciences,2014,2014/10/23 06:00,,,
25224425,Torsion of a wandering spleen: a case report.,"Kaabar N, Ben Abdallah R, Yengui H, Hellal Y, Ben Malek R, Bouthour H, Sayed S",Tunis Med. 2014 Apr;92(4):275-7.,Kaabar N,La Tunisie medicale,2014,2014/09/17 06:00,,,
24976284,Pancreatic volvulus with wandering spleen and gastric volvulus: an unusual triad for acute abdomen in a surgical emergency.,"Gorsi U, Bhatia A, Gupta R, Bharathi S, Khandelwal N",Saudi J Gastroenterol. 2014 May-Jun;20(3):195-8. doi: 10.4103/1319-3767.133026.,Gorsi U,Saudi journal of gastroenterology : official journal of the Saudi Gastroenterology Association,2014,2014/07/01 06:00,PMC4067917,,10.4103/1319-3767.133026
24973525,Ectopic spleen: An easily identifiable but commonly undiagnosed entity until manifestation of complications.,"Blouhos K, Boulas KA, Salpigktidis I, Barettas N, Hatzigeorgiadis A",Int J Surg Case Rep. 2014;5(8):451-4. doi: 10.1016/j.ijscr.2014.05.010. Epub 2014 May 28.,Blouhos K,International journal of surgery case reports,2014,2014/06/29 06:00,PMC4147574,,10.1016/j.ijscr.2014.05.010
24886115,A torted wandering spleen: a case report.,"Sharma A, Salerno G",J Med Case Rep. 2014 May 1;8:133. doi: 10.1186/1752-1947-8-133.,Sharma A,Journal of medical case reports,2014,2014/06/03 06:00,PMC4031896,,10.1186/1752-1947-8-133
24861235,Cross-sectional imaging of nontraumatic emergencies of the spleen.,"Alabousi A, Patlas MN, Scaglione M, Romano L, Soto JA",Curr Probl Diagn Radiol. 2014 Sep-Oct;43(5):254-67. doi: 10.1067/j.cpradiol.2014.04.002. Epub 2014 May 24.,Alabousi A,Current problems in diagnostic radiology,2014,2014/05/28 06:00,,,10.1067/j.cpradiol.2014.04.002
24834385,Salvage splenopexy for torsion of wandering spleen in a child.,"Goyal RB, Gupta R, Prabhakar G, Mathur P, Mala TA",APSP J Case Rep. 2014 Apr 1;5(1):4. eCollection 2014 Jan.,Goyal RB,APSP journal of case reports,2014,2014/05/17 06:00,PMC4005091,,
24791368,Wandering spleen torsion causing acute abdominal pain in a child: case report and review of literature.,"Llorens Marina CI, Cedeno A, Lugo-Vicente H, Chapel C, Rivera G, Diaz A",Bol Asoc Med P R. 2014;106(1):57-9.,Llorens Marina CI,Boletin de la Asociacion Medica de Puerto Rico,2014,2014/05/06 06:00,,,
24711476,Splenic flexure volvulus in which posture advice was effective.,"Ueda T, Katsurai T",BMJ Case Rep. 2014 Apr 7;2014:bcr2014203978. doi: 10.1136/bcr-2014-203978.,Ueda T,BMJ case reports,2014,2014/04/09 06:00,PMC3987622,,10.1136/bcr-2014-203978
24710711,An etiologic dilemma of wandering spleen in childhood: is it congenital or acquired?,"Karakus SC, Kilincaslan H, Koku N",Indian J Pediatr. 2014 Dec;81(12):1411-2. doi: 10.1007/s12098-014-1435-2. Epub 2014 Apr 8.,Karakus SC,Indian journal of pediatrics,2014,2014/04/09 06:00,,,10.1007/s12098-014-1435-2
24700108,Conservative treatment of splenic infarction and intestinal obstruction caused by a wandering spleen.,"Ihedioha U, Syed A, Lloyd G, Scott A",Scott Med J. 2014 May;59(2):e18-20. doi: 10.1177/0036933014530847. Epub 2014 Apr 3.,Ihedioha U,Scottish medical journal,2014,2014/04/05 06:00,,,10.1177/0036933014530847
24656146,Wandering spleen.,"Richman M, Hiyama DT, Wasson E",Surgery. 2014 Apr;155(4):728. doi: 10.1016/j.surg.2012.11.015. Epub 2012 Dec 20.,Richman M,Surgery,2014,2014/03/25 06:00,,,10.1016/j.surg.2012.11.015
24649996,Diagnosis and treatment of mesenteric volvulus in a red kangaroo (Macropus rufus).,"Knafo SE, Rosenblatt AJ, Morrisey JK, Flanders JA, Thompson MS, Knapp-Hoch HM",J Am Vet Med Assoc. 2014 Apr 1;244(7):844-50. doi: 10.2460/javma.244.7.844.,Knafo SE,Journal of the American Veterinary Medical Association,2014,2014/03/22 06:00,,,10.2460/javma.244.7.844
24602190,Non-operative management of a rare diagnosis of splenic torsion in a child with a history of giant omphalocele: a case report and literature review.,"Sheikh F, Kim ME, Zamora IJ, Olutoye OO",Patient Saf Surg. 2014 Mar 7;8(1):12. doi: 10.1186/1754-9493-8-12.,Sheikh F,Patient safety in surgery,2014,2014/03/08 06:00,PMC3973840,,10.1186/1754-9493-8-12
24509326,Wandering spleen: 'presentation in adolescent with high thrombotic risk'.,"Tchidjou HK, Castelluzzo MA, Messia V, Luciani M, Monti L, Grimaldi C, Bernardi S, D'Argenio P",Blood Coagul Fibrinolysis. 2014 Jul;25(5):530-3. doi: 10.1097/MBC.0000000000000081.,Tchidjou HK,Blood coagulation & fibrinolysis : an international journal in haemostasis and thrombosis,2014,2014/02/11 06:00,,,10.1097/MBC.0000000000000081
24441439,Torsion of a huge accessory spleen in a 20-year-old patient.,"Bard V, Goldberg N, Kashtan H",Int J Surg Case Rep. 2014;5(2):67-9. doi: 10.1016/j.ijscr.2013.12.019. Epub 2013 Dec 27.,Bard V,International journal of surgery case reports,2014,2014/01/21 06:00,PMC3921644,,10.1016/j.ijscr.2013.12.019
24407229,Wandering spleen in children: a report of 3 cases and a brief literature review underlining the importance of diagnostic imaging.,"Lombardi R, Menchini L, Corneli T, Magistrelli A, Accinni A, Monti L, Toma P",Pediatr Radiol. 2014 Mar;44(3):279-88. doi: 10.1007/s00247-013-2851-6. Epub 2014 Jan 10.,Lombardi R,Pediatric radiology,2014,2014/01/11 06:00,,,10.1007/s00247-013-2851-6
24184280,[Infarction of a wandering spleen - a case report].,"Bouzaidi K, Daghfous A, Ben Ali M, Karma S, Rezgui Marhoul L",Presse Med. 2014 Feb;43(2):225-8. doi: 10.1016/j.lpm.2013.04.022. Epub 2013 Nov 1.,Bouzaidi K,"Presse medicale (Paris, France : 1983)",2014,2013/11/05 06:00,,,10.1016/j.lpm.2013.04.022
24088174,Hereditary spherocytosis and wandering spleen.,"Polat A, Ozgurler F, Balci YI, Kocyigit A, Tan M",Pediatr Hematol Oncol. 2014 Feb;31(1):101-3. doi: 10.3109/08880018.2013.831150. Epub 2013 Oct 2.,Polat A,Pediatric hematology and oncology,2014,2013/10/04 06:00,,,10.3109/08880018.2013.831150
25356206,Wandering spleen: a potential abdominal catastrophe.,"McBrearty A, McGuinness E, Neill A",Clin Case Rep. 2013 Oct;1(1):42-3. doi: 10.1002/ccr3.9. Epub 2013 Sep 4.,McBrearty A,Clinical case reports,2013,2014/10/31 06:00,PMC4184540,,10.1002/ccr3.9
24693523,Wandering spleen in an adult man associated with the horseshoe kidney.,"Memari M, Nikzad M, Nikzad H, Taherian A",Arch Trauma Res. 2013 Dec;2(3):129-32. doi: 10.5812/atr.9332. Epub 2013 Dec 1.,Memari M,Archives of trauma research,2013,2014/04/03 06:00,PMC3950916,,10.5812/atr.9332
24516956,[Tranverse colon volvulus].,"Caselli Morgado G, Besa Correa C, Miguieles Cocco R, Bellolio Roth F, Molina Pezoa ME",Acta Gastroenterol Latinoam. 2013 Dec;43(4):301-3.,Caselli Morgado G,Acta gastroenterologica Latinoamericana,2013,2014/02/13 06:00,,,
24426576,Splenic torsion in a child with polysplenia and situs inversus: a very rare presentation.,"Dash MR, Upasani AV, Chandna SB, Rathod PB, Prajapati KK, Patel DN",Indian J Surg. 2013 Jun;75(Suppl 1):236-7. doi: 10.1007/s12262-012-0668-4. Epub 2012 Jul 5.,Dash MR,The Indian journal of surgery,2013,2014/01/16 06:00,PMC3693351,,10.1007/s12262-012-0668-4
24426389,Torsion of wandering spleen in a woman presenting as emergency.,"Bhanumathi V, Balkishan B, Masood SV",Indian J Surg. 2013 Feb;75(1):59-61. doi: 10.1007/s12262-012-0433-8. Epub 2012 Apr 14.,Bhanumathi V,The Indian journal of surgery,2013,2014/01/16 06:00,PMC3585543,,10.1007/s12262-012-0433-8
24426387,Giant cavernous haemangioma of the wandering spleen.,"Misra AP, Misra R, Kumar A",Indian J Surg. 2013 Feb;75(1):54-5. doi: 10.1007/s12262-012-0546-0. Epub 2012 Jun 21.,Misra AP,The Indian journal of surgery,2013,2014/01/16 06:00,PMC3585528,,10.1007/s12262-012-0546-0
24349711,Wandering spleen with gastric volvulus and intestinal non-rotation in an adult male patient.,"Ooka M, Kohda E, Iizuka Y, Nagamoto M, Ishii T, Saida Y, Shimizu N, Gomi T",Acta Radiol Short Rep. 2013 Nov 18;2(7):2047981613499755. doi: 10.1177/2047981613499755. eCollection 2013.,Ooka M,Acta radiologica short reports,2013,2013/12/19 06:00,PMC3863963,,10.1177/2047981613499755
24201983,Left upper quadrant pain: upside down spleen.,"Cotes C, Swischuk LE",Pediatr Emerg Care. 2013 Sep;29(9):1009-10. doi: 10.1097/PEC.0b013e3182a32079.,Cotes C,Pediatric emergency care,2013,2013/11/10 06:00,,,10.1097/PEC.0b013e3182a32079
24179243,Ectopic spleen presenting with anemia and an abdominal mass in a dog.,"Prosser KJ, Webb JA, Hanselman BA",Can Vet J. 2013 Nov;54(11):1071-4.,Prosser KJ,The Canadian veterinary journal = La revue veterinaire canadienne,2013,2013/11/02 06:00,PMC3801285,,
24146990,Large extracellular loop of tetraspanin as a potential vaccine candidate for filariasis.,"Dakshinamoorthy G, Munirathinam G, Stoicescu K, Reddy MV, Kalyanasundaram R",PLoS One. 2013 Oct 11;8(10):e77394. doi: 10.1371/journal.pone.0077394. eCollection 2013.,Dakshinamoorthy G,PloS one,2013,2013/10/23 06:00,PMC3795629,,10.1371/journal.pone.0077394
24051978,Conservative management of accessory spleen torsion in children.,"Scire G, Zampieri N, El-Dalati G, Camoglio FS",Minerva Pediatr. 2013 Aug;65(4):453-6.,Scire G,Minerva pediatrica,2013,2013/09/21 06:00,,,
24034535,Pelvic pain in the presence of wandering spleen.,"King CR, Mansuria S",J Minim Invasive Gynecol. 2013 Sep-Oct;20(5):549-50. doi: 10.1016/j.jmig.2013.02.007.,King CR,Journal of minimally invasive gynecology,2013,2013/09/17 06:00,,,10.1016/j.jmig.2013.02.007
24015430,Epidermoid cyst arising from an intrapancreatic accessory spleen: a case report and a review of the literature.,"Hamidian Jahromi A, Fallahzadeh MK, Dela Cruz N, Chu Q",J La State Med Soc. 2013 May-Jun;165(3):153-6.,Hamidian Jahromi A,The Journal of the Louisiana State Medical Society : official organ of the Louisiana State Medical Society,2013,2013/09/11 06:00,,,
23980588,Evaluation of single port access gastropexy and ovariectomy using articulating instruments and angled telescopes in dogs.,"Runge JJ, Mayhew PD",Vet Surg. 2013 Oct;42(7):807-13. doi: 10.1111/j.1532-950X.2013.12036.x. Epub 2013 Aug 23.,Runge JJ,Veterinary surgery : VS,2013,2013/08/29 06:00,,,10.1111/j.1532-950X.2013.12036.x
23915457,Acute abdomen due to torsion of the wandering spleen in a patient with Marfan Syndrome.,"Leci-Tahiri L, Tahiri A, Bajrami R, Maxhuni M",World J Emerg Surg. 2013 Aug 5;8(1):30. doi: 10.1186/1749-7922-8-30.,Leci-Tahiri L,World journal of emergency surgery : WJES,2013,2013/08/07 06:00,PMC3751152,,10.1186/1749-7922-8-30
23873601,Novel no-stop FLNA mutation causes multi-organ involvement in males.,"Oegema R, Hulst JM, Theuns-Valks SD, van Unen LM, Schot R, Mancini GM, Schipper ME, de Wit MC, Sibbles BJ, de Coo IF, Nanninga V, Hofstra RM, Halley DJ, Brooks AS",Am J Med Genet A. 2013 Sep;161A(9):2376-84. doi: 10.1002/ajmg.a.36109. Epub 2013 Jul 19.,Oegema R,American journal of medical genetics. Part A,2013,2013/07/23 06:00,,,10.1002/ajmg.a.36109
23792478,Acute torsion of a wandering spleen in a post-partum female: A case report.,"Anyfantakis D, Kastanakis M, Katsougris N, Papadomichelakis A, Petrakis G, Bobolakis E",Int J Surg Case Rep. 2013;4(8):675-7. doi: 10.1016/j.ijscr.2013.05.002. Epub 2013 May 16.,Anyfantakis D,International journal of surgery case reports,2013,2013/06/25 06:00,PMC3710904,,10.1016/j.ijscr.2013.05.002
23767284,Household economic and food security after the 2010 Pakistan floods.,"Doocy S, Leidman E, Aung T, Kirsch T",Food Nutr Bull. 2013 Mar;34(1):95-103. doi: 10.1177/156482651303400110.,Doocy S,Food and nutrition bulletin,2013,2013/06/19 06:00,,,10.1177/156482651303400110
23760734,A rare cause of chronic abdominal pain: recurrent sub-torsions of an accessory spleen.,"Lhuaire M, Sommacale D, Piardi T, Grenier P, Diebold MD, Avisse C, Kianmanesh R",J Gastrointest Surg. 2013 Oct;17(10):1893-6. doi: 10.1007/s11605-013-2239-9. Epub 2013 Jun 13.,Lhuaire M,Journal of gastrointestinal surgery : official journal of the Society for Surgery of the Alimentary Tract,2013,2013/06/14 06:00,,,10.1007/s11605-013-2239-9
23740308,[Splenic torsion in situs inversus abdominalis with polysplenia].,"Lipponer C, Schubert D, Cohnen M",Rofo. 2013 Aug;185(8):760-2. doi: 10.1055/s-0033-1335265. Epub 2013 Jun 5.,Lipponer C,RoFo : Fortschritte auf dem Gebiete der Rontgenstrahlen und der Nuklearmedizin,2013,2013/06/07 06:00,,,10.1055/s-0033-1335265
23710135,"Splenic anomalies of shape, size, and location: pictorial essay.","Yildiz AE, Ariyurek MO, Karcaaltincaba M",ScientificWorldJournal. 2013 Apr 21;2013:321810. doi: 10.1155/2013/321810. Print 2013.,Yildiz AE,TheScientificWorldJournal,2013,2013/05/28 06:00,PMC3654276,,10.1155/2013/321810
23694917,X-ray computed tomography and sonography features of continuous splenogonadal fusion.,"Zhang Y, Tong Z, Zhang Y",J Xray Sci Technol. 2013;21(2):303-8. doi: 10.3233/XST-130378.,Zhang Y,Journal of X-ray science and technology,2013,2013/05/23 06:00,,,10.3233/XST-130378
23680329,Wandering spleen presenting as small bowel obstruction.,"Heydari MB, Johari HG, Eskandari S",Am J Emerg Med. 2013 Jun;31(6):984-5. doi: 10.1016/j.ajem.2013.02.017. Epub 2013 May 13.,Heydari MB,The American journal of emergency medicine,2013,2013/05/18 06:00,,,10.1016/j.ajem.2013.02.017
23624459,Multidetector computed tomography diagnosis of splenic flexure volvulus: usefulness of multiplanar reformats.,"Koh SZ, Low AS, Quah HM",Singapore Med J. 2013 Apr;54(4):e79-82. doi: 10.11622/smedj.2013086.,Koh SZ,Singapore medical journal,2013,2013/04/30 06:00,,,10.11622/smedj.2013086
23608015,[Wandering spleen].,"Nielsen MY, Haupter I, Jensen RK",Ugeskr Laeger. 2013 Feb 25;175(9):593.,Nielsen MY,Ugeskrift for laeger,2013,2013/04/24 06:00,,,
23608013,[Splenic torsion as cause of acute abdomen in children].,"Helvind NM, Gogenur I, Stadeager M",Ugeskr Laeger. 2013 Feb 25;175(9):587-8.,Helvind NM,Ugeskrift for laeger,2013,2013/04/24 06:00,,,
23549723,A rare cause of acute abdomen: torsion of a second spleen.,"Gobishangar S, Raviraj S",Ceylon Med J. 2013 Mar;58(1):34-5. doi: 10.4038/cmj.v58i1.5363.,Gobishangar S,The Ceylon medical journal,2013,2013/04/04 06:00,,,10.4038/cmj.v58i1.5363
23508931,Polysplenia syndrome: a review of the relationship with viscero-atrial situs and the spectrum of extra-cardiac anomalies.,"Tawfik AM, Batouty NM, Zaky MM, Eladalany MA, Elmokadem AH",Surg Radiol Anat. 2013 Oct;35(8):647-53. doi: 10.1007/s00276-013-1100-x. Epub 2013 Mar 19.,Tawfik AM,Surgical and radiologic anatomy : SRA,2013,2013/03/20 06:00,,,10.1007/s00276-013-1100-x
23480945,Splenic torsion after congenital diaphragmatic hernia repair: case report and review of the literature.,"Mehta A, Vana PG, Glynn L",J Pediatr Surg. 2013 Mar;48(3):e29-31. doi: 10.1016/j.jpedsurg.2013.01.003.,Mehta A,Journal of pediatric surgery,2013,2013/03/14 06:00,,,10.1016/j.jpedsurg.2013.01.003
23480940,Wandering spleen as a cause of mesenteric and portal varices: a new etiology?,"Zarroug AE, Hashim Y, El-Youssef M, Zeidan MM, Moir CR",J Pediatr Surg. 2013 Mar;48(3):e1-4. doi: 10.1016/j.jpedsurg.2012.12.042.,Zarroug AE,Journal of pediatric surgery,2013,2013/03/14 06:00,,,10.1016/j.jpedsurg.2012.12.042
23476875,Gastric volvulus and wandering spleen: a rare surgical emergency.,"Lianos G, Vlachos K, Papakonstantinou N, Katsios C, Baltogiannis G, Godevenos D",Case Rep Surg. 2013;2013:561752. doi: 10.1155/2013/561752. Epub 2013 Feb 7.,Lianos G,Case reports in surgery,2013,2013/03/12 06:00,PMC3580933,,10.1155/2013/561752
23436284,Wandering spleen: a mobile target for radiotherapy.,"Gardner K, Weston Smith S",Am J Hematol. 2013 Jun;88(6):528-9. doi: 10.1002/ajh.23425. Epub 2013 May 2.,Gardner K,American journal of hematology,2013,2013/02/26 06:00,,,10.1002/ajh.23425
23433611,Acute abdominal pain in the pediatric emergency department: a case of right lower quadrant wandering spleen that acutely torsed.,Holst JM,J Emerg Med. 2013 Jun;44(6):e395-6. doi: 10.1016/j.jemermed.2012.11.063. Epub 2013 Feb 21.,Holst JM,The Journal of emergency medicine,2013,2013/02/26 06:00,,,10.1016/j.jemermed.2012.11.063
23418034,Acute abdomen due to splenic torsion.,"Kargl S, Sekyra P, Pumberger W",Arch Dis Child. 2013 Jul;98(7):537. doi: 10.1136/archdischild-2012-303481. Epub 2013 Feb 16.,Kargl S,Archives of disease in childhood,2013,2013/02/19 06:00,,,10.1136/archdischild-2012-303481
23416830,Wandering spleen associated with beta-Thalassemia: a case report.,"Akhter MQ, Authoy F, Nabi J, Rahman MR, Hossain I, Hossain MM, Mamun AA, Chakrabarty P",Mymensingh Med J. 2013 Jan;22(1):186-91.,Akhter MQ,Mymensingh medical journal : MMJ,2013,2013/02/19 06:00,,,
23414901,"Prune belly syndrome, splenic torsion, and malrotation: a case report.","Tran S, Grossman E, Barsness KA",J Pediatr Surg. 2013 Feb;48(2):e41-3. doi: 10.1016/j.jpedsurg.2012.11.043.,Tran S,Journal of pediatric surgery,2013,2013/02/19 06:00,,,10.1016/j.jpedsurg.2012.11.043
23352860,Atypical presentation of a wandering spleen in niemann-pick disease.,"Centonze A, Mazzei A, Castaldo P, Raiola G, Salerno D, Porta IP, Baldassarre E",J Emerg Med. 2013 Apr;44(4):851-2. doi: 10.1016/j.jemermed.2012.05.038. Epub 2013 Jan 24.,Centonze A,The Journal of emergency medicine,2013,2013/01/29 06:00,,,10.1016/j.jemermed.2012.05.038
23331810,Congenital heart disease and heterotaxy: upper gastrointestinal fluoroscopy can be misleading and surgery in an asymptomatic patient is not beneficial.,"Papillon S, Goodhue CJ, Zmora O, Sharma SS, Wells WJ, Ford HR, Upperman JS, Wang KS, Bushman GA, Kim R, Pierce JR",J Pediatr Surg. 2013 Jan;48(1):164-9. doi: 10.1016/j.jpedsurg.2012.10.033.,Papillon S,Journal of pediatric surgery,2013,2013/01/22 06:00,,,10.1016/j.jpedsurg.2012.10.033
23322835,Emergent and nonemergent nonbowel torsion: spectrum of imaging and clinical findings.,"Lubner MG, Simard ML, Peterson CM, Bhalla S, Pickhardt PJ, Menias CO",Radiographics. 2013 Jan-Feb;33(1):155-73. doi: 10.1148/rg.331125016.,Lubner MG,"Radiographics : a review publication of the Radiological Society of North America, Inc",2013,2013/01/17 06:00,,,10.1148/rg.331125016
25931877,Torsion of wandering spleen as a rare reason for acute abdomen: A presentation of two cases.,"Yilmaz O, Bayrak V, Dastan E, Kotan C",Ulus Cerrahi Derg. 2013 Aug 30;29(4):200-2. doi: 10.5152/UCD.2013.47. eCollection 2013.,Yilmaz O,Ulusal cerrahi dergisi,2013,2013/01/01 00:00,PMC4382814,,10.5152/UCD.2013.47
23271043,Endoscopic submucosal dissection in the treatment of gastric submucosal tumors: results from a retrospective cohort study.,"Catalano F, Rodella L, Lombardo F, Silano M, Tomezzoli A, Fuini A, Di Cosmo MA, de Manzoni G, Trecca A",Gastric Cancer. 2013 Oct;16(4):563-70. doi: 10.1007/s10120-012-0225-7. Epub 2012 Dec 28.,Catalano F,Gastric cancer : official journal of the International Gastric Cancer Association and the Japanese Gastric Cancer Association,2013,2012/12/29 06:00,,,10.1007/s10120-012-0225-7
23238797,"Wandering spleen: a medical enigma, its natural history and rationalization.",Magowska A,World J Surg. 2013 Mar;37(3):545-50. doi: 10.1007/s00268-012-1880-x.,Magowska A,World journal of surgery,2013,2012/12/15 06:00,PMC3566390,,10.1007/s00268-012-1880-x
22829098,Torsion in wandering spleen: CT demonstration of whirl sign.,"Priyadarshi RN, Anand U, Kumar B, Prakash V",Abdom Imaging. 2013 Aug;38(4):835-8. doi: 10.1007/s00261-012-9944-9.,Priyadarshi RN,Abdominal imaging,2013,2012/07/26 06:00,,,10.1007/s00261-012-9944-9
22730032,Torsion of wandering spleen.,"Udare AS, Mondel PK, Thapar V",Indian J Gastroenterol. 2013 May;32(3):211. doi: 10.1007/s12664-012-0188-y. Epub 2012 May 22.,Udare AS,Indian journal of gastroenterology : official journal of the Indian Society of Gastroenterology,2013,2012/06/26 06:00,,,10.1007/s12664-012-0188-y
22551626,[Ectopic spleen. Urgent or elective surgery?].,"Perez-Legaz J, Moya Forcen P, Oller I, Arroyo A, Calpena R",Cir Esp. 2013 May;91(5):344-5. doi: 10.1016/j.ciresp.2011.10.011. Epub 2012 Apr 30.,Perez-Legaz J,Cirugia espanola,2013,2012/05/04 06:00,,,10.1016/j.ciresp.2011.10.011
22381612,Torsion of a wandering spleen treated with partial splenectomy and splenopexy.,"Fonseca AZ, Ribeiro M Jr, Contrucci O",J Emerg Med. 2013 Jan;44(1):e33-6. doi: 10.1016/j.jemermed.2011.06.146. Epub 2012 Mar 3.,Fonseca AZ,The Journal of emergency medicine,2013,2012/03/03 06:00,,,10.1016/j.jemermed.2011.06.146
23415210,[Acute torsion of wandering spleen: a rare cause of acute abdomen].,"de Andres-Asenjo B, Fernandez-Gonzalez N",Cir Cir. 2012 May-Jun;80(3):283-6.,de Andres-Asenjo B,Cirugia y cirujanos,2012,2013/02/19 06:00,,,
23246505,Characterization of PrP(Sc) transmission from immune cells to neuronal cells.,"Tanaka Y, Sadaike T, Inoshima Y, Ishiguro N",Cell Immunol. 2012 Oct;279(2):145-50. doi: 10.1016/j.cellimm.2012.11.007. Epub 2012 Nov 29.,Tanaka Y,Cellular immunology,2012,2012/12/19 06:00,,,10.1016/j.cellimm.2012.11.007
23019995,"Combination of partial situs inversus, polysplenia and annular pancreas with duodenal obstruction and intestinal malrotation.","Ben Ahmed Y, Ghorbel S, Chouikh T, Nouira F, Louati H, Charieg A, Chaouachi B",JBR-BTR. 2012 Jul-Aug;95(4):257-60. doi: 10.5334/jbr-btr.633.,Ben Ahmed Y,JBR-BTR : organe de la Societe royale belge de radiologie (SRBR) = orgaan van de Koninklijke Belgische Vereniging voor Radiologie (KBVR),2012,2012/10/02 06:00,,,10.5334/jbr-btr.633
22968096,Ectopic spleen presenting as a gastric submucosal tumor.,"O JH, Paik CN, Chung WC, Lee KM, Hwang SS, Yang JM, Park YH",Gastrointest Endosc. 2012 Nov;76(5):1047; discussion 1047-8. doi: 10.1016/j.gie.2012.07.011. Epub 2012 Sep 8.,O JH,Gastrointestinal endoscopy,2012,2012/09/13 06:00,,,10.1016/j.gie.2012.07.011
22966728,Acute splenic torsion in children: which is the best treatment? A case report.,"Cecchetto G, Dall'Igna P, Dalle Nogare C, Gasparella P, Zanon GF",Pediatr Med Chir. 2012 May-Jun;34(3):146-7. doi: 10.4081/pmc.2012.81.,Cecchetto G,La Pediatria medica e chirurgica : Medical and surgical pediatrics,2012,2012/09/13 06:00,,,10.4081/pmc.2012.81
22906354,Splenic torsion requiring splenectomy six years following laparoscopic Nissen fundoplication.,"Le K, Griner D, Hope WW, Tackett D",JSLS. 2012 Jan-Mar;16(1):184-8. doi: 10.4293/108680812X13291597716861.,Le K,JSLS : Journal of the Society of Laparoendoscopic Surgeons,2012,2012/08/22 06:00,PMC3407447,,10.4293/108680812X13291597716861
22897380,Volvulus of splenic flexure: an autopsy case.,"Erkol H, Erkol Z, Aybasti N, Inal M",Bratisl Lek Listy. 2012;113(8):508-10. doi: 10.4149/bll_2012_114.,Erkol H,Bratislavske lekarske listy,2012,2012/08/18 06:00,,,10.4149/bll_2012_114
22880514,Torsion of the wandering spleen.,"Kocakoc E, Kayali A, Ozturk T, Ozturk F, Gundogan P",JBR-BTR. 2012 May-Jun;95(3):148-9. doi: 10.5334/jbr-btr.592.,Kocakoc E,JBR-BTR : organe de la Societe royale belge de radiologie (SRBR) = orgaan van de Koninklijke Belgische Vereniging voor Radiologie (KBVR),2012,2012/08/14 06:00,,,10.5334/jbr-btr.592
22852571,Evaluation of splenectomy as a risk factor for gastric dilatation-volvulus.,"Grange AM, Clough W, Casale SA",J Am Vet Med Assoc. 2012 Aug 15;241(4):461-6. doi: 10.2460/javma.241.4.461.,Grange AM,Journal of the American Veterinary Medical Association,2012,2012/08/03 06:00,,,10.2460/javma.241.4.461
22808638,14 year-old female with splenic torsion.,"Swenson DW, Herliczek TW",Med Health R I. 2012 May;95(5):161-2.,Swenson DW,"Medicine and health, Rhode Island",2012,2012/07/20 06:00,,,
22771291,[Laparoscopic splenectomy for torsion of a wandering spleen].,"Fabiano P, Rosado R, Maturana V, Ramirez D",Cir Esp. 2012 Aug-Sep;90(7):477-8. doi: 10.1016/j.ciresp.2012.04.006. Epub 2012 Jul 5.,Fabiano P,Cirugia espanola,2012,2012/07/10 06:00,,,10.1016/j.ciresp.2012.04.006
22764656,"The accessory spleen: prevalence and imaging findings in 1,735 consecutive patients examined by multidetector computed tomography.","Romer T, Wiesner W",JBR-BTR. 2012 Mar-Apr;95(2):61-5.,Romer T,JBR-BTR : organe de la Societe royale belge de radiologie (SRBR) = orgaan van de Koninklijke Belgische Vereniging voor Radiologie (KBVR),2012,2012/07/07 06:00,,,
22720985,What is your diagnosis? Gastric dilatation-volvulus (GDV) with secondary peritoneal effusion and splenic congestion or torsion.,"Geyer NE, Reichle JK",J Am Vet Med Assoc. 2012 Jul 1;241(1):45-7. doi: 10.2460/javma.241.1.45.,Geyer NE,Journal of the American Veterinary Medical Association,2012,2012/06/23 06:00,,,10.2460/javma.241.1.45
22688174,[Large accessory spleen torsion with a distorted fascicular structure; a case report].,"Morita T, Kikuyama M, Kurokami T, Nagakura C, Yoshida M, Ueda T, Shigetomo M, Suzuki N",Nihon Shokakibyo Gakkai Zasshi. 2012 Jun;109(6):969-74.,Morita T,Nihon Shokakibyo Gakkai zasshi = The Japanese journal of gastro-enterology,2012,2012/06/13 06:00,,,
22655096,[Acute abdomen in a torsion of an ectopic spleen: report of a case].,"Khalid E, Fatimazahra B, Rachid L, Abdelaziz F, Mohamed L, Nadia B, Driss K, Saad B, Najib ZO",Pan Afr Med J. 2012;11:62. Epub 2012 Apr 4.,Khalid E,The Pan African medical journal,2012,2012/06/02 06:00,PMC3361200,,
22532185,Intrapancreatic accessory spleen.,"Szumilo J, Fronczek A, Bukharin S, Burdan F",Folia Morphol (Warsz). 2012 Feb;71(1):45-7.,Szumilo J,Folia morphologica,2012,2012/04/26 06:00,,,
22514765,A wandering spleen presenting as a hypogastric mass: case report.,"Bouassida M, Sassi S, Chtourou MF, Bennani N, Baccari S, Chebbi F, Benali M, Mighri MM, Touinsi H, Sassi S",Pan Afr Med J. 2012;11:31. Epub 2012 Feb 21.,Bouassida M,The Pan African medical journal,2012,2012/04/20 06:00,PMC3325069,,
22487633,Laparoscopic splenectomy for the treatment of wandering spleen in a pregnant woman: a case report.,"Yucel E, Kurt Y, Ozdemir Y, Gun I, Yildiz M",Surg Laparosc Endosc Percutan Tech. 2012 Apr;22(2):e102-4. doi: 10.1097/SLE.0b013e318246beb5.,Yucel E,"Surgical laparoscopy, endoscopy & percutaneous techniques",2012,2012/04/11 06:00,,,10.1097/SLE.0b013e318246beb5
22477742,Acute torsion of a wandering spleen.,"Lam Y, Yuen KK, Chong LC",Hong Kong Med J. 2012 Apr;18(2):160-2.,Lam Y,Hong Kong medical journal = Xianggang yi xue za zhi,2012,2012/04/06 06:00,,,
22450011,Torsion of an accessory spleen with situs inversus in a child.,"Ishibashi H, Oshio T, Sogami T, Nii A, Mori H, Shimada M",J Med Invest. 2012;59(1-2):220-3. doi: 10.2152/jmi.59.220.,Ishibashi H,The journal of medical investigation : JMI,2012,2012/03/28 06:00,,,10.2152/jmi.59.220
22405183,Ectopic spleen presenting as an abdominal mass in a patient with Crohn's disease.,"Kocak E, Ergul B, Koklu S, Akbal E",J Crohns Colitis. 2012 Apr;6(3):394-5. doi: 10.1016/j.crohns.2011.12.012. Epub 2012 Jan 5.,Kocak E,Journal of Crohn's & colitis,2012,2012/03/13 06:00,,,10.1016/j.crohns.2011.12.012
22396942,Wandering spleen in a child with symptoms of acute abdomen: ultrasonographic diagnosis. Case report.,"Ayaz UY, Dilli A, Ayaz S, Api A",Med Ultrason. 2012 Mar;14(1):64-6.,Ayaz UY,Medical ultrasonography,2012,2012/03/08 06:00,,,
22382032,Wandering hemi-spleen: Laparoscopic management of wandering spleen in a case of polysplenia.,"Bekheit M, Katri KM, Ezzat T",Int J Surg Case Rep. 2012;3(5):151-4. doi: 10.1016/j.ijscr.2011.10.020. Epub 2012 Jan 20.,Bekheit M,International journal of surgery case reports,2012,2012/03/03 06:00,PMC3312059,,10.1016/j.ijscr.2011.10.020
22368139,Sonographic diagnosis of a subclinical wandering spleen: role of the decubitus position.,"Chen JW, Yeh DM, Peng SH, Chen GS, Tseng YH, Lin CW, Tyan YS, Tsao TF",J Ultrasound Med. 2012 Mar;31(3):483-7. doi: 10.7863/jum.2012.31.3.483.,Chen JW,Journal of ultrasound in medicine : official journal of the American Institute of Ultrasound in Medicine,2012,2012/03/01 06:00,,,10.7863/jum.2012.31.3.483
26504696,Laparoscopic splenectomy of a wandering spleen with coincidental enormous splenomegaly.,"Lemke J, Scheele J, Juchems M, Henne-Bruns D, Brockschmidt C",GMS Interdiscip Plast Reconstr Surg DGPW. 2012 Dec 3;1:Doc14. doi: 10.3205/iprs000014. eCollection 2012.,Lemke J,GMS Interdisciplinary plastic and reconstructive surgery DGPW,2012,2012/01/01 00:00,PMC4582471,,10.3205/iprs000014
22130511,[Solution to case 38. Torsion of the spleen].,"Parrondo MG, Castanon AI, Gonzalez MA, Vicente MM",Radiologia. 2012 Jan-Feb;54(1):91-3. doi: 10.1016/j.rx.2011.05.005. Epub 2011 Nov 29.,Parrondo MG,Radiologia,2012,2011/12/02 06:00,,,10.1016/j.rx.2011.05.005
21414616,[Splenic torsion in a patient with ectopic spleen].,"Ramos-Clemente Romero JI, Perez Ramos MA, Benavente Fernandez A, Maraver Garcia A",Cir Esp. 2012 Feb;90(2):126-7. doi: 10.1016/j.ciresp.2010.10.015. Epub 2011 Mar 16.,Ramos-Clemente Romero JI,Cirugia espanola,2012,2011/03/19 06:00,,,10.1016/j.ciresp.2010.10.015
21411071,[Laparoscopy of acute abdomen due to splenic torsion].,"Planellas Gine P, Farres Coll R, Rodriguez-Hermosa JI, Pujadas de Palol M, Codina Cazador A",Cir Esp. 2012 Jan;90(1):61-3. doi: 10.1016/j.ciresp.2010.12.016. Epub 2011 Mar 15.,Planellas Gine P,Cirugia espanola,2012,2011/03/18 06:00,,,10.1016/j.ciresp.2010.12.016
20851558,A wandering spleen presenting as an acute abdomen: case report.,"Kapan M, Gumus M, Onder A, Gumus H, Aldemir M",J Emerg Med. 2012 Nov;43(5):e303-5. doi: 10.1016/j.jemermed.2010.06.029. Epub 2010 Sep 19.,Kapan M,The Journal of emergency medicine,2012,2010/09/21 06:00,,,10.1016/j.jemermed.2010.06.029
23155637,[Initial experience in single site laparoscopic surgery in a pediatric hospital of Bogota].,"Diaz D, Canon IC, Fierro F, Molina I, Beltran JR",Cir Pediatr. 2011 Oct;24(4):228-31.,Diaz D,Cirugia pediatrica : organo oficial de la Sociedad Espanola de Cirugia Pediatrica,2011,2012/11/20 06:00,,,
22509658,[Torsion of dystopic spleen--possible solutions].,"Sudak M, Drahovsky P",Rozhl Chir. 2011 Dec;90(12):701-4.,Sudak M,Rozhledy v chirurgii : mesicnik Ceskoslovenske chirurgicke spolecnosti,2011,2012/04/19 06:00,,,
22287875,The wandering spleen: an unusual case of thrombocytopenia.,"Mirkes C, Nguyen G, Cable C",J Blood Med. 2011;2:161-3. doi: 10.2147/JBM.S24168. Epub 2011 Dec 7.,Mirkes C,Journal of blood medicine,2011,2012/01/31 06:00,PMC3262346,,10.2147/JBM.S24168
22259909,[A case of wandering spleen: a rare cause of acute abdomen].,"Salem JF, Tannouri F, Salem F",J Med Liban. 2011 Jul-Sep;59(3):170-2.,Salem JF,Le Journal medical libanais. The Lebanese medical journal,2011,2012/01/21 06:00,,,
22165526,[Torsion of an ectopic spleen presented as an acute abdomen].,"Nyundo M, Ntirenganya F, Byiringiro JC, Ntakiyiruta G, Gashegu J",Rev Med Brux. 2011 Sep-Oct;32(5):477-9.,Nyundo M,Revue medicale de Bruxelles,2011,2011/12/15 06:00,,,
22097663,[Sudden abdominal pain...is it a surprise? Necrosis of an ectopic spleen].,"Nobre S, Salgado C",Cir Pediatr. 2011 Apr;24(2):122-5.,Nobre S,Cirugia pediatrica : organo oficial de la Sociedad Espanola de Cirugia Pediatrica,2011,2011/11/22 06:00,,,
22035554,I wonder what the mobile mass is?,"Somalwar AM, Bhagat JP, Rathi CD",Lancet. 2011 Oct 29;378(9802):1604. doi: 10.1016/S0140-6736(11)61183-5.,Somalwar AM,"Lancet (London, England)",2011,2011/11/01 06:00,,,10.1016/S0140-6736(11)61183-5
22008358,Laparoscopic detorsion and colopexy for splenic flexure volvulus in an infant.,"Inoue M, Uchida K, Otake K, Kawamoto A, Okita Y, Hiro J, Ohi M, Kusunoki M",J Pediatr Surg. 2011 Oct;46(10):E25-8. doi: 10.1016/j.jpedsurg.2011.06.019.,Inoue M,Journal of pediatric surgery,2011,2011/10/20 06:00,,,10.1016/j.jpedsurg.2011.06.019
21859343,Single-incision laparoscopic approach to management of splenic pathology in children: an early experience.,"Garrett D, Emami C, Anselmo DM, Torres MB, Nguyen N",J Laparoendosc Adv Surg Tech A. 2011 Dec;21(10):965-7. doi: 10.1089/lap.2011.0148. Epub 2011 Aug 22.,Garrett D,Journal of laparoendoscopic & advanced surgical techniques. Part A,2011,2011/08/24 06:00,,,10.1089/lap.2011.0148
21838134,[Impingement of an accessory intraabdominal organ as an uncommon intraoperative diagnosis--a case review].,"Kratochvil J, Mrva M, Kopriva A, Stracar M, Dolezal B",Rozhl Chir. 2011 May;90(5):298-300.,Kratochvil J,Rozhledy v chirurgii : mesicnik Ceskoslovenske chirurgicke spolecnosti,2011,2011/08/16 06:00,,,
21816894,Wandering spleen with torsion and complete infarction.,"Chu J, Li Z, Luo B, Yang J",Acta Radiol. 2011 Oct 1;52(8):911-3. doi: 10.1258/ar.2011.100504. Epub 2011 Aug 4.,Chu J,"Acta radiologica (Stockholm, Sweden : 1987)",2011,2011/08/06 06:00,,,10.1258/ar.2011.100504
21808945,Splenic pseudocyst: a rare association with splenoptosis and vertebral segmentation anomalies.,"Noushif M, Mohandas K, Vasu TA, Rishikesan NK",Singapore Med J. 2011 Jul;52(7):e141-2.,Noushif M,Singapore medical journal,2011,2011/08/03 06:00,,,
21484700,Asymptomatic chronic torsion of a pelvic wandering spleen.,"Maamouri N, Guellouz S, Chebbi F, Ben Hariz F, Ben Messoud M, Chouaib S, Belkahla N, Ouerghi H, Chaabouni H, Mnif E, Ben Safta Z, Ben Mami N",Tunis Med. 2011 Apr;89(4):403-5.,Maamouri N,La Tunisie medicale,2011,2011/04/13 06:00,,,
21480120,A case of torsion of the wandering spleen presenting as hypersplenism and gastric fundal varices.,"Irak K, Esen I, Keskin M, Eminler AT, Ayyildiz T, Kaya E, Kiyici M, Gurel S, Nak SG, Gulten M, Dolar E",Turk J Gastroenterol. 2011 Feb;22(1):93-7. doi: 10.4318/tjg.2011.0165.,Irak K,The Turkish journal of gastroenterology : the official journal of Turkish Society of Gastroenterology,2011,2011/04/12 06:00,,,10.4318/tjg.2011.0165
21443043,Splenic torsion of a wandering spleen.,"Ityel H, Granot Y, Vaknine H, Judich A, Shimonov M",Isr Med Assoc J. 2011 Feb;13(2):119-20.,Ityel H,The Israel Medical Association journal : IMAJ,2011,2011/03/30 06:00,,,
21392125,Transverse testicular ectopia with splenogonadal fusion: a case report.,"Hasegawa Y, Kanemitsu I, Ueoka K",Int J Urol. 2011 Jun;18(6):466-8. doi: 10.1111/j.1442-2042.2011.02746.x. Epub 2011 Mar 9.,Hasegawa Y,International journal of urology : official journal of the Japanese Urological Association,2011,2011/03/12 06:00,,,10.1111/j.1442-2042.2011.02746.x
21375417,An unusual case of acute pancreatitis and gastric outlet obstruction associated with wandering spleen treated by laparoscopic splenopexy.,"Magno S, Nanni L, Retrosi G, Cina A, Gamba PG",J Laparoendosc Adv Surg Tech A. 2011 Jun;21(5):467-70. doi: 10.1089/lap.2010.0417. Epub 2011 Mar 5.,Magno S,Journal of laparoendoscopic & advanced surgical techniques. Part A,2011,2011/03/08 06:00,,,10.1089/lap.2010.0417
22540075,Spontaneous massive hemoperitoneum: A potentially life threatening presentation of the wandering spleen.,"Sucandy I, Akmal YM, Gabrielsen JD",N Am J Med Sci. 2011 Feb;3(2):99-102. doi: 10.4297/najms.2011.399.,Sucandy I,North American journal of medical sciences,2011,2011/02/01 00:00,PMC3336896,,10.4297/najms.2011.399
21229243,Wandering spleen on a 68Ga-DOTATOC-PET/CT scan.,"Lips N, Deroose CM, Bielen D, Bossuyt P, Mortelmans L",Eur J Nucl Med Mol Imaging. 2011 May;38(5):982. doi: 10.1007/s00259-010-1714-8. Epub 2011 Jan 13.,Lips N,European journal of nuclear medicine and molecular imaging,2011,2011/01/14 06:00,,,10.1007/s00259-010-1714-8
22675015,Right abdominal mass in a 2 year-old child.,"Parisinos CA, Matter I, Mogilner JG, Rodrigues MA, Slijper N",BMJ Case Rep. 2011 Oct 11;2011:bcr0820114676. doi: 10.1136/bcr.08.2011.4676.,Parisinos CA,BMJ case reports,2011,2011/01/01 00:00,PMC3207771,,10.1136/bcr.08.2011.4676
20512509,Video. Hand-assisted laparoscopy for wandering spleen.,"Cripps M, Svahn J",Surg Endosc. 2011 Jan;25(1):312. doi: 10.1007/s00464-010-1120-0. Epub 2010 May 29.,Cripps M,Surgical endoscopy,2011,2010/06/01 06:00,,,10.1007/s00464-010-1120-0
21977832,Paediatric wandering spleens in Malawi.,"Broadis E, Banda MK, Molyneux EM, Borgstein E",Malawi Med J. 2010 Dec;22(4):120-1. doi: 10.4314/mmj.v22i4.63948.,Broadis E,Malawi medical journal : the journal of Medical Association of Malawi,2010,2011/10/08 06:00,PMC3345773,,10.4314/mmj.v22i4.63948
21352678,Wandering spleen mimicking acute appendicitis-an unusual presentation of a rare surgical anomaly.,"Familua O, Animesh R, Quinto E, Barzideh S, Eboh N, Morales L, Rodriguez L",Am Surg. 2010 Dec;76(12):E235-6.,Familua O,The American surgeon,2010,2011/03/01 06:00,,,
20975498,Laparoscopic splenopexy for wandering spleen: case report and review of the literature.,"Montenovo MI, Ahad S, Oelschlager BK",Surg Laparosc Endosc Percutan Tech. 2010 Oct;20(5):e182-4. doi: 10.1097/SLE.0b013e3181f69ce2.,Montenovo MI,"Surgical laparoscopy, endoscopy & percutaneous techniques",2010,2010/10/27 06:00,,,10.1097/SLE.0b013e3181f69ce2
20941976,[Torsion of the splenic pedicle.1935].,"Fagarasanu I, Porumbaru I",Chirurgia (Bucur). 2010 Jul-Aug;105(4):527-9; discussion 530.,Fagarasanu I,"Chirurgia (Bucharest, Romania : 1990)",2010,2010/10/15 06:00,,,
20939205,Laparoscopic splenectomy for infarcted splenoptosis in a child: a case report.,"Carmona J, Lugo Vicente H",Bol Asoc Med P R. 2010 Apr-Jun;102(2):47-9.,Carmona J,Boletin de la Asociacion Medica de Puerto Rico,2010,2010/10/14 06:00,,,
20871196,Torsion of a wandering spleen.,"El Bouhaddouti H, Lamrani J, Louchi A, El Yousfi M, Aqodad N, Ibrahimi A, Boubou M, Kamaoui I, Tizniti S",Saudi J Gastroenterol. 2010 Oct-Dec;16(4):288-91. doi: 10.4103/1319-3767.70618.,El Bouhaddouti H,Saudi journal of gastroenterology : official journal of the Saudi Gastroenterology Association,2010,2010/09/28 06:00,PMC2995100,,10.4103/1319-3767.70618
20852856,Torsion of a splenule.,"Gok M, Karakas SP",Pediatr Radiol. 2010 Dec;40 Suppl 1:S88. doi: 10.1007/s00247-010-1822-4. Epub 2010 Sep 18.,Gok M,Pediatric radiology,2010,2010/09/21 06:00,,,10.1007/s00247-010-1822-4
20739346,Post-traumatic acute abdominal pain.,"Saouab R, Dafiri R",Br J Radiol. 2010 Sep;83(993):804-6. doi: 10.1259/bjr/88857252.,Saouab R,The British journal of radiology,2010,2010/08/27 06:00,PMC3473410,,10.1259/bjr/88857252
20676299,A case of splenic torsion with progressive anemia and thrombocytopenia.,Schnier LM,Can Vet J. 2010 May;51(5):527-9.,Schnier LM,The Canadian veterinary journal = La revue veterinaire canadienne,2010,2010/08/03 06:00,PMC2857436,,
20638536,Wandering spleen in children: multicenter retrospective study.,"Fiquet-Francois C, Belouadah M, Ludot H, Defauw B, Mcheik JN, Bonnet JP, Kanmegne CU, Weil D, Coupry L, Fremont B, Becmeur F, Lacreuse I, Montupet P, Rahal E, Botto N, Cheikhelard A, Sarnacki S, Petit T, Poli Merol ML",J Pediatr Surg. 2010 Jul;45(7):1519-24. doi: 10.1016/j.jpedsurg.2010.03.003.,Fiquet-Francois C,Journal of pediatric surgery,2010,2010/07/20 06:00,,,10.1016/j.jpedsurg.2010.03.003
20630344,Multimodality imaging of a neonatal wandering spleen.,"Arleo EK, Kovanlikaya A, Mennitt K, Acharya S, Brill PW",Clin Imaging. 2010 Jul-Aug;34(4):302-5. doi: 10.1016/j.clinimag.2009.09.001.,Arleo EK,Clinical imaging,2010,2010/07/16 06:00,,,10.1016/j.clinimag.2009.09.001
20625747,Laparoscopic splenopexy and gastropexy for wandering spleen associated with gastric volvulus.,"Okazaki T, Ohata R, Miyano G, Lane GJ, Takahashi T, Yamataka A",Pediatr Surg Int. 2010 Oct;26(10):1053-5. doi: 10.1007/s00383-010-2657-7.,Okazaki T,Pediatric surgery international,2010,2010/07/14 06:00,,,10.1007/s00383-010-2657-7
20593169,Wandering spleen causing gastric outlet obstruction and pancreatitis.,"Sanchez R, Lobert P, Herman R, O'Malley R, Mychaliska G",Pediatr Radiol. 2010 Dec;40 Suppl 1:S89-91. doi: 10.1007/s00247-010-1756-x. Epub 2010 Jul 1.,Sanchez R,Pediatric radiology,2010,2010/07/02 06:00,,,10.1007/s00247-010-1756-x
20591443,Splenomegaly as presentation of a wandering spleen.,"Maschio M, Cozzi G, Sanabor D, Zennaro F, Gloria P, Barbi E",J Pediatr. 2010 Nov;157(5):859.e1. doi: 10.1016/j.jpeds.2010.04.046. Epub 2010 Jul 1.,Maschio M,The Journal of pediatrics,2010,2010/07/02 06:00,,,10.1016/j.jpeds.2010.04.046
20529485,Splenic torsion: a case report.,"Hussain M, Deshpande R, Bailey ST",Ann R Coll Surg Engl. 2010 Jul;92(5):W51-2. doi: 10.1308/147870810X12699662980592. Epub 2010 Jun 7.,Hussain M,Annals of the Royal College of Surgeons of England,2010,2010/06/10 06:00,PMC5696960,,10.1308/147870810X12699662980592
20362957,"The wanderer At 12 weeks' gestation, the patient presented with abdominal pain and a palpable mass.","Ghazeeri G, Nassar AH, Taher AT, Musallam KM, Jamali FR",Am J Obstet Gynecol. 2010 Jun;202(6):662.e1. doi: 10.1016/j.ajog.2010.02.013. Epub 2010 Apr 2.,Ghazeeri G,American journal of obstetrics and gynecology,2010,2010/04/07 06:00,,,10.1016/j.ajog.2010.02.013
23057261,Wandering spleen: case report.,"Mwango GN, Muriithi IM",East Afr Med J. 2010 Feb;87(2):84-6. doi: 10.4314/eamj.v87i2.60605.,Mwango GN,East African medical journal,2010,2010/02/01 00:00,,,10.4314/eamj.v87i2.60605
24945841,A case of splenic torsion and rupture presenting as ruptured ectopic pregnancy.,"Lahiri S, Dasgupta N, Mondal AU",J Surg Case Rep. 2010 Dec 1;2010(10):4. doi: 10.1093/jscr/2010.10.4.,Lahiri S,Journal of surgical case reports,2010,2010/01/01 00:00,PMC3649179,,10.1093/jscr/2010.10.4
23754883,Wandering spleen: Report of two cases.,"Turhan A, Kapan S, Gonenc M, Dogan M, Aygun E",Int Med Case Rep J. 2010 Mar 9;3:19-22. doi: 10.2147/imcrj.s8937. Print 2010.,Turhan A,International medical case reports journal,2010,2010/01/01 00:00,PMC3658214,,10.2147/imcrj.s8937
19995153,Recurrent hypersplenism caused by giant accessory spleen due to portal hypertension after splenectomia.,"Ozdil B, Akkiz H, Sandikci M, Kece C, Cosar A",Platelets. 2010;21(1):70-1. doi: 10.3109/09537100903420285.,Ozdil B,Platelets,2010,2009/12/10 06:00,,,10.3109/09537100903420285
19838993,CT and MRI of intraperitoneal splenosis.,"Tsitouridis I, Michaelides M, Sotiriadis C, Arvaniti M",Diagn Interv Radiol. 2010 Jun;16(2):145-9. doi: 10.4261/1305-3825.DIR.1855-08.1. Epub 2009 Oct 19.,Tsitouridis I,"Diagnostic and interventional radiology (Ankara, Turkey)",2010,2009/10/20 06:00,,,10.4261/1305-3825.DIR.1855-08.1
19717143,[Wandering spleen in an asymptomatic patient].,"Perez Legaz J, Ferrer Riquelme R, Juarez Palomo L, Calpena Rico R",Cir Esp. 2010 Jul;88(1):46. doi: 10.1016/j.ciresp.2009.05.019. Epub 2009 Aug 29.,Perez Legaz J,Cirugia espanola,2010,2009/09/01 06:00,,,10.1016/j.ciresp.2009.05.019
19680643,"Clinical image. The ""wandering"" spleen.","Dillman JR, Strouse PJ",Pediatr Radiol. 2010 Feb;40(2):231. doi: 10.1007/s00247-009-1376-5. Epub 2009 Aug 13.,Dillman JR,Pediatric radiology,2010,2009/08/15 09:00,,,10.1007/s00247-009-1376-5
19665370,Spleen migrating dendritic cells primed with CC531 colon cancer antigen and LPS - is it a method to compromise liver metastases?,"Durowicz S, Olszewski WL, Gewartowska M, Stanczyk M, Stanislawska J, Wluka A",Surg Oncol. 2010 Dec;19(4):e85-94. doi: 10.1016/j.suronc.2009.07.003. Epub 2009 Aug 7.,Durowicz S,Surgical oncology,2010,2009/08/12 09:00,,,10.1016/j.suronc.2009.07.003
19548195,Wandering spleen causing intestinal obstruction after repair of congenital diaphragmatic hernia.,"Yasuda H, Inoue M, Uchida K, Otake K, Koike Y, Fujikawa H, Miki C, Kusunoki M",Eur J Pediatr Surg. 2010 Mar;20(2):121-3. doi: 10.1055/s-0029-1220708. Epub 2009 Jun 22.,Yasuda H,European journal of pediatric surgery : official journal of Austrian Association of Pediatric Surgery ... [et al] = Zeitschrift fur Kinderchirurgie,2010,2009/06/24 09:00,,,10.1055/s-0029-1220708
20131554,"[Pelvic splenomegaly. Ptosic, migrant or accessory spleen?].","Biondi A, Motta S, Di Giunta M, Rapisarda D, Fichera DS, La Greca C, Ciuni R, Basile F",Ann Ital Chir. 2009 Sep-Oct;80(5):395-7.,Biondi A,Annali italiani di chirurgia,2009,2010/02/06 06:00,,,
20120444,Torsion of wandering spleen.,"Dirican A, Burak I, Ara C, Unal B, Ozgor D, Meydanli MM",Bratisl Lek Listy. 2009;110(11):723-5.,Dirican A,Bratislavske lekarske listy,2009,2010/02/03 06:00,,,
19959908,Primary splenic torsion in a Boston terrier.,"OHTA H, TAKAGI S, MURAKAMI M, SASAKI N, YOSHIKAWA M, NAKAMURA K, HWANG SJ, YAMASAKI M, TAKIGUCHI M",J Vet Med Sci. 2009 Nov;71(11):1533-5. doi: 10.1292/jvms.001533.,OHTA H,The Journal of veterinary medical science,2009,2009/12/05 06:00,,,10.1292/jvms.001533
19946246,Congenital anomalies of the spleen from an embryological point of view.,"Varga I, Galfiova P, Adamkov M, Danisovic L, Polak S, Kubikova E, Galbavy S",Med Sci Monit. 2009 Dec;15(12):RA269-76.,Varga I,Medical science monitor : international medical journal of experimental and clinical research,2009,2009/12/01 06:00,,,
19943607,"A true ectopic, locally vascularized spleen: a very rare anomaly.","Darius T, Tollens T, Aelvoet C, Vanrykel JP",Acta Chir Belg. 2009 May-Jun;109(3):419-20. doi: 10.1080/00015458.2009.11680453.,Darius T,Acta chirurgica Belgica,2009,2009/12/01 06:00,,,10.1080/00015458.2009.11680453
19860367,Ectopic pelvic spleen. Presentation of two cases.,"Liapis A, Bakalianou K, Salakos N, Iavazzo C, Paltoglou G, Kondi-Pafiti A",Clin Exp Obstet Gynecol. 2009;36(3):187-8.,Liapis A,Clinical and experimental obstetrics & gynecology,2009,2009/10/29 06:00,,,
19821213,Wandering spleen accompanied by hilar angiomatosis causing intestinal obstruction in a paraplegic patient.,"Parlakgumus A, Yildirim S, Ezer A, Kocer NE, Tokmak N, Caliskan K, Colakoglu T, Moray G",Turk J Gastroenterol. 2009 Sep;20(3):237-8. doi: 10.4318/tjg.2009.0018.,Parlakgumus A,The Turkish journal of gastroenterology : the official journal of Turkish Society of Gastroenterology,2009,2009/10/13 06:00,,,10.4318/tjg.2009.0018
19776410,Images in clinical medicine. Pelvic spleen.,"Tseng CA, Chou AL",N Engl J Med. 2009 Sep 24;361(13):1291. doi: 10.1056/NEJMicm0802024.,Tseng CA,The New England journal of medicine,2009,2009/09/25 06:00,,,10.1056/NEJMicm0802024
19750894,Acute torsion of wandering spleen: report of one case.,"Lien CH, Lee HC, Yeung CY, Chan WT, Wang NL",Pediatr Neonatol. 2009 Aug;50(4):177-80. doi: 10.1016/S1875-9572(09)60059-0.,Lien CH,Pediatrics and neonatology,2009,2009/09/16 06:00,,,10.1016/S1875-9572(09)60059-0
19735802,Accessory spleen torsion: rare cause of acute abdomen in children and review of literature.,"Impellizzeri P, Montalto AS, Borruto FA, Antonuccio P, Scalfari G, Arena F, Romeo C",J Pediatr Surg. 2009 Sep;44(9):e15-8. doi: 10.1016/j.jpedsurg.2009.06.029.,Impellizzeri P,Journal of pediatric surgery,2009,2009/09/09 06:00,,,10.1016/j.jpedsurg.2009.06.029
19720280,A solid mass in pelvic region.,"Oda J, Tachikawa N, Suda T",Gastroenterology. 2009 Oct;137(4):e9-e10. doi: 10.1053/j.gastro.2009.02.010. Epub 2009 Aug 29.,Oda J,Gastroenterology,2009,2009/09/02 06:00,,,10.1053/j.gastro.2009.02.010
19693469,Delayed presentation of congenital diaphragmatic hernia with intrathoracic gastric volvulus.,"Karabulut R, Turkyilmaz Z, Sonmez K, Karakus SC, Basaklar AC",World J Pediatr. 2009 Aug;5(3):226-8. doi: 10.1007/s12519-009-0043-0. Epub 2009 Aug 20.,Karabulut R,World journal of pediatrics : WJP,2009,2009/08/21 09:00,,,10.1007/s12519-009-0043-0
19682201,Education and imaging. Hepatobiliary and pancreatic: torsion of an accessory spleen.,"Kim TH, Kim JK, Park MJ, Lee JH",J Gastroenterol Hepatol. 2009 Jul;24(7):1308. doi: 10.1111/j.1440-1746.2009.05957.x.,Kim TH,Journal of gastroenterology and hepatology,2009,2009/08/18 09:00,,,10.1111/j.1440-1746.2009.05957.x
19679397,"Clinicopathological findings, molecular detection and characterization of Babesia gibsoni infection in a sick dog from Italy.","Trotta M, Carli E, Novari G, Furlanello T, Solano-Gallego L",Vet Parasitol. 2009 Nov 12;165(3-4):318-22. doi: 10.1016/j.vetpar.2009.07.022. Epub 2009 Jul 21.,Trotta M,Veterinary parasitology,2009,2009/08/15 09:00,,,10.1016/j.vetpar.2009.07.022
19573677,Abdominal pain and wandering spleen in young children: the importance of an early diagnosis.,"Di Crosta I, Inserra A, Gil CP, Pisani M, Ponticelli A",J Pediatr Surg. 2009 Jul;44(7):1446-9. doi: 10.1016/j.jpedsurg.2009.02.062.,Di Crosta I,Journal of pediatric surgery,2009,2009/07/04 09:00,,,10.1016/j.jpedsurg.2009.02.062
19482269,[Torsion of a wandering spleen].,"Prieto-Montano J, Salazar W, Reyna-Villasmil E, Santos-Bolivar J",Cir Esp. 2009 Nov;86(5):324-5. doi: 10.1016/j.ciresp.2009.01.025. Epub 2009 May 30.,Prieto-Montano J,Cirugia espanola,2009,2009/06/02 09:00,,,10.1016/j.ciresp.2009.01.025
19308381,The position of the duodenojejunal junction: the wrong horse to bet on in diagnosing or excluding malrotation.,Yousefzadeh DK,Pediatr Radiol. 2009 Apr;39 Suppl 2:S172-7. doi: 10.1007/s00247-008-1116-2.,Yousefzadeh DK,Pediatric radiology,2009,2009/05/19 09:00,,,10.1007/s00247-008-1116-2
19390772,Spleen and gastrosplenic ligament preserving distal pancreatectomy under a minimum incision approach assisted by laparoscopy.,"Hirota M, Ichihara A, Furuhashi S, Tanaka H, Takamori H, Baba H",J Hepatobiliary Pancreat Surg. 2009;16(6):792-5. doi: 10.1007/s00534-009-0113-7. Epub 2009 Apr 24.,Hirota M,Journal of hepato-biliary-pancreatic surgery,2009,2009/04/25 09:00,,,10.1007/s00534-009-0113-7
19281417,Laparoscopic gastropexy for the treatment of gastric volvulus associated with wandering spleen.,"Francois-Fiquet C, Belouadah M, Chauvet P, Lefebvre F, Lefort G, Poli-Merol ML",J Laparoendosc Adv Surg Tech A. 2009 Apr;19 Suppl 1:S137-9. doi: 10.1089/lap.2008.0091.supp.,Francois-Fiquet C,Journal of laparoendoscopic & advanced surgical techniques. Part A,2009,2009/03/14 09:00,,,10.1089/lap.2008.0091.supp
19258418,Prognosis for acute nontraumatic hemoperitoneum in the dog: a retrospective analysis of 60 cases (2003-2006).,"Aronsohn MG, Dubiel B, Roberts B, Powers BE",J Am Anim Hosp Assoc. 2009 Mar-Apr;45(2):72-7. doi: 10.5326/0450072.,Aronsohn MG,Journal of the American Animal Hospital Association,2009,2009/03/05 09:00,,,10.5326/0450072
19208319,Torsion of a wandering spleen presenting as a case of acute abdomen.,"Iqbal M, Tareen MA, Sohail U",J Coll Physicians Surg Pak. 2009 Feb;19(2):123-4.,Iqbal M,Journal of the College of Physicians and Surgeons--Pakistan : JCPSP,2009,2009/02/12 09:00,,,
18597115,Vanishing spleen after Nissen fundoplication: a case report.,"Dijkman KP, van Heurn LW, Leroy PL, Vos GD",Eur J Pediatr. 2009 Mar;168(3):355-7. doi: 10.1007/s00431-008-0752-8. Epub 2008 Jul 3.,Dijkman KP,European journal of pediatrics,2009,2008/07/04 09:00,,,10.1007/s00431-008-0752-8
19263715,Ectopic spleen with cirrhosis of liver.,"Satpathi T, Mukhopadhyay S",J Assoc Physicians India. 2008 Oct;56:819-20.,Satpathi T,The Journal of the Association of Physicians of India,2008,2009/03/07 09:00,,,
19174088,[Ectopic or wandering spleen associated with leukopenia and thrombocytopenia].,"Menendez P, Gambi D, Villarejo P, Cubo T, Padilla D, Maria Menendez J, Martin J",Gastroenterol Hepatol. 2008 Dec;31(10):711. doi: 10.1016/S0210-5705(08)75824-2. Epub 2009 Jan 7.,Menendez P,Gastroenterologia y hepatologia,2008,2009/01/29 09:00,,,10.1016/S0210-5705(08)75824-2
19081521,Gastric variceal hemorrhage secondary to torsion of wandering spleen.,"Wani S, Abdulkarim AB, Buckles D",Clin Gastroenterol Hepatol. 2008 Dec;6(12):A24. doi: 10.1016/j.cgh.2008.06.005.,Wani S,Clinical gastroenterology and hepatology : the official clinical practice journal of the American Gastroenterological Association,2008,2008/12/17 09:00,,,10.1016/j.cgh.2008.06.005
18942912,[Volvulus of the splenic flexure of the colon].,"Martinez-Ramos D, Gibert-Gerez J, Herfarth AE, Salvador-Sanchis JL",Rev Esp Enferm Dig. 2008 Aug;100(8):521-2. doi: 10.4321/s1130-01082008000800019.,Martinez-Ramos D,Revista espanola de enfermedades digestivas,2008,2008/10/24 09:00,,,10.4321/s1130-01082008000800019
22334844,Splenic torsion.,Alshukry SM,Oman Med J. 2008 Oct;23(4):287-8.,Alshukry SM,Oman medical journal,2008,2008/10/01 00:00,PMC3273912,,
18810347,Wandering spleen presenting as recurrent abdominal pain in a young female.,"Cho SA, Choh NA, Dar I, Jehangir M, Yousuf R",Indian J Pediatr. 2008 Nov;75(11):1181-2. doi: 10.1007/s12098-008-0181-8. Epub 2008 Sep 22.,Cho SA,Indian journal of pediatrics,2008,2008/09/24 09:00,,,10.1007/s12098-008-0181-8
18799886,Unusual association of omphalocele and wandering spleen.,"Yilmaz O, Genc A, Ozcan T, Aygoren RS, Taneli C",Eur Surg Res. 2008;41(4):331-3. doi: 10.1159/000155899. Epub 2008 Sep 18.,Yilmaz O,European surgical research. Europaische chirurgische Forschung. Recherches chirurgicales europeennes,2008,2008/09/19 09:00,,,10.1159/000155899
18783625,The torsion of a wandering pelvic spleen: A case report.,"Feroci F, Miranda E, Moraldi L, Moretti R",Cases J. 2008 Sep 10;1(1):149. doi: 10.1186/1757-1626-1-149.,Feroci F,Cases journal,2008,2008/09/12 09:00,PMC2553057,,10.1186/1757-1626-1-149
18765060,Wandering spleen presenting as recurrent pancreatitis.,"Lebron R, Self M, Mangram A, Dunn E",JSLS. 2008 Jul-Sep;12(3):310-3.,Lebron R,JSLS : Journal of the Society of Laparoendoscopic Surgeons,2008,2008/09/04 09:00,PMC3015861,,
18669771,A wandering spleen: unusual cause of a pelvic mass.,"Wallace S, Herer E, Kiraly J, Valikangas E, Rahmani R",Obstet Gynecol. 2008 Aug;112(2 Pt 2):478-80. doi: 10.1097/AOG.0b013e3181809671.,Wallace S,Obstetrics and gynecology,2008,2008/08/02 09:00,,,10.1097/AOG.0b013e3181809671
18628325,Rare coincidence of congenital short and annular pancreas with gallbladder agenesis and splenic malrotation.,"Demir MK, Kilicoglu G",Br J Radiol. 2008 Aug;81(968):e204-6. doi: 10.1259/bjr/95830827.,Demir MK,The British journal of radiology,2008,2008/07/17 09:00,,,10.1259/bjr/95830827
18534317,Wandering spleen presenting as bleeding gastric varices.,"Singla V, Galwa RP, Khandelwal N, Poornachandra KS, Dutta U, Kochhar R",Am J Emerg Med. 2008 Jun;26(5):637.e1-4. doi: 10.1016/j.ajem.2007.10.026.,Singla V,The American journal of emergency medicine,2008,2008/06/07 09:00,,,10.1016/j.ajem.2007.10.026
18485931,Familial wandering spleen: a first instance.,"Ben Ely A, Seguier E, Lotan G, Strauss S, Gayer G",J Pediatr Surg. 2008 May;43(5):E23-5. doi: 10.1016/j.jpedsurg.2007.12.077.,Ben Ely A,Journal of pediatric surgery,2008,2008/05/20 09:00,,,10.1016/j.jpedsurg.2007.12.077
18440937,Marfanoid hypermobility syndrome and skeletal abnormalities in a rare case of torsion of wandering spleen.,"Sodhi KS, Gupta P, Rao KL, Marwaha RK, Khandelwal N",Br J Radiol. 2008 May;81(965):e145-8. doi: 10.1259/bjr/30123041.,Sodhi KS,The British journal of radiology,2008,2008/04/29 09:00,,,10.1259/bjr/30123041
18434987,[Torsion of floating spleen].,"Safarov SIu, Magomedov II, Safarov RS",Khirurgiia (Mosk). 2008;(1):57.,Safarov SIu,Khirurgiia,2008,2008/04/26 09:00,,,
18421191,Intrahepatic splenosis with severe iron deposition presenting with atypical magnetic resonance images.,"Nakajima T, Fujiwara A, Yamaguchi M, Makiyama A, Wakae T, Fujita K, Yoshikawa K, Shiomi T, Ohishi T, Nakashima T, Konishi E",Intern Med. 2008;47(8):743-6. doi: 10.2169/internalmedicine.47.0689. Epub 2008 Apr 16.,Nakajima T,"Internal medicine (Tokyo, Japan)",2008,2008/04/19 09:00,,,10.2169/internalmedicine.47.0689
18405033,[Supernumerary spleen simulating a renal tumor. Case report].,"Planelles Gomez J, Brizuela Dolz A, Beltran Armada JR, Beamud Cortes M, Pastor Navarro T, Gil Solom M",Arch Esp Urol. 2008 Jan-Feb;61(1):75-8. doi: 10.4321/s0004-06142008000100012.,Planelles Gomez J,Archivos espanoles de urologia,2008,2008/04/15 09:00,,,10.4321/s0004-06142008000100012
18378103,[Volvulus of the small intestine in adults: CT diagnostic of polysplenia syndrome].,"Cherni N, Hablani N, Sacko D, Jouini S, Albisetti J",Gastroenterol Clin Biol. 2008 Jun-Jul;32(6-7):606-8. doi: 10.1016/j.gcb.2008.01.035. Epub 2008 Apr 2.,Cherni N,Gastroenterologie clinique et biologique,2008,2008/04/02 09:00,,,10.1016/j.gcb.2008.01.035
18317717,[Tortuosity and calcification of the splenic artery. More than an additional finding].,Golder WA,"Radiologe. 2008 Nov;48(11):1066-7, 1069-74. doi: 10.1007/s00117-008-1631-z.",Golder WA,Der Radiologe,2008,2008/03/05 09:00,,,10.1007/s00117-008-1631-z
18283148,Image of the month. Ectopic spleen in the pancreatic tail.,"Chen BB, Tien YW, Lin JT, Liu KL",Arch Surg. 2008 Feb;143(2):205-6. doi: 10.1001/archsurg.2007.33-a.,Chen BB,"Archives of surgery (Chicago, Ill. : 1960)",2008,2008/02/20 09:00,,,10.1001/archsurg.2007.33-a
18261615,"Cadaveric liver transplantation in biliary atresia splenic malformation syndrome with the absence of retrohepatic inferior vena cava, preduodenal portal vein, and intestinal malrotation: a case report.","Sen-Oran E, Yankol Y, Tuzun B, Kocak B, Kanmaz T, Acarli K, Kalayoglu M",Transplant Proc. 2008 Jan-Feb;40(1):313-5. doi: 10.1016/j.transproceed.2007.11.027.,Sen-Oran E,Transplantation proceedings,2008,2008/02/12 09:00,,,10.1016/j.transproceed.2007.11.027
27303560,Wandering Spleen: A Rare Diagnosis with Variable Presentation.,"DeJohn L, Hal H, Winner L",Radiol Case Rep. 2015 Dec 7;3(4):229. doi: 10.2484/rcr.v3i4.229. eCollection 2008.,DeJohn L,Radiology case reports,2008,2008/01/01 00:00,PMC4897094,,10.2484/rcr.v3i4.229
18070724,Wandering spleen with chronic torsion.,"Misawa T, Yoshida K, Shiba H, Kobayashi S, Yanaga K",Am J Surg. 2008 Apr;195(4):504-5. doi: 10.1016/j.amjsurg.2006.08.083.,Misawa T,American journal of surgery,2008,2007/12/12 09:00,,,10.1016/j.amjsurg.2006.08.083
18376777,Wandering spleen with torsion.,"Jans L, De Backer AI, Lemmerling M, Verstraete K",JBR-BTR. 2007 Nov-Dec;90(6):543.,Jans L,JBR-BTR : organe de la Societe royale belge de radiologie (SRBR) = orgaan van de Koninklijke Belgische Vereniging voor Radiologie (KBVR),2007,2008/04/02 09:00,,,
18167432,[Chronic recurrent volvulus of the colonic splenic flexure associated with the eventration of left diaphragm].,"Kim HS, Yoo JS, Han SJ, Park H",Korean J Gastroenterol. 2007 Jan;49(1):37-40.,Kim HS,The Korean journal of gastroenterology = Taehan Sohwagi Hakhoe chi,2007,2008/01/03 09:00,,,
18082687,"An unusual case: a giant paraesophageal hiatal hernia with intrathoracic spleen, preduodenal portal vein, malrotation, and left inferior vena cava.","Basaklar AC, Sonmez K, Karabulut R, Turkyilmaz Z, Moralioglu S",J Pediatr Surg. 2007 Dec;42(12):e23-5. doi: 10.1016/j.jpedsurg.2007.08.055.,Basaklar AC,Journal of pediatric surgery,2007,2007/12/18 09:00,,,10.1016/j.jpedsurg.2007.08.055
18049417,Laparoscopic treatment of a wandering spleen causing partial colonic obstruction: report of a case.,"Barbaros U, Tukenmez M, Erbil Y, Dinccag A, Tiryaki B, Ozarmagan S, Mercan S, Budak D",Surg Laparosc Endosc Percutan Tech. 2007 Oct;17(5):462-4. doi: 10.1097/SLE.0b013e3180ca9b54.,Barbaros U,"Surgical laparoscopy, endoscopy & percutaneous techniques",2007,2007/12/01 09:00,,,10.1097/SLE.0b013e3180ca9b54
17893505,Laparoscopic splenic procedures in children: experience in 231 children.,"Rescorla FJ, West KW, Engum SA, Grosfeld JL",Ann Surg. 2007 Oct;246(4):683-7; discussion 687-8. doi: 10.1097/SLA.0b013e318155abb9.,Rescorla FJ,Annals of surgery,2007,2007/09/26 09:00,,,10.1097/SLA.0b013e318155abb9
17848333,Infarcted ectopic spleen presenting as retroperitoneal mass.,"Amer HZ, Chin C, Clarke K, Heller D",J Minim Invasive Gynecol. 2007 Sep-Oct;14(5):660-2. doi: 10.1016/j.jmig.2007.04.016.,Amer HZ,Journal of minimally invasive gynecology,2007,2007/09/13 09:00,,,10.1016/j.jmig.2007.04.016
17761090,Laparoscopic mesh splenopexy (sandwich technique) for wandering spleen.,"Palanivelu C, Rangarajan M, Senthilkumar R, Parthasarathi R, Kavalakat AJ",JSLS. 2007 Apr-Jun;11(2):246-51.,Palanivelu C,JSLS : Journal of the Society of Laparoendoscopic Surgeons,2007,2007/09/01 09:00,PMC3015717,,
17706517,Splenic cyst in a wandering spleen: laparoscopic treatment with preservation of splenic function.,"Falchetti D, Torri F, Dughi S, Porto C, Manciana A, Boroni G, Ekema G",J Pediatr Surg. 2007 Aug;42(8):1457-9. doi: 10.1016/j.jpedsurg.2007.03.063.,Falchetti D,Journal of pediatric surgery,2007,2007/08/21 09:00,,,10.1016/j.jpedsurg.2007.03.063
17629171,Splenosis of the peritoneal cavity resembling an adnexal tumor: case report.,"Peitsidis P, Akrivos T, Vecchini G, Rodolakis A, Akrivos N, Markaki S",Clin Exp Obstet Gynecol. 2007;34(2):120-2.,Peitsidis P,Clinical and experimental obstetrics & gynecology,2007,2007/07/17 09:00,,,
17594676,A wandering spleen presenting as a pelvic mass: case report and review of the literature.,"Zarrintan S, Jamali F, Tubbs RS, Khaki AA, Salavati A, Tanoomand A",Folia Morphol (Warsz). 2007 May;66(2):152-4.,Zarrintan S,Folia morphologica,2007,2007/06/28 09:00,,,
17570203,Clinical challenges and images in GI.,"Ng SP, Cheng SM, Chen YF, Yang FS, Huang JK","Gastroenterology. 2007 Jun;132(7):2296, 2621. doi: 10.1053/j.gastro.2007.04.055.",Ng SP,Gastroenterology,2007,2007/06/16 09:00,,,10.1053/j.gastro.2007.04.055
17502172,Laparoscopic splenopexy and cystectomy for an enlarged wandering spleen and splenic cyst.,"Upadhyaya P, St Peter SD, Holcomb GW 3rd",J Pediatr Surg. 2007 May;42(5):E23-7. doi: 10.1016/j.jpedsurg.2007.03.001.,Upadhyaya P,Journal of pediatric surgery,2007,2007/05/16 09:00,,,10.1016/j.jpedsurg.2007.03.001
17484662,Laparoscopic splenopexy for a wandering spleen in a child.,"Lacreuse I, Moog R, Kauffmann I, Mefat L, Bailey C, Becmeur F",J Laparoendosc Adv Surg Tech A. 2007 Apr;17(2):255-7. doi: 10.1089/lap.2006.0005.,Lacreuse I,Journal of laparoendoscopic & advanced surgical techniques. Part A,2007,2007/05/09 09:00,,,10.1089/lap.2006.0005
17464253,[CT anatomy of the normal spleen: variants and pitfalls].,"Merran S, Karila-Cohen P, Servois V",J Radiol. 2007 Apr;88(4):549-58. doi: 10.1016/s0221-0363(07)89854-4.,Merran S,Journal de radiologie,2007,2007/04/28 09:00,,,10.1016/s0221-0363(07)89854-4
17398279,MRI of the wandering spleen.,"Buckley O, Ward EV, Doody O, Torreggiani WC",Clin Radiol. 2007 May;62(5):504. doi: 10.1016/j.crad.2006.11.018. Epub 2007 Feb 22.,Buckley O,Clinical radiology,2007,2007/04/03 09:00,,,10.1016/j.crad.2006.11.018
17395571,Splenic flexure colonic volvulus: a pediatric case report.,"Hsueh CC, Jaw TS, Lin JY, Chan HM",Kaohsiung J Med Sci. 2007 Apr;23(4):207-10. doi: 10.1016/S1607-551X(09)70400-0.,Hsueh CC,The Kaohsiung journal of medical sciences,2007,2007/03/31 09:00,PMC11917862,,10.1016/S1607-551X(09)70400-0
17384868,Recurrent abdominal pain in a woman with a wandering spleen.,"Tan HH, Ooi LL, Tan D, Tan CK",Singapore Med J. 2007 Apr;48(4):e122-4.,Tan HH,Singapore medical journal,2007,2007/03/27 09:00,,,
17376999,Wandering spleen: an unusual association with gastric volvulus.,"Liu HT, Lau KK",AJR Am J Roentgenol. 2007 Apr;188(4):W328-30. doi: 10.2214/AJR.05.0672.,Liu HT,AJR. American journal of roentgenology,2007,2007/03/23 09:00,,,10.2214/AJR.05.0672
17342372,Surgical treatment of patients with wandering spleen: report of six cases with a review of the literature.,"Soleimani M, Mehrabi A, Kashfi A, Fonouni H, Buchler MW, Kraus TW",Surg Today. 2007;37(3):261-9. doi: 10.1007/s00595-006-3389-0. Epub 2007 Mar 9.,Soleimani M,Surgery today,2007,2007/03/08 09:00,,,10.1007/s00595-006-3389-0
17342279,Primary splenic flexure volvulus.,"Mittal R, Samarasam I, Chandran S, Mathew G",Singapore Med J. 2007 Mar;48(3):e87-9.,Mittal R,Singapore medical journal,2007,2007/03/08 09:00,,,
17337837,Eventration of the diaphragm and associations.,"Kulkarni ML, Sneharoopa B, Vani HN, Nawaz S, Kannan B, Kulkarni PM",Indian J Pediatr. 2007 Feb;74(2):202-5. doi: 10.1007/s12098-007-0018-x.,Kulkarni ML,Indian journal of pediatrics,2007,2007/03/06 09:00,,,10.1007/s12098-007-0018-x
17207485,Ectopic spleen presenting as a pelvic mass.,"Pagoti R, Young E, Gie CA, Moorby T",Int J Gynaecol Obstet. 2007 Jan;96(1):51-2. doi: 10.1016/j.ijgo.2006.09.036. Epub 2007 Jan 3.,Pagoti R,International journal of gynaecology and obstetrics: the official organ of the International Federation of Gynaecology and Obstetrics,2007,2007/01/09 09:00,,,10.1016/j.ijgo.2006.09.036
17206307,Wandering spleen with torsion of the pedicle.,"Safioleas MC, Stamatakos MC, Diab AI, Safioleas PM",Saudi Med J. 2007 Jan;28(1):135-6.,Safioleas MC,Saudi medical journal,2007,2007/01/09 09:00,,,
17070922,Animal models of ventricular arrhythmias.,Hamlin RL,Pharmacol Ther. 2007 Feb;113(2):276-95. doi: 10.1016/j.pharmthera.2006.08.006. Epub 2006 Sep 16.,Hamlin RL,Pharmacology & therapeutics,2007,2006/10/31 09:00,,,10.1016/j.pharmthera.2006.08.006
17192227,[Laparoscopic splenectomy due to torsion of a wandering spleen].,"Castellon-Pavon CJ, Valderrabano-Gonzalez S, Anchustegui-Melgarejo P, Alvarez-Alvarez J, Morales-Artero S, Perez-Algar C, Corrales-Castillo S, Garcia-Serrano FR",Cir Esp. 2006 Dec;80(6):406-8. doi: 10.1016/s0009-739x(06)70996-4.,Castellon-Pavon CJ,Cirugia espanola,2006,2006/12/29 09:00,,,10.1016/s0009-739x(06)70996-4
17175476,Postcesarean splenic torsion.,"Huang YH, Hsu CY, Chang YF, Chen CP",Taiwan J Obstet Gynecol. 2006 Sep;45(3):257-9. doi: 10.1016/S1028-4559(09)60237-0.,Huang YH,Taiwanese journal of obstetrics & gynecology,2006,2006/12/19 09:00,,,10.1016/S1028-4559(09)60237-0
17123138,Splenic autotransplantation for a congested and enlarged wandering spleen with torsion: report of a case.,"Takayasu H, Ishimaru Y, Tahara K, Otani Y, Yamagishi J, Ikeda H",Surg Today. 2006;36(12):1094-7. doi: 10.1007/s00595-006-3303-9. Epub 2006 Dec 25.,Takayasu H,Surgery today,2006,2006/11/24 09:00,,,10.1007/s00595-006-3303-9
17058642,[Wandering spleen associated to inflammatory pseudotumor].,"Sarria Octavio de Toledo L, Cozcolluela Cabrejas R, Garcia Asensio S, Martinez-Berganza T",Radiologia. 2006 May-Jun;48(3):173-6. doi: 10.1016/s0033-8338(06)73149-6.,Sarria Octavio de Toledo L,Radiologia,2006,2006/10/25 09:00,,,10.1016/s0033-8338(06)73149-6
17048452,Congenital anomalies of the spleen.,"Gayer G, Hertz M, Strauss S, Zissin R",Semin Ultrasound CT MR. 2006 Oct;27(5):358-69. doi: 10.1053/j.sult.2006.06.002.,Gayer G,"Seminars in ultrasound, CT, and MR",2006,2006/10/20 09:00,,,10.1053/j.sult.2006.06.002
17018308,The wandering spleen: CT findings and possible pitfalls in diagnosis.,"Ben Ely A, Zissin R, Copel L, Vasserman M, Hertz M, Gottlieb P, Gayer G",Clin Radiol. 2006 Nov;61(11):954-8. doi: 10.1016/j.crad.2006.06.007.,Ben Ely A,Clinical radiology,2006,2006/10/05 09:00,,,10.1016/j.crad.2006.06.007
17016699,Evolution of the CT imaging findings of accessory spleen infarction.,"Mendi R, Abramson LP, Pillai SB, Rigsby CK",Pediatr Radiol. 2006 Dec;36(12):1319-22. doi: 10.1007/s00247-006-0323-y. Epub 2006 Oct 3.,Mendi R,Pediatric radiology,2006,2006/10/04 09:00,,,10.1007/s00247-006-0323-y
17009514,The hilar perivenous hyperechoic triangle as a sign of acute splenic torsion in dogs.,Mai W,Vet Radiol Ultrasound. 2006 Sep-Oct;47(5):487-91. doi: 10.1111/j.1740-8261.2006.00169.x.,Mai W,Veterinary radiology & ultrasound : the official journal of the American College of Veterinary Radiology and the International Veterinary Radiology Association,2006,2006/10/03 09:00,,,10.1111/j.1740-8261.2006.00169.x
16944182,Laparoscopic splenopexy for wandering spleen: extraperitoneal pocket splenopexy.,"Fukuzawa H, Urushihara N, Ogura K, Miyazaki E, Matsuoka T, Fukumoto K, Kimura S, Mitsunaga M, Hasegawa S",Pediatr Surg Int. 2006 Nov;22(11):931-4. doi: 10.1007/s00383-006-1760-2.,Fukuzawa H,Pediatric surgery international,2006,2006/09/01 09:00,,,10.1007/s00383-006-1760-2
16941258,Hypoplastic pancreas and ectopic spleen as an abdominal mass: a case report.,"Kayhan B, Ozer D, Akdogan M, Tekin I, Ozcay N",Turk J Gastroenterol. 2006 Sep;17(3):216-8.,Kayhan B,The Turkish journal of gastroenterology : the official journal of Turkish Society of Gastroenterology,2006,2006/08/31 09:00,,,
16937293,Laparoscopic repair of gastric volvulus associated with wandering spleen in an adult: report of a case.,"Matsushima K, Kayo M, Hachiman H, Gushimiyagi M",Surg Today. 2006;36(9):843-5. doi: 10.1007/s00595-006-3262-1.,Matsushima K,Surgery today,2006,2006/08/29 09:00,,,10.1007/s00595-006-3262-1
16933842,[Diagnostic methods in torsion of the spleen].,"Barisic-Skok B, Dobec Meic B, Cvetko D, Milevcic-Kurtovic Z",Acta Med Croatica. 2006 Jun;60(3):273-6.,Barisic-Skok B,Acta medica Croatica : casopis Hravatske akademije medicinskih znanosti,2006,2006/08/29 09:00,,,
16921709,Splenic flexure volvulus associated with systemic lupus erythematosus: A case report.,"Plummer JM, Duncan ND, Ramjas G",West Indian Med J. 2006 Mar;55(2):125-6. doi: 10.1590/s0043-31442006000200013.,Plummer JM,The West Indian medical journal,2006,2006/08/23 09:00,,,10.1590/s0043-31442006000200013
16910845,What is your diagnosis? Splenic torsion.,"Jaeger GH, Maher E, Simmons T",J Am Vet Med Assoc. 2006 Aug 15;229(4):501-2. doi: 10.2460/javma.229.4.501.,Jaeger GH,Journal of the American Veterinary Medical Association,2006,2006/08/17 09:00,,,10.2460/javma.229.4.501
16832673,Splenic flexure volvulus in a child with chronic idiopathic intestinal pseudo-obstruction syndrome.,"Osuka A, Ikegami R, Watanabe Y",Pediatr Surg Int. 2006 Oct;22(10):833-5. doi: 10.1007/s00383-006-1716-6. Epub 2006 Jul 11.,Osuka A,Pediatric surgery international,2006,2006/07/13 09:00,,,10.1007/s00383-006-1716-6
16808215,Anguishing over a spleen.,"Mazariegos I, Montesino L, Beaune S, Paulet R, Coudray JK, Thyrault M",Am Surg. 2006 Jun;72(6):560-1.,Mazariegos I,The American surgeon,2006,2006/07/01 09:00,,,
16796453,Pediatric wandering spleen successfully treated by laparoscopic splenopexy.,"Kleiner O, Newman N, Cohen Z",J Laparoendosc Adv Surg Tech A. 2006 Jun;16(3):328-30. doi: 10.1089/lap.2006.16.328.,Kleiner O,Journal of laparoendoscopic & advanced surgical techniques. Part A,2006,2006/06/27 09:00,,,10.1089/lap.2006.16.328
16784379,Gastric ulceration subsequent to partial invagination of the stomach in a dog with gastric dilatation-volvulus.,"Parton AT, Volk SW, Weisse C",J Am Vet Med Assoc. 2006 Jun 15;228(12):1895-900. doi: 10.2460/javma.228.12.1895.,Parton AT,Journal of the American Veterinary Medical Association,2006,2006/06/21 09:00,,,10.2460/javma.228.12.1895
16721152,Heterotaxia syndromes and their abdominal manifestations.,"Borenstein SH, Langer JC",Curr Opin Pediatr. 2006 Jun;18(3):294-7. doi: 10.1097/01.mop.0000193313.75827.e9.,Borenstein SH,Current opinion in pediatrics,2006,2006/05/25 09:00,,,10.1097/01.mop.0000193313.75827.e9
16609899,Splenoptosis complicated by a large splenic cyst: case report and discussion of combined management.,"Sinha CK, Fisher R",Pediatr Surg Int. 2006 Jul;22(7):605-7. doi: 10.1007/s00383-006-1673-0. Epub 2006 Apr 12.,Sinha CK,Pediatric surgery international,2006,2006/04/13 09:00,,,10.1007/s00383-006-1673-0
16534584,Visceral heterotaxia with polysplenia syndrome and haemorrhagic splenic infarction as a rare cause of the acute paediatric abdomen.,"Lachmann R, Loff S, Duber C, Neff KW",Pediatr Radiol. 2006 Jun;36(6):572-3. doi: 10.1007/s00247-006-0111-8. Epub 2006 Mar 11.,Lachmann R,Pediatric radiology,2006,2006/03/15 09:00,,,10.1007/s00247-006-0111-8
16534164,An unusual case of hemoperitoneum owing to acute splenic torsion in a child with immunoglobulin deficiency.,"Lopez-Tomassetti Fernandez EM, Arteaga Gonzalez I, Martin Malagon A, Carrillo Pallares A",J Postgrad Med. 2006 Jan-Mar;52(1):41-2.,Lopez-Tomassetti Fernandez EM,Journal of postgraduate medicine,2006,2006/03/15 09:00,,,
16527098,[Supernumerary intrascrotal ectopic spleen: discontinuous splenogonadal fusion].,"Prada Arias M, Vazquez Castelo JL, Montero Sanchez M, Muguerza Vellibre R, Rodriguez Costa A",An Pediatr (Barc). 2006 Mar;64(3):277-9. doi: 10.1157/13085518.,Prada Arias M,"Anales de pediatria (Barcelona, Spain : 2003)",2006,2006/03/11 09:00,,,10.1157/13085518
16435091,[Diagnostic imaging of splenic disease].,"Volk M, Strotzer M",Radiologe. 2006 Mar;46(3):229-43; quiz 244. doi: 10.1007/s00117-005-1333-8.,Volk M,Der Radiologe,2006,2006/01/26 09:00,,,10.1007/s00117-005-1333-8
27407856,Torsion of Wandering Spleen: Diagnosis using Magnetic Resonance Imaging.,"Alam A, Ram MS",Med J Armed Forces India. 2006 Jan;62(1):81-2. doi: 10.1016/S0377-1237(06)80169-3. Epub 2011 Jul 21.,Alam A,"Medical journal, Armed Forces India",2006,2006/01/01 00:00,PMC4923347,,10.1016/S0377-1237(06)80169-3
16317489,Torsion of an accessory spleen.,"Grinbaum R, Zamir O, Fields S, Hiller N",Abdom Imaging. 2006 Jan-Feb;31(1):110-2. doi: 10.1007/s00261-005-0042-0. Epub 2005 Nov 28.,Grinbaum R,Abdominal imaging,2006,2005/12/01 09:00,,,10.1007/s00261-005-0042-0
16515121,Torsion of a wandering spleen with whorled appearance of the splenic hilum in CT scan.,"Thambidorai CR, Imtiaz A, Nafiqudin M",Med J Malaysia. 2005 Dec;60(5):653-4.,Thambidorai CR,The Medical journal of Malaysia,2005,2006/03/07 09:00,,,
16385380,Wandering spleen with torsion and gastric volvulus.,"Lin CH, Wu SF, Lin WC, Chen AC",J Formos Med Assoc. 2005 Oct;104(10):755-8.,Lin CH,Journal of the Formosan Medical Association = Taiwan yi zhi,2005,2005/12/31 09:00,,,
16366881,Laparoscopic splenopexy of a pediatric wandering spleen by creation of a retroperitoneal pocket.,"Hedeshian MH, Hirsh MP, Danielson PD",J Laparoendosc Adv Surg Tech A. 2005 Dec;15(6):670-2. doi: 10.1089/lap.2005.15.670.,Hedeshian MH,Journal of laparoendoscopic & advanced surgical techniques. Part A,2005,2005/12/22 09:00,,,10.1089/lap.2005.15.670
16365821,"Peritoneal ""pillowcase"" for the displaced spleen post-distal pancreatectomy.","Appu S, Young AB, Lawrentschuk N",J Hepatobiliary Pancreat Surg. 2005;12(6):470-3. doi: 10.1007/s00534-005-1011-2.,Appu S,Journal of hepato-biliary-pancreatic surgery,2005,2005/12/21 09:00,,,10.1007/s00534-005-1011-2
16309003,Weird activity and the wandering spleen.,"Sharon N, Schachter J, Talnir R, First J, Rubinstein U, Bilik R",Isr Med Assoc J. 2005 Nov;7(11):744-5.,Sharon N,The Israel Medical Association journal : IMAJ,2005,2005/11/29 09:00,,,
16281274,Wandering spleen--the challenge of ultrasound diagnosis: report of 7 cases.,"Karmazyn B, Steinberg R, Gayer G, Grozovski S, Freud E, Kornreich L",J Clin Ultrasound. 2005 Dec;33(9):433-8. doi: 10.1002/jcu.20165.,Karmazyn B,Journal of clinical ultrasound : JCU,2005,2005/11/11 09:00,,,10.1002/jcu.20165
16249609,Pseudocyst formation: a rare complication of wandering spleen.,"Taori K, Sanyal R, Deshmukh A, Saini T",Br J Radiol. 2005 Nov;78(935):1050-2. doi: 10.1259/bjr/33073529.,Taori K,The British journal of radiology,2005,2005/10/27 09:00,,,10.1259/bjr/33073529
16231828,Wandering spleen as a cause of acute abdomen: a case report.,"Puglisi F, Potenza A, Melchionda M, Capuano P, De Fazio M, Lobascio P, Martines G, Lograno G",Chir Ital. 2005 May-Jun;57(3):373-5.,Puglisi F,Chirurgia italiana,2005,2005/10/20 09:00,,,
16208194,[Duplication of the superior vena cava and other malformations discovered at insertion of a port-a-cath].,"Hammerer V, Jeung M, Mennecier B, Demian M, Pauli G, Quoix E",Rev Pneumol Clin. 2005 Sep;61(4 Pt 1):275-8. doi: 10.1016/s0761-8417(05)84826-6.,Hammerer V,Revue de pneumologie clinique,2005,2005/10/07 09:00,,,10.1016/s0761-8417(05)84826-6
16117070,Comparison of surgical versus medical treatment of nephrosplenic entrapment of the large colon in horses: 19 cases (1992-2002).,"Abutarbush SM, Naylor JM",J Am Vet Med Assoc. 2005 Aug 15;227(4):603-5. doi: 10.2460/javma.2005.227.603.,Abutarbush SM,Journal of the American Veterinary Medical Association,2005,2005/08/25 09:00,,,10.2460/javma.2005.227.603
16109253,[Wandering spleen].,"Burcharth J, Parvaiz I, Moesgaard FA",Ugeskr Laeger. 2005 Aug 15;167(33):3058-9.,Burcharth J,Ugeskrift for laeger,2005,2005/08/20 09:00,,,
16102952,[Torsion of the spleen in children].,"McHeik JN, Richer JP, Levard G",Arch Pediatr. 2005 Oct;12(10):1496-9. doi: 10.1016/j.arcped.2005.06.021. Epub 2005 Aug 15.,McHeik JN,Archives de pediatrie : organe officiel de la Societe francaise de pediatrie,2005,2005/08/17 09:00,,,10.1016/j.arcped.2005.06.021
16044649,[Wandering spleen torsion].,"Hernandez-Siverio N, Barranco Moreno A, Perez Palma J, Herrera I, Diaz Flores L, Gonzalez Espinosa C",Cir Pediatr. 2005 Apr;18(2):101-3.,Hernandez-Siverio N,Cirugia pediatrica : organo oficial de la Sociedad Espanola de Cirugia Pediatrica,2005,2005/07/28 09:00,,,
15991744,[Diagnosis and treatment of acute torsion and wandering spleen].,"Hurme T, Reunanen M, Manner T, Jahnukainen T, Svedstrom E",Duodecim. 2005;121(9):998-1000.,Hurme T,Duodecim; laaketieteellinen aikakauskirja,2005,2005/07/05 09:00,,,
15977700,Wandering spleen associated with a splenic cyst.,"Awe JA, Soliman MA, Gourdie RW",Ann Saudi Med. 2005 Mar-Apr;25(2):168-70. doi: 10.5144/0256-4947.2005.168.,Awe JA,Annals of Saudi medicine,2005,2005/06/28 09:00,PMC6147954,,10.5144/0256-4947.2005.168
15937839,Laparoscopic pocket splenopexy for wandering spleen: a case report.,"Martinez-Ferro M, Elmo G, Laje P",J Pediatr Surg. 2005 May;40(5):882-4. doi: 10.1016/j.jpedsurg.2005.02.009.,Martinez-Ferro M,Journal of pediatric surgery,2005,2005/06/07 09:00,,,10.1016/j.jpedsurg.2005.02.009
15847092,[Uncommon etiology of acute abdomen in pediatric age: the torsion of spleen].,"Marinaccio F, Caldarulo E, Nobili M, Magistro D, Marinaccio M",G Chir. 2005 Jan-Feb;26(1-2):34-6.,Marinaccio F,Il Giornale di chirurgia,2005,2005/04/26 09:00,,,
15803335,Enlarged wandering spleen treated with hemisplenectomy and fixation of the residual spleen.,"Esposito C, Settimi A, Centonze A, Damiano R, Maglio P, Esposito G",Pediatr Surg Int. 2005 Jun;21(6):488-90. doi: 10.1007/s00383-005-1403-z. Epub 2005 Apr 1.,Esposito C,Pediatric surgery international,2005,2005/04/02 09:00,,,10.1007/s00383-005-1403-z
15793739,The technique of laparoscopic retroperitoneal splenopexy for symptomatic wandering spleen in childhood.,"Schaarschmidt K, Lempe M, Kolberg-Schwerdt A, Schlesinger F, Hayek I, Jaeschke U",J Pediatr Surg. 2005 Mar;40(3):575-7. doi: 10.1016/j.jpedsurg.2004.11.020.,Schaarschmidt K,Journal of pediatric surgery,2005,2005/03/29 09:00,,,10.1016/j.jpedsurg.2004.11.020
15723851,Torsion of a wandering spleen associated with portal vein thrombosis.,"Yilmaz C, Esen OS, Colak A, Yildirim M, Utebay B, Erkan N",J Ultrasound Med. 2005 Mar;24(3):379-82. doi: 10.7863/jum.2005.24.3.379.,Yilmaz C,Journal of ultrasound in medicine : official journal of the American Institute of Ultrasound in Medicine,2005,2005/02/23 09:00,,,10.7863/jum.2005.24.3.379
15720589,Splenic torsion in an alpaca.,"Smith JJ, Dallap BL",Vet Surg. 2005 Jan-Feb;34(1):1-4. doi: 10.1111/j.1532-950X.2005.00001.x.,Smith JJ,Veterinary surgery : VS,2005,2005/02/22 09:00,,,10.1111/j.1532-950X.2005.00001.x
15717114,Autoinfarcted wandering spleen and fatal pneumococcal sepsis in an infant.,"Breisch EA, Krous HF",Pediatr Dev Pathol. 2005 Jan-Feb;8(1):132-5. doi: 10.1007/s10024-004-7082-2. Epub 2005 Feb 21.,Breisch EA,Pediatric and developmental pathology : the official journal of the Society for Pediatric Pathology and the Paediatric Pathology Society,2005,2005/02/18 09:00,,,10.1007/s10024-004-7082-2
15674217,Torsion of a wandering spleen with stomach volvulus and nonrotation: extraperitoneal pocket splenopexy.,"Saxena AK, van Tuil C, Groszek-Terwei I, Willital GH",Surgery. 2005 Feb;137(2):265. doi: 10.1016/j.surg.2004.06.002.,Saxena AK,Surgery,2005,2005/01/28 09:00,,,10.1016/j.surg.2004.06.002
15884278,Torsion of a pelvic wandering spleen as a cause of acute abdomen in a woman: a case report and review of the literature.,"Befikadu S, Gudu W, Abseno N",Ethiop Med J. 2004 Jan;42(1):53-61.,Befikadu S,Ethiopian medical journal,2004,2005/05/12 09:00,,,
15794055,[Floating spleen with chronic torsion of the pedicle causing splenomegaly and secondary hypersplenism].,"Colovic R, Boskovic D, Grubor N, Colovic N",Srp Arh Celok Lek. 2004 Sep-Oct;132(9-10):327-30. doi: 10.2298/sarh0410327c.,Colovic R,Srpski arhiv za celokupno lekarstvo,2004,2005/03/30 09:00,,,10.2298/sarh0410327c
15632981,Torted and ruptured wandering spleen presenting as a surgical emergency in pregnancy.,"Parvaiz A, Chandran S, Karim A, Kumar K, Jeffrey P, Lagattolla NR",ScientificWorldJournal. 2004 Dec 6;4:1035-7. doi: 10.1100/tsw.2004.208.,Parvaiz A,TheScientificWorldJournal,2004,2005/01/06 09:00,PMC5956381,,10.1100/tsw.2004.208
15571023,Experience with benign splenic disease.,"Melissas J, de Bree E, Schoretsanitis G, Tsiftsis DD",Acta Chir Belg. 2004 Oct;104(5):559-63. doi: 10.1080/00015458.2004.11679614.,Melissas J,Acta chirurgica Belgica,2004,2004/12/02 09:00,,,10.1080/00015458.2004.11679614
15449161,Transverse to descending colon volvulus and megacolon with mesenterium commune: report of a case.,"Tobinaga S, Morinaga A, Sajima S, Kanazawa N, Yoshida T",Surg Today. 2004;34(10):875-7. doi: 10.1007/s00595-004-2808-3.,Tobinaga S,Surgery today,2004,2004/09/28 05:00,,,10.1007/s00595-004-2808-3
15345161,Laparoscopic management of the wandering spleen.,"Cavazos S, Ratzer ER, Fenoglio ME",J Laparoendosc Adv Surg Tech A. 2004 Aug;14(4):227-9. doi: 10.1089/lap.2004.14.227.,Cavazos S,Journal of laparoendoscopic & advanced surgical techniques. Part A,2004,2004/09/04 05:00,,,10.1089/lap.2004.14.227
15321044,Pelvic spleen with uterovaginal prolapse.,"Hussain M, Ashraf M, Yasmin H, Sattar TA, Rafique M, Bhutta SZ",J Coll Physicians Surg Pak. 2004 Aug;14(8):496-8.,Hussain M,Journal of the College of Physicians and Surgeons--Pakistan : JCPSP,2004,2004/08/24 05:00,,,
15219495,Recurrent torsion of a wandering spleen.,"Tucker ON, Smith J, Fenlon HM, McEntee GP",Am J Surg. 2004 Jul;188(1):96-7. doi: 10.1016/j.amjsurg.2003.11.042.,Tucker ON,American journal of surgery,2004,2004/06/29 05:00,,,10.1016/j.amjsurg.2003.11.042
15213902,Associated malformations in delayed presentation of congenital diaphragmatic hernia.,"Hosgor M, Karaca I, Karkiner A, Ucan B, Temir G, Erdag G, Fescekoglu O",J Pediatr Surg. 2004 Jul;39(7):1073-6. doi: 10.1016/j.jpedsurg.2004.03.050.,Hosgor M,Journal of pediatric surgery,2004,2004/06/24 05:00,,,10.1016/j.jpedsurg.2004.03.050
15185033,Acute torsion of a wandering spleen: imaging findings.,"Bakir B, Poyanli A, Yekeler E, Acunas G",Abdom Imaging. 2004 Nov-Dec;29(6):707-9. doi: 10.1007/s00261-004-0174-7. Epub 2004 Jun 8.,Bakir B,Abdominal imaging,2004,2004/06/09 05:00,,,10.1007/s00261-004-0174-7
15174805,Intermittent torsion of a wandering spleen in a child: the role of MRI in diagnosis.,"Arda K, Kizilkanat K, Celik M, Turkalp E",JBR-BTR. 2004 Mar-Apr;87(2):70-2.,Arda K,JBR-BTR : organe de la Societe royale belge de radiologie (SRBR) = orgaan van de Koninklijke Belgische Vereniging voor Radiologie (KBVR),2004,2004/06/04 05:00,,,
15154585,Torsion of a wandering spleen presenting with acute abdomen: a case report.,"Alimoglu O, Sahin M, Akdag M",Acta Chir Belg. 2004 Apr;104(2):221-3. doi: 10.1080/00015458.2004.11679541.,Alimoglu O,Acta chirurgica Belgica,2004,2004/05/25 05:00,,,10.1080/00015458.2004.11679541
15150027,Acute torsion of wandering spleen: MRI findings.,"Deux JF, Salomon L, Barrier A, Callard P, Bazot M",AJR Am J Roentgenol. 2004 Jun;182(6):1607-8. doi: 10.2214/ajr.182.6.1821607.,Deux JF,AJR. American journal of roentgenology,2004,2004/05/20 05:00,,,10.2214/ajr.182.6.1821607
15115016,Laparoscopic splenectomy for the treatment of wandering spleen.,"Corcione F, Caiazzo P, Cuccurullo D, Miranda L, Settembre A, Pirozzi F, Bruzzese G",Surg Endosc. 2004 Mar;18(3):554-6. doi: 10.1007/s00464-003-4254-5.,Corcione F,Surgical endoscopy,2004,2004/04/30 05:00,,,10.1007/s00464-003-4254-5
15114488,Wandering spleen: a rare cause of mesenteroaxial gastric volvulus.,"Qazi A, Awadalla S",Pediatr Surg Int. 2004 Dec;20(11-12):878-80. doi: 10.1007/s00383-004-1157-z. Epub 2004 Apr 27.,Qazi A,Pediatric surgery international,2004,2004/04/29 05:00,,,10.1007/s00383-004-1157-z
15024517,Wandering spleen with torsion of vascular pedicle: early diagnosis with multiplaner reformation technique of multislice spiral CT.,"Taori K, Ghonge N, Prakash A",Abdom Imaging. 2004 Jul-Aug;29(4):479-81. doi: 10.1007/s00261-003-0142-7. Epub 2004 Mar 18.,Taori K,Abdominal imaging,2004,2004/03/17 05:00,,,10.1007/s00261-003-0142-7
14966761,Avulsion of wandering spleen after traumatic torsion.,"Fearne C, Silver L",J Pediatr Surg. 2004 Feb;39(2):251; author reply 251. doi: 10.1016/j.jpedsurg.2003.10.033.,Fearne C,Journal of pediatric surgery,2004,2004/02/18 05:00,,,10.1016/j.jpedsurg.2003.10.033
14966753,Splenic haemorrhage in a newborn as the first manifestation of wandering spleen syndrome.,"Balliu PR, Bregante J, Perez-Velasco MC, Fiol M, Galiana C, Herrera M, Mulet J",J Pediatr Surg. 2004 Feb;39(2):240-2. doi: 10.1016/j.jpedsurg.2003.10.025.,Balliu PR,Journal of pediatric surgery,2004,2004/02/18 05:00,,,10.1016/j.jpedsurg.2003.10.025
14963701,The wandering spleen: something to bear in mind in the presence of a mobile abdominal mass.,"Ajello A, Minniti A, Malatesta A, Federici Di Abriola G, Dall'Oglio L",Eur J Pediatr. 2004 Apr;163(4-5):277-8. doi: 10.1007/s00431-003-1322-8. Epub 2004 Feb 13.,Ajello A,European journal of pediatrics,2004,2004/02/14 05:00,,,10.1007/s00431-003-1322-8
14960990,Wandering spleen presenting as gastric outlet obstruction after repair of traumatic diaphragmatic hernia.,"Lu CC, Chen HH, Hsieh MJ",J Trauma. 2004 Feb;56(2):431-2. doi: 10.1097/01.TA.0000033501.57290.AD.,Lu CC,The Journal of trauma,2004,2004/02/13 05:00,,,10.1097/01.TA.0000033501.57290.AD
14758498,Acute torsion of the spleen: diagnosis and management.,"Vazquez JL, Montero M, Diaz F, Muguerza R, Paramo C, Rodriguez-Costa A",Pediatr Surg Int. 2004 Feb;20(2):153-4. doi: 10.1007/s00383-003-1110-6. Epub 2004 Jan 30.,Vazquez JL,Pediatric surgery international,2004,2004/02/06 05:00,,,10.1007/s00383-003-1110-6
14758389,Wandering spleen.,"Al-Mashat FM, Sibiany AM, Maimani AA, Alem FK",Saudi Med J. 2004 Jan;25(1):91-4.,Al-Mashat FM,Saudi medical journal,2004,2004/02/06 05:00,,,
14752628,Laparoscopic resection of the pancreas: a feasibility study of the short-term outcome.,"Edwin B, Mala T, Mathisen O, Gladhaug I, Buanes T, Lunde OC, Soreide O, Bergan A, Fosse E",Surg Endosc. 2004 Mar;18(3):407-11. doi: 10.1007/s00464-003-9007-y. Epub 2004 Feb 2.,Edwin B,Surgical endoscopy,2004,2004/01/31 05:00,,,10.1007/s00464-003-9007-y
19861821,Wandering spleen.,"Qazi SA, Mirza SM, Muhammad AM, Al Arrawi MH, Al-Suhaibani YA",Saudi J Gastroenterol. 2004 Jan;10(1):1-7.,Qazi SA,Saudi journal of gastroenterology : official journal of the Saudi Gastroenterology Association,2004,2004/01/01 00:00,,,
15573637,"Re: ""Wandering spleen: case report and literature review"" Satyadas et al. J R Coll Edinb 2002; 47: 512-514.",Mackintosh CE,Surgeon. 2003 Apr;1(2):123.,Mackintosh CE,The surgeon : journal of the Royal Colleges of Surgeons of Edinburgh and Ireland,2003,2004/12/03 09:00,,,
15573636,"Re: ""Wandering spleen: case report and literature review"" Satyadas et al. J R Coll Edinb 2002; 47: 512-514.",Lane T,Surgeon. 2003 Apr;1(2):123.,Lane T,The surgeon : journal of the Royal Colleges of Surgeons of Edinburgh and Ireland,2003,2004/12/03 09:00,,,
14972263,Spontaneous rupture of a wandering spleen: case report and literature review.,"Moran JC, Shah U, Singer JA",Curr Surg. 2003 May-Jun;60(3):310-2. doi: 10.1016/S0149-7944(02)00737-7.,Moran JC,Current surgery,2003,2004/02/20 05:00,,,10.1016/S0149-7944(02)00737-7
14710296,Wandering spleen.,"Abba AA, Al-Harthy MS",Saudi Med J. 2003 Dec;24(12):1404-5.,Abba AA,Saudi medical journal,2003,2004/01/08 05:00,,,
14676491,Wandering spleen: a rare cause of abdominal pain.,"Romero JR, Barksdale EM Jr",Pediatr Emerg Care. 2003 Dec;19(6):412-4. doi: 10.1097/01.pec.0000101582.65509.cc.,Romero JR,Pediatric emergency care,2003,2003/12/17 05:00,,,10.1097/01.pec.0000101582.65509.cc
14673541,"[Accessory spleen in the pancreatic tail -- a neglected entity? A contribution to embryology, topography and pathology of ectopic splenic tissue].","Weiand G, Mangold G",Chirurg. 2003 Dec;74(12):1170-7. doi: 10.1007/s00104-003-0714-7.,Weiand G,Der Chirurg; Zeitschrift fur alle Gebiete der operativen Medizen,2003,2003/12/16 05:00,,,10.1007/s00104-003-0714-7
14661306,[Case report: Acute abdomen and pelvic mass due to torsion of a wandering spleen].,"Baykara M, Karahan OI, Coskun A",Tani Girisim Radyol. 2003 Mar;9(1):105-7.,Baykara M,Tanisal ve girisimsel radyoloji : Tibbi Goruntuleme ve Girisimsel Radyoloji Dernegi yayin organi,2003,2003/12/10 05:00,,,
14644294,Splenic volvulus.,"Beutler TM, Dudley DA, Walsh JD, Burton DW, Eckstrom PC",J Am Coll Surg. 2003 Dec;197(6):1047. doi: 10.1016/j.jamcollsurg.2003.05.002.,Beutler TM,Journal of the American College of Surgeons,2003,2003/12/04 05:00,,,10.1016/j.jamcollsurg.2003.05.002
14618529,Neonatal splenic necrosis not related to wandering spleen.,"Estevao-Costa J, Correia-Pinto J, Fragoso A, Soares-Oliveira M, Carvalho JL",Eur J Pediatr Surg. 2003 Oct;13(5):344-6. doi: 10.1055/s-2003-43579.,Estevao-Costa J,European journal of pediatric surgery : official journal of Austrian Association of Pediatric Surgery ... [et al] = Zeitschrift fur Kinderchirurgie,2003,2003/11/18 05:00,,,10.1055/s-2003-43579
14614725,Wandering spleen and its complications in children: a case series and review of the literature.,"Brown CV, Virgilio GR, Vazquez WD",J Pediatr Surg. 2003 Nov;38(11):1676-9. doi: 10.1016/s0022-3468(03)00582-7.,Brown CV,Journal of pediatric surgery,2003,2003/11/14 05:00,,,10.1016/s0022-3468(03)00582-7
14599168,Imaging diagnosis: the abdominal air-vasculogram in a dog with splenic torsion and clostridial infection.,"Gaschen L, Kircher P, Venzin C, Hurter K, Lang J",Vet Radiol Ultrasound. 2003 Sep-Oct;44(5):553-5. doi: 10.1111/j.1740-8261.2003.tb00506.x.,Gaschen L,Veterinary radiology & ultrasound : the official journal of the American College of Veterinary Radiology and the International Veterinary Radiology Association,2003,2003/11/06 05:00,,,10.1111/j.1740-8261.2003.tb00506.x
12962451,Wandering spleen.,"Dutta K, Kar M, Mandal R",Indian J Gastroenterol. 2003 Jul-Aug;22(4):156-7.,Dutta K,Indian journal of gastroenterology : official journal of the Indian Society of Gastroenterology,2003,2003/09/10 05:00,,,
12901997,Torsion of a wandering spleen: acute abdominal presentation.,"Sodhi KS, Saggar K, Sood BP, Sandhu P",J Emerg Med. 2003 Aug;25(2):133-7. doi: 10.1016/s0736-4679(03)00160-4.,Sodhi KS,The Journal of emergency medicine,2003,2003/08/07 05:00,,,10.1016/s0736-4679(03)00160-4
12823635,Ectopic splenic nodules in the olive baboon (Papio cynocephalus anubis).,"Jeneby MM, Langoi D, Mwenda JM, Chai D",J Med Primatol. 2003 Apr;32(2):120-2. doi: 10.1034/j.1600-0684.2003.00001.x.,Jeneby MM,Journal of medical primatology,2003,2003/06/26 05:00,,,10.1034/j.1600-0684.2003.00001.x
12751865,Mass at the splenic hilum: a clue to torsion of a wandering spleen located in a normal left upper quadrant position.,"Kessler A, Miller E, Keidar S, Blachar A, Sira LB, Weinberg M, Rachmel A",J Ultrasound Med. 2003 May;22(5):527-30. doi: 10.7863/jum.2003.22.5.527.,Kessler A,Journal of ultrasound in medicine : official journal of the American Institute of Ultrasound in Medicine,2003,2003/05/20 05:00,,,10.7863/jum.2003.22.5.527
12744100,Acute abdomen due to wandering spleen infarction: a case report.,"Benfatto G, Catania G, D'Urso GM, Licari V, Basile G, Tenaglia L, Giovinetto R, Giovinetto A",Chir Ital. 2003 Mar-Apr;55(2):243-7.,Benfatto G,Chirurgia italiana,2003,2003/05/15 05:00,,,
12738116,Wandering spleen as an asymptomatic pelvic mass.,"Dalpe C, Cunningham M",Obstet Gynecol. 2003 May;101(5 Pt 2):1102-4. doi: 10.1016/s0029-7844(02)02618-2.,Dalpe C,Obstetrics and gynecology,2003,2003/05/10 05:00,,,10.1016/s0029-7844(02)02618-2
12738115,Wandering spleen presenting as acute pancreatitis in pregnancy.,"Gilman RS, Thomas RL",Obstet Gynecol. 2003 May;101(5 Pt 2):1100-2. doi: 10.1016/s0029-7844(02)02617-0.,Gilman RS,Obstetrics and gynecology,2003,2003/05/10 05:00,,,10.1016/s0029-7844(02)02617-0
12714140,Splenic volvulus in a young woman.,"Granel B, Serratrice J, Bartoli JM, Vidal V, Berthet B, Disdier P, Weiller PJ",Am J Med. 2003 Apr 1;114(5):422-3. doi: 10.1016/s0002-9343(03)00060-3.,Granel B,The American journal of medicine,2003,2003/04/26 05:00,,,10.1016/s0002-9343(03)00060-3
12685091,Gastrointestinal torsion in a channel catfish (Ictalurus punctatus).,"Pasnik DJ, Khoo L, Gaunt PS",J Wildl Dis. 2003 Jan;39(1):238-40. doi: 10.7589/0090-3558-39.1.238.,Pasnik DJ,Journal of wildlife diseases,2003,2003/04/11 05:00,,,10.7589/0090-3558-39.1.238
12677580,Avulsion of wandering spleen after traumatic torsion.,"Kim SC, Kim DY, Kim IK",J Pediatr Surg. 2003 Apr;38(4):622-3. doi: 10.1053/jpsu.2003.50136.,Kim SC,Journal of pediatric surgery,2003,2003/04/05 05:00,,,10.1053/jpsu.2003.50136
12640148,Splenic torsion.,"Chawla S, Boal DK, Dillon PW, Grenko RT",Radiographics. 2003 Mar-Apr;23(2):305-8. doi: 10.1148/rg.232025110.,Chawla S,"Radiographics : a review publication of the Radiological Society of North America, Inc",2003,2003/03/18 04:00,,,10.1148/rg.232025110
12631009,Multidetector-row CT appearance of acute torsion of wandering spleen in a child.,"Chang YW, Kim Han BK, Yoon HK, Lee SK",Acta Radiol. 2003 Jan;44(1):107. doi: 10.1034/j.1600-0455.2003.00001.x.,Chang YW,"Acta radiologica (Stockholm, Sweden : 1987)",2003,2003/03/13 04:00,,,10.1034/j.1600-0455.2003.00001.x
12493961,An incidental pelvic spleen and splenule appearance on liver-spleen imaging.,"Jain AN, Spieth ME, Kasner DL",Clin Nucl Med. 2003 Jan;28(1):43-4. doi: 10.1097/00003072-200301000-00011.,Jain AN,Clinical nuclear medicine,2003,2002/12/21 04:00,,,10.1097/00003072-200301000-00011
17146281,Torsion of wandering spleen: case report and literature review.,Qandali BR,Ann Saudi Med. 2002 Sep-Nov;22(5-6):412-3. doi: 10.5144/0256-4947.2002.412.,Qandali BR,Annals of Saudi medicine,2002,2006/12/06 09:00,,,10.5144/0256-4947.2002.412
12731249,[Volvulus of the wandering spleen].,"Almas L, Zuga D, Moga C, Mitroi C",Chirurgia (Bucur). 2002 Sep-Oct;97(5):485-7.,Almas L,"Chirurgia (Bucharest, Romania : 1990)",2002,2003/05/07 05:00,,,
12638849,Wandering spleen presenting as a right hypochondrial mass and intestinal obstruction.,"Githaiga JW, Adwok JA",East Afr Med J. 2002 Aug;79(8):450-2. doi: 10.4314/eamj.v79i8.8834.,Githaiga JW,East African medical journal,2002,2003/03/18 04:00,,,10.4314/eamj.v79i8.8834
12587452,[Partial resection of the spleen in the treatment of benign and traumatic lesions].,"Radevic B, Dugalic V, Jesic R, Sagic D, Perisic V, Nenezic D, Popov P, Ilijevski N, Gajin P, Vucurevic G, Radak Dj, Trebjesanin Z, Babic D, Matic P",Acta Chir Iugosl. 2002;49(3):67-72. doi: 10.2298/aci0203067r.,Radevic B,Acta chirurgica Iugoslavica,2002,2003/02/18 04:00,,,10.2298/aci0203067r
12515009,[Torsion of the spleen--an unusual cause of sudden acute abdomen].,"Priborsky J, Sedlacek Z, Jaros E, Talabova Z",Rozhl Chir. 2002 Sep;81(9):492-4.,Priborsky J,Rozhledy v chirurgii : mesicnik Ceskoslovenske chirurgicke spolecnosti,2002,2003/01/08 04:00,,,
12448175,[Infrequent left renal pseudomass: ectopic spleen].,"Pereira Arias JG, Ullate Jaime V, Carral Tellitu I, Ateca Diaz-Obregon R, Gutierrez Diaz JM, Berreteaga Gallastegui JR",Actas Urol Esp. 2002 Sep;26(8):574-8. doi: 10.1016/s0210-4806(02)72830-1.,Pereira Arias JG,Actas urologicas espanolas,2002,2002/11/27 04:00,,,10.1016/s0210-4806(02)72830-1
12440089,Acute abdomen due to torsion of a pelvic wandering spleen.,"Chan KC, Chang YH",J Formos Med Assoc. 2002 Aug;101(8):577-80.,Chan KC,Journal of the Formosan Medical Association = Taiwan yi zhi,2002,2002/11/21 04:00,,,
12420770,What is your diagnosis? Splenic torsion.,"King RG, Pack L",J Am Vet Med Assoc. 2002 Apr 1;220(7):973-4. doi: 10.2460/javma.2002.220.973.,King RG,Journal of the American Veterinary Medical Association,2002,2002/11/08 04:00,,,10.2460/javma.2002.220.973
12378476,Clinical presentation of wandering spleen.,"Steinberg R, Karmazyn B, Dlugy E, Gelber E, Freud E, Horev G, Zer M",J Pediatr Surg. 2002 Oct;37(10):E30. doi: 10.1053/jpsu.2002.35443.,Steinberg R,Journal of pediatric surgery,2002,2002/10/16 04:00,,,10.1053/jpsu.2002.35443
12356230,The split notochord syndrome with dorsal enteric fistula.,"Kanmaz T, Demirbilek S, Ozturk A, Baykara S, Yucesan S",Indian J Pediatr. 2002 Aug;69(8):729-30. doi: 10.1007/BF02722716.,Kanmaz T,Indian journal of pediatrics,2002,2002/10/03 04:00,,,10.1007/BF02722716
12324776,Torsion of a wandering spleen.,"Sayeed S, Koniaris LG, Kovach SJ, Hirokawa T",Surgery. 2002 Sep;132(3):535-6. doi: 10.1067/msy.2002.119494.,Sayeed S,Surgery,2002,2002/09/27 06:00,,,10.1067/msy.2002.119494
12197093,[Torsion of a wandering spleen: ultrasonography and computer tomography in conservative treatment. A case report].,"Miele V, Trinci M, Andreoli C, Patti G, Caponetti A, Calisti A",Pediatr Med Chir. 2002 Jul-Aug;24(4):313-6.,Miele V,La Pediatria medica e chirurgica : Medical and surgical pediatrics,2002,2002/08/29 10:00,,,
12192943,[Wandering spleen with torsion of the pedicle. A case report and review of the literature].,"Bombardieri T, Aspromonte N, Cafiero C, Fiumano F, Vasile R",Chir Ital. 2002 May-Jun;54(3):417-21.,Bombardieri T,Chirurgia italiana,2002,2002/08/24 10:00,,,
12183881,Torsion of a wandering spleen.,Gayer G,Isr Med Assoc J. 2002 Aug;4(8):658-9.,Gayer G,The Israel Medical Association journal : IMAJ,2002,2002/08/20 10:00,,,
12165835,Laparoscopic splenectomy for torsion of wandering spleen associated with celiac axis occlusion.,"Rosin D, Bank I, Gayer G, Rimon U, Gur D, Kuriansky Y, Morag B, Pras M, Ayalon A",Surg Endosc. 2002 Jul;16(7):1110. doi: 10.1007/s00464-001-0078-3. Epub 2002 Apr 9.,Rosin D,Surgical endoscopy,2002,2002/08/08 10:00,,,10.1007/s00464-001-0078-3
12045854,"Emergency laparoscopic splenectomy for ""wandering"" (pelvic) spleen: case report and review of the literature on laparoscopic approach to splenic diseases.","Benevento A, Boni L, Dionigi G, Ferrari A, Dionigi R",Surg Endosc. 2002 Sep;16(9):1364-5. doi: 10.1007/s00464-002-4213-6. Epub 2002 Jun 6.,Benevento A,Surgical endoscopy,2002,2002/06/05 10:00,,,10.1007/s00464-002-4213-6
12018698,Wandering spleen: case report and literature review.,"Satyadas T, Nasir N, Bradpiece HA",J R Coll Surg Edinb. 2002 Apr;47(2):512-4.,Satyadas T,Journal of the Royal College of Surgeons of Edinburgh,2002,2002/05/23 10:00,,,
11918980,Ectopic spleen and left-sided vena cava in Beckwith-Wiedemann syndrome.,"Teomete U, Secil M, Goktay AY, Igci E, Dicle O",Comput Med Imaging Graph. 2002 May-Jun;26(3):177-80. doi: 10.1016/s0895-6111(01)00037-4.,Teomete U,Computerized medical imaging and graphics : the official journal of the Computerized Medical Imaging Society,2002,2002/03/29 10:00,,,10.1016/s0895-6111(01)00037-4
11904097,Nonoperative treatment of splenic rupture in malaria tropica: review of literature and case report.,"Hamel CT, Blum J, Harder F, Kocher T",Acta Trop. 2002 Apr;82(1):1-5. doi: 10.1016/s0001-706x(02)00025-6.,Hamel CT,Acta tropica,2002,2002/03/21 10:00,,,10.1016/s0001-706x(02)00025-6
11870427,The value of MR angiography in predicting the risk of torsion of a pelvic spleen during pregnancy.,"Karantanas AH, Stagianis KD",Eur Radiol. 2002 Feb;12(2):309-11. doi: 10.1007/s003300100984. Epub 2001 Jun 30.,Karantanas AH,European radiology,2002,2002/03/01 10:00,,,10.1007/s003300100984
11846716,Pelvic spleen: a very rare entity not to be misdiagnosed by the laparoscopic surgeon.,"Matorras R, Marques M, Gonzalez F, Rodriguez-Escudero F",Acta Obstet Gynecol Scand. 2001 Dec;80(12):1146-7. doi: 10.1034/j.1600-0412.2001.801215.x.,Matorras R,Acta obstetricia et gynecologica Scandinavica,2001,2002/02/16 10:00,,,10.1034/j.1600-0412.2001.801215.x
11770276,[Torsion of the accessory spleen: an atypical etiology for acute abdomen].,"d'Halluin G, Menard J, Dessard P, Dauphin H, Deshayes M, Pierre F, Magnin G",Gynecol Obstet Fertil. 2001 Nov;29(11):821-3. doi: 10.1016/s1297-9589(01)00226-0.,d'Halluin G,"Gynecologie, obstetrique & fertilite",2001,2002/01/05 10:00,,,10.1016/s1297-9589(01)00226-0
11760582,[Hematemesis revealing chronic volvulus of a wandering spleen].,"Habib E, Bellaiche G, Fouet P, Elhadad A",Ann Chir. 2001 Nov;126(9):896-8. doi: 10.1016/s0003-3944(01)00623-x.,Habib E,Annales de chirurgie,2001,2002/01/05 10:00,,,10.1016/s0003-3944(01)00623-x
11592523,A case of osteopetrosis with pelvic ectopic spleen: an unusual association.,"Reisli I, Caliskan U, Tastekin G, Koc H, Acikgozoglu S, Aydogdu-Kiresi D, Aydin K",Turk J Pediatr. 2001 Jul-Sep;43(3):265-8.,Reisli I,The Turkish journal of pediatrics,2001,2001/10/11 10:00,,,
11578071,Sonographic findings of wandering spleen.,"Wen YL, Kudo M, Maekawa K, Nomura H, Haji S, Ohyanagi H",J Gastroenterol. 2001 Sep;36(9):643-4. doi: 10.1007/s005350170051.,Wen YL,Journal of gastroenterology,2001,2001/10/02 10:00,,,10.1007/s005350170051
11547636,[Acute gastric volvulus secondary to asplenia in a child with Smith-Lemli-Opitz syndrome].,"Ibanez V, Montalvo JA, Perez R, Centelles I, Tosca R, Sancho V",Cir Pediatr. 2001 Jul;14(3):129-31.,Ibanez V,Cirugia pediatrica : organo oficial de la Sociedad Espanola de Cirugia Pediatrica,2001,2001/09/08 10:00,,,
11528630,"Re: ""Gastric volvulus associated with wandering spleen in a child"".","Tashjian DB, Moriarty KP",J Pediatr Surg. 2001 Sep;36(9):1468. doi: 10.1016/s0022-3468(01)70004-8.,Tashjian DB,Journal of pediatric surgery,2001,2001/08/31 10:00,,,10.1016/s0022-3468(01)70004-8
11519393,Wandering spleen in a young girl with Gaucher disease.,"Dweck A, Abrahamov A, Hadas-Halpern I, Zimran A, Elstein D",Isr Med Assoc J. 2001 Aug;3(8):623-4.,Dweck A,The Israel Medical Association journal : IMAJ,2001,2001/08/25 10:00,,,
11511506,CT findings in congenital anomalies of the spleen.,"Gayer G, Zissin R, Apter S, Atar E, Portnoy O, Itzchak Y",Br J Radiol. 2001 Aug;74(884):767-72. doi: 10.1259/bjr.74.884.740767.,Gayer G,The British journal of radiology,2001,2001/08/21 10:00,,,10.1259/bjr.74.884.740767
11433685,[Volvulus of the mobile spleen. Conservative laparoscopic treatment].,"Bittar I, Cohen Solal JL, Cabanis P",Presse Med. 2001 Jun 9;30(20):1005-6.,Bittar I,"Presse medicale (Paris, France : 1983)",2001,2001/07/04 10:00,,,
11433574,"[""Wandering"" spleen revealed by hematemesis].","Resiere D, Habib E, Bellaiche G, Amaro J, Baudel JL, Fouet P",Rev Med Interne. 2001 Jun;22(6):594-5. doi: 10.1016/s0248-8663(01)00395-2.,Resiere D,La Revue de medecine interne,2001,2001/07/04 10:00,,,10.1016/s0248-8663(01)00395-2
11429960,"Gastric volvulus associated with congenital diaphragmatic hernia, wandering spleen, and intrathoracic left kidney: CT findings.","Pelizzo G, Lembo MA, Franchella A, Giombi A, D'Agostino F, Sala S",Abdom Imaging. 2001 May-Jun;26(3):306-8. doi: 10.1007/s002610000171.,Pelizzo G,Abdominal imaging,2001,2001/06/30 10:00,,,10.1007/s002610000171
11405265,Computed tomography diagnosis of isolated splenic torsion in a dog.,"Patsikas MN, Rallis T, Kladakis SE, Dessiris AK",Vet Radiol Ultrasound. 2001 May-Jun;42(3):235-7. doi: 10.1111/j.1740-8261.2001.tb00931.x.,Patsikas MN,Veterinary radiology & ultrasound : the official journal of the American College of Veterinary Radiology and the International Veterinary Radiology Association,2001,2001/06/19 10:00,,,10.1111/j.1740-8261.2001.tb00931.x
11402963,[Wandering spleen: unusual case of pelvic mass].,"Zaccheo N, Tirelli A, Vella G, Garribba AP",Radiol Med. 2001 Mar;101(3):200-2.,Zaccheo N,La Radiologia medica,2001,2001/06/14 10:00,,,
11395827,"Laparoscopic splenopexy by peritoneal and omental pouch construction for intermittent splenic torsion (""wandering spleen"").","Peitgen K, Majetschak M, Walz MK",Surg Endosc. 2001 Apr;15(4):413. doi: 10.1007/s004640040043. Epub 2001 Mar 13.,Peitgen K,Surgical endoscopy,2001,2001/06/08 10:00,,,10.1007/s004640040043
11380975,Ultrasound diagnosis and Doppler monitoring of a pelvic spleen in pregnancy.,"Cobellis L, Di Pietto F, Di Pietto L, Stradella L, Reis FM, Severi FM, Petraglia F",Ultrasound Obstet Gynecol. 2001 May;17(5):453-4. doi: 10.1046/j.1469-0705.2001.00403.x.,Cobellis L,Ultrasound in obstetrics & gynecology : the official journal of the International Society of Ultrasound in Obstetrics and Gynecology,2001,2001/06/02 10:00,,,10.1046/j.1469-0705.2001.00403.x
11321748,99mTc-sulphur-colloid and heat-denatured 99mTc-labelled red cell scans demonstrating a giant intrapelvic spleen in a girl after splenectomy.,"Kao PF, Tzen KY, Tsai MF, Lin JN",Pediatr Radiol. 2001 Apr;31(4):283-5. doi: 10.1007/s002470000413.,Kao PF,Pediatric radiology,2001,2001/04/27 10:00,,,10.1007/s002470000413
11291719,Left diaphragmatic eventration with a suprapubic spleen: report of a case.,"Ratan SK, Grover SB, Kulsreshtha R, Puri V, Puri A",Surg Today. 2001;31(2):184-6. doi: 10.1007/s005950170209.,Ratan SK,Surgery today,2001,2001/04/09 10:00,,,10.1007/s005950170209
11288861,"Accessory spleen torsion: US, CT and MR findings.","Perez Fontan FJ, Soler R, Santos M, Facio I",Eur Radiol. 2001;11(3):509-12. doi: 10.1007/s003300000547.,Perez Fontan FJ,European radiology,2001,2001/04/06 10:00,,,10.1007/s003300000547
11255975,[Unusual testicular tumor: an ectopic spleen].,"Farthouat P, Faucompret S, Debourdeau P, Cruel T, Breda Y",Ann Chir. 2001 Feb;126(1):67-9. doi: 10.1016/s0003-3944(00)00460-0.,Farthouat P,Annales de chirurgie,2001,2001/03/21 10:00,,,10.1016/s0003-3944(00)00460-0
11194924,Left-sided omental torsion: CT appearance.,"Aoun N, Haddad-Zebouni S, Slaba S, Noun R, Ghossain M",Eur Radiol. 2001;11(1):96-8. doi: 10.1007/s003300000545.,Aoun N,European radiology,2001,2001/02/24 12:00,,,10.1007/s003300000545
11180188,Value of power Doppler sonography in the evaluation of torsion in a wandering spleen.,"Bhasin A, Gulati MS, Kashyap R",J Clin Ultrasound. 2001 Jan;29(1):60-1. doi: 10.1002/1097-0096(200101)29:1<60::aid-jcu11>3.0.co;2-o.,Bhasin A,Journal of clinical ultrasound : JCU,2001,2001/02/17 11:00,,,10.1002/1097-0096(200101)29:1<60::aid-jcu11>3.0.co;2-o
11589600,Internal herniation of wandering spleen--a rare cause of recurrent abdominal pain.,"Andley M, Basu S, Chibber P, Ravi B, Kumar A",Int Surg. 2000 Oct-Dec;85(4):322-4.,Andley M,International surgery,2000,2001/10/09 10:00,,,
11202393,Nephrosplenic entrapment in the horse: a retrospective study of 174 cases.,"Hardy J, Minton M, Robertson JT, Beard WL, Beard LA",Equine Vet J Suppl. 2000 Jun;(32):95-7. doi: 10.1111/j.2042-3306.2000.tb05342.x.,Hardy J,Equine veterinary journal. Supplement,2000,2001/02/24 12:00,,,10.1111/j.2042-3306.2000.tb05342.x
11167584,Wandering spleen presenting as an asymptomatic mass.,"Zimmermann ME, Cohen RC",Aust N Z J Surg. 2000 Dec;70(12):904-6. doi: 10.1046/j.1440-1622.2000.02008.x.,Zimmermann ME,The Australian and New Zealand journal of surgery,2000,2001/02/13 11:00,,,10.1046/j.1440-1622.2000.02008.x
11149406,A case of wandering spleen causing urinary symptoms after correction of a posterolateral diaphragmatic hernia.,"Emir H, Yesildag E, Yeker Y, Soylet Y, Senyuz OF",Pediatr Surg Int. 2000;16(8):602-3. doi: 10.1007/s003830000353.,Emir H,Pediatric surgery international,2000,2001/01/10 11:00,,,10.1007/s003830000353
11083221,Laparoscopic splenopexy for adult wandering spleen: sandwich method with two sheets of absorbable knitted mesh.,"Nomura H, Haji S, Kuroda D, Yasuda K, Ohyanagi H, Kudo M",Surg Laparosc Endosc Percutan Tech. 2000 Oct;10(5):332-4.,Nomura H,"Surgical laparoscopy, endoscopy & percutaneous techniques",2000,2000/11/18 11:00,,,
11051164,Intrauterine torsion of a wandering spleen presenting as an abdominal cystic swelling.,"Nawaz A, Jacobsz A, Matta H, Al-Khouder G, Ansari F, Al-Salem AH",J Pediatr Surg. 2000 Oct;35(10):1508-10. doi: 10.1053/jpsu.2000.16427.,Nawaz A,Journal of pediatric surgery,2000,2000/10/29 11:00,,,10.1053/jpsu.2000.16427
11014490,Spontaneous resolution of splenic torsion in a dog.,"Szatmari V, Pentek G, Voros K",Vet Rec. 2000 Aug 26;147(9):247-8. doi: 10.1136/vr.147.9.247.,Szatmari V,The Veterinary record,2000,2000/10/03 11:00,,,10.1136/vr.147.9.247
10997513,Chronic primary splenic torsion with peritoneal adhesions in a dog: case report and literature review.,Weber NA,J Am Anim Hosp Assoc. 2000 Sep-Oct;36(5):390-4. doi: 10.5326/15473317-36-5-390.,Weber NA,Journal of the American Animal Hospital Association,2000,2000/09/21 11:00,,,10.5326/15473317-36-5-390
10983773,An intrathoracic wandering spleen in a patient with Ehlers-Danlos syndrome and diaphragmatic hernia.,"Ratani RS, Yang DC, Kalani J, Winer-Muram HT, Okadigwe C, Siddalingappa M, Steiner RM",Clin Nucl Med. 2000 Sep;25(9):738-9. doi: 10.1097/00003072-200009000-00025.,Ratani RS,Clinical nuclear medicine,2000,2000/09/13 11:00,,,10.1097/00003072-200009000-00025
10965321,Gastric outlet obstruction secondary to wandering spleen.,"Ugolini G, Potenti FM, Pricolo VE",Surgery. 2000 Sep;128(3):480-1. doi: 10.1067/msy.2000.104121.,Ugolini G,Surgery,2000,2000/08/31 11:00,,,10.1067/msy.2000.104121
10800003,Power Doppler sonographic diagnosis of torsion in a wandering spleen.,"Danaci M, Belet U, Yalin T, Polat V, Nurol S, Selcuk MB",J Clin Ultrasound. 2000 Jun;28(5):246-8. doi: 10.1002/(sici)1097-0096(200006)28:5<246::aid-jcu6>3.0.co;2-#.,Danaci M,Journal of clinical ultrasound : JCU,2000,2000/05/09 09:00,,,10.1002/(sici)1097-0096(200006)28:5<246::aid-jcu6>3.0.co;2-#
10799223,Thoracic kidney associated with superior ectopic spleen.,"Sirikci A, Sarica K, Bayram M",J Urol. 2000 Jun;163(6):1901.,Sirikci A,The Journal of urology,2000,2000/05/08 09:00,,,
10770406,Gastric volvulus associated with wandering spleen in a child.,"Spector JM, Chappell J",J Pediatr Surg. 2000 Apr;35(4):641-2. doi: 10.1053/jpsu.2000.0350641.,Spector JM,Journal of pediatric surgery,2000,2000/04/19 09:00,,,10.1053/jpsu.2000.0350641
10914241,"[The ""wandering spleen"" syndrome].","Ravid A, Lev D, Makarin V, Klausner Y, Umansky M, Kluger Y","Harefuah. 1999 Mar 1;136(5):366-8, 418.",Ravid A,Harefuah,1999,2000/07/29 11:00,,,
10770692,"The split notochord syndrome with dorsal enteric fistula, meningomyelocele and imperforate anus.","Dindar H, Kanmaz T, Cakmak M, Savas C, Yucesan S",Turk J Pediatr. 1999 Jan-Mar;41(1):147-50.,Dindar H,The Turkish journal of pediatrics,1999,2000/04/19 09:00,,,
10692797,[Splenic infarction caused by vascular pedicle torsion].,"Lo Monte AI, Labruzzo C, Sardo FK, Napoli N, Falcone G, Cuccia V, Airo Farulla M, Buscemi G",Ann Ital Chir. 1999 Sep-Oct;70(5):759-61.,Lo Monte AI,Annali italiani di chirurgia,1999,2000/02/29 09:00,,,
10574027,"[Wandering spleen: detection with ultrasound, CT, MR(A) and 99mTc scintigraphy with altered erythrocytes].","Dinter D, Diehl SJ, Schaub M, Georgi M",Rontgenpraxis. 1999;52(5-6):182-5.,Dinter D,Rontgenpraxis; Zeitschrift fur radiologische Technik,1999,1999/11/26 00:00,,,
10555669,A pattern-oriented approach to splenic imaging in infants and children.,"Paterson A, Frush DP, Donnelly LF, Foss JN, O'Hara SM, Bisset GS 3rd",Radiographics. 1999 Nov-Dec;19(6):1465-85. doi: 10.1148/radiographics.19.6.g99no231465.,Paterson A,"Radiographics : a review publication of the Radiological Society of North America, Inc",1999,1999/11/11 09:00,,,10.1148/radiographics.19.6.g99no231465
10525216,Symptomatic wandering accessory spleen in the pelvis: sonographic findings.,"Vural M, Kacar S, Kosar U, Altin L",J Clin Ultrasound. 1999 Nov-Dec;27(9):534-6. doi: 10.1002/(sici)1097-0096(199911/12)27:9<534::aid-jcu8>3.0.co;2-x.,Vural M,Journal of clinical ultrasound : JCU,1999,1999/10/19 00:00,,,10.1002/(sici)1097-0096(199911/12)27:9<534::aid-jcu8>3.0.co;2-x
10488833,Laparoscopic splenopexy of a wandering spleen.,"Haj M, Bickel A, Weiss M, Eitan A",J Laparoendosc Adv Surg Tech A. 1999 Aug;9(4):357-60. doi: 10.1089/lap.1999.9.357.,Haj M,Journal of laparoendoscopic & advanced surgical techniques. Part A,1999,1999/09/17 00:00,,,10.1089/lap.1999.9.357
10486101,Enuresis as a rare symptom of the dystopic spleen in a child.,"Kapellerova A, Siman J, Raskova J, Cingel V, Haviar D",Eur J Pediatr. 1999 Oct;158(10):870-1. doi: 10.1007/s004310051229.,Kapellerova A,European journal of pediatrics,1999,1999/09/15 00:00,,,10.1007/s004310051229
10452449,Acute abdomen due to spontaneous torsion of an accessory spleen.,"Padilla D, Ramia JM, Martin J, Pardo R, Cubo T, Hernandez-Calvo J",Am J Emerg Med. 1999 Jul;17(4):429-30. doi: 10.1016/s0735-6757(99)90103-1.,Padilla D,The American journal of emergency medicine,1999,1999/08/19 00:00,,,10.1016/s0735-6757(99)90103-1
10450220,Management of a wandering spleen.,"Lane TM, South LM",J R Soc Med. 1999 Feb;92(2):84-5. doi: 10.1177/014107689909200211.,Lane TM,Journal of the Royal Society of Medicine,1999,1999/08/18 00:00,PMC1297068,,10.1177/014107689909200211
10434461,[Laparoscopy in an abdominal emergency: the diagnosis and therapy in 3 clinical cases of acute abdomen].,"Catani M, De Milito R, Ratta G, Abati G, Chiaretti M, Rengo M",Ann Ital Chir. 1999 Mar-Apr;70(2):265-8; discussion 268-9.,Catani M,Annali italiani di chirurgia,1999,1999/08/06 00:00,,,
10429869,[Splenic infarction by torsion of its pedicle: the wandering spleen syndrome].,"Blanc C, Delvaux M, Aggadi Y, Lagier E, Gonzales N, Fourtanier G, Frexinos J",Gastroenterol Clin Biol. 1999 May;23(5):585-6.,Blanc C,Gastroenterologie clinique et biologique,1999,1999/08/03 00:00,,,
10404483,What is your diagnosis?Splenic torsion.,Baines EA,"J Small Anim Pract. 1999 Jun;40(6):251, 294-6.",Baines EA,The Journal of small animal practice,1999,1999/07/15 00:00,,,
10361952,Tc-99m phytate images in a patient with a wandering spleen.,"Ohta H, Nishimura M, Nii M, Nomura A, Hanafusa T, Ukikusa M, Awane H",Clin Nucl Med. 1999 Jun;24(6):458-9. doi: 10.1097/00003072-199906000-00023.,Ohta H,Clinical nuclear medicine,1999,1999/06/11 00:00,,,10.1097/00003072-199906000-00023
10341802,[The wandering spleen--a rare differential diagnosis of acute abdomen].,"Fasse A, Walgenbach S, Kauczor HU, Thelen M",Rofo. 1999 Apr;170(4):404-5.,Fasse A,RoFo : Fortschritte auf dem Gebiete der Rontgenstrahlen und der Nuklearmedizin,1999,1999/05/26 00:00,,,
10203439,The 'true' splenic wanderer.,"Kanthan R, Radhi JM",Can J Gastroenterol. 1999 Mar;13(2):169-71. doi: 10.1155/1999/828742.,Kanthan R,Canadian journal of gastroenterology = Journal canadien de gastroenterologie,1999,1999/04/15 02:02,,,10.1155/1999/828742
10050522,[Mobile spleen].,"Kurguzov OP, Borovikov IG",Khirurgiia (Mosk). 1999;(1):66-9.,Kurguzov OP,Khirurgiia,1999,1999/03/02 00:00,,,
9973913,Accessory wandering spleen associated with short pancreas. A pediatric case report.,"Kaniklides C, Wester T, Olsen L",Acta Radiol. 1999 Jan;40(1):104-6. doi: 10.1080/02841859909174413.,Kaniklides C,"Acta radiologica (Stockholm, Sweden : 1987)",1999,1999/02/12 00:00,,,10.1080/02841859909174413
9951938,Reversible hypersplenism after splenopexy for wandering spleen.,"Benoist S, Imbaud P, Veyrieres M",Hepatogastroenterology. 1998 Nov-Dec;45(24):2430-1.,Benoist S,Hepato-gastroenterology,1998,1999/02/10 00:00,,,
9931595,[Laparoscopy in the newborn infant--indications and procedure].,"Doede T, Hoffmann K, Graffmann-Weschke K, Waldschmidt J",Langenbecks Arch Chir Suppl Kongressbd. 1998;115:120-3.,Doede T,Langenbecks Archiv fur Chirurgie. Supplement. Kongressband. Deutsche Gesellschaft fur Chirurgie. Kongress,1998,1999/02/05 00:00,,,
9919346,Pelvic spleen masquerading as an ovarian neoplasm.,"Khalid A, Lawton F",Ann Acad Med Singap. 1998 Sep;27(5):710-1.,Khalid A,"Annals of the Academy of Medicine, Singapore",1998,1999/01/27 00:00,,,
9880716,Epidermoid cyst in a wandering spleen.,"Baglaj M, Czernik J",Pediatr Surg Int. 1998 Nov;14(1-2):113-5. doi: 10.1007/s003830050454.,Baglaj M,Pediatric surgery international,1998,1999/01/09 00:00,,,10.1007/s003830050454
9864785,[Splenic volvulus or the syndrome of the wandering spleen].,"Kerleau JM, Delastre O, Blot E, Levesque H, Courtois H",Rev Med Interne. 1998 Nov;19(11):837-8. doi: 10.1016/s0248-8663(98)80391-3.,Kerleau JM,La Revue de medecine interne,1998,1998/12/29 00:00,,,10.1016/s0248-8663(98)80391-3
9856181,[A wandering spleen].,"Weijmer MC, Hondebrink Y, Strack van Schijndel RJ",Ned Tijdschr Geneeskd. 1998 Aug 22;142(34):1927-9.,Weijmer MC,Nederlands tijdschrift voor geneeskunde,1998,1998/12/18 00:00,,,
9853224,Acute abdomen due to torsion of wandering spleen: CT diagnosis.,"Raissaki M, Prassopoulos P, Daskalogiannaki M, Magkanas E, Gourtsoyiannis N",Eur Radiol. 1998;8(8):1409-12. doi: 10.1007/s003300050562.,Raissaki M,European radiology,1998,1998/12/16 00:00,,,10.1007/s003300050562
9805807,[The wandering spleen caught in the net. Apropos of a case].,"Etienne JC, Ghiles E, Comandella M, Fingerhut A, Mohlo M, Lopez Y",Ann Chir. 1998;52(7):666.,Etienne JC,Annales de chirurgie,1998,1998/11/07 00:00,,,
9802819,Laparoscopic splenopexy for pediatric wandering spleen.,"Hirose R, Kitano S, Bando T, Ueda Y, Sato K, Yoshida T, Suenobu S, Kawano T, Izumi T",J Pediatr Surg. 1998 Oct;33(10):1571-3. doi: 10.1016/s0022-3468(98)90503-6.,Hirose R,Journal of pediatric surgery,1998,1998/11/05 00:00,,,10.1016/s0022-3468(98)90503-6
9799146,Laparoscopic approach to wandering spleen: a case report and an update to the question.,"Gurski RR, Schirmer CC, Fischer CA, Thofehrn R, Osvaldt AB, Padoin A, Portinho CP, Kruel CD",Surg Laparosc Endosc. 1998 Oct;8(5):363-5.,Gurski RR,Surgical laparoscopy & endoscopy,1998,1998/11/03 00:00,,,
9786291,Splenic artery tortuosity simulating a splenic artery aneurysm.,Majeski J,South Med J. 1998 Oct;91(10):949-51. doi: 10.1097/00007611-199810000-00010.,Majeski J,Southern medical journal,1998,1998/10/24 00:00,,,10.1097/00007611-199810000-00010
9752476,[Torsion of a supernumerary spleen. Case report].,"Benammar S, Hamy A, Mirallie E, Visset J, Paineau J",Ann Chir. 1998;52(4):390-2.,Benammar S,Annales de chirurgie,1998,1998/09/30 00:00,,,
9727262,Torsion of the wandering spleen.,"Hon TY, Chan CC, Loke T, Chan CS",Australas Radiol. 1998 Aug;42(3):258-61. doi: 10.1111/j.1440-1673.1998.tb00513.x.,Hon TY,Australasian radiology,1998,1998/09/04 00:00,,,10.1111/j.1440-1673.1998.tb00513.x
9721997,Partial splenectomy in children under 4 years of age with hemoglobinopathy.,"Idowu O, Hayes-Jordan A",J Pediatr Surg. 1998 Aug;33(8):1251-3. doi: 10.1016/s0022-3468(98)90161-0.,Idowu O,Journal of pediatric surgery,1998,1998/08/29 00:00,,,10.1016/s0022-3468(98)90161-0
9710140,B-mode and Doppler ultrasound imaging of the spleen with canine splenic torsion: a retrospective evaluation.,"Saunders HM, Neath PJ, Brockman DJ",Vet Radiol Ultrasound. 1998 Jul-Aug;39(4):349-53. doi: 10.1111/j.1740-8261.1998.tb01619.x.,Saunders HM,Veterinary radiology & ultrasound : the official journal of the American College of Veterinary Radiology and the International Veterinary Radiology Association,1998,1998/08/26 00:00,,,10.1111/j.1740-8261.1998.tb01619.x
9703603,Laparoscopic splenopexy for wandering (pelvic) spleen.,"Cohen MS, Soper NJ, Underwood RA, Quasebarth M, Brunt LM",Surg Laparosc Endosc. 1998 Aug;8(4):286-90.,Cohen MS,Surgical laparoscopy & endoscopy,1998,1998/08/15 00:00,,,
9672348,Gastric volvulus and wandering spleen.,"Uc A, Kao SC, Sanders KD, Lawrence J",Am J Gastroenterol. 1998 Jul;93(7):1146-8. doi: 10.1111/j.1572-0241.1998.00349.x.,Uc A,The American journal of gastroenterology,1998,1998/07/22 00:00,,,10.1111/j.1572-0241.1998.00349.x
9639635,Splenic torsion in the presence of renal agenesis.,"Boschert MT, Helikson MA",Pediatr Surg Int. 1998 Jul;13(5-6):426-7. doi: 10.1007/s003830050357.,Boschert MT,Pediatric surgery international,1998,1998/06/26 00:00,,,10.1007/s003830050357
9636743,Torsion of a wandering spleen. Radiologic assessment in one case.,"Belet U, Akan H, Kazanci F, Belet N, Danaci M",Radiol Med. 1998 Jan-Feb;95(1-2):125-7.,Belet U,La Radiologia medica,1998,1998/06/24 00:00,,,
9563230,Wandering spleen causing splenic flexure volvulus and obstruction.,"Moorthy K, Deshpande A, Rao P, Vyas S, Supe A",Indian J Gastroenterol. 1998 Apr;17(2):67-8.,Moorthy K,Indian journal of gastroenterology : official journal of the Indian Society of Gastroenterology,1998,1998/05/01 00:00,,,
9563059,"Sutureless ""button and hole"" splenopexy.",Zivkovic SM,Pediatr Surg Int. 1998 Mar;13(2-3):220-2. doi: 10.1007/s003830050300.,Zivkovic SM,Pediatric surgery international,1998,1998/05/01 00:00,,,10.1007/s003830050300
9518230,Acute torsion of a wandering spleen in a child: preoperative diagnosis by ultrasonography and computed tomography.,"Saadaoui H, Toppet VM, Hubloux G, Horth M, Cadiere GB, Spehl MR",Eur J Radiol. 1998 Jan;26(2):205-9. doi: 10.1016/s0720-048x(96)01121-7.,Saadaoui H,European journal of radiology,1998,1998/03/28 00:00,,,10.1016/s0720-048x(96)01121-7
9516515,Torsion of a wandering accessory spleen: CT findings.,"Valls C, Mones L, Guma A, Lopez-Calonge E",Abdom Imaging. 1998 Mar-Apr;23(2):194-5. doi: 10.1007/s002619900321.,Valls C,Abdominal imaging,1998,1998/03/28 00:00,,,10.1007/s002619900321
9434030,Wandering spleen presenting as duodenal obstruction after repair of congenital diaphragmatic hernia.,"Ng T, Lessin MS, Luks FI, Wallach MT, Wesselhoeft CW Jr",J Pediatr Surg. 1997 Dec;32(12):1790-2. doi: 10.1016/s0022-3468(97)90537-6.,Ng T,Journal of pediatric surgery,1997,1998/01/20 06:40,,,10.1016/s0022-3468(97)90537-6
9420118,Torsion of a wandering spleen after blunt abdominal trauma.,"Walcher F, Schneider G, Marzi I, Kriener S, Kramann B, Mutschler W",J Trauma. 1997 Dec;43(6):983-4. doi: 10.1097/00005373-199712000-00024.,Walcher F,The Journal of trauma,1997,1998/01/07 00:00,,,10.1097/00005373-199712000-00024
9400054,"Torsion of accessory spleen in an adult patient: imaging findings at CT, MRI and angiography.","Jans R, Vanslembrouck R, Van Hoe L, Sockx L, Demedts I, Baert AL",J Belge Radiol. 1997 Oct;80(5):229-30.,Jans R,Journal belge de radiologie,1997,1997/12/24 00:00,,,
9322177,Retrospective analysis of 19 cases of isolated torsion of the splenic pedicle in dogs.,"Neath PJ, Brockman DJ, Saunders HM",J Small Anim Pract. 1997 Sep;38(9):387-92. doi: 10.1111/j.1748-5827.1997.tb03491.x.,Neath PJ,The Journal of small animal practice,1997,1997/10/10 00:00,,,10.1111/j.1748-5827.1997.tb03491.x
9499013,[Tumor in the minor pelvis--ectopic spleen. Case report].,"Adamski A, Fornal P, Zrodowski W",Ginekol Pol. 1997 Aug;68(8):384-5.,Adamski A,Ginekologia polska,1997,1997/08/01 00:00,,,
9324928,[Isolated splenic torsion in dogs with special emphasis on B-mode and color doppler sonography].,Janthur M,Berl Munch Tierarztl Wochenschr. 1997 Jul-Aug;110(7-8):272-80.,Janthur M,Berliner und Munchener tierarztliche Wochenschrift,1997,1997/07/01 00:00,,,
9378826,Intrahepatic splenic tissue.,"Davidson LA, Reid IN",J Clin Pathol. 1997 Jun;50(6):532-3. doi: 10.1136/jcp.50.6.532.,Davidson LA,Journal of clinical pathology,1997,1997/06/01 00:00,PMC500007,,10.1136/jcp.50.6.532
9216221,[Torsion of an accessory spleen].,"Nakazawa K, Nakae Y, Ichikawa M, Yanaoka K, Kumamoto M, Oka Y, Ishihara Y, Kitada N, Yokoyama S, Tsuchihashi S, Morishita H, Itoh H, Nishioka S",Nihon Shokakibyo Gakkai Zasshi. 1997 Jun;94(6):407-12.,Nakazawa K,Nihon Shokakibyo Gakkai zasshi = The Japanese journal of gastro-enterology,1997,1997/06/01 00:00,,,
9165468,Torsion of autotransplanted splenic tissue in Gaucher disease.,"Ando K, Miyano T, Yamataka A, Lane G, Kobayashi H, Shimizu T, Yamashiro Y",J Pediatr Surg. 1997 May;32(5):747-9. doi: 10.1016/s0022-3468(97)90023-3.,Ando K,Journal of pediatric surgery,1997,1997/05/01 00:00,,,10.1016/s0022-3468(97)90023-3
10740719,Gastric volvulus in childhood.,"Karande TP, Oak SN, Karmarkar SJ, Kulkarni BK, Deshmukh SS",J Postgrad Med. 1997 Apr-Jun;43(2):46-7.,Karande TP,Journal of postgraduate medicine,1997,1997/04/01 00:00,,,
9170226,"Laparoscopic evaluation and management of a child with ambiguous genitalia, ectopic spleen, and Meckel's diverticulum.","Martin TV, Anderson KR, Weiss RM",Tech Urol. 1997 Spring;3(1):49-50.,Martin TV,Techniques in urology,1997,1997/04/01 00:00,,,
9147471,[Wandering spleen syndrome in childhood].,"Barrios Fontoba JE, Lluna Gonzalez J, Gutierrez San Roman C, Font de Mora Lleo F, Cortina Orts H, Poquet Tormos J",Cir Pediatr. 1997 Apr;10(2):79-81.,Barrios Fontoba JE,Cirugia pediatrica : organo oficial de la Sociedad Espanola de Cirugia Pediatrica,1997,1997/04/01 00:00,,,
9114840,Wandering spleen: a challenging diagnosis.,"Desai DC, Hebra A, Davidoff AM, Schnaufer L",South Med J. 1997 Apr;90(4):439-43. doi: 10.1097/00007611-199704000-00017.,Desai DC,Southern medical journal,1997,1997/04/01 00:00,,,10.1097/00007611-199704000-00017
9682765,[Splenic volvulus on a mobile spleen].,"Grumillier P, Cohen P, Fremont B",J Chir (Paris). 1997;134(9-10):444-6.,Grumillier P,Journal de chirurgie,1997,1997/01/01 00:00,,,
9413067,Wandering spleen in childhood: a report of three cases.,"Sarimurat N, Tekant GT, Huseyin S, Soylet Y, Senyuz OF",Surg Today. 1997;27(11):1086-8. doi: 10.1007/BF02385795.,Sarimurat N,Surgery today,1997,1997/01/01 00:00,,,10.1007/BF02385795
9297864,[Acute intra-abdominal gastric volvulus in adults. Defect of dorsal mesogastrium fusion].,"Benoit L, Goudet P, Cougard P",Ann Chir. 1997;51(4):379-81.,Benoit L,Annales de chirurgie,1997,1997/01/01 00:00,,,
9083748,Upper gastrointestinal hemorrhage secondary to ectopic spleen.,"Laszewicz W, Baniukiewicz A, Wroblewski E",Endoscopy. 1997 Jan;29(1):56-7. doi: 10.1055/s-2007-1004072.,Laszewicz W,Endoscopy,1997,1997/01/01 00:00,,,10.1055/s-2007-1004072
9021579,Digestive tract disorders associated with asplenia/polysplenia syndrome.,"Nakada K, Kawaguchi F, Wakisaka M, Nakada M, Enami T, Yamate N",J Pediatr Surg. 1997 Jan;32(1):91-4. doi: 10.1016/s0022-3468(97)90103-2.,Nakada K,Journal of pediatric surgery,1997,1997/01/01 00:00,,,10.1016/s0022-3468(97)90103-2
8948667,Thrombocytopenia in association with a wandering spleen.,"Moll S, Igelhart JD, Ortel TL",Am J Hematol. 1996 Dec;53(4):259-63. doi: 10.1002/(SICI)1096-8652(199612)53:4<259::AID-AJH11>3.0.CO;2-7.,Moll S,American journal of hematology,1996,1996/12/01 00:00,,,10.1002/(SICI)1096-8652(199612)53:4<259::AID-AJH11>3.0.CO;2-7
8911189,Distal ileocolic intussusception: another cause of inversion of superior mesenteric vessels in infants.,"Papadopoulou F, Efremidis SC, Raptopoulou A, Tryfonas GI, Tsikopoulos G",AJR Am J Roentgenol. 1996 Nov;167(5):1243-6. doi: 10.2214/ajr.167.5.8911189.,Papadopoulou F,AJR. American journal of roentgenology,1996,1996/11/01 00:00,,,10.2214/ajr.167.5.8911189
8906486,The wandering spleen with collateral vessels containing gastric varices: color Doppler ultrasound imaging.,"Koda M, Hosyo K, Murawaki Y, Horie Y, Suou T, Kawasaki H, Ikawa S",J Clin Ultrasound. 1996 Nov-Dec;24(9):528-32. doi: 10.1002/(SICI)1097-0096(199611/12)24:9<528::AID-JCU7>3.0.CO;2-P.,Koda M,Journal of clinical ultrasound : JCU,1996,1996/11/01 00:00,,,10.1002/(SICI)1097-0096(199611/12)24:9<528::AID-JCU7>3.0.CO;2-P
9011948,[Chronic torsion of an ectopic spleen in the differential diagnosis of abdominal pain in a child. Case report].,"Machart M, Smrcka P, Vodickova A",Rozhl Chir. 1996 Oct;75(10):480-1.,Machart M,Rozhledy v chirurgii : mesicnik Ceskoslovenske chirurgicke spolecnosti,1996,1996/10/01 00:00,,,
8760550,Traumatic rupture of a wandering spleen in a child: case report and literature review.,"Horwitz JR, Black CT",J Trauma. 1996 Aug;41(2):348-50. doi: 10.1097/00005373-199608000-00027.,Horwitz JR,The Journal of trauma,1996,1996/08/01 00:00,,,10.1097/00005373-199608000-00027
8881184,[Intrathoracic volvulus of the spleen revealing left posterolateral diaphragmatic hernia].,"Bonnet JP, Louis D",Arch Pediatr. 1996 Jul;3(7):701-4. doi: 10.1016/0929-693x(96)87094-1.,Bonnet JP,Archives de pediatrie : organe officiel de la Societe francaise de pediatrie,1996,1996/07/01 00:00,,,10.1016/0929-693x(96)87094-1
8689225,Wandering spleen: a rare emergency condition.,Ellis H,Br J Surg. 1996 May;83(5):712. doi: 10.1002/bjs.1800830536.,Ellis H,The British journal of surgery,1996,1996/05/01 00:00,,,10.1002/bjs.1800830536
8633547,"Recurrent acute pancreatitis: an additional manifestation of the ""wandering spleen"" syndrome"".","Choi YH, Menken FA, Jacobson IM, Lombardo F, Kazam E, Barie PS",Am J Gastroenterol. 1996 May;91(5):1034-8.,Choi YH,The American journal of gastroenterology,1996,1996/05/01 00:00,,,
8925608,A wandering spleen. Detection by In-111 leukocyte imaging.,"Posillico LF, Shah AN",Clin Nucl Med. 1996 Apr;21(4):287-9. doi: 10.1097/00003072-199604000-00004.,Posillico LF,Clinical nuclear medicine,1996,1996/04/01 00:00,,,10.1097/00003072-199604000-00004
8830147,[Acute torsion of an accessory spleen].,"Chateil JF, Arboucalot F, Perel Y, Roy D, Vergnes P, Diard F",J Radiol. 1996 Mar;77(3):209-11.,Chateil JF,Journal de radiologie,1996,1996/03/01 00:00,,,
8787434,The wandering spleen.,"Maxwell-Armstrong CA, Clarke ED, Tsang TM, Stewart RJ",Arch Dis Child. 1996 Mar;74(3):247-8. doi: 10.1136/adc.74.3.247.,Maxwell-Armstrong CA,Archives of disease in childhood,1996,1996/03/01 00:00,PMC1511393,,10.1136/adc.74.3.247
8883242,Intestinal obstruction caused by splenic volvulus: report of a case.,"Calik A, Bilgin Y, Kucuktulu U, Cinel A",Surg Today. 1996;26(9):704-6. doi: 10.1007/BF00312088.,Calik A,Surgery today,1996,1996/01/01 00:00,,,10.1007/BF00312088
8653932,Acute abdomen from pedicle torsion ectopic pelvic spleen. A case report and review of the literature.,"Pizzo A, Davi M, Grioli MF, Carroccio G, D'Anna R, Marsico S",Clin Exp Obstet Gynecol. 1996;23(1):37-8.,Pizzo A,Clinical and experimental obstetrics & gynecology,1996,1996/01/01 00:00,,,
8653362,Wandering spleen: a rare emergency condition.,"Papakyriacou K, Nicolaou N, Symeonides P",Br J Surg. 1996 Jan;83(1):50. doi: 10.1002/bjs.1800830115.,Papakyriacou K,The British journal of surgery,1996,1996/01/01 00:00,,,10.1002/bjs.1800830115
8850498,The wandering spleen.,"Lopez Menendez C, Calvo J, Lopez-Negrete L, Prieto A, Luyando L",Eur J Radiol. 1995 Dec 15;21(2):89-91. doi: 10.1016/0720-048x(95)00671-c.,Lopez Menendez C,European journal of radiology,1995,1995/12/15 00:00,,,10.1016/0720-048x(95)00671-c
8536527,Wandering spleen with torsion in a geriatric patient. Report of an unusual case with a brief review of the clinical picture and management.,"McFee RB, Musacchio T, Gorgescu D, Bozorgnia M, Abdelsayed G, Pachter BR",Dig Dis Sci. 1995 Dec;40(12):2656-9. doi: 10.1007/BF02220456.,McFee RB,Digestive diseases and sciences,1995,1995/12/01 00:00,,,10.1007/BF02220456
8740672,Is laparoscopic splenectomy a justified approach in hematologic disorders? Preliminary results of a prospective multicenter study. Belgian Group for Endoscopic Surgery.,"Gigot JF, Legrand M, Cadiere GB, Delvaux G, de Ville de Goyet J, de Neve de Roden A, Van Vyve E, Hourlay P, Etienne J, Njinou B, et al.",Int Surg. 1995 Oct-Dec;80(4):299-303.,Gigot JF,International surgery,1995,1995/10/01 00:00,,,
8583757,A review of pathological diagnoses made from 87 canine splenic biopsies.,"Day MJ, Lucke VM, Pearson H",J Small Anim Pract. 1995 Oct;36(10):426-33. doi: 10.1111/j.1748-5827.1995.tb02769.x.,Day MJ,The Journal of small animal practice,1995,1995/10/01 00:00,,,10.1111/j.1748-5827.1995.tb02769.x
8534588,The value of combined 99mTc-Sn-colloid and 99mTc-RBC scintigraphy in the evaluation of a wandering spleen.,"Shimizu M, Seto H, Kageyama M, Wu YW, Nagayoshi T, Kamisaki Y, Morijiri M, Watanabe N, Kakishita M",Ann Nucl Med. 1995 Aug;9(3):145-7. doi: 10.1007/BF03165042.,Shimizu M,Annals of nuclear medicine,1995,1995/08/01 00:00,,,10.1007/BF03165042
8519878,Torsion of an accessory spleen in an adult. Case report.,"Dahlin LB, Anagnostaki L, Delshammar M, Fork FT, Genell S",Eur J Surg. 1995 Aug;161(8):607-9.,Dahlin LB,The European journal of surgery = Acta chirurgica,1995,1995/08/01 00:00,,,
7628930,Gastric dilatation-volvulus after splenic torsion in two dogs.,"Millis DL, Nemzek J, Riggs C, Walshaw R",J Am Vet Med Assoc. 1995 Aug 1;207(3):314-5.,Millis DL,Journal of the American Veterinary Medical Association,1995,1995/08/01 00:00,,,
7674215,Splenic infarction in 16 dogs: a retrospective study.,"Hardie EM, Vaden SL, Spaulding K, Malarkey DE",J Vet Intern Med. 1995 May-Jun;9(3):141-8. doi: 10.1111/j.1939-1676.1995.tb03287.x.,Hardie EM,Journal of veterinary internal medicine,1995,1995/05/01 00:00,,,10.1111/j.1939-1676.1995.tb03287.x
7704177,Radiological case of the month. Pancreatitis associated with a wandering spleen.,"Murray KF, Ryan SP, Hough MC",Arch Pediatr Adolesc Med. 1995 Apr;149(4):460-1. doi: 10.1001/archpedi.1995.02170160114018.,Murray KF,Archives of pediatrics & adolescent medicine,1995,1995/04/01 00:00,,,10.1001/archpedi.1995.02170160114018
7889709,Congenital anomalies of the portal venous system--CT appearances with embryological considerations.,"Walsh G, Williams MP",Clin Radiol. 1995 Mar;50(3):174-6. doi: 10.1016/s0009-9260(05)83051-x.,Walsh G,Clinical radiology,1995,1995/03/01 00:00,,,10.1016/s0009-9260(05)83051-x
7756237,Two unusual cases of wandering spleen requiring splenectomy.,"Melikoglu M, Colak T, Kavasoglu T",Eur J Pediatr Surg. 1995 Feb;5(1):48-9. doi: 10.1055/s-2008-1066163.,Melikoglu M,European journal of pediatric surgery : official journal of Austrian Association of Pediatric Surgery ... [et al] = Zeitschrift fur Kinderchirurgie,1995,1995/02/01 00:00,,,10.1055/s-2008-1066163
8975528,[Ectopic spleen--2 case reports].,"Popovic M, Knezevic S, Colovic R, Petrovic M, Antunovic P, Djordejvic Z",Acta Chir Iugosl. 1995;42(1):59-62.,Popovic M,Acta chirurgica Iugoslavica,1995,1995/01/01 00:00,,,
7822555,Torsion of the wandering spleen: CT and angiographic appearance.,"Fujiwara T, Takehara Y, Isoda H, Ichijo K, Tooyama N, Kodaira N, Kitanaka H, Asai T, Kawaguchi K",J Comput Assist Tomogr. 1995 Jan-Feb;19(1):84-6. doi: 10.1097/00004728-199501000-00016.,Fujiwara T,Journal of computer assisted tomography,1995,1995/01/01 00:00,,,10.1097/00004728-199501000-00016
7802574,Allotransplantation of whole spleen in patients with hepatic malignant tumors or hemophilia A. Operative technique and preliminary results.,"Liu DL, Xia S, Tang J, Qin X, Liu H",Arch Surg. 1995 Jan;130(1):33-9. doi: 10.1001/archsurg.1995.01430010035007.,Liu DL,"Archives of surgery (Chicago, Ill. : 1960)",1995,1995/01/01 00:00,,,10.1001/archsurg.1995.01430010035007
7727607,"Management of intermittent splenic torsion (""wandering spleen""): a review.","Peitgen K, Schweden K",Eur J Surg. 1995 Jan;161(1):49-52.,Peitgen K,The European journal of surgery = Acta chirurgica,1995,1995/01/01 00:00,,,
7838416,[Emergency surgical indications in pregnancy (3 rarely encountered cases)].,"Grismondi GL, Marini A, Trovo S",Minerva Ginecol. 1994 Oct;46(10):575-8.,Grismondi GL,Minerva ginecologica,1994,1994/10/01 00:00,,,
7950828,Wandering spleen with torsion: appearance on CT and ultrasound.,"Berkenblit RG, Mohan S, Bhatt GM, Rosenzweig M, Blitz A",Abdom Imaging. 1994 Sep-Oct;19(5):459-60. doi: 10.1007/BF00206940.,Berkenblit RG,Abdominal imaging,1994,1994/09/01 00:00,,,10.1007/BF00206940
7845284,A case of torsion of the spleen presenting as an acute abdomen.,"Wong SK, Renuka SN, Suppiah M",Med J Malaysia. 1994 Sep;49(3):295-6.,Wong SK,The Medical journal of Malaysia,1994,1994/09/01 00:00,,,
7805988,Conservative management of pelvic spleen.,"Khalil AM, Azar GB, Karam KS",Int J Gynaecol Obstet. 1994 Jul;46(1):65-6. doi: 10.1016/0020-7292(94)90313-1.,Khalil AM,International journal of gynaecology and obstetrics: the official organ of the International Federation of Gynaecology and Obstetrics,1994,1994/07/01 00:00,,,10.1016/0020-7292(94)90313-1
8010910,Management of the wandering spleen.,"Dawson JH, Roberts NG",Aust N Z J Surg. 1994 Jun;64(6):441-4. doi: 10.1111/j.1445-2197.1994.tb02249.x.,Dawson JH,The Australian and New Zealand journal of surgery,1994,1994/06/01 00:00,,,10.1111/j.1445-2197.1994.tb02249.x
8071787,Pancreatitis caused by a wandering spleen.,"Murray KF, Morgan A, Christie DL",J Pediatr Gastroenterol Nutr. 1994 May;18(4):486-9. doi: 10.1097/00005176-199405000-00016.,Murray KF,Journal of pediatric gastroenterology and nutrition,1994,1994/05/01 00:00,,,10.1097/00005176-199405000-00016
8067617,"Histologic and ultrastructural changes after large-colon torsion, with and without use of a specific platelet-activating factor antagonist (WEB 2086), in ponies.","Wilson DV, Patterson JS, Stick JA, Provost PJ",Am J Vet Res. 1994 May;55(5):681-8.,Wilson DV,American journal of veterinary research,1994,1994/05/01 00:00,,,
8014820,"Splenic torsion in a wandering spleen, presenting as an acute abdominal mass.","Greig JD, Sweet EM, Drainer IK",J Pediatr Surg. 1994 Apr;29(4):571-2. doi: 10.1016/0022-3468(94)90096-5.,Greig JD,Journal of pediatric surgery,1994,1994/04/01 00:00,,,10.1016/0022-3468(94)90096-5
8191668,Ventricular arrhythmias in dogs undergoing splenectomy: a prospective study.,"Marino DJ, Matthiesen DT, Fox PR, Lesser MB, Stamoulis ME",Vet Surg. 1994 Mar-Apr;23(2):101-6. doi: 10.1111/j.1532-950x.1994.tb00453.x.,Marino DJ,Veterinary surgery : VS,1994,1994/03/01 00:00,,,10.1111/j.1532-950x.1994.tb00453.x
7709535,[Splenic torsion in a child].,"Bazhenov EA, Sharavin VN, Kutuzov VN",Vestn Khir Im I I Grek. 1994 Mar-Apr;152(3-4):54.,Bazhenov EA,Vestnik khirurgii imeni I. I. Grekova,1994,1994/03/01 00:00,,,
8132792,Ultrasonic diagnosis of torsion of the wandering spleen.,"Masamune A, Okano T, Satake K, Toyota T",J Clin Ultrasound. 1994 Feb;22(2):126-8. doi: 10.1002/jcu.1870220211.,Masamune A,Journal of clinical ultrasound : JCU,1994,1994/02/01 00:00,,,10.1002/jcu.1870220211
8137592,"The ""pseudo-pseudoaneurysm"". Left ventricular pseudoaneurysm mimicked by ectopic spleen.","Goldwag S, Campeau RJ, Agasala M, Karcioglu G",Clin Nucl Med. 1994 Jan;19(1):69-70. doi: 10.1097/00003072-199401000-00020.,Goldwag S,Clinical nuclear medicine,1994,1994/01/01 00:00,,,10.1097/00003072-199401000-00020
8078724,Torsion of the spleen: an unusual presentation of congenital diaphragmatic hernia.,"Phillpott JW, Cumming WA",Pediatr Radiol. 1994;24(2):150-1. doi: 10.1007/BF02020181.,Phillpott JW,Pediatric radiology,1994,1994/01/01 00:00,,,10.1007/BF02020181
7885796,Wandering spleen and gastric volvulus.,"Garcia JA, Garcia-Fernandez M, Romance A, Sanchez JC",Pediatr Radiol. 1994;24(7):535-6. doi: 10.1007/BF02015024.,Garcia JA,Pediatric radiology,1994,1994/01/01 00:00,,,10.1007/BF02015024
7885795,"Torsion of an accessory spleen presenting as an acute abdomen with an inflammatory mass. US, CT, and MRI findings.","Seo T, Ito T, Watanabe Y, Umeda T",Pediatr Radiol. 1994;24(7):532-4. doi: 10.1007/BF02015022.,Seo T,Pediatric radiology,1994,1994/01/01 00:00,,,10.1007/BF02015022
7800462,Late-onset Bochdalek hernia with a rare postoperative complication: case report.,"De Foer B, Breysem L, Smet MH, Baert AL",Pediatr Radiol. 1994;24(4):306-7. doi: 10.1007/BF02015468.,De Foer B,Pediatric radiology,1994,1994/01/01 00:00,,,10.1007/BF02015468
7800451,"Recognition of malposition of the liver and spleen: CT, MRI, nuclear scan and fluoroscopic imaging.","Newman B, Bowen A, Eggli KD",Pediatr Radiol. 1994;24(4):274-9. doi: 10.1007/BF02015456.,Newman B,Pediatric radiology,1994,1994/01/01 00:00,,,10.1007/BF02015456
7602924,[Torsion of accessory spleen].,"Raichuk IE, Chesakov SA, Nikitchenko IuV, Gerich FN, Kukurika EV, Bukreev VM",Klin Khir (1962). 1994;(10):69.,Raichuk IE,Klinicheskaia khirurgiia,1994,1994/01/01 00:00,,,
8306862,[Causes of mortality in a swine breeding establishment].,"Maderbacher R, Schoder G, Winter P, Baumgartner W",Dtsch Tierarztl Wochenschr. 1993 Dec;100(12):468-73.,Maderbacher R,DTW. Deutsche tierarztliche Wochenschrift,1993,1993/12/01 00:00,,,
8213112,Accessory spleen presenting as adnexal mass.,"Azar GB, Awwad JT, Mufarrij IK",Acta Obstet Gynecol Scand. 1993 Oct;72(7):587-8. doi: 10.3109/00016349309058171.,Azar GB,Acta obstetricia et gynecologica Scandinavica,1993,1993/10/01 00:00,,,10.3109/00016349309058171
8412427,[A case report. Floating spleen with chronic torsion].,"Christensen LR, Andreasson B",Lakartidningen. 1993 Sep 29;90(39):3323-4.,Christensen LR,Lakartidningen,1993,1993/09/29 00:00,,,
8212481,Splenic torsion in dogs.,"Robinson TC, Sarchet RW, Van Dongen PL",Vet Rec. 1993 Jul 10;133(2):48. doi: 10.1136/vr.133.2.48.,Robinson TC,The Veterinary record,1993,1993/07/10 00:00,,,10.1136/vr.133.2.48
8353120,Splenoptosis (wandering spleen).,"Balik E, Yazici M, Taneli C, Ulman I, Genc K",Eur J Pediatr Surg. 1993 Jun;3(3):174-5. doi: 10.1055/s-2008-1063537.,Balik E,European journal of pediatric surgery : official journal of Austrian Association of Pediatric Surgery ... [et al] = Zeitschrift fur Kinderchirurgie,1993,1993/06/01 00:00,,,10.1055/s-2008-1063537
8316667,CT of congenital and acquired abnormalities of the spleen.,"Freeman JL, Jafri SZ, Roberts JL, Mezwa DG, Shirkhoda A",Radiographics. 1993 May;13(3):597-610. doi: 10.1148/radiographics.13.3.8316667.,Freeman JL,"Radiographics : a review publication of the Radiological Society of North America, Inc",1993,1993/05/01 00:00,,,10.1148/radiographics.13.3.8316667
7690532,Histogenesis of true splenic cysts: a histological and immunohistochemical study.,"Lee YS, Teh M",Ann Acad Med Singap. 1993 May;22(3):372-6.,Lee YS,"Annals of the Academy of Medicine, Singapore",1993,1993/05/01 00:00,,,
8266166,A rare wandering splenic cyst removed with laparoscopic assistance.,"Kum CK, Ngoi SS, Goh P, Lee YS, Gopalan R",Singapore Med J. 1993 Apr;34(2):179-80.,Kum CK,Singapore medical journal,1993,1993/04/01 00:00,,,
8102549,Torsion of a wandering spleen.,"Balm R, Willekens FG",Eur J Surg. 1993 Apr;159(4):249-51.,Balm R,The European journal of surgery = Acta chirurgica,1993,1993/04/01 00:00,,,
8462934,Acute abdomen caused by torsion of the pedicle in a wandering spleen.,"Cainzos M, Amigo F, Porto A, Paulos A, Potel J",Hepatogastroenterology. 1993 Feb;40(1):78-80.,Cainzos M,Hepato-gastroenterology,1993,1993/02/01 00:00,,,
8443301,Splenic complications in malaria: case report and review.,"Zingman BS, Viner BL",Clin Infect Dis. 1993 Feb;16(2):223-32. doi: 10.1093/clind/16.2.223.,Zingman BS,Clinical infectious diseases : an official publication of the Infectious Diseases Society of America,1993,1993/02/01 00:00,,,10.1093/clind/16.2.223
8506473,"[The ""hemorrhagic bowel syndrome"" of swine: clinical, pathologo-anatomic and etiopathogenic aspects].","Hani H, Zimmermann W, Huber A, Schmidt J",Schweiz Arch Tierheilkd. 1993;135(4):117-24.,Hani H,Schweizer Archiv fur Tierheilkunde,1993,1993/01/01 00:00,,,
8468733,Giant ectopic pelvic spleen: report of a case and review of the literature.,"Chen JS, Lin CL, Tsai CC, Lee KT, Ker CG, Sheen PC",Gaoxiong Yi Xue Ke Xue Za Zhi. 1993 Jan;9(1):54-60.,Chen JS,Gaoxiong yi xue ke xue za zhi = The Kaohsiung journal of medical sciences,1993,1993/01/01 00:00,,,
8428305,Symptomatic wandering spleen.,"Gunning KA, Rosenberg IL",Br J Surg. 1993 Jan;80(1):93. doi: 10.1002/bjs.1800800130.,Gunning KA,The British journal of surgery,1993,1993/01/01 00:00,,,10.1002/bjs.1800800130
8326810,Anomalies of the position of the spleen in the child. Case report and review of the literature from 1896 to 1990.,"Lamesch P, Lamesch A",Langenbecks Arch Chir. 1993;378(3):171-7. doi: 10.1007/BF00184468.,Lamesch P,Langenbecks Archiv fur Chirurgie,1993,1993/01/01 00:00,,,10.1007/BF00184468
8255657,Torsion of wandering spleen: the whorled appearance of the splenic pedicle on CT.,"Swischuk LE, Williams JB, John SD",Pediatr Radiol. 1993;23(6):476-7. doi: 10.1007/BF02012458.,Swischuk LE,Pediatric radiology,1993,1993/01/01 00:00,,,10.1007/BF02012458
1300478,[Wandering spleen. Considerations on 2 clinical cases].,"Perinotti R, Sanlorenzo M, Rosso G",Minerva Med. 1992 Dec;83(12 Suppl 1):79-82.,Perinotti R,Minerva medica,1992,1992/12/01 00:00,,,
1411739,Wandering spleen: anatomic and radiologic considerations.,"Allen KB, Gay BB Jr, Skandalakis JE",South Med J. 1992 Oct;85(10):976-84. doi: 10.1097/00007611-199210000-00011.,Allen KB,Southern medical journal,1992,1992/10/11 19:15,,,10.1097/00007611-199210000-00011
1411897,The wandering spleen.,"Buehner M, Baker MS",Surg Gynecol Obstet. 1992 Oct;175(4):373-87.,Buehner M,"Surgery, gynecology & obstetrics",1992,1992/10/01 00:00,,,
1392027,Splenic torsion: a rare cause of splenomegaly.,"Dal Pos R, Loperfido S, Fama R, Maramieri A, La Torre L, Virgilio C",Ital J Gastroenterol. 1992 Sep;24(7):421-4.,Dal Pos R,The Italian journal of gastroenterology,1992,1992/09/01 00:00,,,
1403532,The splenic snood: an improved approach for the management of the wandering spleen.,"Schmidt SP, Andrews HG, White JJ",J Pediatr Surg. 1992 Aug;27(8):1043-4. doi: 10.1016/0022-3468(92)90555-l.,Schmidt SP,Journal of pediatric surgery,1992,1992/08/01 00:00,,,10.1016/0022-3468(92)90555-l
1305134,[Ectopic spleen in pelvis minor--a case report].,"Cendrowski K, Sawicki W, Stelmachow J, Wypych K",Ginekol Pol. 1992 Jun;63(6):312-4.,Cendrowski K,Ginekologia polska,1992,1992/06/01 00:00,,,
1582095,Pediatric wandering spleen: case report and review of literature.,"Rodkey ML, Macknin ML",Clin Pediatr (Phila). 1992 May;31(5):289-94. doi: 10.1177/000992289203100505.,Rodkey ML,Clinical pediatrics,1992,1992/05/01 00:00,,,10.1177/000992289203100505
1302934,[Splenic torsion in a 6-month-old child].,Konstantinov PI,Vestn Khir Im I I Grek. 1992 Apr;148(4):75-6.,Konstantinov PI,Vestnik khirurgii imeni I. I. Grekova,1992,1992/04/01 00:00,,,
1595386,[Torsion of wandering spleen. An unusual case of abdominal pain].,"Risques J, Sousa L, Almeida JL, Garrido E",Acta Med Port. 1992 Mar;5(3):152-4.,Risques J,Acta medica portuguesa,1992,1992/03/01 00:00,,,
1471446,"[Pedicle torsion of the accessory spleen within the scope of the ""polysplenia-asplenia complex"" as a rare differential diagnosis of acute abdomen].","Diel R, Tuschick B, Dorner A",Zentralbl Chir. 1992;117(11):619-22.,Diel R,Zentralblatt fur Chirurgie,1992,1992/01/01 00:00,,,
1339897,[Volvulus of a wandering spleen on the 2nd day after birth].,"Sayad E, Bouchi J, Abou Haidar A",J Med Liban. 1992;40(3):163-5.,Sayad E,Le Journal medical libanais. The Lebanese medical journal,1992,1992/01/01 00:00,,,
1802270,Ultrasonography of the spleen. Life-threatening splenic disorders.,Wrigley RH,Probl Vet Med. 1991 Dec;3(4):574-81.,Wrigley RH,Problems in veterinary medicine,1991,1991/12/01 00:00,,,
1796291,[Acute abdomen in hemorrhage into a twisted pedicled ectopic second spleen in the right mesogastrum].,"Diel R, Hamborg V",Ultraschall Med. 1991 Dec;12(6):297-300. doi: 10.1055/s-2007-1005948.,Diel R,"Ultraschall in der Medizin (Stuttgart, Germany : 1980)",1991,1991/12/01 00:00,,,10.1055/s-2007-1005948
1853811,Acute torsion of a wandering spleen: diagnosis by CT and duplex Doppler and color flow sonography.,"Nemcek AA Jr, Miller FH, Fitzgerald SW",AJR Am J Roentgenol. 1991 Aug;157(2):307-9. doi: 10.2214/ajr.157.2.1853811.,Nemcek AA Jr,AJR. American journal of roentgenology,1991,1991/08/11 19:15,,,10.2214/ajr.157.2.1853811
1873727,Torsion of the spleen managed by splenopexy.,"Jones BJ, Daly M, Delaney PV",Br J Surg. 1991 Jul;78(7):887-8. doi: 10.1002/bjs.1800780737.,Jones BJ,The British journal of surgery,1991,1991/07/01 00:00,,,10.1002/bjs.1800780737
1742531,Wandering spleen presenting as an evanescent abdominal mass.,"Gupta SK, Singh FB, Agarwal AK, Gupta S",Ital J Gastroenterol. 1991 Jul-Aug;23(6):367-70.,Gupta SK,The Italian journal of gastroenterology,1991,1991/07/01 00:00,,,
1883116,[Ectopic spleen. Apropos of a case].,"Marco Macian A, Benlloch Sanchez C, Garcia Kuhn R, Velazquez Terron J, Lopez Garcia JV",An Esp Pediatr. 1991 May;34(5):393-5.,Marco Macian A,Anales espanoles de pediatria,1991,1991/05/01 00:00,,,
2054084,[Prenatal testicular torsion. Presentation of a case and review of the literature].,"Flores-Rivera AR, Silva-Pintado A, Bautista-Garcia JJ, Espinosa-Ostos D",Bol Med Hosp Infant Mex. 1991 Feb;48(2):117-20.,Flores-Rivera AR,Boletin medico del Hospital Infantil de Mexico,1991,1991/02/01 00:00,,,
1898552,CT of acute splenic torsion in children with wandering spleen.,"Herman TE, Siegel MJ",AJR Am J Roentgenol. 1991 Jan;156(1):151-3. doi: 10.2214/ajr.156.1.1898552.,Herman TE,AJR. American journal of roentgenology,1991,1991/01/01 00:00,,,10.2214/ajr.156.1.1898552
1749683,"Torsion of a wandering spleen in a one month old, with a confusing ultrasound examination.","Herman ZW, Friedwald JP, Donovan C, Scuesa D",Pediatr Radiol. 1991;21(6):442-3. doi: 10.1007/BF02026685.,Herman ZW,Pediatric radiology,1991,1991/01/01 00:00,,,10.1007/BF02026685
2278783,Computed tomography of cystic lymphangioma in a wandering spleen.,"Alerci M, Dore R",Acta Radiol. 1990 Nov;31(6):589-90.,Alerci M,"Acta radiologica (Stockholm, Sweden : 1987)",1990,1990/11/01 00:00,,,
2099424,Torsion of an accessory spleen in an elderly patient.,"Hems TE, Bellringer JF",Postgrad Med J. 1990 Oct;66(780):838-9. doi: 10.1136/pgmj.66.780.838.,Hems TE,Postgraduate medical journal,1990,1990/10/01 00:00,PMC2429706,,10.1136/pgmj.66.780.838
2264450,Ectopic spleen in the retroperitoneum. Case report.,"Vassilopoulos PP, Apostolikas NG, Papajoglou I, Tsoupis DJ",Acta Chir Scand. 1990 Sep;156(9):655-8.,Vassilopoulos PP,Acta chirurgica Scandinavica,1990,1990/09/01 00:00,,,
2170460,Sonographic diagnosis of splenic torsion in a spleen situated in the left upper quadrant.,"Kinare AS, Ambardekar ST, Pande SA",J Clin Ultrasound. 1990 Sep;18(7):586-8. doi: 10.1002/jcu.1870180712.,Kinare AS,Journal of clinical ultrasound : JCU,1990,1990/09/01 00:00,,,10.1002/jcu.1870180712
2176394,[Torsion of the spleen in pregnancy].,Abdulzhavadov IM,Vestn Khir Im I I Grek. 1990 Jul;145(7):50-1.,Abdulzhavadov IM,Vestnik khirurgii imeni I. I. Grekova,1990,1990/07/01 00:00,,,
2162860,Torsion of a wandering spleen: ultrasonographic findings.,"Bollinger B, Lorentzen T",J Clin Ultrasound. 1990 Jul-Aug;18(6):510-1. doi: 10.1002/jcu.1870180610.,Bollinger B,Journal of clinical ultrasound : JCU,1990,1990/07/01 00:00,,,10.1002/jcu.1870180610
2223255,[Torsion of an ectopic spleen as a cause of acute abdomen].,"Marchena Gomez J, Gomez Guerra G, Catala Deniz L, San Jose Bouillon G, Hernandez JA, Hernandez Romero J",Rev Esp Enferm Dig. 1990 Jun;77(6):445-8.,Marchena Gomez J,Revista espanola de enfermedades digestivas,1990,1990/06/01 00:00,,,
2221633,[Splenic torsion in a patient with prune belly].,"Villanueva Mateo A, Jimenez Fernandez de Retana J, Tovar Larrucea JA",An Esp Pediatr. 1990 Jun;32(6):545-6.,Villanueva Mateo A,Anales espanoles de pediatria,1990,1990/06/01 00:00,,,
2303996,Elective splenopexy for wandering spleen.,"Seashore JH, McIntosh S",J Pediatr Surg. 1990 Feb;25(2):270-2. doi: 10.1016/0022-3468(90)90438-f.,Seashore JH,Journal of pediatric surgery,1990,1990/02/01 00:00,,,10.1016/0022-3468(90)90438-f
2201144,[Splenopexy of a floating spleen].,Knipping J,Zentralbl Chir. 1990;115(12):767-70.,Knipping J,Zentralblatt fur Chirurgie,1990,1990/01/01 00:00,,,
2638785,[Floating spleen simulating abdominal tumor in a child].,"Naumenko AG, Turubaev ZhK, Esmagambetov SE",Vestn Khir Im I I Grek. 1989 Dec;144(12):40.,Naumenko AG,Vestnik khirurgii imeni I. I. Grekova,1989,1989/12/01 00:00,,,
2519380,"[Ectopic or migrating spleen and supernumerary spleens: detection and identification with 99mTc, 51Cr and 113In radioisotopes].","Etcheverry R, Allamand JP, Guzman G, Robinson MI",Rev Med Chil. 1989 Dec;117(12):1403-8.,Etcheverry R,Revista medica de Chile,1989,1989/12/01 00:00,,,
2584491,Lymphoma in a pelvic spleen: CT features.,"Dautenhahn LW, Rona G, Saperstein ML, Williams CD, Vermess M",J Comput Assist Tomogr. 1989 Nov-Dec;13(6):1081-2. doi: 10.1097/00004728-198911000-00027.,Dautenhahn LW,Journal of computer assisted tomography,1989,1989/11/01 00:00,,,10.1097/00004728-198911000-00027
2602223,Twisting of the spleen observed in a case of polysplenic disorder associated with situs viscerum inversus and Kartagener's syndrome.,"Tonello P, Carbone A",Pathol Res Pract. 1989 Oct;185(4):523-5; discussion 525-8. doi: 10.1016/S0344-0338(89)80080-9.,Tonello P,"Pathology, research and practice",1989,1989/10/01 00:00,,,10.1016/S0344-0338(89)80080-9
2593561,[Torsion of the accessory spleen simulating acute appendicitis].,"Liubarskii MS, Shevela AI, Shpigel' ShB",Khirurgiia (Mosk). 1989 Oct;(10):130.,Liubarskii MS,Khirurgiia,1989,1989/10/01 00:00,,,
2805544,Wandering spleen presenting as a pediatric pelvic mass.,"Savolaine ER, Schlembach PJ, Robinson MG, McCann K",Clin Nucl Med. 1989 Aug;14(8):623-4. doi: 10.1097/00003072-198908000-00014.,Savolaine ER,Clinical nuclear medicine,1989,1989/08/01 00:00,,,10.1097/00003072-198908000-00014
2792945,[Ectopic spleen syndrome].,"Lifschitz A, Mavor A, Gindin Y, Barzilai N, Pfefferman R",Harefuah. 1989 Jun 15;116(12):630-2.,Lifschitz A,Harefuah,1989,1989/06/15 00:00,,,
2699379,[Wandering spleen in children: report of 4 cases].,"Schettini ST, Giudici R, Possik RA, Arcuschin L",AMB Rev Assoc Med Bras. 1989 May-Jun;35(3):99-102.,Schettini ST,AMB : revista da Associacao Medica Brasileira,1989,1989/05/01 00:00,,,
2661792,Pediatric wandering spleen--the case for splenopexy: review of 35 reported cases in the literature.,"Allen KB, Andrews G",J Pediatr Surg. 1989 May;24(5):432-5. doi: 10.1016/s0022-3468(89)80395-1.,Allen KB,Journal of pediatric surgery,1989,1989/05/01 00:00,,,10.1016/s0022-3468(89)80395-1
2807461,Wandering spleen in an infant.,"el-Mauhoub M, Baloch R, Sehgal KC",Indian J Pediatr. 1989 Mar-Apr;56(2):293-6. doi: 10.1007/BF02726632.,el-Mauhoub M,Indian journal of pediatrics,1989,1989/03/01 00:00,,,10.1007/BF02726632
2709433,Wandering spleen presenting as an adnexal mass.,"Aquino NM, Morten RC, Singh H","J Natl Med Assoc. 1989 Mar;81(3):331, 334.",Aquino NM,Journal of the National Medical Association,1989,1989/03/01 00:00,PMC2571628,,
2914775,Radiographic signs of isolated splenic torsion in dogs: eight cases (1980-1987).,Stickle RL,J Am Vet Med Assoc. 1989 Jan 1;194(1):103-6.,Stickle RL,Journal of the American Veterinary Medical Association,1989,1989/01/01 00:00,,,
2771493,Chronic torsion of the wandering spleen.,"Shiels WE, Johnson JF, Stephenson SR, Huang YC",Pediatr Radiol. 1989;19(6-7):465-7. doi: 10.1007/BF02387660.,Shiels WE,Pediatric radiology,1989,1989/01/01 00:00,,,10.1007/BF02387660
2680129,[Intermittent volvulus of the spleen. Importance of splenopexy in children].,"Scheye TH, Malpuech F, el Mjabber CH, Vanneuville G",Chir Pediatr. 1989;30(3):175-7.,Scheye TH,Chirurgie pediatrique,1989,1989/01/01 00:00,,,
3155168,[Torsion of wandering spleen. Considerations on a clinical case].,Codacci-Pisanelli M,G Chir. 1988 Oct;9(10):684-6.,Codacci-Pisanelli M,Il Giornale di chirurgia,1988,1988/10/01 00:00,,,
3063960,Wandering spleen: case report and review.,Robinson AP,Mt Sinai J Med. 1988 Oct;55(5):428-34.,Robinson AP,"The Mount Sinai journal of medicine, New York",1988,1988/10/01 00:00,,,
3054266,"[Accessory spleen torsion. Clinical picture, sonographic diagnosis and differential diagnosis].","Muller H, Schneider H, Ruckauer K, Greiner P",Klin Padiatr. 1988 Sep-Oct;200(5):419-21. doi: 10.1055/s-2008-1033745.,Muller H,Klinische Padiatrie,1988,1988/09/01 00:00,,,10.1055/s-2008-1033745
2971064,Torsion of a wandering spleen.,"Franic S, Pirani M, Stevenson GW",Can Assoc Radiol J. 1988 Sep;39(3):232-4.,Franic S,Canadian Association of Radiologists journal = Journal l'Association canadienne des radiologistes,1988,1988/09/01 00:00,,,
3390253,Hematometra presenting as acute appendicitis: a case report.,"Huang E, Howell J",Am J Emerg Med. 1988 Jul;6(4):350-2. doi: 10.1016/0735-6757(88)90154-4.,Huang E,The American journal of emergency medicine,1988,1988/07/01 00:00,,,10.1016/0735-6757(88)90154-4
3285257,Splenic torsion and rupture in pregnancy.,"Denehy T, McGrath EW, Breen JL",Obstet Gynecol Surv. 1988 Mar;43(3):123-31.,Denehy T,Obstetrical & gynecological survey,1988,1988/03/01 00:00,,,
3415597,A torted pelvic spleen.,Steele RD,Aust N Z J Surg. 1988 Feb;58(2):157-9. doi: 10.1111/j.1445-2197.1988.tb01027.x.,Steele RD,The Australian and New Zealand journal of surgery,1988,1988/02/01 00:00,,,10.1111/j.1445-2197.1988.tb01027.x
3279223,A truly wandering spleen.,"Kinori I, Rifkin MD",J Ultrasound Med. 1988 Feb;7(2):101-5. doi: 10.7863/jum.1988.7.2.101.,Kinori I,Journal of ultrasound in medicine : official journal of the American Institute of Ultrasound in Medicine,1988,1988/02/01 00:00,,,10.7863/jum.1988.7.2.101
3408373,[A rare complication of splenic torsion in a child].,"Volobuev NN, Kononenko VI, Rabinov AM",Arkh Patol. 1988;50(4):64-5.,Volobuev NN,Arkhiv patologii,1988,1988/01/01 00:00,,,
3349707,Wandering spleen. The use of decubitus views during hepatic imaging.,"Bajakian RL, Swayne LC, Buhlinger C",Clin Nucl Med. 1988 Jan;13(1):66-7. doi: 10.1097/00003072-198801000-00022.,Bajakian RL,Clinical nuclear medicine,1988,1988/01/01 00:00,,,10.1097/00003072-198801000-00022
3184649,[Splenic torsion in a 9-year-old child].,"Kononuchenko VP, Zhurilo IP, Litovka VK, Sopov GA",Klin Khir (1962). 1988;(6):70.,Kononuchenko VP,Klinicheskaia khirurgiia,1988,1988/01/01 00:00,,,
3072753,Imaging the effects of an ectopic spleen on the urinary tract.,"Nino-Murcia M, Friedland GW, Gross D",Urol Radiol. 1988;10(4):195-7. doi: 10.1007/BF02926568.,Nino-Murcia M,Urologic radiology,1988,1988/01/01 00:00,,,10.1007/BF02926568
3067882,[Torsion of the spleen].,"Mendes J, Goncalves M, Pita-Groz J, Leal MJ",Chir Pediatr. 1988;29(5):291-2.,Mendes J,Chirurgie pediatrique,1988,1988/01/01 00:00,,,
3686249,[Torsion of the spleen in children].,"Sustr Z, Ludvikovsky J, Nemecek R, Tecl F",Rozhl Chir. 1987 Oct;66(10):689-93.,Sustr Z,Rozhledy v chirurgii : mesicnik Ceskoslovenske chirurgicke spolecnosti,1987,1987/10/01 00:00,,,
3448037,Unusual presentation on the right side of ectopic testicular spleen.,"Brasch J, Roscher AA",Int Surg. 1987 Oct-Dec;72(4):233-4.,Brasch J,International surgery,1987,1987/10/01 00:00,,,
3323485,[Chronic volvulus of an ectopic spleen with subcapsular hematoma. CT x-ray aspect].,"Grenier N, Granger N, Calen S, Richard O, Boissinot F, Broussin J",J Radiol. 1987 Oct;68(10):615-7.,Grenier N,Journal de radiologie,1987,1987/10/01 00:00,,,
3320068,[Volvulus of a mobile spleen. Apropos of a case diagnosed in the preoperative period by ultrasonography].,"Azoulay D, Gossot D, Sarfati E, Houlle D, Celerier M, Dubost C",J Chir (Paris). 1987 Oct;124(10):520-2.,Azoulay D,Journal de chirurgie,1987,1987/10/01 00:00,,,
3134450,A multicystic wandering spleen.,"Siniluoto T, Paivansalo M, Lohela P",J Clin Ultrasound. 1987 Sep;15(7):475-7. doi: 10.1002/jcu.1870150709.,Siniluoto T,Journal of clinical ultrasound : JCU,1987,1987/09/01 00:00,,,10.1002/jcu.1870150709
3608340,Wandering spleen and advanced age.,"Sawaf NW, Orzel JA",Clin Nucl Med. 1987 Jul;12(7):561-3. doi: 10.1097/00003072-198707000-00019.,Sawaf NW,Clinical nuclear medicine,1987,1987/07/01 00:00,,,10.1097/00003072-198707000-00019
3134441,Omphalocele and ectopic spleen.,"Williams JL, Bush D, Wright PG",J Clin Ultrasound. 1987 Jul-Aug;15(6):409-11. doi: 10.1002/jcu.1870150611.,Williams JL,Journal of clinical ultrasound : JCU,1987,1987/07/01 00:00,,,10.1002/jcu.1870150611
3586160,Urological accessory splenic tissue.,"Wood TW, Mangelson N",J Urol. 1987 Jun;137(6):1219-20. doi: 10.1016/s0022-5347(17)44458-2.,Wood TW,The Journal of urology,1987,1987/06/01 00:00,,,10.1016/s0022-5347(17)44458-2
3601125,[Recurrent torsion of ectopic accessory spleen in a patient with agenesis of the gallbladder].,"Marsetti M, Meriggi F, Leidi GL, Scotti-Foglieni C",Minerva Chir. 1987 Mar 15;42(5):421-5.,Marsetti M,Minerva chirurgica,1987,1987/03/15 00:00,,,
3815017,Wandering spleen.,"Phillips GW, Hemingway AP",Br J Radiol. 1987 Feb;60(710):188-90. doi: 10.1259/0007-1285-60-710-188.,Phillips GW,The British journal of radiology,1987,1987/02/01 00:00,,,10.1259/0007-1285-60-710-188
3818247,Wandering spleen in a child.,"McCormack DL, Bliss WR",Iowa Med. 1987 Jan;77(1):21-2.,McCormack DL,Iowa medicine : journal of the Iowa Medical Society,1987,1987/01/01 00:00,,,
3622569,Unusual case of an ectopic spleen.,"Park CH, Lee DD, Suh JS, Yoo HS, Suh JH, Cho BK",Eur J Nucl Med. 1987;13(4):210-1. doi: 10.1007/BF00256494.,Park CH,European journal of nuclear medicine,1987,1987/01/01 00:00,,,10.1007/BF00256494
3548519,[Wandering spleen. Discussion apropos of a case].,"Plaja Ramon P, Aso Puertolas C, Sanchis Solera L",An Esp Pediatr. 1987 Jan;26(1):69-70.,Plaja Ramon P,Anales espanoles de pediatria,1987,1987/01/01 00:00,,,
3438105,[Non-traumatic surgical pathology of the spleen in children (excluding acute injuries)].,Valla JS,Pediatrie. 1987;42(6):457-66.,Valla JS,Pediatrie,1987,1987/01/01 00:00,,,
3327197,[Stomach torsion in swine].,Wendt M,Tierarztl Prax. 1987;15(4):375-6.,Wendt M,Tierarztliche Praxis,1987,1987/01/01 00:00,,,
3544686,Torsion of a wandering spleen in an infant. Report of a case and a brief review of the literature.,"Smevik B, Monclair T",Acta Radiol Diagn (Stockh). 1986 Nov-Dec;27(6):715-7. doi: 10.1177/028418518602700617.,Smevik B,Acta radiologica: diagnosis,1986,1986/11/01 00:00,,,10.1177/028418518602700617
3783517,Wandering spleen: treatment with colonic displacement.,"Caracciolo F, Bonatti PL, Castrucci G, Fusco A, Citterio F",J R Coll Surg Edinb. 1986 Aug;31(4):242-4.,Caracciolo F,Journal of the Royal College of Surgeons of Edinburgh,1986,1986/08/01 00:00,,,
3761933,[Diagnosis and treatment of splenic dystopia and torsion in children].,"Kushch NL, Kononuchenko VP, Zhurilo IP, Litovka VK, Khudiakov AE",Khirurgiia (Mosk). 1986 Aug;(8):45-7.,Kushch NL,Khirurgiia,1986,1986/08/01 00:00,,,
3746608,Late return of function after intrathoracic torsion of the spleen in congenital diaphragmatic hernia.,"Thorup J, Pedersen PV, Nielsen OH",J Pediatr Surg. 1986 Aug;21(8):722-4. doi: 10.1016/s0022-3468(86)80396-7.,Thorup J,Journal of pediatric surgery,1986,1986/08/01 00:00,,,10.1016/s0022-3468(86)80396-7
3749920,The displaced spleen.,"Moreno AJ, Spicer MJ, Farnum GD, Turnbull GL",Semin Nucl Med. 1986 Jul;16(3):216-7. doi: 10.1016/s0001-2998(86)80041-1.,Moreno AJ,Seminars in nuclear medicine,1986,1986/07/01 00:00,,,10.1016/s0001-2998(86)80041-1
3518976,"[""Wandering spleen"": preoperative diagnosis by echotomography of the abdomen (review of the literature and report of a case)].","Scicolone G, Contin I, Bano A, Motteran F, Zen F, Chirico A",Chir Ital. 1986 Feb;38(1):72-9.,Scicolone G,Chirurgia italiana,1986,1986/02/01 00:00,,,
3943244,The value of scintigraphy in the evaluation of a wandering spleen.,"Groshar D, Israel O, Barzilai A, Front D",Clin Nucl Med. 1986 Jan;11(1):42-3. doi: 10.1097/00003072-198601000-00015.,Groshar D,Clinical nuclear medicine,1986,1986/01/01 00:00,,,10.1097/00003072-198601000-00015
3836170,[The clinical spectrum of wandering spleen].,"Weisbord A, Kan M, Chimoff C",Harefuah. 1985 Dec 15;109(12):396-7.,Weisbord A,Harefuah,1985,1985/12/15 00:00,,,
4024388,Pediatric surgical intraoperative consultations.,Firor HV,Urol Clin North Am. 1985 Aug;12(3):511-21.,Firor HV,The Urologic clinics of North America,1985,1985/08/01 00:00,,,
4050251,"[Occlusive syndrome, ectopic spleen and malaria. Apropos of a case report].",Mukendi MP,Acta Chir Belg. 1985 Jul-Aug;85(4):217-8.,Mukendi MP,Acta chirurgica Belgica,1985,1985/07/01 00:00,,,
4035834,[Fusion of an ectopic spleen with the left kidney. Preoperative diagnosis: adenocarcinoma of the kidney].,"Constantine E, Schmeller N, Hofstetter A",Urologe A. 1985 Jul;24(4):227-8.,Constantine E,Der Urologe. Ausg. A,1985,1985/07/01 00:00,,,
3898381,The spleen: development and functional evaluation.,"Sty JR, Conway JJ",Semin Nucl Med. 1985 Jul;15(3):276-98. doi: 10.1016/s0001-2998(85)80005-2.,Sty JR,Seminars in nuclear medicine,1985,1985/07/01 00:00,,,10.1016/s0001-2998(85)80005-2
3894372,Unusual position of the spleen--a report of two patients.,"Liu P, Daneman A",J Can Assoc Radiol. 1985 Jun;36(2):163-5.,Liu P,Journal of the Canadian Association of Radiologists,1985,1985/06/01 00:00,,,
3892271,[Torsion of a wandering spleen].,"Riebel T, Lambrecht W, Amon O, Bromel T",Monatsschr Kinderheilkd. 1985 May;133(5):300-3.,Riebel T,Monatsschrift Kinderheilkunde : Organ der Deutschen Gesellschaft fur Kinderheilkunde,1985,1985/05/01 00:00,,,
3987949,Acute urinary retention as presenting symptom of torsion of a wandering spleen.,"Samuel N, Feldberg D, Dicker D, Goldman JA",Eur J Obstet Gynecol Reprod Biol. 1985 Feb;19(2):109-11. doi: 10.1016/0028-2243(85)90027-9.,Samuel N,"European journal of obstetrics, gynecology, and reproductive biology",1985,1985/02/01 00:00,,,10.1016/0028-2243(85)90027-9
3983052,Torsion of a wandering spleen.,"Witz M, Witz L, Reina A, Shenkman L, Dinbar A",Postgrad Med J. 1985 Feb;61(712):181-2. doi: 10.1136/pgmj.61.712.181.,Witz M,Postgraduate medical journal,1985,1985/02/01 00:00,PMC2418167,,10.1136/pgmj.61.712.181
3920273,Wandering pelvic spleen.,"Agee JH, Crepps LF, Layton M",J Clin Ultrasound. 1985 Feb;13(2):145-6. doi: 10.1002/jcu.1870130215.,Agee JH,Journal of clinical ultrasound : JCU,1985,1985/02/01 00:00,,,10.1002/jcu.1870130215
3920272,The wandering spleen: an ultrasonic diagnosis.,"Tait NP, Young JR",J Clin Ultrasound. 1985 Feb;13(2):141-4. doi: 10.1002/jcu.1870130214.,Tait NP,Journal of clinical ultrasound : JCU,1985,1985/02/01 00:00,,,10.1002/jcu.1870130214
3999893,[Organ preserving spleen surgery in childhood].,"Lambrecht W, Albrecht S, Stern M",Langenbecks Arch Chir. 1985;363(4):261-72. doi: 10.1007/BF01262500.,Lambrecht W,Langenbecks Archiv fur Chirurgie,1985,1985/01/01 00:00,,,10.1007/BF01262500
3971790,[Acute abdomen in congenital wandering spleen with complete pedicle torsion in childhood. Case report].,Fuchs A,Chirurg. 1985 Jan;56(1):59-60.,Fuchs A,Der Chirurg; Zeitschrift fur alle Gebiete der operativen Medizen,1985,1985/01/01 00:00,,,
3880638,Splenic torsion presenting as a twisted hemorrhagic ovarian cyst.,"Pundaleeka SK, Zimmers TE, Nassos TP",Ann Emerg Med. 1985 Jan;14(1):64-6. doi: 10.1016/s0196-0644(85)80738-1.,Pundaleeka SK,Annals of emergency medicine,1985,1985/01/01 00:00,,,10.1016/s0196-0644(85)80738-1
6596079,Torsion of the spleen in the polysplenia syndrome.,"Griffiths JD, Marshall VC",Aust N Z J Surg. 1984 Dec;54(6):571-3. doi: 10.1111/j.1445-2197.1984.tb05449.x.,Griffiths JD,The Australian and New Zealand journal of surgery,1984,1984/12/01 00:00,,,10.1111/j.1445-2197.1984.tb05449.x
6389625,Torsion of a wandering spleen: CT appearance.,"Parker LA, Mittelstaedt CA, Mauro MA, Mandell VS, Jaques PF",J Comput Assist Tomogr. 1984 Dec;8(6):1201-4. doi: 10.1097/00004728-198412000-00036.,Parker LA,Journal of computer assisted tomography,1984,1984/12/01 00:00,,,10.1097/00004728-198412000-00036
6333975,Acute gastric hemorrhage secondary to wandering spleen.,"Angeras U, Almskog B, Lukes P, Lundstam S, Weiss L",Dig Dis Sci. 1984 Dec;29(12):1159-63. doi: 10.1007/BF01317093.,Angeras U,Digestive diseases and sciences,1984,1984/12/01 00:00,,,10.1007/BF01317093
6527327,Torsion of the spleen.,"Lau WY, Wong SH",J R Coll Surg Edinb. 1984 Nov;29(6):383-4.,Lau WY,Journal of the Royal College of Surgeons of Edinburgh,1984,1984/11/01 00:00,,,
6475896,Lymphoma presenting as an abdominal mass involving an ectopic spleen.,"Barloon TJ, Lu C",Am J Gastroenterol. 1984 Sep;79(9):684-6.,Barloon TJ,The American journal of gastroenterology,1984,1984/09/01 00:00,,,
6468219,Splenic torsion. An unusual cause of splenomegaly.,"Toback AC, Steece DM, Kaye MD",Dig Dis Sci. 1984 Sep;29(9):868-71. doi: 10.1007/BF01318435.,Toback AC,Digestive diseases and sciences,1984,1984/09/01 00:00,,,10.1007/BF01318435
6465461,[Torsional floating spleen simulating ovarian tumor].,"Ishchenko GT, Freidlin II, Bruns VA",Akush Ginekol (Mosk). 1984 May;(5):68-9.,Ishchenko GT,Akusherstvo i ginekologiia,1984,1984/05/01 00:00,,,
6471510,[Concurrent presence of wandering spleen and accessory spleen: report of a case].,"Takahashi M, Takekawa S, Suzuki K, Takahashi M, Isawa T",Rinsho Hoshasen. 1984 Apr;29(4):527-30.,Takahashi M,Rinsho hoshasen. Clinical radiography,1984,1984/04/01 00:00,,,
6697094,Wandering spleen in two children--the role of ultrasonic diagnosis.,"Barki Y, Bar-Ziv J",Br J Radiol. 1984 Mar;57(675):267-70. doi: 10.1259/0007-1285-57-675-267.,Barki Y,The British journal of radiology,1984,1984/03/01 00:00,,,10.1259/0007-1285-57-675-267
6721663,[Wandering spleen. Apropos of a case in a 4-year-old girl].,"Colnet H, Diard F, Calabet A, Broussin B, Hehunstre JP",Arch Fr Pediatr. 1984 Feb;41(2):139-41.,Colnet H,Archives francaises de pediatrie,1984,1984/02/01 00:00,,,
6706545,Splenopexy for the wandering spleen.,"Siplovich L, Mares AJ, Bar-Ziv J",Isr J Med Sci. 1984 Feb;20(2):170-2.,Siplovich L,Israel journal of medical sciences,1984,1984/02/01 00:00,,,
6746566,Wandering spleen in supra-hepatic position.,"Leeman M, Struyven J",J Belge Radiol. 1984;67(1):25-7.,Leeman M,Journal belge de radiologie,1984,1984/01/01 00:00,,,
6724242,Radiologic diagnosis of wandering spleen complicated by splenic volvulus and infarction.,"Salomonowitz E, Frick MP, Lund G",Gastrointest Radiol. 1984;9(1):57-9. doi: 10.1007/BF01887802.,Salomonowitz E,Gastrointestinal radiology,1984,1984/01/01 00:00,,,10.1007/BF01887802
6606938,Torsion of wandering spleen and distal pancreas.,"Sheflin JR, Lee CM, Kretchmar KA",AJR Am J Roentgenol. 1984 Jan;142(1):100-1. doi: 10.2214/ajr.142.1.100.,Sheflin JR,AJR. American journal of roentgenology,1984,1984/01/01 00:00,,,10.2214/ajr.142.1.100
6645391,Ectopic spleen tissue in the pancreas of Himalayan rabbits.,Harleman JH,Lab Anim Sci. 1983 Oct;33(5):463-4.,Harleman JH,Laboratory animal science,1983,1983/10/01 00:00,,,
6638892,[Torsion of an accessory spleen].,"Valleix D, Grousseau D, Kalfon M, Descottes B",Ann Chir. 1983 Sep;37(6):440-2.,Valleix D,Annales de chirurgie,1983,1983/09/01 00:00,,,
6632598,[Torsion of the spleen peduncle].,"Khaimov IuIu, Vakkasov KK",Klin Khir (1962). 1983 Sep;(9):70.,Khaimov IuIu,Klinicheskaia khirurgiia,1983,1983/09/01 00:00,,,
6631794,Wandering spleen.,Zakaria MA,J R Coll Surg Edinb. 1983 Jul;28(4):265-6.,Zakaria MA,Journal of the Royal College of Surgeons of Edinburgh,1983,1983/07/01 00:00,,,
6623812,[Torsion and rupture of floating spleen in combination with destructive appendicitis in a 13-year-old girl].,"Gainanov FKh, Savichev IuT, Valitov RF",Vestn Khir Im I I Grek. 1983 Jul;131(7):114.,Gainanov FKh,Vestnik khirurgii imeni I. I. Grekova,1983,1983/07/01 00:00,,,
6884386,The wandering spleen.,"Vermylen C, Lebecque P, Claus D, Otte JB, Cornu G",Eur J Pediatr. 1983 Apr;140(2):112-5. doi: 10.1007/BF00441655.,Vermylen C,European journal of pediatrics,1983,1983/04/01 00:00,,,10.1007/BF00441655
6615583,[Floating spleen in a 5-year-old girl].,"Zhalelov EZh, Saduakasov AZh",Vestn Khir Im I I Grek. 1983 Apr;130(4):97-8.,Zhalelov EZh,Vestnik khirurgii imeni I. I. Grekova,1983,1983/04/01 00:00,,,
6836157,"[Voluminous ""wandering spleen"" with thromboses of the splenic vein: preoperative diagnosis with angiography].","Brambilla G, Rampoldi A",Radiol Med. 1983 Mar;69(3):161-3.,Brambilla G,La Radiologia medica,1983,1983/03/01 00:00,,,
6634437,[Wandering spleen with acute torsion of the pedicle].,"Andermarcher M, Pisoni F",Pediatr Med Chir. 1983 Mar-Apr;5(1-2):141-2.,Andermarcher M,La Pediatria medica e chirurgica : Medical and surgical pediatrics,1983,1983/03/01 00:00,,,
6845569,[Torsion of the spleen simulating abdominal tumor in a child].,"Bolgov DF, Bolgova VG",Vestn Khir Im I I Grek. 1983 Feb;130(2):101.,Bolgov DF,Vestnik khirurgii imeni I. I. Grekova,1983,1983/02/01 00:00,,,
6218853,The wandering spleen syndrome?,Cox PH,Br J Radiol. 1983 Feb;56(662):145-6. doi: 10.1259/0007-1285-56-662-145-c.,Cox PH,The British journal of radiology,1983,1983/02/01 00:00,,,10.1259/0007-1285-56-662-145-c
7174493,Radioisotope imaging for detection of an ectopic spleen in a macaque.,"Allen J, Sands M, Baggs R",J Am Vet Med Assoc. 1982 Dec 1;181(11):1428-9.,Allen J,Journal of the American Veterinary Medical Association,1982,1982/12/01 00:00,,,
7146415,Dual radiopharmaceutical imaging in congenital asplenia syndrome.,"Rao BK, Shore RM, Lieberman LM, Polcyn RE",Radiology. 1982 Dec;145(3):805-10. doi: 10.1148/radiology.145.3.7146415.,Rao BK,Radiology,1982,1982/12/01 00:00,,,10.1148/radiology.145.3.7146415
7120005,Torsion of the wandering spleen: splenectomy or splenopexy.,"Stringel G, Soucy P, Mercer S",J Pediatr Surg. 1982 Aug;17(4):373-5. doi: 10.1016/s0022-3468(82)80492-2.,Stringel G,Journal of pediatric surgery,1982,1982/08/01 00:00,,,10.1016/s0022-3468(82)80492-2
7089667,Splenic torsion in the polysplenia syndrome.,"Ackerman NB Jr, Smith MD, Strobel CT, Wheller JJ",South Med J. 1982 Jul;75(7):897-8. doi: 10.1097/00007611-198207000-00043.,Ackerman NB Jr,Southern medical journal,1982,1982/07/01 00:00,,,10.1097/00007611-198207000-00043
7075098,Splenic torsion in an infant associated with secondary disseminated Hemophilus influenzae infection.,"Kelly KJ, Chusid MJ, Camitta BM",Clin Pediatr (Phila). 1982 Jun;21(6):365-6. doi: 10.1177/000992288202100608.,Kelly KJ,Clinical pediatrics,1982,1982/06/01 00:00,,,10.1177/000992288202100608
7125393,[Torsion of the spleen].,"Ros Mar Z, Ros Miquel M, Olivares P, Diez Pardo JA",An Esp Pediatr. 1982 Apr;16(4):342-5.,Ros Mar Z,Anales espanoles de pediatria,1982,1982/04/01 00:00,,,
7110767,Ectopic spleen. A sonographic diagnosis.,"Setiawan H, Harrell RS, Perret RS",Pediatr Radiol. 1982;12(3):152-3. doi: 10.1007/BF00971806.,Setiawan H,Pediatric radiology,1982,1982/01/01 00:00,,,10.1007/BF00971806
7297000,Sequential liver-spleen scanning for documentation of wandering spleen.,"Barnett SM, Poole JR, Briggs RC",Clin Nucl Med. 1981 Nov;6(11):528-31. doi: 10.1097/00003072-198111000-00005.,Barnett SM,Clinical nuclear medicine,1981,1981/11/01 00:00,,,10.1097/00003072-198111000-00005
7298737,[Ectopic spleens. About a spleen of the right iliac fossa (author's transl)].,"Koumare AK, Dufrenot A, Bayo S, Barbier J",J Chir (Paris). 1981 Oct;118(10):577-9.,Koumare AK,Journal de chirurgie,1981,1981/10/01 00:00,,,
7303422,[Torsion of the spleen].,Gadziev DN,Vestn Khir Im I I Grek. 1981 Sep;127(9):73-4.,Gadziev DN,Vestnik khirurgii imeni I. I. Grekova,1981,1981/09/01 00:00,,,
7336159,Detection of splenosis and ectopic spleens with 99mTc-labelled heat damaged autologous erythrocytes in 90 splenectomized patients.,"Nielsen JL, Ellegaard J, Marqversen J, Hansen HH",Scand J Haematol. 1981 Jul;27(1):51-6. doi: 10.1111/j.1600-0609.1981.tb00451.x.,Nielsen JL,Scandinavian journal of haematology,1981,1981/07/01 00:00,,,10.1111/j.1600-0609.1981.tb00451.x
7269132,[Torsion of the pathologically mobile spleen in a 9-year-old child].,"Leont'ev AF, Seniakovich VM",Vestn Khir Im I I Grek. 1981 Jun;126(6):118-9.,Leont'ev AF,Vestnik khirurgii imeni I. I. Grekova,1981,1981/06/01 00:00,,,
7268588,[Acute abdomen after jumping into water].,Vlcek J,Rozhl Chir. 1981 Jun;60(6):408-10.,Vlcek J,Rozhledy v chirurgii : mesicnik Ceskoslovenske chirurgicke spolecnosti,1981,1981/06/01 00:00,,,
7263209,Torsion of an accessory spleen simulating acute appendicitis.,"Grunspan M, Wechsler U, Weintraub S",Isr J Med Sci. 1981 Jun;17(6):458-9.,Grunspan M,Israel journal of medical sciences,1981,1981/06/01 00:00,,,
7259040,[One case of recurrent torsion of a visceroptosed spleen (author's transl)].,"Dettori G, Colombo E, Biglioli P",Ann Chir. 1981 Jun;35(6):447-8.,Dettori G,Annales de chirurgie,1981,1981/06/01 00:00,,,
7247110,Wandering spleen.,"Lewis GA, Byrne MP",Am Surg. 1981 Jun;47(6):275-7.,Lewis GA,The American surgeon,1981,1981/06/01 00:00,,,
7282038,Splenopexy in a case of wandering spleen.,"van der Staak F, Festen C",Z Kinderchir. 1981 Jan;32(1):94-8. doi: 10.1055/s-2008-1063242.,van der Staak F,"Zeitschrift fur Kinderchirurgie : organ der Deutschen, der Schweizerischen und der Osterreichischen Gesellschaft fur Kinderchirurgie = Surgery in infancy and childhood",1981,1981/01/01 00:00,,,10.1055/s-2008-1063242
7230075,Wandering spleen.,"Koppikar MG, Vaze AM, Bapat RD",J Postgrad Med. 1981 Jan;27(1):42-3.,Koppikar MG,Journal of postgraduate medicine,1981,1981/01/01 00:00,,,
6450279,Splenic torsion with prune belly syndrome.,"Teramoto R, Opas LM, Andrassy R",J Pediatr. 1981 Jan;98(1):91-2. doi: 10.1016/s0022-3476(81)80548-3.,Teramoto R,The Journal of pediatrics,1981,1981/01/01 00:00,,,10.1016/s0022-3476(81)80548-3
7449592,Epidermoid splenic cyst occurring in an intrapancreatic accessory spleen.,"Davidson ED, Campbell WG, Hersh T",Dig Dis Sci. 1980 Dec;25(12):964-7. doi: 10.1007/BF01308048.,Davidson ED,Digestive diseases and sciences,1980,1980/12/01 00:00,,,10.1007/BF01308048
7412841,Bowel obstruction due to torsion of the spleen.,Van Dorp J,N Engl J Med. 1980 Oct 23;303(17):1002. doi: 10.1056/NEJM198010233031714.,Van Dorp J,The New England journal of medicine,1980,1980/10/23 00:00,,,10.1056/NEJM198010233031714
7450581,[Acute abdomen due to torsion of a wandering spleen].,"Yanay E, Avnat A, Charusi I",Harefuah. 1980 Jul;99(1-2):12.,Yanay E,Harefuah,1980,1980/07/01 00:00,,,
6966594,Bleeding gastric varices and gastric torsion secondary to a wandering spleen.,"Daneshgar S, Eras P, Feldman SM, Cacace VA, Federico FN, Levin RH",Gastroenterology. 1980 Jul;79(1):141-3.,Daneshgar S,Gastroenterology,1980,1980/07/01 00:00,,,
7405229,[Splenomegaly caused by splenic pedicle torsion].,"Symonowicz P, Badowski A",Wiad Lek. 1980 Apr 1;33(8):651-2.,Symonowicz P,"Wiadomosci lekarskie (Warsaw, Poland : 1960)",1980,1980/04/01 00:00,,,
7357776,The wandering spleen in infancy and childhood.,"Thompson JS, Ross RJ, Pizzaro ST",Clin Pediatr (Phila). 1980 Mar;19(3):221-4. doi: 10.1177/000992288001900309.,Thompson JS,Clinical pediatrics,1980,1980/03/01 00:00,,,10.1177/000992288001900309
7358247,Bleeding gastric varices secondary to wandering spleen.,"Sorgen RA, Robbins DI",Gastrointest Radiol. 1980 Feb 1;5(1):25-7. doi: 10.1007/BF01888595.,Sorgen RA,Gastrointestinal radiology,1980,1980/02/01 00:00,,,10.1007/BF01888595
7189456,[Establishment of erythropoiesis and antibody formation in ectopic spleen transplants].,"Tsyrlova IG, Starostin VI, Kozlov VA, Khrushchov NG",Dokl Akad Nauk SSSR. 1980;250(2):502-4.,Tsyrlova IG,Doklady Akademii nauk SSSR,1980,1980/01/01 00:00,,,
517482,Splenic torsion in a child.,"Zarinjooee H, Kalani BP, Gerami S",Am J Dis Child. 1979 Dec;133(12):1282. doi: 10.1001/archpedi.1979.02130120074016.,Zarinjooee H,American journal of diseases of children (1960),1979,1979/12/01 00:00,,,10.1001/archpedi.1979.02130120074016
514704,[Chronic torsion of wandering spleen in an infant].,"Gruner-Zarnoch E, Gajewski P",Pediatr Pol. 1979 Nov;54(11):1323-7.,Gruner-Zarnoch E,Pediatria polska,1979,1979/11/01 00:00,,,
483454,[Torsion of the peduncle in wandering spleen].,"Lindhardt F, Borre C",Ugeskr Laeger. 1979 Sep 17;141(38):2605-6.,Lindhardt F,Ugeskrift for laeger,1979,1979/09/17 00:00,,,
485538,[Pregnancy following pelvic spleen exstirpation with urogenital abnormalities].,"Coutifaris B, Kalogirou D, Christodoulakos G, Nestoridis N, Botsis D",Arch Gynecol. 1979 Jul 20;228(1-4):646-8.,Coutifaris B,Archives of gynecology,1979,1979/07/20 00:00,,,
547374,[Segmental portal hypertension caused by volvulus of the spleen].,"Bonnin Bonnin J, Armengol Carrasco M, Pizarroso Gonzalez J, Miro A",Rev Interam Radiol. 1979 Jul;4(3):149-52.,Bonnin Bonnin J,Revista interamericana de radiologia,1979,1979/07/01 00:00,,,
450285,[A case of splenic torsion in a child].,"Beluffi L, Imparato M, Rossi M",Minerva Med. 1979 Apr 28;70(20):1467-72.,Beluffi L,Minerva medica,1979,1979/04/28 00:00,,,
463004,[Case of torsion of spleen displaced below the right costal arch].,"Bienkowski R, Bienkowski W",Wiad Lek. 1979 Apr 1;32(7):497-8.,Bienkowski R,"Wiadomosci lekarskie (Warsaw, Poland : 1960)",1979,1979/04/01 00:00,,,
758872,Ultrasound demonstration of wandering spleen.,"Lee TG, Brickman FE, Satterwhite GR, Avecilla LS",Arch Surg. 1979 Jan;114(1):13-5. doi: 10.1001/archsurg.1979.01370250015002.,Lee TG,"Archives of surgery (Chicago, Ill. : 1960)",1979,1979/01/01 00:00,,,10.1001/archsurg.1979.01370250015002
422342,Torsion of the spleen in a five-and-a-half-month-old infant.,"Fried D, Gotlieb A, Hanukoglu A, Geisler P, Siederer M",Isr J Med Sci. 1979 Jan;15(1):35-7.,Fried D,Israel journal of medical sciences,1979,1979/01/01 00:00,,,
581564,Lymphosarcoma in an ectopic pelvic spleen.,"Waldman I, Suissa L",Clin Nucl Med. 1978 Nov;3(11):417-9. doi: 10.1097/00003072-197811000-00001.,Waldman I,Clinical nuclear medicine,1978,1978/11/01 00:00,,,10.1097/00003072-197811000-00001
757911,Torsion of the spleen.,Heij H,Med J Zambia. 1978 Oct-Nov;12(5):122-3.,Heij H,Medical journal of Zambia,1978,1978/10/01 00:00,,,
103907,Pelvic spleen in the nullipara.,Fried AM,J Clin Ultrasound. 1978 Oct;6(5):348. doi: 10.1002/jcu.1870060518.,Fried AM,Journal of clinical ultrasound : JCU,1978,1978/10/01 00:00,,,10.1002/jcu.1870060518
707467,Intestinal obstruction due to a wandering spleen.,"Keidar S, Freud M, Rosenschein S, Meir J, Rothfeld H",Am J Gastroenterol. 1978 Jun;69(6):701-4.,Keidar S,The American journal of gastroenterology,1978,1978/06/01 00:00,,,
675612,[Circulatory disturbances in a wandering spleen].,"Westvik J, Bergaker-Aspoy J, Myrland H, Dalaker K",Tidsskr Nor Laegeforen. 1978 May 30;98(15):773-4.,Westvik J,"Tidsskrift for den Norske laegeforening : tidsskrift for praktisk medicin, ny raekke",1978,1978/05/30 00:00,,,
150053,Torsion of the spleen and associated 'prune belly syndrome'. A case report and review of the literature.,"Heydenrych JJ, Du Toit DF",S Afr Med J. 1978 Apr 22;53(16):637-9.,Heydenrych JJ,South African medical journal = Suid-Afrikaanse tydskrif vir geneeskunde,1978,1978/04/22 00:00,,,
650359,Wandering spleen with torsion of pedicle in a child presenting as an intermittently-appearing abdominal mass.,"Muckmel E, Zer M, Dintsman M",J Pediatr Surg. 1978 Apr;13(2):127-8. doi: 10.1016/s0022-3468(78)80003-7.,Muckmel E,Journal of pediatric surgery,1978,1978/04/01 00:00,,,10.1016/s0022-3468(78)80003-7
643349,Wandering spleen in three children.,"Broker FH, Fellows K, Treves S",Pediatr Radiol. 1978 Feb 28;6(4):211-4. doi: 10.1007/BF00975539.,Broker FH,Pediatric radiology,1978,1978/02/28 00:00,,,10.1007/BF00975539
606747,Torsion of the spleen with incomplete infarction: case report.,"Lernau OZ, Baron J, Nissan S",J Nucl Med. 1977 Dec;18(12):1208-10.,Lernau OZ,"Journal of nuclear medicine : official publication, Society of Nuclear Medicine",1977,1977/12/01 00:00,,,
410267,Sonographic diagnosis of a wandering spleen.,"Hunter TB, Haber K",AJR Am J Roentgenol. 1977 Nov;129(5):925-6. doi: 10.2214/ajr.129.5.925.,Hunter TB,AJR. American journal of roentgenology,1977,1977/11/01 00:00,,,10.2214/ajr.129.5.925
897185,Wandering spleen--the radiological and clinical spectrum.,"Gordon DH, Burrell MI, Levin DC, Mueller CF, Becker JA",Radiology. 1977 Oct;125(1):39-46. doi: 10.1148/125.1.39.,Gordon DH,Radiology,1977,1977/10/01 00:00,,,10.1148/125.1.39
919228,[Torsion of a dytopic spleen in a child].,"Ievlev VS, Brevdo FF",Vestn Khir Im I I Grek. 1977 Sep;119(9):84.,Ievlev VS,Vestnik khirurgii imeni I. I. Grekova,1977,1977/09/01 00:00,,,
864801,Splenic injury due to indirect torsion.,"Jacobson S, Ljungdahl I, Lewander R",J Trauma. 1977 Jun;17(6):470-3. doi: 10.1097/00005373-197706000-00010.,Jacobson S,The Journal of trauma,1977,1977/06/01 00:00,,,10.1097/00005373-197706000-00010
865690,[A case of simulation of ovarian cyst in volvulus of an ectopic spleen].,"Parravicini F, Gentile D, Parravicini R",Minerva Chir. 1977 Apr 15;32(7):431-5.,Parravicini F,Minerva chirurgica,1977,1977/04/15 00:00,,,
867699,[Torsion of the spleen].,Nazarov SI,Vestn Khir Im I I Grek. 1977 Apr;118(4):122.,Nazarov SI,Vestnik khirurgii imeni I. I. Grekova,1977,1977/04/01 00:00,,,
847169,Torsion of the wandering spleen seen as a migratory abdominal mass.,"Isikoff MB, White DW, Diaconis JN",Radiology. 1977 Apr;123(1):36. doi: 10.1148/123.1.36.,Isikoff MB,Radiology,1977,1977/04/01 00:00,,,10.1148/123.1.36
576270,Volvulus of the spleen.,"Pollak EW, Tesluk H",JAMA. 1977 Jan 31;237(5):469-70.,Pollak EW,JAMA,1977,1977/01/31 00:00,,,
830520,[Upside-down spleen (author's transl)].,"Wenz W, Mathias K",Dtsch Med Wochenschr. 1977 Jan 7;102(1):20-1. doi: 10.1055/s-0028-1104835.,Wenz W,Deutsche medizinische Wochenschrift (1946),1977,1977/01/07 00:00,,,10.1055/s-0028-1104835
836721,[Torsion and infarct of the spleen with benign lymphoid hyperplasia of the colon].,"Peniche R, Perna A",Bol Med Hosp Infant Mex. 1977 Jan-Feb;34(1):47-51.,Peniche R,Boletin medico del Hospital Infantil de Mexico,1977,1977/01/01 00:00,,,
830634,Clinico-pathologic conference.,,J Am Vet Med Assoc. 1977 Jan 1;170(1):65-8.,,Journal of the American Veterinary Medical Association,1977,1977/01/01 00:00,,,
1000173,Diagnosis of splenic torsion: a combined radiographic approach.,"Dublin AB, Rosenquist CJ",Br J Radiol. 1976 Dec;49(588):1045-6. doi: 10.1259/0007-1285-49-588-1045.,Dublin AB,The British journal of radiology,1976,1976/12/01 00:00,,,10.1259/0007-1285-49-588-1045
1049480,Torsion of the splenic pedicle and complete splenic separation in a St. Bernard.,Iverson WO,"Vet Med Small Anim Clin. 1976 Nov;71(11):1565, 1568.",Iverson WO,"Veterinary medicine, small animal clinician : VM, SAC",1976,1976/11/01 00:00,,,
937848,Chronic torsion of the spleen.,"Collins JC, Cheek RC",Am Surg. 1976 Jun;42(6):427-9.,Collins JC,The American surgeon,1976,1976/06/01 00:00,,,
1267614,Ectopic pelvic spleen.,"Hatfield PM, Clouse ME, Cady B",Arch Surg. 1976 May;111(5):603-5. doi: 10.1001/archsurg.1976.01360230103022.,Hatfield PM,"Archives of surgery (Chicago, Ill. : 1960)",1976,1976/05/01 00:00,,,10.1001/archsurg.1976.01360230103022
1249450,Wandering spleen in the child: a case study.,"Caterine JM, Polich JJ, Van Cleave JS",J Iowa Med Soc. 1976 Jan;66(1):20-3.,Caterine JM,Journal of the Iowa Medical Society,1976,1976/01/01 00:00,,,
1247005,Torsion of a visceroptosed spleen.,"Shende A, Lanzkowsky P, Becker J",Am J Dis Child. 1976 Jan;130(1):88-91. doi: 10.1001/archpedi.1976.02120020090019.,Shende A,American journal of diseases of children (1960),1976,1976/01/01 00:00,,,10.1001/archpedi.1976.02120020090019
1202176,Splenic torsion and accessory spleen: a scintigraphic demonstration.,"Broker FH, Khettry J, Filler RM, Treves S",J Pediatr Surg. 1975 Dec;10(6):913-5. doi: 10.1016/s0022-3468(75)80095-9.,Broker FH,Journal of pediatric surgery,1975,1975/12/01 00:00,,,10.1016/s0022-3468(75)80095-9
829532,Wandering spleen and pregnancy: case report.,Miller EI,J Clin Ultrasound. 1975 Dec;3(4):281-2. doi: 10.1002/jcu.1870030409.,Miller EI,Journal of clinical ultrasound : JCU,1975,1975/12/01 00:00,,,10.1002/jcu.1870030409
1204540,Torsion of the spleen in a two-year-old boy. Case report.,"Colin JF, Odhiambo PB",East Afr Med J. 1975 Oct;52(10):596-8.,Colin JF,East African medical journal,1975,1975/10/01 00:00,,,
1107595,[Exceptional retroperitoneal tumor. Ectopic spleen].,"Ducassou J, Guerard P, Bonneau JH",J Urol Nephrol (Paris). 1975 Jul-Aug;81(7-8):630-6.,Ducassou J,Journal d'urologie et de nephrologie,1975,1975/07/01 00:00,,,
1040426,Torsion of the splenic pedicle in a St. Bernard.,"Howenstein JF, Patton M, Llorico BF, Olsen G",Vet Med Small Anim Clin. 1975 May;70(5):548-50.,Howenstein JF,"Veterinary medicine, small animal clinician : VM, SAC",1975,1975/05/01 00:00,,,
1168412,Torsion of the wandering spleen.,"Smulewicz JJ, Clemett AR",Am J Dig Dis. 1975 Mar;20(3):274-9. doi: 10.1007/BF01070730.,Smulewicz JJ,The American journal of digestive diseases,1975,1975/03/01 00:00,,,10.1007/BF01070730
1154971,Splenic-gonadal fusion. A case report.,Wilander E,Acta Chir Scand. 1975;141(2):163-5.,Wilander E,Acta chirurgica Scandinavica,1975,1975/01/01 00:00,,,
133129,[Incidents and accidents in laparoscopy. (Apropos of 2335 cases)].,"Gaujoux J, Porto R, Vallette C",J Gynecol Obstet Biol Reprod (Paris). 1975 Jan-Feb;4(1):5-28.,Gaujoux J,"Journal de gynecologie, obstetrique et biologie de la reproduction",1975,1975/01/01 00:00,,,
4479502,Torsion of the spleen as a rare cause of hypersplenism.,"Weinreb NJ, Bauer J, Dikman S, Forte FA",JAMA. 1974 Nov 18;230(7):1015-6.,Weinreb NJ,JAMA,1974,1974/11/18 00:00,,,
4412798,Diagnostic clue to acute splenic torsion in the tropics.,Cross AB,Br Med J. 1974 Aug 31;3(5930):564-6. doi: 10.1136/bmj.3.5930.564.,Cross AB,British medical journal,1974,1974/08/31 00:00,PMC1611517,,10.1136/bmj.3.5930.564
4857805,Torsion of the splenic pedicle and gastric volvulus in a dog.,Kipnis RM,J Am Vet Med Assoc. 1974 Jun 15;164(12):1202-3.,Kipnis RM,Journal of the American Veterinary Medical Association,1974,1974/06/15 00:00,,,
4835204,Wandering spleen: 11 cases from Uganda.,Carswell JW,Br J Surg. 1974 Jun;61(6):495-7. doi: 10.1002/bjs.1800610620.,Carswell JW,The British journal of surgery,1974,1974/06/01 00:00,,,10.1002/bjs.1800610620
4832074,Splenic torsion in the dog.,Brodie JD,Vet Rec. 1974 Apr 6;94(14):322-3. doi: 10.1136/vr.94.14.322.,Brodie JD,The Veterinary record,1974,1974/04/06 00:00,,,10.1136/vr.94.14.322
4427317,[Proceedings: Angiographic aspect of the ectopic spleen].,"Menanteau B, Maffioli C, Levasseur JC, Segal M",J Radiol Electrol Med Nucl. 1974 Apr;55(4):352-3.,Menanteau B,"Journal de radiologie, d'electrologie, et de medecine nucleaire",1974,1974/04/01 00:00,,,
4812242,Infarction of an accessory spleen causing an acute abdomen.,"Babcock TL, Coker DD, Haynes JL, Conklin HB",Am J Surg. 1974 Mar;127(3):336-7. doi: 10.1016/0002-9610(74)90044-0.,Babcock TL,American journal of surgery,1974,1974/03/01 00:00,,,10.1016/0002-9610(74)90044-0
4810157,A nucleographic and radioangiographic study of a patient with torsion of the spleen.,"Rosenthall L, Lisbona R, Banerjee K",Radiology. 1974 Feb;110(2):427-8. doi: 10.1148/110.2.427.,Rosenthall L,Radiology,1974,1974/02/01 00:00,,,10.1148/110.2.427
4813546,Ectopic spleen in the scrotum: report of 2 cases.,"May JE, Bourne CW",J Urol. 1974 Jan;111(1):120-3. doi: 10.1016/s0022-5347(17)59904-8.,May JE,The Journal of urology,1974,1974/01/01 00:00,,,10.1016/s0022-5347(17)59904-8
4758149,Torsion of the spleen; a case report.,"DeBartolo HM Jr, van Heerden HA, Lynn HB, Norris DG",Mayo Clin Proc. 1973 Nov;48(11):783-6.,DeBartolo HM Jr,Mayo Clinic proceedings,1973,1973/11/01 00:00,,,
4366827,[Splenomegaly and ectopic spleen].,"Levasseur JC, Maffioli C, Menanteau B",Sem Hop. 1973 Oct 14;49(41):2697-8.,Levasseur JC,La semaine des hopitaux : organe fonde par l'Association d'enseignement medical des hopitaux de Paris,1973,1973/10/14 00:00,,,
4773415,[Torsion of the spleen in a 13-year-old child].,"Khokholia VP, Sin'kevich VP",Vestn Khir Im I I Grek. 1973 Jun;110(6):96-7.,Khokholia VP,Vestnik khirurgii imeni I. I. Grekova,1973,1973/06/01 00:00,,,
4773414,[Torsion of the spleen in a 5-year-old child].,Sevast'ianov GG,Vestn Khir Im I I Grek. 1973 Jun;110(6):96.,Sevast'ianov GG,Vestnik khirurgii imeni I. I. Grekova,1973,1973/06/01 00:00,,,
5048559,[Torsion of the spleen in situs viscerum inversus].,Pribyl R,Rozhl Chir. 1972 Jul;51(7):418-20.,Pribyl R,Rozhledy v chirurgii : mesicnik Ceskoslovenske chirurgicke spolecnosti,1972,1972/07/01 00:00,,,
5016937,Torsion of the splenic pedicle in a dog.,"Orman ME, Lorenz MD",J Am Vet Med Assoc. 1972 Apr 15;160(8):1099-100.,Orman ME,Journal of the American Veterinary Medical Association,1972,1972/04/15 00:00,,,
5008070,Wandering spleen with complete procidentia.,"Minhas Z, Malik LR",Br Med J. 1972 Feb 19;1(5798):509. doi: 10.1136/bmj.1.5798.509.,Minhas Z,British medical journal,1972,1972/02/19 00:00,PMC1787523,,10.1136/bmj.1.5798.509
5316176,[A case of ectopic spleen in the stomach revealed by grave gastric hemorrhage].,"Boscaino N, Pennino P",Policlinico Chir. 1971 May-Jun;78(3):145-50.,Boscaino N,Il Policlinico. Sezione chirurgica,1971,1971/05/01 00:00,,,
4996266,Ectopic spleen in an Rh incompatible infant.,"Iancu T, Elian E",Acta Paediatr Scand. 1971 May;60(3):353-6. doi: 10.1111/j.1651-2227.1971.tb06671.x.,Iancu T,Acta paediatrica Scandinavica,1971,1971/05/01 00:00,,,10.1111/j.1651-2227.1971.tb06671.x
5540737,"[Splenopexy with ""grid adhesives"". A new method for the formation of anastomoses between portal and systemic circulation].","Gottlob R, Donas P, Lechner G",Dtsch Med Wochenschr. 1971 Feb 5;96(6):258-9.,Gottlob R,Deutsche medizinische Wochenschrift (1946),1971,1971/02/05 00:00,,,
5148609,[Splenic torsion].,Opanov B,Khirurgiia (Sofiia). 1971;24(1):104-5.,Opanov B,Khirurgiia,1971,1971/01/01 00:00,,,
5103913,Splenopexy by grid adhesion. A new method for producing anastomoses between the portal and systemic circulations.,"Gottlob R, Donas P, Lechner G",Ger Med Mon. 1971 Spring;1(1):9-10.,Gottlob R,German medical monthly,1971,1971/01/01 00:00,,,
5533661,Case report. Splenic torsion in three great danes.,"Maxie MG, Reed JH, Pennock PW, Hoff B",Can Vet J. 1970 Dec;11(12):249-55.,Maxie MG,The Canadian veterinary journal = La revue veterinaire canadienne,1970,1970/12/01 00:00,PMC1695212,,
5489195,[Torsion of the spleen].,Kompacheva GS,Vestn Khir Im I I Grek. 1970 Jun;104(6):102-3.,Kompacheva GS,Vestnik khirurgii imeni I. I. Grekova,1970,1970/06/01 00:00,,,
5426638,[Volvulus of the ectopic spleen].,"Soleto Saez E, Garrido Garcia H, Santamaria Garcia JL, Ruiperez Polo S, Sanjuanbenito Aguirre L",Int Surg. 1970 Jun;53(6):437-43.,Soleto Saez E,International surgery,1970,1970/06/01 00:00,,,
5436056,Wandering spleen--an unusual complication of infectious mononucleosis. Report of a case.,"Burns CP, Kellermeyer RW",Ohio State Med J. 1970 Apr;66(4):385-9.,Burns CP,The Ohio State medical journal,1970,1970/04/01 00:00,,,
5419224,[Ectopic spleen. A case diagnosed by means of splenic scintiscanning].,"Pietri H, Salaso J",Arch Fr Mal App Dig. 1970 Apr-Mar;59(4):281-2.,Pietri H,Archives francaises des maladies de l'appareil digestif,1970,1970/04/01 00:00,,,
5513309,[2 cases of pedicular torsion of ectopic spleens].,"Courbil LJ, Bouzou J",Bull Soc Med Afr Noire Lang Fr. 1970;15(3):381-3.,Courbil LJ,Bulletin de la Societe medicale d'Afrique noire de langue francaise,1970,1970/01/01 00:00,,,
5410865,Ectopic spleen mimicking an intrinsic fundal lesion of the stomach.,"Font RG, Sparks RD, Herbert GA",Am J Dig Dis. 1970 Jan;15(1):49-56. doi: 10.1007/BF02239346.,Font RG,The American journal of digestive diseases,1970,1970/01/01 00:00,,,10.1007/BF02239346
5347768,Ectopic spleen simulating testicular tumor.,"Mendez R, Morrow JW",J Urol. 1969 Nov;102(5):598-601. doi: 10.1016/s0022-5347(17)62208-0.,Mendez R,The Journal of urology,1969,1969/11/01 00:00,,,10.1016/s0022-5347(17)62208-0
5368531,[Dystopic spleen and wandering spleen with twisted pedicle in males].,"Junemann A, Schulte HD",Zentralbl Chir. 1969 Jul 19;94(29):978-82.,Junemann A,Zentralblatt fur Chirurgie,1969,1969/07/19 00:00,,,
5805944,Torsion of the spleen imitating acute cholecystitis. Report of a case.,"Darle N, Kock NG, Kufaas T",Acta Chir Scand. 1969;135(1):51-3.,Darle N,Acta chirurgica Scandinavica,1969,1969/01/01 00:00,,,
5762896,Wandering spleen.,"Crosett AD Jr, Nestler WB, Cohen SJ",Johns Hopkins Med J. 1969 Jan;124(1):28-33.,Crosett AD Jr,The Johns Hopkins medical journal,1969,1969/01/01 00:00,,,
5407330,"[Wandering spleen in a girl with acquired hemolytic anemia, simulating mesenteric cyst of the small intestine].","Sitkovskii MB, Dovbish GI",Pediatr Akus Ginekol. 1969;31(6):25.,Sitkovskii MB,Pediatriia akusherstvo i ginekologiia,1969,1969/01/01 00:00,,,
5201615,[Mobile spleen].,Todorovic V,Srp Arh Celok Lek. 1969;97(11):1233-4.,Todorovic V,Srpski arhiv za celokupno lekarstvo,1969,1969/01/01 00:00,,,
5719059,Wandering spleen with torsion of the pedicle.,Choksey NJ,J Indian Med Assoc. 1968 Dec 1;51(11):576-7.,Choksey NJ,Journal of the Indian Medical Association,1968,1968/12/01 00:00,,,
5745321,[Acute abdomen caused by torsion of a dystopic spleen].,"Mensi E, Canino V",Minerva Nipiol. 1968 Nov-Dec;18:Suppl 6:213-8.,Mensi E,Minerva nipiologica,1968,1968/11/01 00:00,,,
5643197,Postpartum torsion of the spleen causing intestinal obstruction.,Bookstaver PI,Am J Obstet Gynecol. 1968 Apr 15;100(8):1152-4. doi: 10.1016/s0002-9378(15)33421-9.,Bookstaver PI,American journal of obstetrics and gynecology,1968,1968/04/15 00:00,,,10.1016/s0002-9378(15)33421-9
5746979,[2 cases of wandering spleen].,Oganesian GA,Klin Med (Mosk). 1968 Feb;46(2):67-8.,Oganesian GA,Klinicheskaia meditsina,1968,1968/02/01 00:00,,,
5732609,[2 cases of floating spleen].,Oganesian GA,Klin Khir (1962). 1968 Feb;2:67-8.,Oganesian GA,Klinicheskaia khirurgiia,1968,1968/02/01 00:00,,,
5727677,[Clinical contribution to knowledge of torsion of the spleen].,"Ferri O, Trivellini G",Arch Ital Chir. 1968;94(3):435-46.,Ferri O,Archivio italiano di chirurgia,1968,1968/01/01 00:00,,,
6060776,Torsion of the spleen.,Woodward DA,Am J Surg. 1967 Dec;114(6):953-5. doi: 10.1016/0002-9610(67)90424-2.,Woodward DA,American journal of surgery,1967,1967/12/01 00:00,,,10.1016/0002-9610(67)90424-2
6058605,Torsion of an accessory spleen of the cecum presenting as acute appendicitis.,"Bass RT, Yao ST, Freeark RJ",N Engl J Med. 1967 Nov 30;277(22):1190-1. doi: 10.1056/NEJM196711302772207.,Bass RT,The New England journal of medicine,1967,1967/11/30 00:00,,,10.1056/NEJM196711302772207
5618344,[3 male cases of ectopic spleen].,"Bourrel P, Gindrey J, Tranier J, Piquard B",Ann Chir. 1967 Nov;21(23):1415-9.,Bourrel P,Annales de chirurgie,1967,1967/11/01 00:00,,,
4382954,Wandering spleen with torsion of pedicle. Report of a case with multiple congenital anomalies.,"Evans B, Winegarner F, Pace WG",Ohio State Med J. 1967 Aug;63(8):1062-3.,Evans B,The Ohio State medical journal,1967,1967/08/01 00:00,,,
6056458,[Torsion of a floating spleen in a 13-year-old girl].,Knopinski S,Przegl Lek. 1967 Jun;23(6):511-2.,Knopinski S,Przeglad lekarski,1967,1967/06/01 00:00,,,
6068048,A case of torsion of the spleen in a dog.,"McNish WC, Haverson R, Barrowman JC",Vet Rec. 1967 Apr 29;80(17):518-9. doi: 10.1136/vr.80.17.518.,McNish WC,The Veterinary record,1967,1967/04/29 00:00,,,10.1136/vr.80.17.518
6021025,Radiographic evidence of splenic torsion; report of a case.,"McClain GH, Lebherz TB",Obstet Gynecol. 1967 Apr;29(4):475-8.,McClain GH,Obstetrics and gynecology,1967,1967/04/01 00:00,,,
5612738,[Wandering spleen associated with a non-parasitic cyst].,Klassen GIa,Vestn Khir Im I I Grek. 1967 Apr;98(4):114-5.,Klassen GIa,Vestnik khirurgii imeni I. I. Grekova,1967,1967/04/01 00:00,,,
6082832,[On the clarification of the so-called hemodynamic spleen decompensation].,Berchtold R,Helv Chir Acta. 1967 Feb;34(1):103-4.,Berchtold R,Helvetica chirurgica acta,1967,1967/02/01 00:00,,,
6016757,Wandering spleen associated with enlargement of the left kidney.,Binns JH,Br J Surg. 1967 Jan;54(1):79-80. doi: 10.1002/bjs.1800540119.,Binns JH,The British journal of surgery,1967,1967/01/01 00:00,,,10.1002/bjs.1800540119
5923576,[Torsion of the migrating spleen].,Switkiewicz T,Pol Przegl Chir. 1966 Jul;38(7):679-81.,Switkiewicz T,Polski przeglad chirurgiczny,1966,1966/07/01 00:00,,,
5905370,Torsion of the accessory splenic pedicle. A case report.,Perrine G,Int Surg. 1966 Feb;45(2):164-6.,Perrine G,International surgery,1966,1966/02/01 00:00,,,
5942855,[Torsion of the peduncle of one of the 2 excessively mobile spleens].,"Tudzinski Z, Gross R",Pol Przegl Chir. 1966 Jan;38(1):55-7.,Tudzinski Z,Polski przeglad chirurgiczny,1966,1966/01/01 00:00,,,
5906440,[Therapeutic possibilities of intra-pulmonary splenopexy in certain cases of portal hypertension].,"Auvert J, Le Brigand H, Seringe P, Michel JR, Farge C",Ann Chir Thorac Cardiovasc. 1966 Jan;5(1):83-9.,Auvert J,Annales de chirurgie thoracique et cardio-vasculaire,1966,1966/01/01 00:00,,,
5855638,[Apropos of a pelvic spleen: splenectomy and death].,Essomba PR,Bull Mem Soc Chir Paris. 1965 Oct 1-15;55(7):241-4.,Essomba PR,Bulletin et memoires de la Societe des chirurgiens de Paris,1965,1965/10/01 00:00,,,
5852629,[Hypoplastic kidney associated with ectopic spleen].,Lombardi R,Minerva Chir. 1965 Sep 15;20(17):746-51.,Lombardi R,Minerva chirurgica,1965,1965/09/15 00:00,,,
5180774,[On a semiological finding in a case of ptotic spleen twisted on its pedicle].,De Cecco L,Chir Ital. 1965 Aug;17(4):457-66.,De Cecco L,Chirurgia italiana,1965,1965/08/01 00:00,,,
5847584,[Floating spleen].,"Dellepiane D, Elkous I, Bonelli J",Prensa Med Argent. 1965 Jun 11;52(20):1329-30.,Dellepiane D,Prensa medica argentina,1965,1965/06/11 00:00,,,
5843671,[A case of acute torsion of the spleen in a 6-month-old infant].,"Martin JP, Chamlou I, Buzyn E",Ann Chir Infant. 1965 Jun;6(2):149-52.,Martin JP,Annales de chirurgie infantile,1965,1965/06/01 00:00,,,
14286978,TORSION OF WANDERING SPLEEN.,"SIMPSON A, ASHBY EC",Br J Surg. 1965 May;52:344-6. doi: 10.1002/bjs.1800520506.,SIMPSON A,The British journal of surgery,1965,1965/05/01 00:00,,,10.1002/bjs.1800520506
14286977,SURGERY OF THE SPLEEN IN NIGERIA.,"ANAND SV, DAVEY WW",Br J Surg. 1965 May;52:335-44. doi: 10.1002/bjs.1800520505.,ANAND SV,The British journal of surgery,1965,1965/05/01 00:00,,,10.1002/bjs.1800520505
14210827,ACCESSORY WANDERING SPLEEN CAUSING INTESTINAL OBSTRUCTION IN PREGNANCY. A CASE REPORT.,"CLIFFORD WJ, ILANO A",J Int Coll Surg. 1965 Jan;43:26-8.,CLIFFORD WJ,The Journal of the International College of Surgeons,1965,1965/01/01 00:00,,,
5835607,[On a case of an exceptionally movable spleen].,Doganov I,Akush Ginekol (Sofiia). 1965;4(2):156-8.,Doganov I,Akusherstvo i ginekologiia,1965,1965/01/01 00:00,,,
14216386,VOLVULUS OF THE STOMACH: CASE REPORT.,RAPPEL R,J Am Osteopath Assoc. 1964 Oct;64:125-30.,RAPPEL R,The Journal of the American Osteopathic Association,1964,1964/10/01 00:00,,,
14201747,[APROPOS OF A CASE OF ACUTE VOLVULUS OF THE SPLEEN].,TRANIER J,Med Trop (Mars). 1964 Jul-Aug;24:466-9.,TRANIER J,Medecine tropicale : revue du Corps de sante colonial,1964,1964/07/01 00:00,,,
14153403,TORSION OF THE SPLEEN ASSOCIATED WITH CONGENITAL ABSENCE OF THE LEFT KIDNEY.,PEARSON JB,Br J Surg. 1964 May;51:393-5. doi: 10.1002/bjs.1800510530.,PEARSON JB,The British journal of surgery,1964,1964/05/01 00:00,,,10.1002/bjs.1800510530
14108477,TORSION OF SPLEEN WITH SPONTANEOUS RUPTURE OF SPLENIC VEIN PRESENTING AS A CASE OF ACCIDENTAL HAEMORRHAGE.,"SEAH CS, TAN NC",Br Med J. 1964 Apr 18;1(5389):1028. doi: 10.1136/bmj.1.5389.1028.,SEAH CS,British medical journal,1964,1964/04/18 00:00,PMC1814236,,10.1136/bmj.1.5389.1028
14167331,[A PELVIC SPLEEN].,"MALEKI A, HASHEMIAN H",Ann Radiol (Paris). 1964;7:601-2.,MALEKI A,Annales de radiologie,1964,1964/01/01 00:00,,,
14162750,[ON SPLENIC TORSION].,"KOROTKOV VN, FIRSOV VD",Vestn Khir Im I I Grek. 1964 Jan;92:87.,KOROTKOV VN,Vestnik khirurgii imeni I. I. Grekova,1964,1964/01/01 00:00,,,
14177601,[A CASE OF ENLARGED ECTOPIC SPLEEN IN A SUBUMBILICAL SITE].,CERRA R,Gazz Int Med Chir. 1963 Dec 31;67:SUPPL:3720-6.,CERRA R,Gazzetta internazionale di medicina e chirurgia,1963,1963/12/31 00:00,,,
13958916,[Acute abdomen caused by torsion of an abdominal ectopic spleen; mesenteric accessory spleen].,FOTI D,Minerva Chir. 1963 Apr 30;18:335-9.,FOTI D,Minerva chirurgica,1963,1963/04/30 00:00,,,
14066809,[A CASE OF PELVIC SPLEEN DYSTOPY].,"DIMITROV S, KHADZHAEV I",Khirurgiia (Sofiia). 1963;16:480-1.,DIMITROV S,Khirurgiia,1963,1963/01/01 00:00,,,
13942829,[Features of a case of torsion of the spleen].,PETKOV N,Khirurgiia (Sofiia). 1963;16:200-1.,PETKOV N,Khirurgiia,1963,1963/01/01 00:00,,,
14034399,[A case of acute gastrointestinal obstruction on the basis of torsion of the splenic pedicle].,KOLLEGOVA LV,Khirurgiia (Mosk). 1962 Dec;38:113.,KOLLEGOVA LV,Khirurgiia,1962,1962/12/01 00:00,,,
13985251,Volvulus of the splenic flexure and tension pneumoperitoneum complicating routine cesarean section.,TODD JS,N Y State J Med. 1962 Nov 15;62:3634-40.,TODD JS,New York state journal of medicine,1962,1962/11/15 00:00,,,
14017784,[Rare cases of splenic pathology. 1. Ptosic spleen twisted on its peduncle. 2. Accessory spleen in an undescended testicle].,CALABRESE L,Arch De Vecchi Anat Patol. 1962 Oct;37:265-93.,CALABRESE L,"Archivio ""de Vecchi"" per l'anatomia patologica e la medicina clinica",1962,1962/10/01 00:00,,,
17421519,A Comparison of Gastric Torsion with Torsion of the Splenic Pedicle.,"Graham JE, Ketchell RJ, Bodendistel JK",Can Vet J. 1962 Sep;3(9):279-80.,Graham JE,The Canadian veterinary journal = La revue veterinaire canadienne,1962,1962/09/01 00:00,PMC1585905,,
13970226,[On splenic torsion].,BEDURISHVILI GA,Vestn Khir Im I I Grek. 1962 Sep;89:121-2.,BEDURISHVILI GA,Vestnik khirurgii imeni I. I. Grekova,1962,1962/09/01 00:00,,,
14470065,Surprises in operations on the inguinal area in young children.,MARKS RM,Calif Med. 1962 Aug;97(2):75-6.,MARKS RM,California medicine,1962,1962/08/01 00:00,PMC1575124,,
14464853,Torsion of the spleen in pregnancy.,"LEWIS DL, WOLSKEL HG",Br Med J. 1962 Feb 24;1(5277):527. doi: 10.1136/bmj.1.5277.527.,LEWIS DL,British medical journal,1962,1962/02/24 00:00,PMC1958338,,10.1136/bmj.1.5277.527
13907512,Wandering spleen.,HINCK VC,Northwest Med. 1961 Dec;60:1183-5.,HINCK VC,Northwest medicine,1961,1961/12/01 00:00,,,
13861641,[On wandering spleen and torsion of its pedicle].,ANIKANDROV BV,Novyi Khirurgicheskii Arkhiv. 1961 Nov;11:36-40.,ANIKANDROV BV,Novyi khirurgicheskii arkhiv,1961,1961/11/01 00:00,,,
13697498,[Torsion of the spleen].,"ETS AG, GRIGOR'EV VA",Vestn Khir Im I I Grek. 1960 Nov;85:130-1.,ETS AG,Vestnik khirurgii imeni I. I. Grekova,1960,1960/11/01 00:00,,,
13777471,[On a case of splenic volvulus in a newborn infant].,"TORCHIANA B, TRIVELLINI PL",Acta Chir Ital. 1960 May-Jun;16:439-47.,TORCHIANA B,Acta chirurgica Italica,1960,1960/05/01 00:00,,,
13830203,[Subcutaneous splenopexy for the study of the splenoporto-hepatic system in dogs: experimental hepatic fibrosis].,"GUIMARAES JS, BRENNER S, MONTENEGRO MR, ITIBERE JL, JATOBA PP, GOFFI FS",Rev Paul Med. 1960 Mar;56:171-80.,GUIMARAES JS,Revista paulista de medicina,1960,1960/03/01 00:00,,,
13828057,[A case of torsion of the spleen on its pedicle].,GIORDANO L,Friuli Med. 1960 Jan-Feb;15:25-9.,GIORDANO L,Il Friuli medico,1960,1960/01/01 00:00,,,
14445342,[Torsion of the spleen].,SHABANOV II,Vestn Khir Im I I Grek. 1959 Dec;83:94-5.,SHABANOV II,Vestnik khirurgii imeni I. I. Grekova,1959,1959/12/01 00:00,,,
13629699,Torsion of the spleen.,"TOSOVSKY V, ERBENOVA V, VYCHYTIL O, ELEFANT E",Cesk Pediatr. 1959 Feb 5;14(2):167-9.,TOSOVSKY V,Ceskoslovenska pediatrie,1959,1959/02/05 00:00,,,
13633308,[Torsion of the peduncle of a migrating spleen in right iliac site].,SERTOLI L,Osp Maggiore. 1959 Jan;47(1):21-6.,SERTOLI L,L' Ospedale maggiore,1959,1959/01/01 00:00,,,
13629003,Volvulus of the splenic flexure; report of a case with a review of the literature.,BLUMBERG NA,Br J Surg. 1958 Nov;46(197):292-4. doi: 10.1002/bjs.18004619720.,BLUMBERG NA,The British journal of surgery,1958,1958/11/01 00:00,,,10.1002/bjs.18004619720
13614662,[Splenic dystopia; with special reference to relations of the ectopic spleen to the stomach & to gastrodiaphragmatic interposition of the spleen].,BALESTRA E,Radiol Med. 1958 Nov;44(11):1025-43.,BALESTRA E,La Radiologia medica,1958,1958/11/01 00:00,,,
13573435,Torsion of a wandering spleen; report of a case.,WILSON WS,Cent Afr J Med. 1958 Jul;4(7):299-300.,WILSON WS,The Central African journal of medicine,1958,1958/07/01 00:00,,,
13553635,[Floating spleen with infarction in a newborn infant].,"INGELRANS P, LACHERETZ M, DELMOTE M, POUPART B",Pediatrie. 1958;13(1):100-2.,INGELRANS P,Pediatrie,1958,1958/01/01 00:00,,,
13474453,[Differential diagnosis of genital tumors & floating spleens].,BILLICH R,Gynaecologia. 1957 Sep;144(3):188-96.,BILLICH R,Gynaecologia. International monthly review of obstetrics and gynecology. Revue internationale mensuelle d'obstetrique et de gynecologie. Monatsschrift fur Geburtshilfe und Gynakologie,1957,1957/09/01 00:00,,,
13474440,[Gynecologic errors in diagnosis of dystopic spleen].,NEIMEIER R,Gynaecologia. 1957 Aug;144(2):76-81.,NEIMEIER R,Gynaecologia. International monthly review of obstetrics and gynecology. Revue internationale mensuelle d'obstetrique et de gynecologie. Monatsschrift fur Geburtshilfe und Gynakologie,1957,1957/08/01 00:00,,,
13466116,[Torsion of the spleen].,FAMILIARI R,Rass Int Clin Ter. 1957 Jul 31;37(14):597-603.,FAMILIARI R,Rassegna internazionale di clinica e terapia,1957,1957/07/31 00:00,,,
13526982,Value of splenopexy with magnesium trisilicate in portal hypertension.,"LAGO TF, DE PAULINI G",Pathologica. 1957 May-Jun;49(753-754):295-300.,LAGO TF,Pathologica,1957,1957/05/01 00:00,,,
13432713,[Isolated intrathoracic spleen displacement in diaphragmatic hernia].,ROSSETTI M,Schweiz Med Wochenschr. 1957 Apr 13;87(15):458-60.,ROSSETTI M,Schweizerische medizinische Wochenschrift,1957,1957/04/13 00:00,,,
13443108,[Splenectomy in enlarged twisted spleen].,"LAZAREV TM, ATAEV Ia",Vestn Khir Im I I Grek. 1957 Mar;78(3):110-1.,LAZAREV TM,Vestnik khirurgii imeni I. I. Grekova,1957,1957/03/01 00:00,,,
13384180,A case of splenoptosis.,VAN ROOTSELAAR FJ,Doc Med Geogr Trop. 1956 Dec;8(4):314.,VAN ROOTSELAAR FJ,Documenta de medicina geographica et tropica,1956,1956/12/01 00:00,,,
13377141,CASE OF volvulus of the splenic flexure.,,J Mt Sinai Hosp N Y. 1956 Sep-Oct;23(5):741-5.,,"Journal of the Mount Sinai Hospital, New York",1956,1956/09/01 00:00,,,
13354610,Volvulus of the splenic flexure.,"ABRAMS RM, POPPEL MH, ZEITEL BE",Am J Dig Dis. 1956 Sep;1(9):380-6. doi: 10.1007/BF02233468.,ABRAMS RM,The American journal of digestive diseases,1956,1956/09/01 00:00,,,10.1007/BF02233468
13363635,[Unsuspected finding of floating spleen and gastric volvulus].,TORTORA M,Arch Ostet Ginecol. 1956 May-Jun;61(3):214-23.,TORTORA M,Archivio di ostetricia e ginecologia,1956,1956/05/01 00:00,,,
13333687,[Acute torsion of the spleen in a 12 year old child].,MAYNADIER P,Mem Acad Chir (Paris). 1956 Feb 15-22;82(6-7):163-5.,MAYNADIER P,Memoires. Academie de chirurgie (France),1956,1956/02/15 00:00,,,
13308548,Splenoptosis in infancy: two cases.,BELLMAINE SP,Med J Aust. 1956 Feb 11;43(6):236-7.,BELLMAINE SP,The Medical journal of Australia,1956,1956/02/11 00:00,,,
13306740,Torsion of the splenic pedicle as a complication of pneumoperitoneum; a case report.,THOMPSON WELLS JA,J Christ Med Assoc India. 1956 Jan;31(1):19-20.,THOMPSON WELLS JA,The Journal of the Christian Medical Association of India,1956,1956/01/01 00:00,,,
13284852,[Dystopic spleen in the small pelvis simulating ovarian tumor].,MOUDRY J,Cesk Gynekol. 1955 Sep;19(5):338-40.,MOUDRY J,Ceskoslovenska gynekologie,1955,1955/09/01 00:00,,,
13328608,[Torsion of pedicle in the floating spleen].,"HOSSNE WS, CRUZ OR",Arq Cir Clin Exp. 1955 Jul-Aug;18(4):193-6.,HOSSNE WS,Arquivos de cirurgia clinica e experimental,1955,1955/07/01 00:00,,,
14373324,Coexistent volvulus of the splenic flexure and cecum.,YOUNG MO,Surgery. 1955 Jun;37(6):983-90.,YOUNG MO,Surgery,1955,1955/06/01 00:00,,,
13273833,[Bone marrow inhibition of splenic origin in a case of movable spleen].,WEINREICH J,Rev Belg Pathol Med Exp. 1955 Jun;24(5):385-8.,WEINREICH J,Revue belge de pathologie et de medecine experimentale,1955,1955/06/01 00:00,,,
13274993,[Extremely misplaced floating spleen with the report of a personal case which simulated uterine tumor].,BLANKE S,Zentralbl Chir. 1955;80(32):1287-91.,BLANKE S,Zentralblatt fur Chirurgie,1955,1955/01/01 00:00,,,
13175460,Spontaneous torsion of spleen involving tail of pancreas.,MICHAELS L,Lancet. 1954 Jul 3;267(6827):23. doi: 10.1016/s0140-6736(54)90008-2.,MICHAELS L,"Lancet (London, England)",1954,1954/07/03 00:00,,,10.1016/s0140-6736(54)90008-2
13158827,Torsion of the spleen associated with pneumoperitoneum.,"FALOR WH, ANGUS DC",Am Rev Tuberc. 1954 Jul;70(1):166-70. doi: 10.1164/art.1954.70.1.166.,FALOR WH,American review of tuberculosis,1954,1954/07/01 00:00,,,10.1164/art.1954.70.1.166
13114513,Volvulus of the splenic flexure of the colon.,BUENGER RE,Am J Roentgenol Radium Ther Nucl Med. 1954 Jan;71(1):81-3.,BUENGER RE,"The American journal of roentgenology, radium therapy, and nuclear medicine",1954,1954/01/01 00:00,,,
13122243,A case of ectopic spleen.,STEIN M,S Afr Med J. 1953 Dec 5;27(49):1113.,STEIN M,South African medical journal = Suid-Afrikaanse tydskrif vir geneeskunde,1953,1953/12/05 00:00,,,
13056999,"A patient with torsion of the spleen, complicating pneumoperitoneum treatment.","FISHER OE, LORD GB",Tubercle. 1953 May;34(5):144-5. doi: 10.1016/s0041-3879(53)80065-6.,FISHER OE,Tubercle,1953,1953/05/01 00:00,,,10.1016/s0041-3879(53)80065-6
13062436,[Torsion of the spleen in splenomegaly].,LAZAREV TM,Khirurgiia (Mosk). 1953 Mar;70(3):72.,LAZAREV TM,Khirurgiia,1953,1953/03/01 00:00,,,
13081340,[Torsion of the spleen].,SETTIMI A,Arch Ital Chir. 1953;76(3):196-208.,SETTIMI A,Archivio italiano di chirurgia,1953,1953/01/01 00:00,,,
14916213,Wandering spleen during first decade of life.,HALL CI,Br Med J. 1952 May 3;1(4765):957-8. doi: 10.1136/bmj.1.4765.957.,HALL CI,British medical journal,1952,1952/05/03 00:00,PMC2023424,,10.1136/bmj.1.4765.957
12983962,[Hemoperitoneum with volvulus of the spleen; case report and etiopathogenic considerations].,"RICCI-ODDI F, SESENNA R",Riv Anat Patol Oncol. 1952 May;5(5):603-22.,RICCI-ODDI F,Rivista di anatomia patologica e di oncologia,1952,1952/05/01 00:00,,,
14927945,Blood cyst in a wandering spleen; report of a case.,"FERRAZ MD, MICHALANY J, DA SILVA SC",J Int Coll Surg. 1952 Apr;17(4):521-7.,FERRAZ MD,The Journal of the International College of Surgeons,1952,1952/04/01 00:00,,,
14874077,Wandering spleen with torsion of pedicle.,"NEIBRIEF MN, PARSONNET EV",J Med Soc N J. 1951 Sep;48(9):414-6.,NEIBRIEF MN,The Journal of the Medical Society of New Jersey,1951,1951/09/01 00:00,,,
14864307,[Splenoptosis with pedicular torsion; presentation of a case].,"MARTINEZ CORDOBA F, ANSELMO JJ, MERCHENSKY Z",Prensa Med Argent. 1951 Jun 22;38(25):1584-7.,MARTINEZ CORDOBA F,Prensa medica argentina,1951,1951/06/22 00:00,,,
14852360,[Chronic pedicular torsion in a case of splenoptosis].,LOPEZ-PORRUA JM,Medicina (Madr). 1951 Apr;19(4):257-77.,LOPEZ-PORRUA JM,Medicina,1951,1951/04/01 00:00,,,
14830499,[The importance of congenital factors in ptosis and torsion of the spleen].,"SILVESTRI G, PASSERA G",Arch Sci Med (Torino). 1951 Apr;91(4):307-25.,SILVESTRI G,Archivio per le scienze mediche,1951,1951/04/01 00:00,,,
14801820,Wandering spleen with torsion of the pedicle.,"LAN HC, YAO CW, KWANG YL",Chin Med J. 1950 Nov-Dec;68(11-12):365-7.,LAN HC,"Chinese medical journal (Peking, China : 1932)",1950,1950/11/01 00:00,,,
14771454,Torsion of the spleen associated with pneumoperitoneum.,"MIDDLETON JW, PICKETT WH, SINGLETON AO Jr",Am Rev Tuberc. 1950 Oct;62(4):439-40. doi: 10.1164/art.1950.62.4.439.,MIDDLETON JW,American review of tuberculosis,1950,1950/10/01 00:00,,,10.1164/art.1950.62.4.439
14781627,[Mechanical intestinal occlusion due to ectopic spleen twisted on the peduncle].,LORIZIO V,Riforma Med. 1950 Aug 5;64(31):862-5.,LORIZIO V,La Riforma medica,1950,1950/08/05 00:00,,,
15428690,Ectopic spleen with twisted pedicle; report of a case.,"ANTON JI, LEVINSON D",J Int Coll Surg. 1950 Jul;14(1):89-95.,ANTON JI,The Journal of the International College of Surgeons,1950,1950/07/01 00:00,,,
15438732,[Supernumerary spleen with twisted pedicle].,"BACHY G, IMBERT",Mem Acad Chir (Paris). 1950 Jun 14-21;76(22-23):633-8.,BACHY G,Memoires. Academie de chirurgie (France),1950,1950/06/14 00:00,,,
15402424,[Voluminous migrating spleen in the course of Malta fever: effects of splenectomy].,SANTI M,Minerva Med. 1949 Dec 15;40(61):907-13.,SANTI M,Minerva medica,1949,1949/12/15 00:00,,,
18145420,[On a Case of Spleen Twisted On the Peduncle].,"LOMBARDI A, D'ALESSANDRO A",Riforma Med. 1949 Apr 9;63(14):322-4.,LOMBARDI A,La Riforma medica,1949,1949/04/09 00:00,,,
17859322,Wandering Spleen: Report of a Case Complicated by a Traumatic Cyst.,Dowidar ML,Ann Surg. 1949 Mar;129(3):408-14. doi: 10.1097/00000658-194903000-00014.,Dowidar ML,Annals of surgery,1949,1949/03/01 00:00,PMC1514026,,10.1097/00000658-194903000-00014
18143686,Wandering spleen.,LOTFY DOWIDAR M,J Egypt Med Assoc. 1949 Jan;32(1):6-16.,LOTFY DOWIDAR M,The Journal of the Egyptian Medical Association,1949,1949/01/01 00:00,,,
18123787,Total necrosis of ectopic spleen following chronic torsion of the splenic pedicle.,"KRONTIRIS A, COULOURIS PC",J Int Coll Surg. 1949 Jan-Feb;12(1):45-9.,KRONTIRIS A,The Journal of the International College of Surgeons,1949,1949/01/01 00:00,,,
18104777,[Modest fourth with swords on splenoptosis and belly bands].,MARTINEZ GOMEZ S,Galicia Clin. 1948 Oct;20(10):717-25.,MARTINEZ GOMEZ S,Galicia-clinica,1948,1948/10/01 00:00,,,
18905742,Aberrant spleen with torsion of pedicle.,"SCHIFF L, FELSON B, et al.",Am J Clin Pathol. 1948 Mar;18(3):224-9.,SCHIFF L,American journal of clinical pathology,1948,1948/03/01 00:00,,,
18878290,[Diaphragmatic hernia and splenic ectopia].,BIGNAMI C,Ann Radiol Diagn (Bologna). 1948;20(3):181-90.,BIGNAMI C,Annali di radiologia diagnostica,1948,1948/01/01 00:00,,,
18867828,[Congestive splenomy with diaphragmatic deviation and gastric volvulus].,FERRIERE A,Acta Clin Belg. 1948 Jan-Feb;3(1):103-9. doi: 10.1080/17843286.1948.11716454.,FERRIERE A,Acta clinica Belgica,1948,1948/01/01 00:00,,,10.1080/17843286.1948.11716454
18100331,[Torsion of the spleen during pregnancy].,STEFANIK,Cesk Gynekol. 1948;13(5):251.,STEFANIK,Ceskoslovenska gynekologie,1948,1948/01/01 00:00,,,
20271247,Splenoptosis and transposition of the colon.,CUNNINGHAM N,Med J Aust. 1947 Oct 11;2(15):451. doi: 10.5694/j.1326-5377.1947.tb70367.x.,CUNNINGHAM N,The Medical journal of Australia,1947,1947/10/11 00:00,,,10.5694/j.1326-5377.1947.tb70367.x
20246490,[Acute torsion of an ectopic spleen].,"CHARLEUX G, CUNY J",J Med Lyon. 1947 May 5;28(656):350.,CHARLEUX G,Journal de medecine de Lyon,1947,1947/05/05 00:00,,,
20340726,"[Observations of a large ectopic spleen, seat partially pelvic arteriovenous with complete thrombosis].",BARONE RM,Ginecologia. 1947 Apr;13(4):201.,BARONE RM,Ginecologia,1947,1947/04/01 00:00,,,
20282243,[Leukemic spleen with twisted pedicle that simulated gynecological disease; splenectomy required].,ZUCKERMANN C,Rev Mex Cir Ginecol Cancer. 1946 Jul;14(7):195-209.,ZUCKERMANN C,"Revista mexicana de cirugia, ginecologia y cancer",1946,1946/07/01 00:00,,,
20996860,[About a case of torsion of the spleen].,"DAUMERIE L, DE KEERLE E",Acta Gastroenterol Belg. 1946 May;9(5):223-36.,DAUMERIE L,Acta gastro-enterologica Belgica,1946,1946/05/01 00:00,,,
20343396,"[Pedicular torsion of a large malarial spleen, with anemia and leukopenia].",DARDILL J,Mem Acad Chir (Paris). 1946 Feb 12-19;72(5-6):138-40.,DARDILL J,Memoires. Academie de chirurgie (France),1946,1946/02/12 00:00,,,
17858221,ACCESSORY SPLEEN IN THE SCROTUM: REVIEW OF LITERATURE ON ECTOPIC SPLEENS AND THEIR ASSOCIATED SURGICAL SIGNIFICANCE.,"Emmett JM, Dreyfuss ML",Ann Surg. 1943 May;117(5):754-9. doi: 10.1097/00000658-194305000-00013.,Emmett JM,Annals of surgery,1943,1943/05/01 00:00,PMC1617653,,10.1097/00000658-194305000-00013
17857547,TORSION OF A WANDERING SPLEEN: COMPLICATED BY DIAPHRAGMATIC HERNIA.,Bohrer JV,Ann Surg. 1940 Mar;111(3):416-26. doi: 10.1097/00000658-194003000-00008.,Bohrer JV,Annals of surgery,1940,1940/03/01 00:00,PMC1387896,,10.1097/00000658-194003000-00008
17857187,PTOSED SPLEEN WITH TORSION OF PEDICLE.,Adkins EH,Ann Surg. 1938 May;107(5):832-5. doi: 10.1097/00000658-193805000-00020.,Adkins EH,Annals of surgery,1938,1938/05/01 00:00,PMC1386950,,10.1097/00000658-193805000-00020
17867068,WANDERING SPLEEN WITH TORSION OF THE PEDICLE.,Abell I,Ann Surg. 1933 Oct;98(4):722-35. doi: 10.1097/00000658-193310000-00020.,Abell I,Annals of surgery,1933,1933/10/01 00:00,PMC1390118,,10.1097/00000658-193310000-00020
17866359,ECTOPIC SPLEEN CAUSING INTESTINAL OBSTRUCTION.,Salvin AA,Ann Surg. 1930 Aug;92(2):263-9. doi: 10.1097/00000658-193008000-00011.,Salvin AA,Annals of surgery,1930,1930/08/01 00:00,PMC1398235,,10.1097/00000658-193008000-00011
29011632,Floating Spleen: Splenectomy: Recovery.,Vaidya JB,Ind Med Gaz. 1928 Jul;63(7):390-391.,Vaidya JB,The Indian medical gazette,1928,1928/07/01 00:00,PMC5235753,,
29011143,A Case of Wandering Spleen-Splenectomy.,Vaidya JB,Ind Med Gaz. 1926 Dec;61(12):601-602.,Vaidya JB,The Indian medical gazette,1926,1926/12/01 00:00,PMC5232014,,
29010467,An Enlarged Wandering Spleen Mistaken for an Ovarian Tumour. Splenectomy and Recovery.,Sen JN,Ind Med Gaz. 1925 Dec;60(12):576-577.,Sen JN,The Indian medical gazette,1925,1925/12/01 00:00,PMC5189212,,
17865307,WANDERING SPLEEN WITH TORSION OF ITS PEDICLE.,Sutton JE,Ann Surg. 1925 Aug;82(2):239-45. doi: 10.1097/00000658-192508000-00008.,Sutton JE,Annals of surgery,1925,1925/08/01 00:00,PMC1400139,,10.1097/00000658-192508000-00008
19977511,Enlarged Movable Spleen (Splenoptosis) in a Case of Early Graves's Disease.,Leslie RM,Proc R Soc Med. 1914;7(Clin Sect):107. doi: 10.1177/003591571400700256.,Leslie RM,Proceedings of the Royal Society of Medicine,1914,1914/01/01 00:00,PMC2003044,,10.1177/003591571400700256
17862761,VI. Prolapsed Spleen with Acute Torsion; Splenopexy: With Table of Unreported Cases to Date.,Lahey FH,Ann Surg. 1911 Nov;54(5):612-6. doi: 10.1097/00000658-191111000-00006.,Lahey FH,Annals of surgery,1911,1911/11/01 00:00,PMC1406342,,10.1097/00000658-191111000-00006
17862543,"IX. Wandering Spleen: Report of a Case with Twisted Pedicle, Producing a Tumor in the Pelvis.",Maclaren A,Ann Surg. 1910 Jun;51(6):834-6. doi: 10.1097/00000658-191006000-00009.,Maclaren A,Annals of surgery,1910,1910/06/01 00:00,PMC1406060,,10.1097/00000658-191006000-00009
20763184,DISLOCATED SPLEEN WITH TORSION OF PEDICLE COMPLICATING PREGNANCY: REMOVAL OF SPLEEN: DELIVERY AT TERM.,Meek H,Br Med J. 1907 Apr 20;1(2416):928. doi: 10.1136/bmj.1.2416.928.,Meek H,British medical journal,1907,1907/04/20 00:00,PMC2357262,,10.1136/bmj.1.2416.928
20762437,WANDERING SPLEEN: HAEMORRHAGE WITHIN THE CAPSULE: SPLENECTOMY: RECOVERY.,Childe CP,Br Med J. 1905 Dec 23;2(2347):1631-4. doi: 10.1136/bmj.2.2347.1631.,Childe CP,British medical journal,1905,1905/12/23 00:00,PMC2322483,,10.1136/bmj.2.2347.1631
17861270,I. Splenopexy for Wandering Spleen: With Report of a Case.,Hall JB,Ann Surg. 1903 Apr;37(4):481-5.,Hall JB,Annals of surgery,1903,1903/04/01 00:00,PMC1430942,,
20759267,Successful Removal of an Enlarged and Displaced Spleen.,Power D,Br Med J. 1900 Nov 17;2(2081):1428. doi: 10.1136/bmj.2.2081.1428.,Power D,British medical journal,1900,1900/11/17 00:00,PMC2463992,,10.1136/bmj.2.2081.1428
17860751,"VII. Splenectomy for Floating Spleen, with Twisted Pedicle.",Stone IS,Ann Surg. 1899 Sep;30(3):321-3. doi: 10.1097/00000658-189907000-00027.,Stone IS,Annals of surgery,1899,1899/09/01 00:00,PMC1427297,,10.1097/00000658-189907000-00027
20756735,Remarks on Wandering Spleens: A Paper read before the Medical Society of London.,Sutton JB,Br Med J. 1897 Jan 16;1(1881):132-3. doi: 10.1136/bmj.1.1881.132.,Sutton JB,British medical journal,1897,1897/01/16 00:00,PMC2432741,,10.1136/bmj.1.1881.132
29001651,Pathology and Bacteriology-Non-Alcoholic Cirrhosis of the Liver by Auto-Intoxication of Gastro - Intestinal Origin - Floating Spleen with Twisted Pedicle-Influence of Atmospheric Pressure on the Prevalence of Pneumonia - Bacteriology of Diphtheria.,Drury FJ,Ind Med Gaz. 1894 Nov;29(11):433-435.,Drury FJ,The Indian medical gazette,1894,1894/11/01 00:00,PMC5197398,,
29000518,Hypertrophied Wandering Spleen with Ascites. Treatment. Recovery.,Fink GH,Ind Med Gaz. 1890 Nov;25(11):334.,Fink GH,The Indian medical gazette,1890,1890/11/01 00:00,PMC5149322,,
