reason,source_a,id_a,year_a,author_a,source_b,id_b,year_b,author_b,title
"same title, different author",PubMed,42273556,2026,zhang,PubMed,33207096,2020,wester,Wandering spleen.
"same title, different author",PubMed,42273556,2026,zhang,PubMed,28774572,2018,ayyildiz,Wandering spleen.
"same title, different author",PubMed,42273556,2026,zhang,PubMed,24656146,2014,richman,Wandering spleen.
"same title, different author",PubMed,42273556,2026,zhang,PubMed,23608015,2013,nielsen,Wandering spleen.
"same title, different author",PubMed,42273556,2026,zhang,PubMed,16109253,2005,burcharth,Wandering spleen.
"same title, different author",PubMed,42273556,2026,zhang,PubMed,14758389,2004,al-mashat,Wandering spleen.
"same title, different author",PubMed,42273556,2026,zhang,PubMed,14710296,2003,abba,Wandering spleen.
"same title, different author",PubMed,42273556,2026,zhang,PubMed,19861821,2004,qazi,Wandering spleen.
"same title, different author",PubMed,42273556,2026,zhang,PubMed,12962451,2003,dutta,Wandering spleen.
"same title, different author",PubMed,42273556,2026,zhang,PubMed,3815017,1987,phillips,Wandering spleen.
"same title, different author",PubMed,42273556,2026,zhang,PubMed,6631794,1983,zakaria,Wandering spleen.
"same title, different author",PubMed,42273556,2026,zhang,PubMed,7247110,1981,lewis,Wandering spleen.
"same title, different author",PubMed,42273556,2026,zhang,PubMed,7230075,1981,koppikar,Wandering spleen.
"same title, different author",PubMed,42273556,2026,zhang,PubMed,5762896,1969,crosett,Wandering spleen.
"same title, different author",PubMed,42273556,2026,zhang,PubMed,13907512,1961,hinck,Wandering spleen.
"same title, different author",PubMed,42273556,2026,zhang,PubMed,18143686,1949,lotfy,Wandering spleen.
"same title, different author",PubMed,42273556,2026,zhang,WoS,WOS:000189278600021,2004,al-mashat,Wandering spleen.
"same title, different author",PubMed,42273556,2026,zhang,WoS,WOS:000595304400014,2020,wester,Wandering spleen.
"same title, different author",PubMed,42273556,2026,zhang,WoS,WOS:000333661300020,2014,richman,Wandering spleen.
"same title, different author",PubMed,42273556,2026,zhang,WoS,WOS:000188701300027,2003,abba,Wandering spleen.
"same title, different author",PubMed,42273556,2026,zhang,WoS,WOS:000427818200009,2018,ayyildiz,Wandering spleen.
"same title, different author",PubMed,42273556,2026,zhang,WoS,WOS:000184035000026,2003,granel,Wandering spleen.
"same title, different author",PubMed,42273556,2026,zhang,Scopus,85056100100,2018,holzgreve,Wandering spleen.
"same title, different author",PubMed,42273556,2026,zhang,Scopus,85026372347,2018,ayyildiz,Wandering spleen.
"same title, different author",PubMed,42273556,2026,zhang,Scopus,85096407930,2020,wester,Wandering spleen.
"same title, different author",PubMed,42273556,2026,zhang,Scopus,84897014945,2014,richman,Wandering spleen.
"same title, different author",PubMed,42273556,2026,zhang,Scopus,33749497050,2006,delgado,Wandering spleen.
"same title, different author",PubMed,42273556,2026,zhang,Scopus,1242286142,2004,fakler,Wandering spleen.
"same title, different author",PubMed,42273556,2026,zhang,Scopus,0347597809,2003,abba,Wandering spleen.
"same title, different author",PubMed,42273556,2026,zhang,Scopus,8644241739,2004,fakler,Wandering spleen.
"same title, different author",PubMed,42273556,2026,zhang,Scopus,1342268293,2004,al-mashat,Wandering spleen.
"same title, different author",PubMed,42273556,2026,zhang,Scopus,0036819787,2002,memon,Wandering spleen.
"same title, different author",PubMed,42273556,2026,zhang,Scopus,0021917360,1985,riebel,Wandering spleen.
"same title, different author",PubMed,42273556,2026,zhang,Scopus,0014446724,1969,crosett,Wandering spleen.
"same title, different author",PubMed,42273556,2026,zhang,Scopus,0025210615,1990,allen,Wandering spleen.
"same title, different author",PubMed,42273556,2026,zhang,Scopus,0012412464,1961,hinck,Wandering spleen.
"same title, different author",PubMed,42273556,2026,zhang,Scopus,0020794864,1983,zakaria,Wandering spleen.
"same title, different author",PubMed,42273556,2026,zhang,Scopus,0019435381,1981,lewis,Wandering spleen.
"same title, different author",PubMed,42273556,2026,zhang,Scopus,0023099975,1987,phillips,Wandering spleen.
"same title, different author",PubMed,42273556,2026,zhang,Scopus,0019398015,1981,koppikar,Wandering spleen.
"same title, different author",PubMed,42273556,2026,zhang,Scopus,0022333323,1985,fremond,Wandering spleen.
"same title, different author",PubMed,42273556,2026,zhang,Scopus,84965250929,1952,ward,Wandering spleen.
"same title, different author",PubMed,42273556,2026,zhang,Scopus,84965255155,1952,wyile,Wandering spleen.
"same title, different author",PubMed,42273556,2026,zhang,Scopus,84958279945,1949,lotfy,Wandering spleen.
"same title, different author",PubMed,33207096,2020,wester,PubMed,28774572,2018,ayyildiz,Wandering Spleen.
"same title, different author",PubMed,33207096,2020,wester,PubMed,24656146,2014,richman,Wandering Spleen.
"same title, different author",PubMed,33207096,2020,wester,PubMed,23608015,2013,nielsen,Wandering Spleen.
"same title, different author",PubMed,33207096,2020,wester,PubMed,16109253,2005,burcharth,Wandering Spleen.
"same title, different author",PubMed,33207096,2020,wester,PubMed,14758389,2004,al-mashat,Wandering Spleen.
"same title, different author",PubMed,33207096,2020,wester,PubMed,14710296,2003,abba,Wandering Spleen.
"same title, different author",PubMed,33207096,2020,wester,PubMed,19861821,2004,qazi,Wandering Spleen.
"same title, different author",PubMed,33207096,2020,wester,PubMed,12962451,2003,dutta,Wandering Spleen.
"same title, different author",PubMed,33207096,2020,wester,PubMed,3815017,1987,phillips,Wandering Spleen.
"same title, different author",PubMed,33207096,2020,wester,PubMed,6631794,1983,zakaria,Wandering Spleen.
"same title, different author",PubMed,33207096,2020,wester,PubMed,7247110,1981,lewis,Wandering Spleen.
"same title, different author",PubMed,33207096,2020,wester,PubMed,7230075,1981,koppikar,Wandering Spleen.
"same title, different author",PubMed,33207096,2020,wester,PubMed,5762896,1969,crosett,Wandering Spleen.
"same title, different author",PubMed,33207096,2020,wester,PubMed,13907512,1961,hinck,Wandering Spleen.
"same title, different author",PubMed,33207096,2020,wester,PubMed,18143686,1949,lotfy,Wandering Spleen.
"same title, different author",PubMed,33207096,2020,wester,WoS,WOS:000189278600021,2004,al-mashat,Wandering Spleen.
"same title, different author",PubMed,33207096,2020,wester,WoS,WOS:001793220700001,2026,zhang,Wandering Spleen.
"same title, different author",PubMed,33207096,2020,wester,WoS,WOS:000333661300020,2014,richman,Wandering Spleen.
"same title, different author",PubMed,33207096,2020,wester,WoS,WOS:000188701300027,2003,abba,Wandering Spleen.
"same title, different author",PubMed,33207096,2020,wester,WoS,WOS:000427818200009,2018,ayyildiz,Wandering Spleen.
"same title, different author",PubMed,33207096,2020,wester,WoS,WOS:000184035000026,2003,granel,Wandering Spleen.
"same title, different author",PubMed,33207096,2020,wester,Scopus,85056100100,2018,holzgreve,Wandering Spleen.
"same title, different author",PubMed,33207096,2020,wester,Scopus,85026372347,2018,ayyildiz,Wandering Spleen.
"same title, different author",PubMed,33207096,2020,wester,Scopus,84897014945,2014,richman,Wandering Spleen.
"same title, different author",PubMed,33207096,2020,wester,Scopus,33749497050,2006,delgado,Wandering Spleen.
"same title, different author",PubMed,33207096,2020,wester,Scopus,1242286142,2004,fakler,Wandering Spleen.
"same title, different author",PubMed,33207096,2020,wester,Scopus,0347597809,2003,abba,Wandering Spleen.
"same title, different author",PubMed,33207096,2020,wester,Scopus,8644241739,2004,fakler,Wandering Spleen.
"same title, different author",PubMed,33207096,2020,wester,Scopus,1342268293,2004,al-mashat,Wandering Spleen.
"same title, different author",PubMed,33207096,2020,wester,Scopus,0036819787,2002,memon,Wandering Spleen.
"same title, different author",PubMed,33207096,2020,wester,Scopus,0021917360,1985,riebel,Wandering Spleen.
"same title, different author",PubMed,33207096,2020,wester,Scopus,0014446724,1969,crosett,Wandering Spleen.
"same title, different author",PubMed,33207096,2020,wester,Scopus,0025210615,1990,allen,Wandering Spleen.
"same title, different author",PubMed,33207096,2020,wester,Scopus,0012412464,1961,hinck,Wandering Spleen.
"same title, different author",PubMed,33207096,2020,wester,Scopus,0020794864,1983,zakaria,Wandering Spleen.
"same title, different author",PubMed,33207096,2020,wester,Scopus,0019435381,1981,lewis,Wandering Spleen.
"same title, different author",PubMed,33207096,2020,wester,Scopus,0023099975,1987,phillips,Wandering Spleen.
"same title, different author",PubMed,33207096,2020,wester,Scopus,0019398015,1981,koppikar,Wandering Spleen.
"same title, different author",PubMed,33207096,2020,wester,Scopus,0022333323,1985,fremond,Wandering Spleen.
"same title, different author",PubMed,33207096,2020,wester,Scopus,84965250929,1952,ward,Wandering Spleen.
"same title, different author",PubMed,33207096,2020,wester,Scopus,84965255155,1952,wyile,Wandering Spleen.
"same title, different author",PubMed,33207096,2020,wester,Scopus,84958279945,1949,lotfy,Wandering Spleen.
"same title, different author",PubMed,28774572,2018,ayyildiz,PubMed,24656146,2014,richman,Wandering spleen.
"same title, different author",PubMed,28774572,2018,ayyildiz,PubMed,23608015,2013,nielsen,Wandering spleen.
"same title, different author",PubMed,28774572,2018,ayyildiz,PubMed,16109253,2005,burcharth,Wandering spleen.
"same title, different author",PubMed,28774572,2018,ayyildiz,PubMed,14758389,2004,al-mashat,Wandering spleen.
"same title, different author",PubMed,28774572,2018,ayyildiz,PubMed,14710296,2003,abba,Wandering spleen.
"same title, different author",PubMed,28774572,2018,ayyildiz,PubMed,19861821,2004,qazi,Wandering spleen.
"same title, different author",PubMed,28774572,2018,ayyildiz,PubMed,12962451,2003,dutta,Wandering spleen.
"same title, different author",PubMed,28774572,2018,ayyildiz,PubMed,3815017,1987,phillips,Wandering spleen.
"same title, different author",PubMed,28774572,2018,ayyildiz,PubMed,6631794,1983,zakaria,Wandering spleen.
"same title, different author",PubMed,28774572,2018,ayyildiz,PubMed,7247110,1981,lewis,Wandering spleen.
"same title, different author",PubMed,28774572,2018,ayyildiz,PubMed,7230075,1981,koppikar,Wandering spleen.
"same title, different author",PubMed,28774572,2018,ayyildiz,PubMed,5762896,1969,crosett,Wandering spleen.
"same title, different author",PubMed,28774572,2018,ayyildiz,PubMed,13907512,1961,hinck,Wandering spleen.
"same title, different author",PubMed,28774572,2018,ayyildiz,PubMed,18143686,1949,lotfy,Wandering spleen.
"same title, different author",PubMed,28774572,2018,ayyildiz,WoS,WOS:000189278600021,2004,al-mashat,Wandering spleen.
"same title, different author",PubMed,28774572,2018,ayyildiz,WoS,WOS:001793220700001,2026,zhang,Wandering spleen.
"same title, different author",PubMed,28774572,2018,ayyildiz,WoS,WOS:000595304400014,2020,wester,Wandering spleen.
"same title, different author",PubMed,28774572,2018,ayyildiz,WoS,WOS:000333661300020,2014,richman,Wandering spleen.
"same title, different author",PubMed,28774572,2018,ayyildiz,WoS,WOS:000188701300027,2003,abba,Wandering spleen.
"same title, different author",PubMed,28774572,2018,ayyildiz,WoS,WOS:000184035000026,2003,granel,Wandering spleen.
"same title, different author",PubMed,28774572,2018,ayyildiz,Scopus,85056100100,2018,holzgreve,Wandering spleen.
"same title, different author",PubMed,28774572,2018,ayyildiz,Scopus,85096407930,2020,wester,Wandering spleen.
"same title, different author",PubMed,28774572,2018,ayyildiz,Scopus,84897014945,2014,richman,Wandering spleen.
"same title, different author",PubMed,28774572,2018,ayyildiz,Scopus,33749497050,2006,delgado,Wandering spleen.
"same title, different author",PubMed,28774572,2018,ayyildiz,Scopus,1242286142,2004,fakler,Wandering spleen.
"same title, different author",PubMed,28774572,2018,ayyildiz,Scopus,0347597809,2003,abba,Wandering spleen.
"same title, different author",PubMed,28774572,2018,ayyildiz,Scopus,8644241739,2004,fakler,Wandering spleen.
"same title, different author",PubMed,28774572,2018,ayyildiz,Scopus,1342268293,2004,al-mashat,Wandering spleen.
"same title, different author",PubMed,28774572,2018,ayyildiz,Scopus,0036819787,2002,memon,Wandering spleen.
"same title, different author",PubMed,28774572,2018,ayyildiz,Scopus,0021917360,1985,riebel,Wandering spleen.
"same title, different author",PubMed,28774572,2018,ayyildiz,Scopus,0014446724,1969,crosett,Wandering spleen.
"same title, different author",PubMed,28774572,2018,ayyildiz,Scopus,0025210615,1990,allen,Wandering spleen.
"same title, different author",PubMed,28774572,2018,ayyildiz,Scopus,0012412464,1961,hinck,Wandering spleen.
"same title, different author",PubMed,28774572,2018,ayyildiz,Scopus,0020794864,1983,zakaria,Wandering spleen.
"same title, different author",PubMed,28774572,2018,ayyildiz,Scopus,0019435381,1981,lewis,Wandering spleen.
"same title, different author",PubMed,28774572,2018,ayyildiz,Scopus,0023099975,1987,phillips,Wandering spleen.
"same title, different author",PubMed,28774572,2018,ayyildiz,Scopus,0019398015,1981,koppikar,Wandering spleen.
"same title, different author",PubMed,28774572,2018,ayyildiz,Scopus,0022333323,1985,fremond,Wandering spleen.
"same title, different author",PubMed,28774572,2018,ayyildiz,Scopus,84965250929,1952,ward,Wandering spleen.
"same title, different author",PubMed,28774572,2018,ayyildiz,Scopus,84965255155,1952,wyile,Wandering spleen.
"same title, different author",PubMed,28774572,2018,ayyildiz,Scopus,84958279945,1949,lotfy,Wandering spleen.
"same title, different author",PubMed,24656146,2014,richman,PubMed,23608015,2013,nielsen,Wandering spleen.
"same title, different author",PubMed,24656146,2014,richman,PubMed,16109253,2005,burcharth,Wandering spleen.
"same title, different author",PubMed,24656146,2014,richman,PubMed,14758389,2004,al-mashat,Wandering spleen.
"same title, different author",PubMed,24656146,2014,richman,PubMed,14710296,2003,abba,Wandering spleen.
"same title, different author",PubMed,24656146,2014,richman,PubMed,19861821,2004,qazi,Wandering spleen.
"same title, different author",PubMed,24656146,2014,richman,PubMed,12962451,2003,dutta,Wandering spleen.
"same title, different author",PubMed,24656146,2014,richman,PubMed,3815017,1987,phillips,Wandering spleen.
"same title, different author",PubMed,24656146,2014,richman,PubMed,6631794,1983,zakaria,Wandering spleen.
"same title, different author",PubMed,24656146,2014,richman,PubMed,7247110,1981,lewis,Wandering spleen.
"same title, different author",PubMed,24656146,2014,richman,PubMed,7230075,1981,koppikar,Wandering spleen.
"same title, different author",PubMed,24656146,2014,richman,PubMed,5762896,1969,crosett,Wandering spleen.
"same title, different author",PubMed,24656146,2014,richman,PubMed,13907512,1961,hinck,Wandering spleen.
"same title, different author",PubMed,24656146,2014,richman,PubMed,18143686,1949,lotfy,Wandering spleen.
"same title, different author",PubMed,24656146,2014,richman,WoS,WOS:000189278600021,2004,al-mashat,Wandering spleen.
"same title, different author",PubMed,24656146,2014,richman,WoS,WOS:001793220700001,2026,zhang,Wandering spleen.
"same title, different author",PubMed,24656146,2014,richman,WoS,WOS:000595304400014,2020,wester,Wandering spleen.
"same title, different author",PubMed,24656146,2014,richman,WoS,WOS:000188701300027,2003,abba,Wandering spleen.
"same title, different author",PubMed,24656146,2014,richman,WoS,WOS:000427818200009,2018,ayyildiz,Wandering spleen.
"same title, different author",PubMed,24656146,2014,richman,WoS,WOS:000184035000026,2003,granel,Wandering spleen.
"same title, different author",PubMed,24656146,2014,richman,Scopus,85056100100,2018,holzgreve,Wandering spleen.
"same title, different author",PubMed,24656146,2014,richman,Scopus,85026372347,2018,ayyildiz,Wandering spleen.
"same title, different author",PubMed,24656146,2014,richman,Scopus,85096407930,2020,wester,Wandering spleen.
"same title, different author",PubMed,24656146,2014,richman,Scopus,33749497050,2006,delgado,Wandering spleen.
"same title, different author",PubMed,24656146,2014,richman,Scopus,1242286142,2004,fakler,Wandering spleen.
"same title, different author",PubMed,24656146,2014,richman,Scopus,0347597809,2003,abba,Wandering spleen.
"same title, different author",PubMed,24656146,2014,richman,Scopus,8644241739,2004,fakler,Wandering spleen.
"same title, different author",PubMed,24656146,2014,richman,Scopus,1342268293,2004,al-mashat,Wandering spleen.
"same title, different author",PubMed,24656146,2014,richman,Scopus,0036819787,2002,memon,Wandering spleen.
"same title, different author",PubMed,24656146,2014,richman,Scopus,0021917360,1985,riebel,Wandering spleen.
"same title, different author",PubMed,24656146,2014,richman,Scopus,0014446724,1969,crosett,Wandering spleen.
"same title, different author",PubMed,24656146,2014,richman,Scopus,0025210615,1990,allen,Wandering spleen.
"same title, different author",PubMed,24656146,2014,richman,Scopus,0012412464,1961,hinck,Wandering spleen.
"same title, different author",PubMed,24656146,2014,richman,Scopus,0020794864,1983,zakaria,Wandering spleen.
"same title, different author",PubMed,24656146,2014,richman,Scopus,0019435381,1981,lewis,Wandering spleen.
"same title, different author",PubMed,24656146,2014,richman,Scopus,0023099975,1987,phillips,Wandering spleen.
"same title, different author",PubMed,24656146,2014,richman,Scopus,0019398015,1981,koppikar,Wandering spleen.
"same title, different author",PubMed,24656146,2014,richman,Scopus,0022333323,1985,fremond,Wandering spleen.
"same title, different author",PubMed,24656146,2014,richman,Scopus,84965250929,1952,ward,Wandering spleen.
"same title, different author",PubMed,24656146,2014,richman,Scopus,84965255155,1952,wyile,Wandering spleen.
"same title, different author",PubMed,24656146,2014,richman,Scopus,84958279945,1949,lotfy,Wandering spleen.
"same title, different author",PubMed,23608015,2013,nielsen,PubMed,16109253,2005,burcharth,[Wandering spleen].
"same title, different author",PubMed,23608015,2013,nielsen,PubMed,14758389,2004,al-mashat,[Wandering spleen].
"same title, different author",PubMed,23608015,2013,nielsen,PubMed,14710296,2003,abba,[Wandering spleen].
"same title, different author",PubMed,23608015,2013,nielsen,PubMed,19861821,2004,qazi,[Wandering spleen].
"same title, different author",PubMed,23608015,2013,nielsen,PubMed,12962451,2003,dutta,[Wandering spleen].
"same title, different author",PubMed,23608015,2013,nielsen,PubMed,3815017,1987,phillips,[Wandering spleen].
"same title, different author",PubMed,23608015,2013,nielsen,PubMed,6631794,1983,zakaria,[Wandering spleen].
"same title, different author",PubMed,23608015,2013,nielsen,PubMed,7247110,1981,lewis,[Wandering spleen].
"same title, different author",PubMed,23608015,2013,nielsen,PubMed,7230075,1981,koppikar,[Wandering spleen].
"same title, different author",PubMed,23608015,2013,nielsen,PubMed,5762896,1969,crosett,[Wandering spleen].
"same title, different author",PubMed,23608015,2013,nielsen,PubMed,13907512,1961,hinck,[Wandering spleen].
"same title, different author",PubMed,23608015,2013,nielsen,PubMed,18143686,1949,lotfy,[Wandering spleen].
"same title, different author",PubMed,23608015,2013,nielsen,WoS,WOS:000189278600021,2004,al-mashat,[Wandering spleen].
"same title, different author",PubMed,23608015,2013,nielsen,WoS,WOS:001793220700001,2026,zhang,[Wandering spleen].
"same title, different author",PubMed,23608015,2013,nielsen,WoS,WOS:000595304400014,2020,wester,[Wandering spleen].
"same title, different author",PubMed,23608015,2013,nielsen,WoS,WOS:000333661300020,2014,richman,[Wandering spleen].
"same title, different author",PubMed,23608015,2013,nielsen,WoS,WOS:000188701300027,2003,abba,[Wandering spleen].
"same title, different author",PubMed,23608015,2013,nielsen,WoS,WOS:000427818200009,2018,ayyildiz,[Wandering spleen].
"same title, different author",PubMed,23608015,2013,nielsen,WoS,WOS:000184035000026,2003,granel,[Wandering spleen].
"same title, different author",PubMed,23608015,2013,nielsen,Scopus,85056100100,2018,holzgreve,[Wandering spleen].
"same title, different author",PubMed,23608015,2013,nielsen,Scopus,85026372347,2018,ayyildiz,[Wandering spleen].
"same title, different author",PubMed,23608015,2013,nielsen,Scopus,85096407930,2020,wester,[Wandering spleen].
"same title, different author",PubMed,23608015,2013,nielsen,Scopus,84897014945,2014,richman,[Wandering spleen].
"same title, different author",PubMed,23608015,2013,nielsen,Scopus,33749497050,2006,delgado,[Wandering spleen].
"same title, different author",PubMed,23608015,2013,nielsen,Scopus,1242286142,2004,fakler,[Wandering spleen].
"same title, different author",PubMed,23608015,2013,nielsen,Scopus,0347597809,2003,abba,[Wandering spleen].
"same title, different author",PubMed,23608015,2013,nielsen,Scopus,8644241739,2004,fakler,[Wandering spleen].
"same title, different author",PubMed,23608015,2013,nielsen,Scopus,1342268293,2004,al-mashat,[Wandering spleen].
"same title, different author",PubMed,23608015,2013,nielsen,Scopus,0036819787,2002,memon,[Wandering spleen].
"same title, different author",PubMed,23608015,2013,nielsen,Scopus,0021917360,1985,riebel,[Wandering spleen].
"same title, different author",PubMed,23608015,2013,nielsen,Scopus,0014446724,1969,crosett,[Wandering spleen].
"same title, different author",PubMed,23608015,2013,nielsen,Scopus,0025210615,1990,allen,[Wandering spleen].
"same title, different author",PubMed,23608015,2013,nielsen,Scopus,0012412464,1961,hinck,[Wandering spleen].
"same title, different author",PubMed,23608015,2013,nielsen,Scopus,0020794864,1983,zakaria,[Wandering spleen].
"same title, different author",PubMed,23608015,2013,nielsen,Scopus,0019435381,1981,lewis,[Wandering spleen].
"same title, different author",PubMed,23608015,2013,nielsen,Scopus,0023099975,1987,phillips,[Wandering spleen].
"same title, different author",PubMed,23608015,2013,nielsen,Scopus,0019398015,1981,koppikar,[Wandering spleen].
"same title, different author",PubMed,23608015,2013,nielsen,Scopus,0022333323,1985,fremond,[Wandering spleen].
"same title, different author",PubMed,23608015,2013,nielsen,Scopus,84965250929,1952,ward,[Wandering spleen].
"same title, different author",PubMed,23608015,2013,nielsen,Scopus,84965255155,1952,wyile,[Wandering spleen].
"same title, different author",PubMed,23608015,2013,nielsen,Scopus,84958279945,1949,lotfy,[Wandering spleen].
"same title, different author",PubMed,16109253,2005,burcharth,PubMed,14758389,2004,al-mashat,[Wandering spleen].
"same title, different author",PubMed,16109253,2005,burcharth,PubMed,14710296,2003,abba,[Wandering spleen].
"same title, different author",PubMed,16109253,2005,burcharth,PubMed,19861821,2004,qazi,[Wandering spleen].
"same title, different author",PubMed,16109253,2005,burcharth,PubMed,12962451,2003,dutta,[Wandering spleen].
"same title, different author",PubMed,16109253,2005,burcharth,PubMed,3815017,1987,phillips,[Wandering spleen].
"same title, different author",PubMed,16109253,2005,burcharth,PubMed,6631794,1983,zakaria,[Wandering spleen].
"same title, different author",PubMed,16109253,2005,burcharth,PubMed,7247110,1981,lewis,[Wandering spleen].
"same title, different author",PubMed,16109253,2005,burcharth,PubMed,7230075,1981,koppikar,[Wandering spleen].
"same title, different author",PubMed,16109253,2005,burcharth,PubMed,5762896,1969,crosett,[Wandering spleen].
"same title, different author",PubMed,16109253,2005,burcharth,PubMed,13907512,1961,hinck,[Wandering spleen].
"same title, different author",PubMed,16109253,2005,burcharth,PubMed,18143686,1949,lotfy,[Wandering spleen].
"same title, different author",PubMed,16109253,2005,burcharth,WoS,WOS:000189278600021,2004,al-mashat,[Wandering spleen].
"same title, different author",PubMed,16109253,2005,burcharth,WoS,WOS:001793220700001,2026,zhang,[Wandering spleen].
"same title, different author",PubMed,16109253,2005,burcharth,WoS,WOS:000595304400014,2020,wester,[Wandering spleen].
"same title, different author",PubMed,16109253,2005,burcharth,WoS,WOS:000333661300020,2014,richman,[Wandering spleen].
"same title, different author",PubMed,16109253,2005,burcharth,WoS,WOS:000188701300027,2003,abba,[Wandering spleen].
"same title, different author",PubMed,16109253,2005,burcharth,WoS,WOS:000427818200009,2018,ayyildiz,[Wandering spleen].
"same title, different author",PubMed,16109253,2005,burcharth,WoS,WOS:000184035000026,2003,granel,[Wandering spleen].
"same title, different author",PubMed,16109253,2005,burcharth,Scopus,85056100100,2018,holzgreve,[Wandering spleen].
"same title, different author",PubMed,16109253,2005,burcharth,Scopus,85026372347,2018,ayyildiz,[Wandering spleen].
"same title, different author",PubMed,16109253,2005,burcharth,Scopus,85096407930,2020,wester,[Wandering spleen].
"same title, different author",PubMed,16109253,2005,burcharth,Scopus,84897014945,2014,richman,[Wandering spleen].
"same title, different author",PubMed,16109253,2005,burcharth,Scopus,33749497050,2006,delgado,[Wandering spleen].
"same title, different author",PubMed,16109253,2005,burcharth,Scopus,1242286142,2004,fakler,[Wandering spleen].
"same title, different author",PubMed,16109253,2005,burcharth,Scopus,0347597809,2003,abba,[Wandering spleen].
"same title, different author",PubMed,16109253,2005,burcharth,Scopus,8644241739,2004,fakler,[Wandering spleen].
"same title, different author",PubMed,16109253,2005,burcharth,Scopus,1342268293,2004,al-mashat,[Wandering spleen].
"same title, different author",PubMed,16109253,2005,burcharth,Scopus,0036819787,2002,memon,[Wandering spleen].
"same title, different author",PubMed,16109253,2005,burcharth,Scopus,0021917360,1985,riebel,[Wandering spleen].
"same title, different author",PubMed,16109253,2005,burcharth,Scopus,0014446724,1969,crosett,[Wandering spleen].
"same title, different author",PubMed,16109253,2005,burcharth,Scopus,0025210615,1990,allen,[Wandering spleen].
"same title, different author",PubMed,16109253,2005,burcharth,Scopus,0012412464,1961,hinck,[Wandering spleen].
"same title, different author",PubMed,16109253,2005,burcharth,Scopus,0020794864,1983,zakaria,[Wandering spleen].
"same title, different author",PubMed,16109253,2005,burcharth,Scopus,0019435381,1981,lewis,[Wandering spleen].
"same title, different author",PubMed,16109253,2005,burcharth,Scopus,0023099975,1987,phillips,[Wandering spleen].
"same title, different author",PubMed,16109253,2005,burcharth,Scopus,0019398015,1981,koppikar,[Wandering spleen].
"same title, different author",PubMed,16109253,2005,burcharth,Scopus,0022333323,1985,fremond,[Wandering spleen].
"same title, different author",PubMed,16109253,2005,burcharth,Scopus,84965250929,1952,ward,[Wandering spleen].
"same title, different author",PubMed,16109253,2005,burcharth,Scopus,84965255155,1952,wyile,[Wandering spleen].
"same title, different author",PubMed,16109253,2005,burcharth,Scopus,84958279945,1949,lotfy,[Wandering spleen].
"same title, different author",PubMed,14758389,2004,al-mashat,PubMed,14710296,2003,abba,Wandering spleen.
"same title, different author",PubMed,14758389,2004,al-mashat,PubMed,19861821,2004,qazi,Wandering spleen.
"same title, different author",PubMed,14758389,2004,al-mashat,PubMed,12962451,2003,dutta,Wandering spleen.
"same title, different author",PubMed,14758389,2004,al-mashat,PubMed,3815017,1987,phillips,Wandering spleen.
"same title, different author",PubMed,14758389,2004,al-mashat,PubMed,6631794,1983,zakaria,Wandering spleen.
"same title, different author",PubMed,14758389,2004,al-mashat,PubMed,7247110,1981,lewis,Wandering spleen.
"same title, different author",PubMed,14758389,2004,al-mashat,PubMed,7230075,1981,koppikar,Wandering spleen.
"same title, different author",PubMed,14758389,2004,al-mashat,PubMed,5762896,1969,crosett,Wandering spleen.
"same title, different author",PubMed,14758389,2004,al-mashat,PubMed,13907512,1961,hinck,Wandering spleen.
"same title, different author",PubMed,14758389,2004,al-mashat,PubMed,18143686,1949,lotfy,Wandering spleen.
"same title, different author",PubMed,14758389,2004,al-mashat,WoS,WOS:001793220700001,2026,zhang,Wandering spleen.
"same title, different author",PubMed,14758389,2004,al-mashat,WoS,WOS:000595304400014,2020,wester,Wandering spleen.
"same title, different author",PubMed,14758389,2004,al-mashat,WoS,WOS:000333661300020,2014,richman,Wandering spleen.
"same title, different author",PubMed,14758389,2004,al-mashat,WoS,WOS:000188701300027,2003,abba,Wandering spleen.
"same title, different author",PubMed,14758389,2004,al-mashat,WoS,WOS:000427818200009,2018,ayyildiz,Wandering spleen.
"same title, different author",PubMed,14758389,2004,al-mashat,WoS,WOS:000184035000026,2003,granel,Wandering spleen.
"same title, different author",PubMed,14758389,2004,al-mashat,Scopus,85056100100,2018,holzgreve,Wandering spleen.
"same title, different author",PubMed,14758389,2004,al-mashat,Scopus,85026372347,2018,ayyildiz,Wandering spleen.
"same title, different author",PubMed,14758389,2004,al-mashat,Scopus,85096407930,2020,wester,Wandering spleen.
"same title, different author",PubMed,14758389,2004,al-mashat,Scopus,84897014945,2014,richman,Wandering spleen.
"same title, different author",PubMed,14758389,2004,al-mashat,Scopus,33749497050,2006,delgado,Wandering spleen.
"same title, different author",PubMed,14758389,2004,al-mashat,Scopus,1242286142,2004,fakler,Wandering spleen.
"same title, different author",PubMed,14758389,2004,al-mashat,Scopus,0347597809,2003,abba,Wandering spleen.
"same title, different author",PubMed,14758389,2004,al-mashat,Scopus,8644241739,2004,fakler,Wandering spleen.
"same title, different author",PubMed,14758389,2004,al-mashat,Scopus,0036819787,2002,memon,Wandering spleen.
"same title, different author",PubMed,14758389,2004,al-mashat,Scopus,0021917360,1985,riebel,Wandering spleen.
"same title, different author",PubMed,14758389,2004,al-mashat,Scopus,0014446724,1969,crosett,Wandering spleen.
"same title, different author",PubMed,14758389,2004,al-mashat,Scopus,0025210615,1990,allen,Wandering spleen.
"same title, different author",PubMed,14758389,2004,al-mashat,Scopus,0012412464,1961,hinck,Wandering spleen.
"same title, different author",PubMed,14758389,2004,al-mashat,Scopus,0020794864,1983,zakaria,Wandering spleen.
"same title, different author",PubMed,14758389,2004,al-mashat,Scopus,0019435381,1981,lewis,Wandering spleen.
"same title, different author",PubMed,14758389,2004,al-mashat,Scopus,0023099975,1987,phillips,Wandering spleen.
"same title, different author",PubMed,14758389,2004,al-mashat,Scopus,0019398015,1981,koppikar,Wandering spleen.
"same title, different author",PubMed,14758389,2004,al-mashat,Scopus,0022333323,1985,fremond,Wandering spleen.
"same title, different author",PubMed,14758389,2004,al-mashat,Scopus,84965250929,1952,ward,Wandering spleen.
"same title, different author",PubMed,14758389,2004,al-mashat,Scopus,84965255155,1952,wyile,Wandering spleen.
"same title, different author",PubMed,14758389,2004,al-mashat,Scopus,84958279945,1949,lotfy,Wandering spleen.
"same title, different author",PubMed,14710296,2003,abba,PubMed,19861821,2004,qazi,Wandering spleen.
"same title, different author",PubMed,14710296,2003,abba,PubMed,12962451,2003,dutta,Wandering spleen.
"same title, different author",PubMed,14710296,2003,abba,PubMed,3815017,1987,phillips,Wandering spleen.
"same title, different author",PubMed,14710296,2003,abba,PubMed,6631794,1983,zakaria,Wandering spleen.
"same title, different author",PubMed,14710296,2003,abba,PubMed,7247110,1981,lewis,Wandering spleen.
"same title, different author",PubMed,14710296,2003,abba,PubMed,7230075,1981,koppikar,Wandering spleen.
"same title, different author",PubMed,14710296,2003,abba,PubMed,5762896,1969,crosett,Wandering spleen.
"same title, different author",PubMed,14710296,2003,abba,PubMed,13907512,1961,hinck,Wandering spleen.
"same title, different author",PubMed,14710296,2003,abba,PubMed,18143686,1949,lotfy,Wandering spleen.
"same title, different author",PubMed,14710296,2003,abba,WoS,WOS:000189278600021,2004,al-mashat,Wandering spleen.
"same title, different author",PubMed,14710296,2003,abba,WoS,WOS:001793220700001,2026,zhang,Wandering spleen.
"same title, different author",PubMed,14710296,2003,abba,WoS,WOS:000595304400014,2020,wester,Wandering spleen.
"same title, different author",PubMed,14710296,2003,abba,WoS,WOS:000333661300020,2014,richman,Wandering spleen.
"same title, different author",PubMed,14710296,2003,abba,WoS,WOS:000427818200009,2018,ayyildiz,Wandering spleen.
"same title, different author",PubMed,14710296,2003,abba,WoS,WOS:000184035000026,2003,granel,Wandering spleen.
"same title, different author",PubMed,14710296,2003,abba,Scopus,85056100100,2018,holzgreve,Wandering spleen.
"same title, different author",PubMed,14710296,2003,abba,Scopus,85026372347,2018,ayyildiz,Wandering spleen.
"same title, different author",PubMed,14710296,2003,abba,Scopus,85096407930,2020,wester,Wandering spleen.
"same title, different author",PubMed,14710296,2003,abba,Scopus,84897014945,2014,richman,Wandering spleen.
"same title, different author",PubMed,14710296,2003,abba,Scopus,33749497050,2006,delgado,Wandering spleen.
"same title, different author",PubMed,14710296,2003,abba,Scopus,1242286142,2004,fakler,Wandering spleen.
"same title, different author",PubMed,14710296,2003,abba,Scopus,8644241739,2004,fakler,Wandering spleen.
"same title, different author",PubMed,14710296,2003,abba,Scopus,1342268293,2004,al-mashat,Wandering spleen.
"same title, different author",PubMed,14710296,2003,abba,Scopus,0036819787,2002,memon,Wandering spleen.
"same title, different author",PubMed,14710296,2003,abba,Scopus,0021917360,1985,riebel,Wandering spleen.
"same title, different author",PubMed,14710296,2003,abba,Scopus,0014446724,1969,crosett,Wandering spleen.
"same title, different author",PubMed,14710296,2003,abba,Scopus,0025210615,1990,allen,Wandering spleen.
"same title, different author",PubMed,14710296,2003,abba,Scopus,0012412464,1961,hinck,Wandering spleen.
"same title, different author",PubMed,14710296,2003,abba,Scopus,0020794864,1983,zakaria,Wandering spleen.
"same title, different author",PubMed,14710296,2003,abba,Scopus,0019435381,1981,lewis,Wandering spleen.
"same title, different author",PubMed,14710296,2003,abba,Scopus,0023099975,1987,phillips,Wandering spleen.
"same title, different author",PubMed,14710296,2003,abba,Scopus,0019398015,1981,koppikar,Wandering spleen.
"same title, different author",PubMed,14710296,2003,abba,Scopus,0022333323,1985,fremond,Wandering spleen.
"same title, different author",PubMed,14710296,2003,abba,Scopus,84965250929,1952,ward,Wandering spleen.
"same title, different author",PubMed,14710296,2003,abba,Scopus,84965255155,1952,wyile,Wandering spleen.
"same title, different author",PubMed,14710296,2003,abba,Scopus,84958279945,1949,lotfy,Wandering spleen.
"same title, different author",PubMed,19861821,2004,qazi,PubMed,12962451,2003,dutta,Wandering spleen.
"same title, different author",PubMed,19861821,2004,qazi,PubMed,3815017,1987,phillips,Wandering spleen.
"same title, different author",PubMed,19861821,2004,qazi,PubMed,6631794,1983,zakaria,Wandering spleen.
"same title, different author",PubMed,19861821,2004,qazi,PubMed,7247110,1981,lewis,Wandering spleen.
"same title, different author",PubMed,19861821,2004,qazi,PubMed,7230075,1981,koppikar,Wandering spleen.
"same title, different author",PubMed,19861821,2004,qazi,PubMed,5762896,1969,crosett,Wandering spleen.
"same title, different author",PubMed,19861821,2004,qazi,PubMed,13907512,1961,hinck,Wandering spleen.
"same title, different author",PubMed,19861821,2004,qazi,PubMed,18143686,1949,lotfy,Wandering spleen.
"same title, different author",PubMed,19861821,2004,qazi,WoS,WOS:000189278600021,2004,al-mashat,Wandering spleen.
"same title, different author",PubMed,19861821,2004,qazi,WoS,WOS:001793220700001,2026,zhang,Wandering spleen.
"same title, different author",PubMed,19861821,2004,qazi,WoS,WOS:000595304400014,2020,wester,Wandering spleen.
"same title, different author",PubMed,19861821,2004,qazi,WoS,WOS:000333661300020,2014,richman,Wandering spleen.
"same title, different author",PubMed,19861821,2004,qazi,WoS,WOS:000188701300027,2003,abba,Wandering spleen.
"same title, different author",PubMed,19861821,2004,qazi,WoS,WOS:000427818200009,2018,ayyildiz,Wandering spleen.
"same title, different author",PubMed,19861821,2004,qazi,WoS,WOS:000184035000026,2003,granel,Wandering spleen.
"same title, different author",PubMed,19861821,2004,qazi,Scopus,85056100100,2018,holzgreve,Wandering spleen.
"same title, different author",PubMed,19861821,2004,qazi,Scopus,85026372347,2018,ayyildiz,Wandering spleen.
"same title, different author",PubMed,19861821,2004,qazi,Scopus,85096407930,2020,wester,Wandering spleen.
"same title, different author",PubMed,19861821,2004,qazi,Scopus,84897014945,2014,richman,Wandering spleen.
"same title, different author",PubMed,19861821,2004,qazi,Scopus,33749497050,2006,delgado,Wandering spleen.
"same title, different author",PubMed,19861821,2004,qazi,Scopus,1242286142,2004,fakler,Wandering spleen.
"same title, different author",PubMed,19861821,2004,qazi,Scopus,0347597809,2003,abba,Wandering spleen.
"same title, different author",PubMed,19861821,2004,qazi,Scopus,8644241739,2004,fakler,Wandering spleen.
"same title, different author",PubMed,19861821,2004,qazi,Scopus,1342268293,2004,al-mashat,Wandering spleen.
"same title, different author",PubMed,19861821,2004,qazi,Scopus,0036819787,2002,memon,Wandering spleen.
"same title, different author",PubMed,19861821,2004,qazi,Scopus,0021917360,1985,riebel,Wandering spleen.
"same title, different author",PubMed,19861821,2004,qazi,Scopus,0014446724,1969,crosett,Wandering spleen.
"same title, different author",PubMed,19861821,2004,qazi,Scopus,0025210615,1990,allen,Wandering spleen.
"same title, different author",PubMed,19861821,2004,qazi,Scopus,0012412464,1961,hinck,Wandering spleen.
"same title, different author",PubMed,19861821,2004,qazi,Scopus,0020794864,1983,zakaria,Wandering spleen.
"same title, different author",PubMed,19861821,2004,qazi,Scopus,0019435381,1981,lewis,Wandering spleen.
"same title, different author",PubMed,19861821,2004,qazi,Scopus,0023099975,1987,phillips,Wandering spleen.
"same title, different author",PubMed,19861821,2004,qazi,Scopus,0019398015,1981,koppikar,Wandering spleen.
"same title, different author",PubMed,19861821,2004,qazi,Scopus,0022333323,1985,fremond,Wandering spleen.
"same title, different author",PubMed,19861821,2004,qazi,Scopus,84965250929,1952,ward,Wandering spleen.
"same title, different author",PubMed,19861821,2004,qazi,Scopus,84965255155,1952,wyile,Wandering spleen.
"same title, different author",PubMed,19861821,2004,qazi,Scopus,84958279945,1949,lotfy,Wandering spleen.
"same title, different author",PubMed,12962451,2003,dutta,PubMed,3815017,1987,phillips,Wandering spleen.
"same title, different author",PubMed,12962451,2003,dutta,PubMed,6631794,1983,zakaria,Wandering spleen.
"same title, different author",PubMed,12962451,2003,dutta,PubMed,7247110,1981,lewis,Wandering spleen.
"same title, different author",PubMed,12962451,2003,dutta,PubMed,7230075,1981,koppikar,Wandering spleen.
"same title, different author",PubMed,12962451,2003,dutta,PubMed,5762896,1969,crosett,Wandering spleen.
"same title, different author",PubMed,12962451,2003,dutta,PubMed,13907512,1961,hinck,Wandering spleen.
"same title, different author",PubMed,12962451,2003,dutta,PubMed,18143686,1949,lotfy,Wandering spleen.
"same title, different author",PubMed,12962451,2003,dutta,WoS,WOS:000189278600021,2004,al-mashat,Wandering spleen.
"same title, different author",PubMed,12962451,2003,dutta,WoS,WOS:001793220700001,2026,zhang,Wandering spleen.
"same title, different author",PubMed,12962451,2003,dutta,WoS,WOS:000595304400014,2020,wester,Wandering spleen.
"same title, different author",PubMed,12962451,2003,dutta,WoS,WOS:000333661300020,2014,richman,Wandering spleen.
"same title, different author",PubMed,12962451,2003,dutta,WoS,WOS:000188701300027,2003,abba,Wandering spleen.
"same title, different author",PubMed,12962451,2003,dutta,WoS,WOS:000427818200009,2018,ayyildiz,Wandering spleen.
"same title, different author",PubMed,12962451,2003,dutta,WoS,WOS:000184035000026,2003,granel,Wandering spleen.
"same title, different author",PubMed,12962451,2003,dutta,Scopus,85056100100,2018,holzgreve,Wandering spleen.
"same title, different author",PubMed,12962451,2003,dutta,Scopus,85026372347,2018,ayyildiz,Wandering spleen.
"same title, different author",PubMed,12962451,2003,dutta,Scopus,85096407930,2020,wester,Wandering spleen.
"same title, different author",PubMed,12962451,2003,dutta,Scopus,84897014945,2014,richman,Wandering spleen.
"same title, different author",PubMed,12962451,2003,dutta,Scopus,33749497050,2006,delgado,Wandering spleen.
"same title, different author",PubMed,12962451,2003,dutta,Scopus,1242286142,2004,fakler,Wandering spleen.
"same title, different author",PubMed,12962451,2003,dutta,Scopus,0347597809,2003,abba,Wandering spleen.
"same title, different author",PubMed,12962451,2003,dutta,Scopus,8644241739,2004,fakler,Wandering spleen.
"same title, different author",PubMed,12962451,2003,dutta,Scopus,1342268293,2004,al-mashat,Wandering spleen.
"same title, different author",PubMed,12962451,2003,dutta,Scopus,0036819787,2002,memon,Wandering spleen.
"same title, different author",PubMed,12962451,2003,dutta,Scopus,0021917360,1985,riebel,Wandering spleen.
"same title, different author",PubMed,12962451,2003,dutta,Scopus,0014446724,1969,crosett,Wandering spleen.
"same title, different author",PubMed,12962451,2003,dutta,Scopus,0025210615,1990,allen,Wandering spleen.
"same title, different author",PubMed,12962451,2003,dutta,Scopus,0012412464,1961,hinck,Wandering spleen.
"same title, different author",PubMed,12962451,2003,dutta,Scopus,0020794864,1983,zakaria,Wandering spleen.
"same title, different author",PubMed,12962451,2003,dutta,Scopus,0019435381,1981,lewis,Wandering spleen.
"same title, different author",PubMed,12962451,2003,dutta,Scopus,0023099975,1987,phillips,Wandering spleen.
"same title, different author",PubMed,12962451,2003,dutta,Scopus,0019398015,1981,koppikar,Wandering spleen.
"same title, different author",PubMed,12962451,2003,dutta,Scopus,0022333323,1985,fremond,Wandering spleen.
"same title, different author",PubMed,12962451,2003,dutta,Scopus,84965250929,1952,ward,Wandering spleen.
"same title, different author",PubMed,12962451,2003,dutta,Scopus,84965255155,1952,wyile,Wandering spleen.
"same title, different author",PubMed,12962451,2003,dutta,Scopus,84958279945,1949,lotfy,Wandering spleen.
"same title, different author",PubMed,3815017,1987,phillips,PubMed,6631794,1983,zakaria,Wandering spleen.
"same title, different author",PubMed,3815017,1987,phillips,PubMed,7247110,1981,lewis,Wandering spleen.
"same title, different author",PubMed,3815017,1987,phillips,PubMed,7230075,1981,koppikar,Wandering spleen.
"same title, different author",PubMed,3815017,1987,phillips,PubMed,5762896,1969,crosett,Wandering spleen.
"same title, different author",PubMed,3815017,1987,phillips,PubMed,13907512,1961,hinck,Wandering spleen.
"same title, different author",PubMed,3815017,1987,phillips,PubMed,18143686,1949,lotfy,Wandering spleen.
"same title, different author",PubMed,3815017,1987,phillips,WoS,WOS:000189278600021,2004,al-mashat,Wandering spleen.
"same title, different author",PubMed,3815017,1987,phillips,WoS,WOS:001793220700001,2026,zhang,Wandering spleen.
"same title, different author",PubMed,3815017,1987,phillips,WoS,WOS:000595304400014,2020,wester,Wandering spleen.
"same title, different author",PubMed,3815017,1987,phillips,WoS,WOS:000333661300020,2014,richman,Wandering spleen.
"same title, different author",PubMed,3815017,1987,phillips,WoS,WOS:000188701300027,2003,abba,Wandering spleen.
"same title, different author",PubMed,3815017,1987,phillips,WoS,WOS:000427818200009,2018,ayyildiz,Wandering spleen.
"same title, different author",PubMed,3815017,1987,phillips,WoS,WOS:000184035000026,2003,granel,Wandering spleen.
"same title, different author",PubMed,3815017,1987,phillips,Scopus,85056100100,2018,holzgreve,Wandering spleen.
"same title, different author",PubMed,3815017,1987,phillips,Scopus,85026372347,2018,ayyildiz,Wandering spleen.
"same title, different author",PubMed,3815017,1987,phillips,Scopus,85096407930,2020,wester,Wandering spleen.
"same title, different author",PubMed,3815017,1987,phillips,Scopus,84897014945,2014,richman,Wandering spleen.
"same title, different author",PubMed,3815017,1987,phillips,Scopus,33749497050,2006,delgado,Wandering spleen.
"same title, different author",PubMed,3815017,1987,phillips,Scopus,1242286142,2004,fakler,Wandering spleen.
"same title, different author",PubMed,3815017,1987,phillips,Scopus,0347597809,2003,abba,Wandering spleen.
"same title, different author",PubMed,3815017,1987,phillips,Scopus,8644241739,2004,fakler,Wandering spleen.
"same title, different author",PubMed,3815017,1987,phillips,Scopus,1342268293,2004,al-mashat,Wandering spleen.
"same title, different author",PubMed,3815017,1987,phillips,Scopus,0036819787,2002,memon,Wandering spleen.
"same title, different author",PubMed,3815017,1987,phillips,Scopus,0021917360,1985,riebel,Wandering spleen.
"same title, different author",PubMed,3815017,1987,phillips,Scopus,0014446724,1969,crosett,Wandering spleen.
"same title, different author",PubMed,3815017,1987,phillips,Scopus,0025210615,1990,allen,Wandering spleen.
"same title, different author",PubMed,3815017,1987,phillips,Scopus,0012412464,1961,hinck,Wandering spleen.
"same title, different author",PubMed,3815017,1987,phillips,Scopus,0020794864,1983,zakaria,Wandering spleen.
"same title, different author",PubMed,3815017,1987,phillips,Scopus,0019435381,1981,lewis,Wandering spleen.
"same title, different author",PubMed,3815017,1987,phillips,Scopus,0019398015,1981,koppikar,Wandering spleen.
"same title, different author",PubMed,3815017,1987,phillips,Scopus,0022333323,1985,fremond,Wandering spleen.
"same title, different author",PubMed,3815017,1987,phillips,Scopus,84965250929,1952,ward,Wandering spleen.
"same title, different author",PubMed,3815017,1987,phillips,Scopus,84965255155,1952,wyile,Wandering spleen.
"same title, different author",PubMed,3815017,1987,phillips,Scopus,84958279945,1949,lotfy,Wandering spleen.
"same title, different author",PubMed,6631794,1983,zakaria,PubMed,7247110,1981,lewis,Wandering spleen.
"same title, different author",PubMed,6631794,1983,zakaria,PubMed,7230075,1981,koppikar,Wandering spleen.
"same title, different author",PubMed,6631794,1983,zakaria,PubMed,5762896,1969,crosett,Wandering spleen.
"same title, different author",PubMed,6631794,1983,zakaria,PubMed,13907512,1961,hinck,Wandering spleen.
"same title, different author",PubMed,6631794,1983,zakaria,PubMed,18143686,1949,lotfy,Wandering spleen.
"same title, different author",PubMed,6631794,1983,zakaria,WoS,WOS:000189278600021,2004,al-mashat,Wandering spleen.
"same title, different author",PubMed,6631794,1983,zakaria,WoS,WOS:001793220700001,2026,zhang,Wandering spleen.
"same title, different author",PubMed,6631794,1983,zakaria,WoS,WOS:000595304400014,2020,wester,Wandering spleen.
"same title, different author",PubMed,6631794,1983,zakaria,WoS,WOS:000333661300020,2014,richman,Wandering spleen.
"same title, different author",PubMed,6631794,1983,zakaria,WoS,WOS:000188701300027,2003,abba,Wandering spleen.
"same title, different author",PubMed,6631794,1983,zakaria,WoS,WOS:000427818200009,2018,ayyildiz,Wandering spleen.
"same title, different author",PubMed,6631794,1983,zakaria,WoS,WOS:000184035000026,2003,granel,Wandering spleen.
"same title, different author",PubMed,6631794,1983,zakaria,Scopus,85056100100,2018,holzgreve,Wandering spleen.
"same title, different author",PubMed,6631794,1983,zakaria,Scopus,85026372347,2018,ayyildiz,Wandering spleen.
"same title, different author",PubMed,6631794,1983,zakaria,Scopus,85096407930,2020,wester,Wandering spleen.
"same title, different author",PubMed,6631794,1983,zakaria,Scopus,84897014945,2014,richman,Wandering spleen.
"same title, different author",PubMed,6631794,1983,zakaria,Scopus,33749497050,2006,delgado,Wandering spleen.
"same title, different author",PubMed,6631794,1983,zakaria,Scopus,1242286142,2004,fakler,Wandering spleen.
"same title, different author",PubMed,6631794,1983,zakaria,Scopus,0347597809,2003,abba,Wandering spleen.
"same title, different author",PubMed,6631794,1983,zakaria,Scopus,8644241739,2004,fakler,Wandering spleen.
"same title, different author",PubMed,6631794,1983,zakaria,Scopus,1342268293,2004,al-mashat,Wandering spleen.
"same title, different author",PubMed,6631794,1983,zakaria,Scopus,0036819787,2002,memon,Wandering spleen.
"same title, different author",PubMed,6631794,1983,zakaria,Scopus,0021917360,1985,riebel,Wandering spleen.
"same title, different author",PubMed,6631794,1983,zakaria,Scopus,0014446724,1969,crosett,Wandering spleen.
"same title, different author",PubMed,6631794,1983,zakaria,Scopus,0025210615,1990,allen,Wandering spleen.
"same title, different author",PubMed,6631794,1983,zakaria,Scopus,0012412464,1961,hinck,Wandering spleen.
"same title, different author",PubMed,6631794,1983,zakaria,Scopus,0019435381,1981,lewis,Wandering spleen.
"same title, different author",PubMed,6631794,1983,zakaria,Scopus,0023099975,1987,phillips,Wandering spleen.
"same title, different author",PubMed,6631794,1983,zakaria,Scopus,0019398015,1981,koppikar,Wandering spleen.
"same title, different author",PubMed,6631794,1983,zakaria,Scopus,0022333323,1985,fremond,Wandering spleen.
"same title, different author",PubMed,6631794,1983,zakaria,Scopus,84965250929,1952,ward,Wandering spleen.
"same title, different author",PubMed,6631794,1983,zakaria,Scopus,84965255155,1952,wyile,Wandering spleen.
"same title, different author",PubMed,6631794,1983,zakaria,Scopus,84958279945,1949,lotfy,Wandering spleen.
"same title, different author",PubMed,7247110,1981,lewis,PubMed,7230075,1981,koppikar,Wandering spleen.
"same title, different author",PubMed,7247110,1981,lewis,PubMed,5762896,1969,crosett,Wandering spleen.
"same title, different author",PubMed,7247110,1981,lewis,PubMed,13907512,1961,hinck,Wandering spleen.
"same title, different author",PubMed,7247110,1981,lewis,PubMed,18143686,1949,lotfy,Wandering spleen.
"same title, different author",PubMed,7247110,1981,lewis,WoS,WOS:000189278600021,2004,al-mashat,Wandering spleen.
"same title, different author",PubMed,7247110,1981,lewis,WoS,WOS:001793220700001,2026,zhang,Wandering spleen.
"same title, different author",PubMed,7247110,1981,lewis,WoS,WOS:000595304400014,2020,wester,Wandering spleen.
"same title, different author",PubMed,7247110,1981,lewis,WoS,WOS:000333661300020,2014,richman,Wandering spleen.
"same title, different author",PubMed,7247110,1981,lewis,WoS,WOS:000188701300027,2003,abba,Wandering spleen.
"same title, different author",PubMed,7247110,1981,lewis,WoS,WOS:000427818200009,2018,ayyildiz,Wandering spleen.
"same title, different author",PubMed,7247110,1981,lewis,WoS,WOS:000184035000026,2003,granel,Wandering spleen.
"same title, different author",PubMed,7247110,1981,lewis,Scopus,85056100100,2018,holzgreve,Wandering spleen.
"same title, different author",PubMed,7247110,1981,lewis,Scopus,85026372347,2018,ayyildiz,Wandering spleen.
"same title, different author",PubMed,7247110,1981,lewis,Scopus,85096407930,2020,wester,Wandering spleen.
"same title, different author",PubMed,7247110,1981,lewis,Scopus,84897014945,2014,richman,Wandering spleen.
"same title, different author",PubMed,7247110,1981,lewis,Scopus,33749497050,2006,delgado,Wandering spleen.
"same title, different author",PubMed,7247110,1981,lewis,Scopus,1242286142,2004,fakler,Wandering spleen.
"same title, different author",PubMed,7247110,1981,lewis,Scopus,0347597809,2003,abba,Wandering spleen.
"same title, different author",PubMed,7247110,1981,lewis,Scopus,8644241739,2004,fakler,Wandering spleen.
"same title, different author",PubMed,7247110,1981,lewis,Scopus,1342268293,2004,al-mashat,Wandering spleen.
"same title, different author",PubMed,7247110,1981,lewis,Scopus,0036819787,2002,memon,Wandering spleen.
"same title, different author",PubMed,7247110,1981,lewis,Scopus,0021917360,1985,riebel,Wandering spleen.
"same title, different author",PubMed,7247110,1981,lewis,Scopus,0014446724,1969,crosett,Wandering spleen.
"same title, different author",PubMed,7247110,1981,lewis,Scopus,0025210615,1990,allen,Wandering spleen.
"same title, different author",PubMed,7247110,1981,lewis,Scopus,0012412464,1961,hinck,Wandering spleen.
"same title, different author",PubMed,7247110,1981,lewis,Scopus,0020794864,1983,zakaria,Wandering spleen.
"same title, different author",PubMed,7247110,1981,lewis,Scopus,0023099975,1987,phillips,Wandering spleen.
"same title, different author",PubMed,7247110,1981,lewis,Scopus,0019398015,1981,koppikar,Wandering spleen.
"same title, different author",PubMed,7247110,1981,lewis,Scopus,0022333323,1985,fremond,Wandering spleen.
"same title, different author",PubMed,7247110,1981,lewis,Scopus,84965250929,1952,ward,Wandering spleen.
"same title, different author",PubMed,7247110,1981,lewis,Scopus,84965255155,1952,wyile,Wandering spleen.
"same title, different author",PubMed,7247110,1981,lewis,Scopus,84958279945,1949,lotfy,Wandering spleen.
"same title, different author",PubMed,7230075,1981,koppikar,PubMed,5762896,1969,crosett,Wandering spleen.
"same title, different author",PubMed,7230075,1981,koppikar,PubMed,13907512,1961,hinck,Wandering spleen.
"same title, different author",PubMed,7230075,1981,koppikar,PubMed,18143686,1949,lotfy,Wandering spleen.
"same title, different author",PubMed,7230075,1981,koppikar,WoS,WOS:000189278600021,2004,al-mashat,Wandering spleen.
"same title, different author",PubMed,7230075,1981,koppikar,WoS,WOS:001793220700001,2026,zhang,Wandering spleen.
"same title, different author",PubMed,7230075,1981,koppikar,WoS,WOS:000595304400014,2020,wester,Wandering spleen.
"same title, different author",PubMed,7230075,1981,koppikar,WoS,WOS:000333661300020,2014,richman,Wandering spleen.
"same title, different author",PubMed,7230075,1981,koppikar,WoS,WOS:000188701300027,2003,abba,Wandering spleen.
"same title, different author",PubMed,7230075,1981,koppikar,WoS,WOS:000427818200009,2018,ayyildiz,Wandering spleen.
"same title, different author",PubMed,7230075,1981,koppikar,WoS,WOS:000184035000026,2003,granel,Wandering spleen.
"same title, different author",PubMed,7230075,1981,koppikar,Scopus,85056100100,2018,holzgreve,Wandering spleen.
"same title, different author",PubMed,7230075,1981,koppikar,Scopus,85026372347,2018,ayyildiz,Wandering spleen.
"same title, different author",PubMed,7230075,1981,koppikar,Scopus,85096407930,2020,wester,Wandering spleen.
"same title, different author",PubMed,7230075,1981,koppikar,Scopus,84897014945,2014,richman,Wandering spleen.
"same title, different author",PubMed,7230075,1981,koppikar,Scopus,33749497050,2006,delgado,Wandering spleen.
"same title, different author",PubMed,7230075,1981,koppikar,Scopus,1242286142,2004,fakler,Wandering spleen.
"same title, different author",PubMed,7230075,1981,koppikar,Scopus,0347597809,2003,abba,Wandering spleen.
"same title, different author",PubMed,7230075,1981,koppikar,Scopus,8644241739,2004,fakler,Wandering spleen.
"same title, different author",PubMed,7230075,1981,koppikar,Scopus,1342268293,2004,al-mashat,Wandering spleen.
"same title, different author",PubMed,7230075,1981,koppikar,Scopus,0036819787,2002,memon,Wandering spleen.
"same title, different author",PubMed,7230075,1981,koppikar,Scopus,0021917360,1985,riebel,Wandering spleen.
"same title, different author",PubMed,7230075,1981,koppikar,Scopus,0014446724,1969,crosett,Wandering spleen.
"same title, different author",PubMed,7230075,1981,koppikar,Scopus,0025210615,1990,allen,Wandering spleen.
"same title, different author",PubMed,7230075,1981,koppikar,Scopus,0012412464,1961,hinck,Wandering spleen.
"same title, different author",PubMed,7230075,1981,koppikar,Scopus,0020794864,1983,zakaria,Wandering spleen.
"same title, different author",PubMed,7230075,1981,koppikar,Scopus,0019435381,1981,lewis,Wandering spleen.
"same title, different author",PubMed,7230075,1981,koppikar,Scopus,0023099975,1987,phillips,Wandering spleen.
"same title, different author",PubMed,7230075,1981,koppikar,Scopus,0022333323,1985,fremond,Wandering spleen.
"same title, different author",PubMed,7230075,1981,koppikar,Scopus,84965250929,1952,ward,Wandering spleen.
"same title, different author",PubMed,7230075,1981,koppikar,Scopus,84965255155,1952,wyile,Wandering spleen.
"same title, different author",PubMed,7230075,1981,koppikar,Scopus,84958279945,1949,lotfy,Wandering spleen.
"same title, different author",PubMed,5762896,1969,crosett,PubMed,13907512,1961,hinck,Wandering spleen.
"same title, different author",PubMed,5762896,1969,crosett,PubMed,18143686,1949,lotfy,Wandering spleen.
"same title, different author",PubMed,5762896,1969,crosett,WoS,WOS:000189278600021,2004,al-mashat,Wandering spleen.
"same title, different author",PubMed,5762896,1969,crosett,WoS,WOS:001793220700001,2026,zhang,Wandering spleen.
"same title, different author",PubMed,5762896,1969,crosett,WoS,WOS:000595304400014,2020,wester,Wandering spleen.
"same title, different author",PubMed,5762896,1969,crosett,WoS,WOS:000333661300020,2014,richman,Wandering spleen.
"same title, different author",PubMed,5762896,1969,crosett,WoS,WOS:000188701300027,2003,abba,Wandering spleen.
"same title, different author",PubMed,5762896,1969,crosett,WoS,WOS:000427818200009,2018,ayyildiz,Wandering spleen.
"same title, different author",PubMed,5762896,1969,crosett,WoS,WOS:000184035000026,2003,granel,Wandering spleen.
"same title, different author",PubMed,5762896,1969,crosett,Scopus,85056100100,2018,holzgreve,Wandering spleen.
"same title, different author",PubMed,5762896,1969,crosett,Scopus,85026372347,2018,ayyildiz,Wandering spleen.
"same title, different author",PubMed,5762896,1969,crosett,Scopus,85096407930,2020,wester,Wandering spleen.
"same title, different author",PubMed,5762896,1969,crosett,Scopus,84897014945,2014,richman,Wandering spleen.
"same title, different author",PubMed,5762896,1969,crosett,Scopus,33749497050,2006,delgado,Wandering spleen.
"same title, different author",PubMed,5762896,1969,crosett,Scopus,1242286142,2004,fakler,Wandering spleen.
"same title, different author",PubMed,5762896,1969,crosett,Scopus,0347597809,2003,abba,Wandering spleen.
"same title, different author",PubMed,5762896,1969,crosett,Scopus,8644241739,2004,fakler,Wandering spleen.
"same title, different author",PubMed,5762896,1969,crosett,Scopus,1342268293,2004,al-mashat,Wandering spleen.
"same title, different author",PubMed,5762896,1969,crosett,Scopus,0036819787,2002,memon,Wandering spleen.
"same title, different author",PubMed,5762896,1969,crosett,Scopus,0021917360,1985,riebel,Wandering spleen.
"same title, different author",PubMed,5762896,1969,crosett,Scopus,0025210615,1990,allen,Wandering spleen.
"same title, different author",PubMed,5762896,1969,crosett,Scopus,0012412464,1961,hinck,Wandering spleen.
"same title, different author",PubMed,5762896,1969,crosett,Scopus,0020794864,1983,zakaria,Wandering spleen.
"same title, different author",PubMed,5762896,1969,crosett,Scopus,0019435381,1981,lewis,Wandering spleen.
"same title, different author",PubMed,5762896,1969,crosett,Scopus,0023099975,1987,phillips,Wandering spleen.
"same title, different author",PubMed,5762896,1969,crosett,Scopus,0019398015,1981,koppikar,Wandering spleen.
"same title, different author",PubMed,5762896,1969,crosett,Scopus,0022333323,1985,fremond,Wandering spleen.
"same title, different author",PubMed,5762896,1969,crosett,Scopus,84965250929,1952,ward,Wandering spleen.
"same title, different author",PubMed,5762896,1969,crosett,Scopus,84965255155,1952,wyile,Wandering spleen.
"same title, different author",PubMed,5762896,1969,crosett,Scopus,84958279945,1949,lotfy,Wandering spleen.
"same title, different author",PubMed,13907512,1961,hinck,PubMed,18143686,1949,lotfy,Wandering spleen.
"same title, different author",PubMed,13907512,1961,hinck,WoS,WOS:000189278600021,2004,al-mashat,Wandering spleen.
"same title, different author",PubMed,13907512,1961,hinck,WoS,WOS:001793220700001,2026,zhang,Wandering spleen.
"same title, different author",PubMed,13907512,1961,hinck,WoS,WOS:000595304400014,2020,wester,Wandering spleen.
"same title, different author",PubMed,13907512,1961,hinck,WoS,WOS:000333661300020,2014,richman,Wandering spleen.
"same title, different author",PubMed,13907512,1961,hinck,WoS,WOS:000188701300027,2003,abba,Wandering spleen.
"same title, different author",PubMed,13907512,1961,hinck,WoS,WOS:000427818200009,2018,ayyildiz,Wandering spleen.
"same title, different author",PubMed,13907512,1961,hinck,WoS,WOS:000184035000026,2003,granel,Wandering spleen.
"same title, different author",PubMed,13907512,1961,hinck,Scopus,85056100100,2018,holzgreve,Wandering spleen.
"same title, different author",PubMed,13907512,1961,hinck,Scopus,85026372347,2018,ayyildiz,Wandering spleen.
"same title, different author",PubMed,13907512,1961,hinck,Scopus,85096407930,2020,wester,Wandering spleen.
"same title, different author",PubMed,13907512,1961,hinck,Scopus,84897014945,2014,richman,Wandering spleen.
"same title, different author",PubMed,13907512,1961,hinck,Scopus,33749497050,2006,delgado,Wandering spleen.
"same title, different author",PubMed,13907512,1961,hinck,Scopus,1242286142,2004,fakler,Wandering spleen.
"same title, different author",PubMed,13907512,1961,hinck,Scopus,0347597809,2003,abba,Wandering spleen.
"same title, different author",PubMed,13907512,1961,hinck,Scopus,8644241739,2004,fakler,Wandering spleen.
"same title, different author",PubMed,13907512,1961,hinck,Scopus,1342268293,2004,al-mashat,Wandering spleen.
"same title, different author",PubMed,13907512,1961,hinck,Scopus,0036819787,2002,memon,Wandering spleen.
"same title, different author",PubMed,13907512,1961,hinck,Scopus,0021917360,1985,riebel,Wandering spleen.
"same title, different author",PubMed,13907512,1961,hinck,Scopus,0014446724,1969,crosett,Wandering spleen.
"same title, different author",PubMed,13907512,1961,hinck,Scopus,0025210615,1990,allen,Wandering spleen.
"same title, different author",PubMed,13907512,1961,hinck,Scopus,0020794864,1983,zakaria,Wandering spleen.
"same title, different author",PubMed,13907512,1961,hinck,Scopus,0019435381,1981,lewis,Wandering spleen.
"same title, different author",PubMed,13907512,1961,hinck,Scopus,0023099975,1987,phillips,Wandering spleen.
"same title, different author",PubMed,13907512,1961,hinck,Scopus,0019398015,1981,koppikar,Wandering spleen.
"same title, different author",PubMed,13907512,1961,hinck,Scopus,0022333323,1985,fremond,Wandering spleen.
"same title, different author",PubMed,13907512,1961,hinck,Scopus,84965250929,1952,ward,Wandering spleen.
"same title, different author",PubMed,13907512,1961,hinck,Scopus,84965255155,1952,wyile,Wandering spleen.
"same title, different author",PubMed,13907512,1961,hinck,Scopus,84958279945,1949,lotfy,Wandering spleen.
"same title, different author",PubMed,18143686,1949,lotfy,WoS,WOS:000189278600021,2004,al-mashat,Wandering spleen.
"same title, different author",PubMed,18143686,1949,lotfy,WoS,WOS:001793220700001,2026,zhang,Wandering spleen.
"same title, different author",PubMed,18143686,1949,lotfy,WoS,WOS:000595304400014,2020,wester,Wandering spleen.
"same title, different author",PubMed,18143686,1949,lotfy,WoS,WOS:000333661300020,2014,richman,Wandering spleen.
"same title, different author",PubMed,18143686,1949,lotfy,WoS,WOS:000188701300027,2003,abba,Wandering spleen.
"same title, different author",PubMed,18143686,1949,lotfy,WoS,WOS:000427818200009,2018,ayyildiz,Wandering spleen.
"same title, different author",PubMed,18143686,1949,lotfy,WoS,WOS:000184035000026,2003,granel,Wandering spleen.
"same title, different author",PubMed,18143686,1949,lotfy,Scopus,85056100100,2018,holzgreve,Wandering spleen.
"same title, different author",PubMed,18143686,1949,lotfy,Scopus,85026372347,2018,ayyildiz,Wandering spleen.
"same title, different author",PubMed,18143686,1949,lotfy,Scopus,85096407930,2020,wester,Wandering spleen.
"same title, different author",PubMed,18143686,1949,lotfy,Scopus,84897014945,2014,richman,Wandering spleen.
"same title, different author",PubMed,18143686,1949,lotfy,Scopus,33749497050,2006,delgado,Wandering spleen.
"same title, different author",PubMed,18143686,1949,lotfy,Scopus,1242286142,2004,fakler,Wandering spleen.
"same title, different author",PubMed,18143686,1949,lotfy,Scopus,0347597809,2003,abba,Wandering spleen.
"same title, different author",PubMed,18143686,1949,lotfy,Scopus,8644241739,2004,fakler,Wandering spleen.
"same title, different author",PubMed,18143686,1949,lotfy,Scopus,1342268293,2004,al-mashat,Wandering spleen.
"same title, different author",PubMed,18143686,1949,lotfy,Scopus,0036819787,2002,memon,Wandering spleen.
"same title, different author",PubMed,18143686,1949,lotfy,Scopus,0021917360,1985,riebel,Wandering spleen.
"same title, different author",PubMed,18143686,1949,lotfy,Scopus,0014446724,1969,crosett,Wandering spleen.
"same title, different author",PubMed,18143686,1949,lotfy,Scopus,0025210615,1990,allen,Wandering spleen.
"same title, different author",PubMed,18143686,1949,lotfy,Scopus,0012412464,1961,hinck,Wandering spleen.
"same title, different author",PubMed,18143686,1949,lotfy,Scopus,0020794864,1983,zakaria,Wandering spleen.
"same title, different author",PubMed,18143686,1949,lotfy,Scopus,0019435381,1981,lewis,Wandering spleen.
"same title, different author",PubMed,18143686,1949,lotfy,Scopus,0023099975,1987,phillips,Wandering spleen.
"same title, different author",PubMed,18143686,1949,lotfy,Scopus,0019398015,1981,koppikar,Wandering spleen.
"same title, different author",PubMed,18143686,1949,lotfy,Scopus,0022333323,1985,fremond,Wandering spleen.
"same title, different author",PubMed,18143686,1949,lotfy,Scopus,84965250929,1952,ward,Wandering spleen.
"same title, different author",PubMed,18143686,1949,lotfy,Scopus,84965255155,1952,wyile,Wandering spleen.
"same title, different author",WoS,WOS:000189278600021,2004,al-mashat,WoS,WOS:001793220700001,2026,zhang,Wandering spleen
"same title, different author",WoS,WOS:000189278600021,2004,al-mashat,WoS,WOS:000595304400014,2020,wester,Wandering spleen
"same title, different author",WoS,WOS:000189278600021,2004,al-mashat,WoS,WOS:000333661300020,2014,richman,Wandering spleen
"same title, different author",WoS,WOS:000189278600021,2004,al-mashat,WoS,WOS:000188701300027,2003,abba,Wandering spleen
"same title, different author",WoS,WOS:000189278600021,2004,al-mashat,WoS,WOS:000427818200009,2018,ayyildiz,Wandering spleen
"same title, different author",WoS,WOS:000189278600021,2004,al-mashat,WoS,WOS:000184035000026,2003,granel,Wandering spleen
"same title, different author",WoS,WOS:000189278600021,2004,al-mashat,Scopus,85056100100,2018,holzgreve,Wandering spleen
"same title, different author",WoS,WOS:000189278600021,2004,al-mashat,Scopus,85026372347,2018,ayyildiz,Wandering spleen
"same title, different author",WoS,WOS:000189278600021,2004,al-mashat,Scopus,85096407930,2020,wester,Wandering spleen
"same title, different author",WoS,WOS:000189278600021,2004,al-mashat,Scopus,84897014945,2014,richman,Wandering spleen
"same title, different author",WoS,WOS:000189278600021,2004,al-mashat,Scopus,33749497050,2006,delgado,Wandering spleen
"same title, different author",WoS,WOS:000189278600021,2004,al-mashat,Scopus,1242286142,2004,fakler,Wandering spleen
"same title, different author",WoS,WOS:000189278600021,2004,al-mashat,Scopus,0347597809,2003,abba,Wandering spleen
"same title, different author",WoS,WOS:000189278600021,2004,al-mashat,Scopus,8644241739,2004,fakler,Wandering spleen
"same title, different author",WoS,WOS:000189278600021,2004,al-mashat,Scopus,0036819787,2002,memon,Wandering spleen
"same title, different author",WoS,WOS:000189278600021,2004,al-mashat,Scopus,0021917360,1985,riebel,Wandering spleen
"same title, different author",WoS,WOS:000189278600021,2004,al-mashat,Scopus,0014446724,1969,crosett,Wandering spleen
"same title, different author",WoS,WOS:000189278600021,2004,al-mashat,Scopus,0025210615,1990,allen,Wandering spleen
"same title, different author",WoS,WOS:000189278600021,2004,al-mashat,Scopus,0012412464,1961,hinck,Wandering spleen
"same title, different author",WoS,WOS:000189278600021,2004,al-mashat,Scopus,0020794864,1983,zakaria,Wandering spleen
"same title, different author",WoS,WOS:000189278600021,2004,al-mashat,Scopus,0019435381,1981,lewis,Wandering spleen
"same title, different author",WoS,WOS:000189278600021,2004,al-mashat,Scopus,0023099975,1987,phillips,Wandering spleen
"same title, different author",WoS,WOS:000189278600021,2004,al-mashat,Scopus,0019398015,1981,koppikar,Wandering spleen
"same title, different author",WoS,WOS:000189278600021,2004,al-mashat,Scopus,0022333323,1985,fremond,Wandering spleen
"same title, different author",WoS,WOS:000189278600021,2004,al-mashat,Scopus,84965250929,1952,ward,Wandering spleen
"same title, different author",WoS,WOS:000189278600021,2004,al-mashat,Scopus,84965255155,1952,wyile,Wandering spleen
"same title, different author",WoS,WOS:000189278600021,2004,al-mashat,Scopus,84958279945,1949,lotfy,Wandering spleen
"same title, different author",WoS,WOS:001793220700001,2026,zhang,WoS,WOS:000595304400014,2020,wester,Wandering spleen
"same title, different author",WoS,WOS:001793220700001,2026,zhang,WoS,WOS:000333661300020,2014,richman,Wandering spleen
"same title, different author",WoS,WOS:001793220700001,2026,zhang,WoS,WOS:000188701300027,2003,abba,Wandering spleen
"same title, different author",WoS,WOS:001793220700001,2026,zhang,WoS,WOS:000427818200009,2018,ayyildiz,Wandering spleen
"same title, different author",WoS,WOS:001793220700001,2026,zhang,WoS,WOS:000184035000026,2003,granel,Wandering spleen
"same title, different author",WoS,WOS:001793220700001,2026,zhang,Scopus,85056100100,2018,holzgreve,Wandering spleen
"same title, different author",WoS,WOS:001793220700001,2026,zhang,Scopus,85026372347,2018,ayyildiz,Wandering spleen
"same title, different author",WoS,WOS:001793220700001,2026,zhang,Scopus,85096407930,2020,wester,Wandering spleen
"same title, different author",WoS,WOS:001793220700001,2026,zhang,Scopus,84897014945,2014,richman,Wandering spleen
"same title, different author",WoS,WOS:001793220700001,2026,zhang,Scopus,33749497050,2006,delgado,Wandering spleen
"same title, different author",WoS,WOS:001793220700001,2026,zhang,Scopus,1242286142,2004,fakler,Wandering spleen
"same title, different author",WoS,WOS:001793220700001,2026,zhang,Scopus,0347597809,2003,abba,Wandering spleen
"same title, different author",WoS,WOS:001793220700001,2026,zhang,Scopus,8644241739,2004,fakler,Wandering spleen
"same title, different author",WoS,WOS:001793220700001,2026,zhang,Scopus,1342268293,2004,al-mashat,Wandering spleen
"same title, different author",WoS,WOS:001793220700001,2026,zhang,Scopus,0036819787,2002,memon,Wandering spleen
"same title, different author",WoS,WOS:001793220700001,2026,zhang,Scopus,0021917360,1985,riebel,Wandering spleen
"same title, different author",WoS,WOS:001793220700001,2026,zhang,Scopus,0014446724,1969,crosett,Wandering spleen
"same title, different author",WoS,WOS:001793220700001,2026,zhang,Scopus,0025210615,1990,allen,Wandering spleen
"same title, different author",WoS,WOS:001793220700001,2026,zhang,Scopus,0012412464,1961,hinck,Wandering spleen
"same title, different author",WoS,WOS:001793220700001,2026,zhang,Scopus,0020794864,1983,zakaria,Wandering spleen
"same title, different author",WoS,WOS:001793220700001,2026,zhang,Scopus,0019435381,1981,lewis,Wandering spleen
"same title, different author",WoS,WOS:001793220700001,2026,zhang,Scopus,0023099975,1987,phillips,Wandering spleen
"same title, different author",WoS,WOS:001793220700001,2026,zhang,Scopus,0019398015,1981,koppikar,Wandering spleen
"same title, different author",WoS,WOS:001793220700001,2026,zhang,Scopus,0022333323,1985,fremond,Wandering spleen
"same title, different author",WoS,WOS:001793220700001,2026,zhang,Scopus,84965250929,1952,ward,Wandering spleen
"same title, different author",WoS,WOS:001793220700001,2026,zhang,Scopus,84965255155,1952,wyile,Wandering spleen
"same title, different author",WoS,WOS:001793220700001,2026,zhang,Scopus,84958279945,1949,lotfy,Wandering spleen
"same title, different author",WoS,WOS:000595304400014,2020,wester,WoS,WOS:000333661300020,2014,richman,Wandering Spleen
"same title, different author",WoS,WOS:000595304400014,2020,wester,WoS,WOS:000188701300027,2003,abba,Wandering Spleen
"same title, different author",WoS,WOS:000595304400014,2020,wester,WoS,WOS:000427818200009,2018,ayyildiz,Wandering Spleen
"same title, different author",WoS,WOS:000595304400014,2020,wester,WoS,WOS:000184035000026,2003,granel,Wandering Spleen
"same title, different author",WoS,WOS:000595304400014,2020,wester,Scopus,85056100100,2018,holzgreve,Wandering Spleen
"same title, different author",WoS,WOS:000595304400014,2020,wester,Scopus,85026372347,2018,ayyildiz,Wandering Spleen
"same title, different author",WoS,WOS:000595304400014,2020,wester,Scopus,84897014945,2014,richman,Wandering Spleen
"same title, different author",WoS,WOS:000595304400014,2020,wester,Scopus,33749497050,2006,delgado,Wandering Spleen
"same title, different author",WoS,WOS:000595304400014,2020,wester,Scopus,1242286142,2004,fakler,Wandering Spleen
"same title, different author",WoS,WOS:000595304400014,2020,wester,Scopus,0347597809,2003,abba,Wandering Spleen
"same title, different author",WoS,WOS:000595304400014,2020,wester,Scopus,8644241739,2004,fakler,Wandering Spleen
"same title, different author",WoS,WOS:000595304400014,2020,wester,Scopus,1342268293,2004,al-mashat,Wandering Spleen
"same title, different author",WoS,WOS:000595304400014,2020,wester,Scopus,0036819787,2002,memon,Wandering Spleen
"same title, different author",WoS,WOS:000595304400014,2020,wester,Scopus,0021917360,1985,riebel,Wandering Spleen
"same title, different author",WoS,WOS:000595304400014,2020,wester,Scopus,0014446724,1969,crosett,Wandering Spleen
"same title, different author",WoS,WOS:000595304400014,2020,wester,Scopus,0025210615,1990,allen,Wandering Spleen
"same title, different author",WoS,WOS:000595304400014,2020,wester,Scopus,0012412464,1961,hinck,Wandering Spleen
"same title, different author",WoS,WOS:000595304400014,2020,wester,Scopus,0020794864,1983,zakaria,Wandering Spleen
"same title, different author",WoS,WOS:000595304400014,2020,wester,Scopus,0019435381,1981,lewis,Wandering Spleen
"same title, different author",WoS,WOS:000595304400014,2020,wester,Scopus,0023099975,1987,phillips,Wandering Spleen
"same title, different author",WoS,WOS:000595304400014,2020,wester,Scopus,0019398015,1981,koppikar,Wandering Spleen
"same title, different author",WoS,WOS:000595304400014,2020,wester,Scopus,0022333323,1985,fremond,Wandering Spleen
"same title, different author",WoS,WOS:000595304400014,2020,wester,Scopus,84965250929,1952,ward,Wandering Spleen
"same title, different author",WoS,WOS:000595304400014,2020,wester,Scopus,84965255155,1952,wyile,Wandering Spleen
"same title, different author",WoS,WOS:000595304400014,2020,wester,Scopus,84958279945,1949,lotfy,Wandering Spleen
"same title, different author",WoS,WOS:000333661300020,2014,richman,WoS,WOS:000188701300027,2003,abba,Wandering spleen
"same title, different author",WoS,WOS:000333661300020,2014,richman,WoS,WOS:000427818200009,2018,ayyildiz,Wandering spleen
"same title, different author",WoS,WOS:000333661300020,2014,richman,WoS,WOS:000184035000026,2003,granel,Wandering spleen
"same title, different author",WoS,WOS:000333661300020,2014,richman,Scopus,85056100100,2018,holzgreve,Wandering spleen
"same title, different author",WoS,WOS:000333661300020,2014,richman,Scopus,85026372347,2018,ayyildiz,Wandering spleen
"same title, different author",WoS,WOS:000333661300020,2014,richman,Scopus,85096407930,2020,wester,Wandering spleen
"same title, different author",WoS,WOS:000333661300020,2014,richman,Scopus,33749497050,2006,delgado,Wandering spleen
"same title, different author",WoS,WOS:000333661300020,2014,richman,Scopus,1242286142,2004,fakler,Wandering spleen
"same title, different author",WoS,WOS:000333661300020,2014,richman,Scopus,0347597809,2003,abba,Wandering spleen
"same title, different author",WoS,WOS:000333661300020,2014,richman,Scopus,8644241739,2004,fakler,Wandering spleen
"same title, different author",WoS,WOS:000333661300020,2014,richman,Scopus,1342268293,2004,al-mashat,Wandering spleen
"same title, different author",WoS,WOS:000333661300020,2014,richman,Scopus,0036819787,2002,memon,Wandering spleen
"same title, different author",WoS,WOS:000333661300020,2014,richman,Scopus,0021917360,1985,riebel,Wandering spleen
"same title, different author",WoS,WOS:000333661300020,2014,richman,Scopus,0014446724,1969,crosett,Wandering spleen
"same title, different author",WoS,WOS:000333661300020,2014,richman,Scopus,0025210615,1990,allen,Wandering spleen
"same title, different author",WoS,WOS:000333661300020,2014,richman,Scopus,0012412464,1961,hinck,Wandering spleen
"same title, different author",WoS,WOS:000333661300020,2014,richman,Scopus,0020794864,1983,zakaria,Wandering spleen
"same title, different author",WoS,WOS:000333661300020,2014,richman,Scopus,0019435381,1981,lewis,Wandering spleen
"same title, different author",WoS,WOS:000333661300020,2014,richman,Scopus,0023099975,1987,phillips,Wandering spleen
"same title, different author",WoS,WOS:000333661300020,2014,richman,Scopus,0019398015,1981,koppikar,Wandering spleen
"same title, different author",WoS,WOS:000333661300020,2014,richman,Scopus,0022333323,1985,fremond,Wandering spleen
"same title, different author",WoS,WOS:000333661300020,2014,richman,Scopus,84965250929,1952,ward,Wandering spleen
"same title, different author",WoS,WOS:000333661300020,2014,richman,Scopus,84965255155,1952,wyile,Wandering spleen
"same title, different author",WoS,WOS:000333661300020,2014,richman,Scopus,84958279945,1949,lotfy,Wandering spleen
"same title, different author",WoS,WOS:000188701300027,2003,abba,WoS,WOS:000427818200009,2018,ayyildiz,Wandering spleen
"same title, different author",WoS,WOS:000188701300027,2003,abba,WoS,WOS:000184035000026,2003,granel,Wandering spleen
"same title, different author",WoS,WOS:000188701300027,2003,abba,Scopus,85056100100,2018,holzgreve,Wandering spleen
"same title, different author",WoS,WOS:000188701300027,2003,abba,Scopus,85026372347,2018,ayyildiz,Wandering spleen
"same title, different author",WoS,WOS:000188701300027,2003,abba,Scopus,85096407930,2020,wester,Wandering spleen
"same title, different author",WoS,WOS:000188701300027,2003,abba,Scopus,84897014945,2014,richman,Wandering spleen
"same title, different author",WoS,WOS:000188701300027,2003,abba,Scopus,33749497050,2006,delgado,Wandering spleen
"same title, different author",WoS,WOS:000188701300027,2003,abba,Scopus,1242286142,2004,fakler,Wandering spleen
"same title, different author",WoS,WOS:000188701300027,2003,abba,Scopus,8644241739,2004,fakler,Wandering spleen
"same title, different author",WoS,WOS:000188701300027,2003,abba,Scopus,1342268293,2004,al-mashat,Wandering spleen
"same title, different author",WoS,WOS:000188701300027,2003,abba,Scopus,0036819787,2002,memon,Wandering spleen
"same title, different author",WoS,WOS:000188701300027,2003,abba,Scopus,0021917360,1985,riebel,Wandering spleen
"same title, different author",WoS,WOS:000188701300027,2003,abba,Scopus,0014446724,1969,crosett,Wandering spleen
"same title, different author",WoS,WOS:000188701300027,2003,abba,Scopus,0025210615,1990,allen,Wandering spleen
"same title, different author",WoS,WOS:000188701300027,2003,abba,Scopus,0012412464,1961,hinck,Wandering spleen
"same title, different author",WoS,WOS:000188701300027,2003,abba,Scopus,0020794864,1983,zakaria,Wandering spleen
"same title, different author",WoS,WOS:000188701300027,2003,abba,Scopus,0019435381,1981,lewis,Wandering spleen
"same title, different author",WoS,WOS:000188701300027,2003,abba,Scopus,0023099975,1987,phillips,Wandering spleen
"same title, different author",WoS,WOS:000188701300027,2003,abba,Scopus,0019398015,1981,koppikar,Wandering spleen
"same title, different author",WoS,WOS:000188701300027,2003,abba,Scopus,0022333323,1985,fremond,Wandering spleen
"same title, different author",WoS,WOS:000188701300027,2003,abba,Scopus,84965250929,1952,ward,Wandering spleen
"same title, different author",WoS,WOS:000188701300027,2003,abba,Scopus,84965255155,1952,wyile,Wandering spleen
"same title, different author",WoS,WOS:000188701300027,2003,abba,Scopus,84958279945,1949,lotfy,Wandering spleen
"same title, different author",WoS,WOS:000427818200009,2018,ayyildiz,WoS,WOS:000184035000026,2003,granel,Wandering spleen
"same title, different author",WoS,WOS:000427818200009,2018,ayyildiz,Scopus,85056100100,2018,holzgreve,Wandering spleen
"same title, different author",WoS,WOS:000427818200009,2018,ayyildiz,Scopus,85096407930,2020,wester,Wandering spleen
"same title, different author",WoS,WOS:000427818200009,2018,ayyildiz,Scopus,84897014945,2014,richman,Wandering spleen
"same title, different author",WoS,WOS:000427818200009,2018,ayyildiz,Scopus,33749497050,2006,delgado,Wandering spleen
"same title, different author",WoS,WOS:000427818200009,2018,ayyildiz,Scopus,1242286142,2004,fakler,Wandering spleen
"same title, different author",WoS,WOS:000427818200009,2018,ayyildiz,Scopus,0347597809,2003,abba,Wandering spleen
"same title, different author",WoS,WOS:000427818200009,2018,ayyildiz,Scopus,8644241739,2004,fakler,Wandering spleen
"same title, different author",WoS,WOS:000427818200009,2018,ayyildiz,Scopus,1342268293,2004,al-mashat,Wandering spleen
"same title, different author",WoS,WOS:000427818200009,2018,ayyildiz,Scopus,0036819787,2002,memon,Wandering spleen
"same title, different author",WoS,WOS:000427818200009,2018,ayyildiz,Scopus,0021917360,1985,riebel,Wandering spleen
"same title, different author",WoS,WOS:000427818200009,2018,ayyildiz,Scopus,0014446724,1969,crosett,Wandering spleen
"same title, different author",WoS,WOS:000427818200009,2018,ayyildiz,Scopus,0025210615,1990,allen,Wandering spleen
"same title, different author",WoS,WOS:000427818200009,2018,ayyildiz,Scopus,0012412464,1961,hinck,Wandering spleen
"same title, different author",WoS,WOS:000427818200009,2018,ayyildiz,Scopus,0020794864,1983,zakaria,Wandering spleen
"same title, different author",WoS,WOS:000427818200009,2018,ayyildiz,Scopus,0019435381,1981,lewis,Wandering spleen
"same title, different author",WoS,WOS:000427818200009,2018,ayyildiz,Scopus,0023099975,1987,phillips,Wandering spleen
"same title, different author",WoS,WOS:000427818200009,2018,ayyildiz,Scopus,0019398015,1981,koppikar,Wandering spleen
"same title, different author",WoS,WOS:000427818200009,2018,ayyildiz,Scopus,0022333323,1985,fremond,Wandering spleen
"same title, different author",WoS,WOS:000427818200009,2018,ayyildiz,Scopus,84965250929,1952,ward,Wandering spleen
"same title, different author",WoS,WOS:000427818200009,2018,ayyildiz,Scopus,84965255155,1952,wyile,Wandering spleen
"same title, different author",WoS,WOS:000427818200009,2018,ayyildiz,Scopus,84958279945,1949,lotfy,Wandering spleen
"same title, different author",WoS,WOS:000184035000026,2003,granel,Scopus,85056100100,2018,holzgreve,Wandering spleen
"same title, different author",WoS,WOS:000184035000026,2003,granel,Scopus,85026372347,2018,ayyildiz,Wandering spleen
"same title, different author",WoS,WOS:000184035000026,2003,granel,Scopus,85096407930,2020,wester,Wandering spleen
"same title, different author",WoS,WOS:000184035000026,2003,granel,Scopus,84897014945,2014,richman,Wandering spleen
"same title, different author",WoS,WOS:000184035000026,2003,granel,Scopus,33749497050,2006,delgado,Wandering spleen
"same title, different author",WoS,WOS:000184035000026,2003,granel,Scopus,1242286142,2004,fakler,Wandering spleen
"same title, different author",WoS,WOS:000184035000026,2003,granel,Scopus,0347597809,2003,abba,Wandering spleen
"same title, different author",WoS,WOS:000184035000026,2003,granel,Scopus,8644241739,2004,fakler,Wandering spleen
"same title, different author",WoS,WOS:000184035000026,2003,granel,Scopus,1342268293,2004,al-mashat,Wandering spleen
"same title, different author",WoS,WOS:000184035000026,2003,granel,Scopus,0036819787,2002,memon,Wandering spleen
"same title, different author",WoS,WOS:000184035000026,2003,granel,Scopus,0021917360,1985,riebel,Wandering spleen
"same title, different author",WoS,WOS:000184035000026,2003,granel,Scopus,0014446724,1969,crosett,Wandering spleen
"same title, different author",WoS,WOS:000184035000026,2003,granel,Scopus,0025210615,1990,allen,Wandering spleen
"same title, different author",WoS,WOS:000184035000026,2003,granel,Scopus,0012412464,1961,hinck,Wandering spleen
"same title, different author",WoS,WOS:000184035000026,2003,granel,Scopus,0020794864,1983,zakaria,Wandering spleen
"same title, different author",WoS,WOS:000184035000026,2003,granel,Scopus,0019435381,1981,lewis,Wandering spleen
"same title, different author",WoS,WOS:000184035000026,2003,granel,Scopus,0023099975,1987,phillips,Wandering spleen
"same title, different author",WoS,WOS:000184035000026,2003,granel,Scopus,0019398015,1981,koppikar,Wandering spleen
"same title, different author",WoS,WOS:000184035000026,2003,granel,Scopus,0022333323,1985,fremond,Wandering spleen
"same title, different author",WoS,WOS:000184035000026,2003,granel,Scopus,84965250929,1952,ward,Wandering spleen
"same title, different author",WoS,WOS:000184035000026,2003,granel,Scopus,84965255155,1952,wyile,Wandering spleen
"same title, different author",WoS,WOS:000184035000026,2003,granel,Scopus,84958279945,1949,lotfy,Wandering spleen
"same title, different author",Scopus,85056100100,2018,holzgreve,Scopus,85026372347,2018,ayyildiz,Wandering spleen
"same title, different author",Scopus,85056100100,2018,holzgreve,Scopus,85096407930,2020,wester,Wandering spleen
"same title, different author",Scopus,85056100100,2018,holzgreve,Scopus,84897014945,2014,richman,Wandering spleen
"same title, different author",Scopus,85056100100,2018,holzgreve,Scopus,33749497050,2006,delgado,Wandering spleen
"same title, different author",Scopus,85056100100,2018,holzgreve,Scopus,1242286142,2004,fakler,Wandering spleen
"same title, different author",Scopus,85056100100,2018,holzgreve,Scopus,0347597809,2003,abba,Wandering spleen
"same title, different author",Scopus,85056100100,2018,holzgreve,Scopus,8644241739,2004,fakler,Wandering spleen
"same title, different author",Scopus,85056100100,2018,holzgreve,Scopus,1342268293,2004,al-mashat,Wandering spleen
"same title, different author",Scopus,85056100100,2018,holzgreve,Scopus,0036819787,2002,memon,Wandering spleen
"same title, different author",Scopus,85056100100,2018,holzgreve,Scopus,0021917360,1985,riebel,Wandering spleen
"same title, different author",Scopus,85056100100,2018,holzgreve,Scopus,0014446724,1969,crosett,Wandering spleen
"same title, different author",Scopus,85056100100,2018,holzgreve,Scopus,0025210615,1990,allen,Wandering spleen
"same title, different author",Scopus,85056100100,2018,holzgreve,Scopus,0012412464,1961,hinck,Wandering spleen
"same title, different author",Scopus,85056100100,2018,holzgreve,Scopus,0020794864,1983,zakaria,Wandering spleen
"same title, different author",Scopus,85056100100,2018,holzgreve,Scopus,0019435381,1981,lewis,Wandering spleen
"same title, different author",Scopus,85056100100,2018,holzgreve,Scopus,0023099975,1987,phillips,Wandering spleen
"same title, different author",Scopus,85056100100,2018,holzgreve,Scopus,0019398015,1981,koppikar,Wandering spleen
"same title, different author",Scopus,85056100100,2018,holzgreve,Scopus,0022333323,1985,fremond,Wandering spleen
"same title, different author",Scopus,85056100100,2018,holzgreve,Scopus,84965250929,1952,ward,Wandering spleen
"same title, different author",Scopus,85056100100,2018,holzgreve,Scopus,84965255155,1952,wyile,Wandering spleen
"same title, different author",Scopus,85056100100,2018,holzgreve,Scopus,84958279945,1949,lotfy,Wandering spleen
"same title, different author",Scopus,85026372347,2018,ayyildiz,Scopus,85096407930,2020,wester,Wandering spleen
"same title, different author",Scopus,85026372347,2018,ayyildiz,Scopus,84897014945,2014,richman,Wandering spleen
"same title, different author",Scopus,85026372347,2018,ayyildiz,Scopus,33749497050,2006,delgado,Wandering spleen
"same title, different author",Scopus,85026372347,2018,ayyildiz,Scopus,1242286142,2004,fakler,Wandering spleen
"same title, different author",Scopus,85026372347,2018,ayyildiz,Scopus,0347597809,2003,abba,Wandering spleen
"same title, different author",Scopus,85026372347,2018,ayyildiz,Scopus,8644241739,2004,fakler,Wandering spleen
"same title, different author",Scopus,85026372347,2018,ayyildiz,Scopus,1342268293,2004,al-mashat,Wandering spleen
"same title, different author",Scopus,85026372347,2018,ayyildiz,Scopus,0036819787,2002,memon,Wandering spleen
"same title, different author",Scopus,85026372347,2018,ayyildiz,Scopus,0021917360,1985,riebel,Wandering spleen
"same title, different author",Scopus,85026372347,2018,ayyildiz,Scopus,0014446724,1969,crosett,Wandering spleen
"same title, different author",Scopus,85026372347,2018,ayyildiz,Scopus,0025210615,1990,allen,Wandering spleen
"same title, different author",Scopus,85026372347,2018,ayyildiz,Scopus,0012412464,1961,hinck,Wandering spleen
"same title, different author",Scopus,85026372347,2018,ayyildiz,Scopus,0020794864,1983,zakaria,Wandering spleen
"same title, different author",Scopus,85026372347,2018,ayyildiz,Scopus,0019435381,1981,lewis,Wandering spleen
"same title, different author",Scopus,85026372347,2018,ayyildiz,Scopus,0023099975,1987,phillips,Wandering spleen
"same title, different author",Scopus,85026372347,2018,ayyildiz,Scopus,0019398015,1981,koppikar,Wandering spleen
"same title, different author",Scopus,85026372347,2018,ayyildiz,Scopus,0022333323,1985,fremond,Wandering spleen
"same title, different author",Scopus,85026372347,2018,ayyildiz,Scopus,84965250929,1952,ward,Wandering spleen
"same title, different author",Scopus,85026372347,2018,ayyildiz,Scopus,84965255155,1952,wyile,Wandering spleen
"same title, different author",Scopus,85026372347,2018,ayyildiz,Scopus,84958279945,1949,lotfy,Wandering spleen
"same title, different author",Scopus,85096407930,2020,wester,Scopus,84897014945,2014,richman,Wandering spleen
"same title, different author",Scopus,85096407930,2020,wester,Scopus,33749497050,2006,delgado,Wandering spleen
"same title, different author",Scopus,85096407930,2020,wester,Scopus,1242286142,2004,fakler,Wandering spleen
"same title, different author",Scopus,85096407930,2020,wester,Scopus,0347597809,2003,abba,Wandering spleen
"same title, different author",Scopus,85096407930,2020,wester,Scopus,8644241739,2004,fakler,Wandering spleen
"same title, different author",Scopus,85096407930,2020,wester,Scopus,1342268293,2004,al-mashat,Wandering spleen
"same title, different author",Scopus,85096407930,2020,wester,Scopus,0036819787,2002,memon,Wandering spleen
"same title, different author",Scopus,85096407930,2020,wester,Scopus,0021917360,1985,riebel,Wandering spleen
"same title, different author",Scopus,85096407930,2020,wester,Scopus,0014446724,1969,crosett,Wandering spleen
"same title, different author",Scopus,85096407930,2020,wester,Scopus,0025210615,1990,allen,Wandering spleen
"same title, different author",Scopus,85096407930,2020,wester,Scopus,0012412464,1961,hinck,Wandering spleen
"same title, different author",Scopus,85096407930,2020,wester,Scopus,0020794864,1983,zakaria,Wandering spleen
"same title, different author",Scopus,85096407930,2020,wester,Scopus,0019435381,1981,lewis,Wandering spleen
"same title, different author",Scopus,85096407930,2020,wester,Scopus,0023099975,1987,phillips,Wandering spleen
"same title, different author",Scopus,85096407930,2020,wester,Scopus,0019398015,1981,koppikar,Wandering spleen
"same title, different author",Scopus,85096407930,2020,wester,Scopus,0022333323,1985,fremond,Wandering spleen
"same title, different author",Scopus,85096407930,2020,wester,Scopus,84965250929,1952,ward,Wandering spleen
"same title, different author",Scopus,85096407930,2020,wester,Scopus,84965255155,1952,wyile,Wandering spleen
"same title, different author",Scopus,85096407930,2020,wester,Scopus,84958279945,1949,lotfy,Wandering spleen
"same title, different author",Scopus,84897014945,2014,richman,Scopus,33749497050,2006,delgado,Wandering spleen
"same title, different author",Scopus,84897014945,2014,richman,Scopus,1242286142,2004,fakler,Wandering spleen
"same title, different author",Scopus,84897014945,2014,richman,Scopus,0347597809,2003,abba,Wandering spleen
"same title, different author",Scopus,84897014945,2014,richman,Scopus,8644241739,2004,fakler,Wandering spleen
"same title, different author",Scopus,84897014945,2014,richman,Scopus,1342268293,2004,al-mashat,Wandering spleen
"same title, different author",Scopus,84897014945,2014,richman,Scopus,0036819787,2002,memon,Wandering spleen
"same title, different author",Scopus,84897014945,2014,richman,Scopus,0021917360,1985,riebel,Wandering spleen
"same title, different author",Scopus,84897014945,2014,richman,Scopus,0014446724,1969,crosett,Wandering spleen
"same title, different author",Scopus,84897014945,2014,richman,Scopus,0025210615,1990,allen,Wandering spleen
"same title, different author",Scopus,84897014945,2014,richman,Scopus,0012412464,1961,hinck,Wandering spleen
"same title, different author",Scopus,84897014945,2014,richman,Scopus,0020794864,1983,zakaria,Wandering spleen
"same title, different author",Scopus,84897014945,2014,richman,Scopus,0019435381,1981,lewis,Wandering spleen
"same title, different author",Scopus,84897014945,2014,richman,Scopus,0023099975,1987,phillips,Wandering spleen
"same title, different author",Scopus,84897014945,2014,richman,Scopus,0019398015,1981,koppikar,Wandering spleen
"same title, different author",Scopus,84897014945,2014,richman,Scopus,0022333323,1985,fremond,Wandering spleen
"same title, different author",Scopus,84897014945,2014,richman,Scopus,84965250929,1952,ward,Wandering spleen
"same title, different author",Scopus,84897014945,2014,richman,Scopus,84965255155,1952,wyile,Wandering spleen
"same title, different author",Scopus,84897014945,2014,richman,Scopus,84958279945,1949,lotfy,Wandering spleen
"same title, different author",Scopus,33749497050,2006,delgado,Scopus,1242286142,2004,fakler,Wandering spleen
"same title, different author",Scopus,33749497050,2006,delgado,Scopus,0347597809,2003,abba,Wandering spleen
"same title, different author",Scopus,33749497050,2006,delgado,Scopus,8644241739,2004,fakler,Wandering spleen
"same title, different author",Scopus,33749497050,2006,delgado,Scopus,1342268293,2004,al-mashat,Wandering spleen
"same title, different author",Scopus,33749497050,2006,delgado,Scopus,0036819787,2002,memon,Wandering spleen
"same title, different author",Scopus,33749497050,2006,delgado,Scopus,0021917360,1985,riebel,Wandering spleen
"same title, different author",Scopus,33749497050,2006,delgado,Scopus,0014446724,1969,crosett,Wandering spleen
"same title, different author",Scopus,33749497050,2006,delgado,Scopus,0025210615,1990,allen,Wandering spleen
"same title, different author",Scopus,33749497050,2006,delgado,Scopus,0012412464,1961,hinck,Wandering spleen
"same title, different author",Scopus,33749497050,2006,delgado,Scopus,0020794864,1983,zakaria,Wandering spleen
"same title, different author",Scopus,33749497050,2006,delgado,Scopus,0019435381,1981,lewis,Wandering spleen
"same title, different author",Scopus,33749497050,2006,delgado,Scopus,0023099975,1987,phillips,Wandering spleen
"same title, different author",Scopus,33749497050,2006,delgado,Scopus,0019398015,1981,koppikar,Wandering spleen
"same title, different author",Scopus,33749497050,2006,delgado,Scopus,0022333323,1985,fremond,Wandering spleen
"same title, different author",Scopus,33749497050,2006,delgado,Scopus,84965250929,1952,ward,Wandering spleen
"same title, different author",Scopus,33749497050,2006,delgado,Scopus,84965255155,1952,wyile,Wandering spleen
"same title, different author",Scopus,33749497050,2006,delgado,Scopus,84958279945,1949,lotfy,Wandering spleen
"same title, different author",Scopus,1242286142,2004,fakler,Scopus,0347597809,2003,abba,Wandering spleen
"same title, different author",Scopus,1242286142,2004,fakler,Scopus,1342268293,2004,al-mashat,Wandering spleen
"same title, different author",Scopus,1242286142,2004,fakler,Scopus,0036819787,2002,memon,Wandering spleen
"same title, different author",Scopus,1242286142,2004,fakler,Scopus,0021917360,1985,riebel,Wandering spleen
"same title, different author",Scopus,1242286142,2004,fakler,Scopus,0014446724,1969,crosett,Wandering spleen
"same title, different author",Scopus,1242286142,2004,fakler,Scopus,0025210615,1990,allen,Wandering spleen
"same title, different author",Scopus,1242286142,2004,fakler,Scopus,0012412464,1961,hinck,Wandering spleen
"same title, different author",Scopus,1242286142,2004,fakler,Scopus,0020794864,1983,zakaria,Wandering spleen
"same title, different author",Scopus,1242286142,2004,fakler,Scopus,0019435381,1981,lewis,Wandering spleen
"same title, different author",Scopus,1242286142,2004,fakler,Scopus,0023099975,1987,phillips,Wandering spleen
"same title, different author",Scopus,1242286142,2004,fakler,Scopus,0019398015,1981,koppikar,Wandering spleen
"same title, different author",Scopus,1242286142,2004,fakler,Scopus,0022333323,1985,fremond,Wandering spleen
"same title, different author",Scopus,1242286142,2004,fakler,Scopus,84965250929,1952,ward,Wandering spleen
"same title, different author",Scopus,1242286142,2004,fakler,Scopus,84965255155,1952,wyile,Wandering spleen
"same title, different author",Scopus,1242286142,2004,fakler,Scopus,84958279945,1949,lotfy,Wandering spleen
"same title, different author",Scopus,0347597809,2003,abba,Scopus,8644241739,2004,fakler,Wandering spleen
"same title, different author",Scopus,0347597809,2003,abba,Scopus,1342268293,2004,al-mashat,Wandering spleen
"same title, different author",Scopus,0347597809,2003,abba,Scopus,0036819787,2002,memon,Wandering spleen
"same title, different author",Scopus,0347597809,2003,abba,Scopus,0021917360,1985,riebel,Wandering spleen
"same title, different author",Scopus,0347597809,2003,abba,Scopus,0014446724,1969,crosett,Wandering spleen
"same title, different author",Scopus,0347597809,2003,abba,Scopus,0025210615,1990,allen,Wandering spleen
"same title, different author",Scopus,0347597809,2003,abba,Scopus,0012412464,1961,hinck,Wandering spleen
"same title, different author",Scopus,0347597809,2003,abba,Scopus,0020794864,1983,zakaria,Wandering spleen
"same title, different author",Scopus,0347597809,2003,abba,Scopus,0019435381,1981,lewis,Wandering spleen
"same title, different author",Scopus,0347597809,2003,abba,Scopus,0023099975,1987,phillips,Wandering spleen
"same title, different author",Scopus,0347597809,2003,abba,Scopus,0019398015,1981,koppikar,Wandering spleen
"same title, different author",Scopus,0347597809,2003,abba,Scopus,0022333323,1985,fremond,Wandering spleen
"same title, different author",Scopus,0347597809,2003,abba,Scopus,84965250929,1952,ward,Wandering spleen
"same title, different author",Scopus,0347597809,2003,abba,Scopus,84965255155,1952,wyile,Wandering spleen
"same title, different author",Scopus,0347597809,2003,abba,Scopus,84958279945,1949,lotfy,Wandering spleen
"same title, different author",Scopus,8644241739,2004,fakler,Scopus,1342268293,2004,al-mashat,Wandering spleen
"same title, different author",Scopus,8644241739,2004,fakler,Scopus,0036819787,2002,memon,Wandering spleen
"same title, different author",Scopus,8644241739,2004,fakler,Scopus,0021917360,1985,riebel,Wandering spleen
"same title, different author",Scopus,8644241739,2004,fakler,Scopus,0014446724,1969,crosett,Wandering spleen
"same title, different author",Scopus,8644241739,2004,fakler,Scopus,0025210615,1990,allen,Wandering spleen
"same title, different author",Scopus,8644241739,2004,fakler,Scopus,0012412464,1961,hinck,Wandering spleen
"same title, different author",Scopus,8644241739,2004,fakler,Scopus,0020794864,1983,zakaria,Wandering spleen
"same title, different author",Scopus,8644241739,2004,fakler,Scopus,0019435381,1981,lewis,Wandering spleen
"same title, different author",Scopus,8644241739,2004,fakler,Scopus,0023099975,1987,phillips,Wandering spleen
"same title, different author",Scopus,8644241739,2004,fakler,Scopus,0019398015,1981,koppikar,Wandering spleen
"same title, different author",Scopus,8644241739,2004,fakler,Scopus,0022333323,1985,fremond,Wandering spleen
"same title, different author",Scopus,8644241739,2004,fakler,Scopus,84965250929,1952,ward,Wandering spleen
"same title, different author",Scopus,8644241739,2004,fakler,Scopus,84965255155,1952,wyile,Wandering spleen
"same title, different author",Scopus,8644241739,2004,fakler,Scopus,84958279945,1949,lotfy,Wandering spleen
"same title, different author",Scopus,1342268293,2004,al-mashat,Scopus,0036819787,2002,memon,Wandering spleen
"same title, different author",Scopus,1342268293,2004,al-mashat,Scopus,0021917360,1985,riebel,Wandering spleen
"same title, different author",Scopus,1342268293,2004,al-mashat,Scopus,0014446724,1969,crosett,Wandering spleen
"same title, different author",Scopus,1342268293,2004,al-mashat,Scopus,0025210615,1990,allen,Wandering spleen
"same title, different author",Scopus,1342268293,2004,al-mashat,Scopus,0012412464,1961,hinck,Wandering spleen
"same title, different author",Scopus,1342268293,2004,al-mashat,Scopus,0020794864,1983,zakaria,Wandering spleen
"same title, different author",Scopus,1342268293,2004,al-mashat,Scopus,0019435381,1981,lewis,Wandering spleen
"same title, different author",Scopus,1342268293,2004,al-mashat,Scopus,0023099975,1987,phillips,Wandering spleen
"same title, different author",Scopus,1342268293,2004,al-mashat,Scopus,0019398015,1981,koppikar,Wandering spleen
"same title, different author",Scopus,1342268293,2004,al-mashat,Scopus,0022333323,1985,fremond,Wandering spleen
"same title, different author",Scopus,1342268293,2004,al-mashat,Scopus,84965250929,1952,ward,Wandering spleen
"same title, different author",Scopus,1342268293,2004,al-mashat,Scopus,84965255155,1952,wyile,Wandering spleen
"same title, different author",Scopus,1342268293,2004,al-mashat,Scopus,84958279945,1949,lotfy,Wandering spleen
"same title, different author",Scopus,0036819787,2002,memon,Scopus,0021917360,1985,riebel,Wandering spleen
"same title, different author",Scopus,0036819787,2002,memon,Scopus,0014446724,1969,crosett,Wandering spleen
"same title, different author",Scopus,0036819787,2002,memon,Scopus,0025210615,1990,allen,Wandering spleen
"same title, different author",Scopus,0036819787,2002,memon,Scopus,0012412464,1961,hinck,Wandering spleen
"same title, different author",Scopus,0036819787,2002,memon,Scopus,0020794864,1983,zakaria,Wandering spleen
"same title, different author",Scopus,0036819787,2002,memon,Scopus,0019435381,1981,lewis,Wandering spleen
"same title, different author",Scopus,0036819787,2002,memon,Scopus,0023099975,1987,phillips,Wandering spleen
"same title, different author",Scopus,0036819787,2002,memon,Scopus,0019398015,1981,koppikar,Wandering spleen
"same title, different author",Scopus,0036819787,2002,memon,Scopus,0022333323,1985,fremond,Wandering spleen
"same title, different author",Scopus,0036819787,2002,memon,Scopus,84965250929,1952,ward,Wandering spleen
"same title, different author",Scopus,0036819787,2002,memon,Scopus,84965255155,1952,wyile,Wandering spleen
"same title, different author",Scopus,0036819787,2002,memon,Scopus,84958279945,1949,lotfy,Wandering spleen
"same title, different author",Scopus,0021917360,1985,riebel,Scopus,0014446724,1969,crosett,Wandering spleen
"same title, different author",Scopus,0021917360,1985,riebel,Scopus,0025210615,1990,allen,Wandering spleen
"same title, different author",Scopus,0021917360,1985,riebel,Scopus,0012412464,1961,hinck,Wandering spleen
"same title, different author",Scopus,0021917360,1985,riebel,Scopus,0020794864,1983,zakaria,Wandering spleen
"same title, different author",Scopus,0021917360,1985,riebel,Scopus,0019435381,1981,lewis,Wandering spleen
"same title, different author",Scopus,0021917360,1985,riebel,Scopus,0023099975,1987,phillips,Wandering spleen
"same title, different author",Scopus,0021917360,1985,riebel,Scopus,0019398015,1981,koppikar,Wandering spleen
"same title, different author",Scopus,0021917360,1985,riebel,Scopus,0022333323,1985,fremond,Wandering spleen
"same title, different author",Scopus,0021917360,1985,riebel,Scopus,84965250929,1952,ward,Wandering spleen
"same title, different author",Scopus,0021917360,1985,riebel,Scopus,84965255155,1952,wyile,Wandering spleen
"same title, different author",Scopus,0021917360,1985,riebel,Scopus,84958279945,1949,lotfy,Wandering spleen
"same title, different author",Scopus,0014446724,1969,crosett,Scopus,0025210615,1990,allen,Wandering spleen.
"same title, different author",Scopus,0014446724,1969,crosett,Scopus,0012412464,1961,hinck,Wandering spleen.
"same title, different author",Scopus,0014446724,1969,crosett,Scopus,0020794864,1983,zakaria,Wandering spleen.
"same title, different author",Scopus,0014446724,1969,crosett,Scopus,0019435381,1981,lewis,Wandering spleen.
"same title, different author",Scopus,0014446724,1969,crosett,Scopus,0023099975,1987,phillips,Wandering spleen.
"same title, different author",Scopus,0014446724,1969,crosett,Scopus,0019398015,1981,koppikar,Wandering spleen.
"same title, different author",Scopus,0014446724,1969,crosett,Scopus,0022333323,1985,fremond,Wandering spleen.
"same title, different author",Scopus,0014446724,1969,crosett,Scopus,84965250929,1952,ward,Wandering spleen.
"same title, different author",Scopus,0014446724,1969,crosett,Scopus,84965255155,1952,wyile,Wandering spleen.
"same title, different author",Scopus,0014446724,1969,crosett,Scopus,84958279945,1949,lotfy,Wandering spleen.
"same title, different author",Scopus,0025210615,1990,allen,Scopus,0012412464,1961,hinck,Wandering spleen
"same title, different author",Scopus,0025210615,1990,allen,Scopus,0020794864,1983,zakaria,Wandering spleen
"same title, different author",Scopus,0025210615,1990,allen,Scopus,0019435381,1981,lewis,Wandering spleen
"same title, different author",Scopus,0025210615,1990,allen,Scopus,0023099975,1987,phillips,Wandering spleen
"same title, different author",Scopus,0025210615,1990,allen,Scopus,0019398015,1981,koppikar,Wandering spleen
"same title, different author",Scopus,0025210615,1990,allen,Scopus,0022333323,1985,fremond,Wandering spleen
"same title, different author",Scopus,0025210615,1990,allen,Scopus,84965250929,1952,ward,Wandering spleen
"same title, different author",Scopus,0025210615,1990,allen,Scopus,84965255155,1952,wyile,Wandering spleen
"same title, different author",Scopus,0025210615,1990,allen,Scopus,84958279945,1949,lotfy,Wandering spleen
"same title, different author",Scopus,0012412464,1961,hinck,Scopus,0020794864,1983,zakaria,Wandering spleen.
"same title, different author",Scopus,0012412464,1961,hinck,Scopus,0019435381,1981,lewis,Wandering spleen.
"same title, different author",Scopus,0012412464,1961,hinck,Scopus,0023099975,1987,phillips,Wandering spleen.
"same title, different author",Scopus,0012412464,1961,hinck,Scopus,0019398015,1981,koppikar,Wandering spleen.
"same title, different author",Scopus,0012412464,1961,hinck,Scopus,0022333323,1985,fremond,Wandering spleen.
"same title, different author",Scopus,0012412464,1961,hinck,Scopus,84965250929,1952,ward,Wandering spleen.
"same title, different author",Scopus,0012412464,1961,hinck,Scopus,84965255155,1952,wyile,Wandering spleen.
"same title, different author",Scopus,0012412464,1961,hinck,Scopus,84958279945,1949,lotfy,Wandering spleen.
"same title, different author",Scopus,0020794864,1983,zakaria,Scopus,0019435381,1981,lewis,Wandering spleen.
"same title, different author",Scopus,0020794864,1983,zakaria,Scopus,0023099975,1987,phillips,Wandering spleen.
"same title, different author",Scopus,0020794864,1983,zakaria,Scopus,0019398015,1981,koppikar,Wandering spleen.
"same title, different author",Scopus,0020794864,1983,zakaria,Scopus,0022333323,1985,fremond,Wandering spleen.
"same title, different author",Scopus,0020794864,1983,zakaria,Scopus,84965250929,1952,ward,Wandering spleen.
"same title, different author",Scopus,0020794864,1983,zakaria,Scopus,84965255155,1952,wyile,Wandering spleen.
"same title, different author",Scopus,0020794864,1983,zakaria,Scopus,84958279945,1949,lotfy,Wandering spleen.
"same title, different author",Scopus,0019435381,1981,lewis,Scopus,0023099975,1987,phillips,Wandering spleen
"same title, different author",Scopus,0019435381,1981,lewis,Scopus,0019398015,1981,koppikar,Wandering spleen
"same title, different author",Scopus,0019435381,1981,lewis,Scopus,0022333323,1985,fremond,Wandering spleen
"same title, different author",Scopus,0019435381,1981,lewis,Scopus,84965250929,1952,ward,Wandering spleen
"same title, different author",Scopus,0019435381,1981,lewis,Scopus,84965255155,1952,wyile,Wandering spleen
"same title, different author",Scopus,0019435381,1981,lewis,Scopus,84958279945,1949,lotfy,Wandering spleen
"same title, different author",Scopus,0023099975,1987,phillips,Scopus,0019398015,1981,koppikar,Wandering spleen
"same title, different author",Scopus,0023099975,1987,phillips,Scopus,0022333323,1985,fremond,Wandering spleen
"same title, different author",Scopus,0023099975,1987,phillips,Scopus,84965250929,1952,ward,Wandering spleen
"same title, different author",Scopus,0023099975,1987,phillips,Scopus,84965255155,1952,wyile,Wandering spleen
"same title, different author",Scopus,0023099975,1987,phillips,Scopus,84958279945,1949,lotfy,Wandering spleen
"same title, different author",Scopus,0019398015,1981,koppikar,Scopus,0022333323,1985,fremond,Wandering spleen.
"same title, different author",Scopus,0019398015,1981,koppikar,Scopus,84965250929,1952,ward,Wandering spleen.
"same title, different author",Scopus,0019398015,1981,koppikar,Scopus,84965255155,1952,wyile,Wandering spleen.
"same title, different author",Scopus,0019398015,1981,koppikar,Scopus,84958279945,1949,lotfy,Wandering spleen.
"same title, different author",Scopus,0022333323,1985,fremond,Scopus,84965250929,1952,ward,Wandering spleen
"same title, different author",Scopus,0022333323,1985,fremond,Scopus,84965255155,1952,wyile,Wandering spleen
"same title, different author",Scopus,0022333323,1985,fremond,Scopus,84958279945,1949,lotfy,Wandering spleen
"same title, different author",Scopus,84965250929,1952,ward,Scopus,84965255155,1952,wyile,Wandering Spleen
"same title, different author",Scopus,84965250929,1952,ward,Scopus,84958279945,1949,lotfy,Wandering Spleen
"same title, different author",Scopus,84965255155,1952,wyile,Scopus,84958279945,1949,lotfy,Wandering Spleen
"same title, different author",PubMed,40368246,2025,guerra,PubMed,32646735,2021,lebeul,A wandering spleen.
"same title, different author",PubMed,40368246,2025,guerra,PubMed,29450603,2018,zhang,A wandering spleen.
"same title, different author",PubMed,40368246,2025,guerra,PubMed,9856181,1998,weijmer,A wandering spleen.
"same title, different author",PubMed,40368246,2025,guerra,WoS,WOS:000634533500020,2021,lebeul,A wandering spleen.
"same title, different author",PubMed,40368246,2025,guerra,WoS,WOS:000442351800040,2018,zhang,A wandering spleen.
"same title, different author",PubMed,40368246,2025,guerra,Scopus,85042107111,2018,zhang,A wandering spleen.
"same title, different author",PubMed,40368246,2025,guerra,Scopus,85087430195,2021,lebeul,A wandering spleen.
"same title, different author",PubMed,40368246,2025,guerra,Scopus,84995404787,2016,hornez,A wandering spleen.
"same title, different author",PubMed,40368246,2025,guerra,Scopus,0032558312,1998,weijmer,A wandering spleen.
"same title, different author",PubMed,32646735,2021,lebeul,PubMed,29450603,2018,zhang,A wandering SPLEEN.
"same title, different author",PubMed,32646735,2021,lebeul,PubMed,9856181,1998,weijmer,A wandering SPLEEN.
"same title, different author",PubMed,32646735,2021,lebeul,WoS,WOS:000442351800040,2018,zhang,A wandering SPLEEN.
"same title, different author",PubMed,32646735,2021,lebeul,WoS,WOS:001495368000001,2025,guerra,A wandering SPLEEN.
"same title, different author",PubMed,32646735,2021,lebeul,Scopus,85042107111,2018,zhang,A wandering SPLEEN.
"same title, different author",PubMed,32646735,2021,lebeul,Scopus,84995404787,2016,hornez,A wandering SPLEEN.
"same title, different author",PubMed,32646735,2021,lebeul,Scopus,105004898363,2025,guerra,A wandering SPLEEN.
"same title, different author",PubMed,32646735,2021,lebeul,Scopus,0032558312,1998,weijmer,A wandering SPLEEN.
"same title, different author",PubMed,29450603,2018,zhang,PubMed,9856181,1998,weijmer,"A ""wandering spleen""."
"same title, different author",PubMed,29450603,2018,zhang,WoS,WOS:000634533500020,2021,lebeul,"A ""wandering spleen""."
"same title, different author",PubMed,29450603,2018,zhang,WoS,WOS:001495368000001,2025,guerra,"A ""wandering spleen""."
"same title, different author",PubMed,29450603,2018,zhang,Scopus,85087430195,2021,lebeul,"A ""wandering spleen""."
"same title, different author",PubMed,29450603,2018,zhang,Scopus,84995404787,2016,hornez,"A ""wandering spleen""."
"same title, different author",PubMed,29450603,2018,zhang,Scopus,105004898363,2025,guerra,"A ""wandering spleen""."
"same title, different author",PubMed,29450603,2018,zhang,Scopus,0032558312,1998,weijmer,"A ""wandering spleen""."
"same title, different author",PubMed,9856181,1998,weijmer,WoS,WOS:000634533500020,2021,lebeul,[A wandering spleen].
"same title, different author",PubMed,9856181,1998,weijmer,WoS,WOS:000442351800040,2018,zhang,[A wandering spleen].
"same title, different author",PubMed,9856181,1998,weijmer,WoS,WOS:001495368000001,2025,guerra,[A wandering spleen].
"same title, different author",PubMed,9856181,1998,weijmer,Scopus,85042107111,2018,zhang,[A wandering spleen].
"same title, different author",PubMed,9856181,1998,weijmer,Scopus,85087430195,2021,lebeul,[A wandering spleen].
"same title, different author",PubMed,9856181,1998,weijmer,Scopus,84995404787,2016,hornez,[A wandering spleen].
"same title, different author",PubMed,9856181,1998,weijmer,Scopus,105004898363,2025,guerra,[A wandering spleen].
"same title, different author",WoS,WOS:000634533500020,2021,lebeul,WoS,WOS:000442351800040,2018,zhang,A wandering SPLEEN
"same title, different author",WoS,WOS:000634533500020,2021,lebeul,WoS,WOS:001495368000001,2025,guerra,A wandering SPLEEN
"same title, different author",WoS,WOS:000634533500020,2021,lebeul,Scopus,85042107111,2018,zhang,A wandering SPLEEN
"same title, different author",WoS,WOS:000634533500020,2021,lebeul,Scopus,84995404787,2016,hornez,A wandering SPLEEN
"same title, different author",WoS,WOS:000634533500020,2021,lebeul,Scopus,105004898363,2025,guerra,A wandering SPLEEN
"same title, different author",WoS,WOS:000634533500020,2021,lebeul,Scopus,0032558312,1998,weijmer,A wandering SPLEEN
"same title, different author",WoS,WOS:000442351800040,2018,zhang,WoS,WOS:001495368000001,2025,guerra,"A ""wandering spleen"""
"same title, different author",WoS,WOS:000442351800040,2018,zhang,Scopus,85087430195,2021,lebeul,"A ""wandering spleen"""
"same title, different author",WoS,WOS:000442351800040,2018,zhang,Scopus,84995404787,2016,hornez,"A ""wandering spleen"""
"same title, different author",WoS,WOS:000442351800040,2018,zhang,Scopus,105004898363,2025,guerra,"A ""wandering spleen"""
"same title, different author",WoS,WOS:000442351800040,2018,zhang,Scopus,0032558312,1998,weijmer,"A ""wandering spleen"""
"same title, different author",WoS,WOS:001495368000001,2025,guerra,Scopus,85042107111,2018,zhang,A wandering spleen
"same title, different author",WoS,WOS:001495368000001,2025,guerra,Scopus,85087430195,2021,lebeul,A wandering spleen
"same title, different author",WoS,WOS:001495368000001,2025,guerra,Scopus,84995404787,2016,hornez,A wandering spleen
"same title, different author",WoS,WOS:001495368000001,2025,guerra,Scopus,0032558312,1998,weijmer,A wandering spleen
"same title, different author",Scopus,85042107111,2018,zhang,Scopus,85087430195,2021,lebeul,A “wandering spleen”
"same title, different author",Scopus,85042107111,2018,zhang,Scopus,84995404787,2016,hornez,A “wandering spleen”
"same title, different author",Scopus,85042107111,2018,zhang,Scopus,105004898363,2025,guerra,A “wandering spleen”
"same title, different author",Scopus,85042107111,2018,zhang,Scopus,0032558312,1998,weijmer,A “wandering spleen”
"same title, different author",Scopus,85087430195,2021,lebeul,Scopus,84995404787,2016,hornez,A wandering SPLEEN
"same title, different author",Scopus,85087430195,2021,lebeul,Scopus,105004898363,2025,guerra,A wandering SPLEEN
"same title, different author",Scopus,85087430195,2021,lebeul,Scopus,0032558312,1998,weijmer,A wandering SPLEEN
"same title, different author",Scopus,84995404787,2016,hornez,Scopus,105004898363,2025,guerra,A wandering spleen
"same title, different author",Scopus,84995404787,2016,hornez,Scopus,0032558312,1998,weijmer,A wandering spleen
"same title, different author",Scopus,105004898363,2025,guerra,Scopus,0032558312,1998,weijmer,A wandering spleen
"same title, different author",PubMed,38986904,2025,abellan,WoS,WOS:001413788500001,2025,lopez,Wandering spleen as a cause of acute abdomen.
"same title, different author",PubMed,38694347,2024,rasheed,WoS,WOS:000598997300029,2020,han,Wandering spleen in a postpartum female: a case report.
"same title, different author",PubMed,38694347,2024,rasheed,Scopus,85099134896,2020,han,Wandering spleen in a postpartum female: a case report.
"same title, different author",WoS,WOS:001209380600013,2024,rasheed,WoS,WOS:000598997300029,2020,han,Wandering spleen in a postpartum female: a case report
"same title, different author",WoS,WOS:001209380600013,2024,rasheed,Scopus,85099134896,2020,han,Wandering spleen in a postpartum female: a case report
"same title, different author",PubMed,31679741,2020,rey,PubMed,20871196,2010,el,Torsion of a wandering spleen.
"same title, different author",PubMed,31679741,2020,rey,PubMed,19482269,2009,prieto-montano,Torsion of a wandering spleen.
"same title, different author",PubMed,31679741,2020,rey,PubMed,12324776,2002,sayeed,Torsion of a wandering spleen.
"same title, different author",PubMed,31679741,2020,rey,PubMed,12183881,2002,gayer,Torsion of a wandering spleen.
"same title, different author",PubMed,31679741,2020,rey,PubMed,8102549,1993,balm,Torsion of a wandering spleen.
"same title, different author",PubMed,31679741,2020,rey,PubMed,2971064,1988,franic,Torsion of a wandering spleen.
"same title, different author",PubMed,31679741,2020,rey,PubMed,3892271,1985,riebel,Torsion of a wandering spleen.
"same title, different author",PubMed,31679741,2020,rey,PubMed,3983052,1985,witz,Torsion of a wandering spleen.
"same title, different author",PubMed,31679741,2020,rey,WoS,WOS:000182574500023,2002,gayer,Torsion of a wandering spleen.
"same title, different author",PubMed,31679741,2020,rey,WoS,WOS:000178378800024,2002,sayeed,Torsion of a wandering spleen.
"same title, different author",PubMed,31679741,2020,rey,WoS,WOS:000271300000016,2009,prieto-montano,Torsion of a wandering spleen.
"same title, different author",PubMed,31679741,2020,rey,Scopus,0036335620,2002,gayer,Torsion of a wandering spleen.
"same title, different author",PubMed,31679741,2020,rey,Scopus,77957725392,2010,el,Torsion of a wandering spleen.
"same title, different author",PubMed,31679741,2020,rey,Scopus,77955627941,2010,carapinha,Torsion of a wandering spleen.
"same title, different author",PubMed,31679741,2020,rey,Scopus,70349970552,2009,prieto-montano,Torsion of a wandering spleen.
"same title, different author",PubMed,31679741,2020,rey,Scopus,0036748105,2002,sayeed,Torsion of a wandering spleen.
"same title, different author",PubMed,31679741,2020,rey,Scopus,0023683258,1988,franic,Torsion of a wandering spleen.
"same title, different author",PubMed,31679741,2020,rey,Scopus,0027586285,1993,balm,Torsion of a wandering spleen.
"same title, different author",PubMed,31679741,2020,rey,Scopus,0021926236,1985,witz,Torsion of a wandering spleen.
"same title, different author",PubMed,20871196,2010,el,PubMed,19482269,2009,prieto-montano,Torsion of a wandering spleen.
"same title, different author",PubMed,20871196,2010,el,PubMed,12324776,2002,sayeed,Torsion of a wandering spleen.
"same title, different author",PubMed,20871196,2010,el,PubMed,12183881,2002,gayer,Torsion of a wandering spleen.
"same title, different author",PubMed,20871196,2010,el,PubMed,8102549,1993,balm,Torsion of a wandering spleen.
"same title, different author",PubMed,20871196,2010,el,PubMed,2971064,1988,franic,Torsion of a wandering spleen.
"same title, different author",PubMed,20871196,2010,el,PubMed,3892271,1985,riebel,Torsion of a wandering spleen.
"same title, different author",PubMed,20871196,2010,el,PubMed,3983052,1985,witz,Torsion of a wandering spleen.
"same title, different author",PubMed,20871196,2010,el,WoS,WOS:000182574500023,2002,gayer,Torsion of a wandering spleen.
"same title, different author",PubMed,20871196,2010,el,WoS,WOS:000577182400013,2020,valles,Torsion of a wandering spleen.
"same title, different author",PubMed,20871196,2010,el,WoS,WOS:000178378800024,2002,sayeed,Torsion of a wandering spleen.
"same title, different author",PubMed,20871196,2010,el,WoS,WOS:000271300000016,2009,prieto-montano,Torsion of a wandering spleen.
"same title, different author",PubMed,20871196,2010,el,Scopus,85074139586,2020,rey,Torsion of a wandering spleen.
"same title, different author",PubMed,20871196,2010,el,Scopus,0036335620,2002,gayer,Torsion of a wandering spleen.
"same title, different author",PubMed,20871196,2010,el,Scopus,77955627941,2010,carapinha,Torsion of a wandering spleen.
"same title, different author",PubMed,20871196,2010,el,Scopus,70349970552,2009,prieto-montano,Torsion of a wandering spleen.
"same title, different author",PubMed,20871196,2010,el,Scopus,0036748105,2002,sayeed,Torsion of a wandering spleen.
"same title, different author",PubMed,20871196,2010,el,Scopus,0023683258,1988,franic,Torsion of a wandering spleen.
"same title, different author",PubMed,20871196,2010,el,Scopus,0027586285,1993,balm,Torsion of a wandering spleen.
"same title, different author",PubMed,20871196,2010,el,Scopus,0021926236,1985,witz,Torsion of a wandering spleen.
"same title, different author",PubMed,19482269,2009,prieto-montano,PubMed,12324776,2002,sayeed,[Torsion of a wandering spleen].
"same title, different author",PubMed,19482269,2009,prieto-montano,PubMed,12183881,2002,gayer,[Torsion of a wandering spleen].
"same title, different author",PubMed,19482269,2009,prieto-montano,PubMed,8102549,1993,balm,[Torsion of a wandering spleen].
"same title, different author",PubMed,19482269,2009,prieto-montano,PubMed,2971064,1988,franic,[Torsion of a wandering spleen].
"same title, different author",PubMed,19482269,2009,prieto-montano,PubMed,3892271,1985,riebel,[Torsion of a wandering spleen].
"same title, different author",PubMed,19482269,2009,prieto-montano,PubMed,3983052,1985,witz,[Torsion of a wandering spleen].
"same title, different author",PubMed,19482269,2009,prieto-montano,WoS,WOS:000182574500023,2002,gayer,[Torsion of a wandering spleen].
"same title, different author",PubMed,19482269,2009,prieto-montano,WoS,WOS:000577182400013,2020,valles,[Torsion of a wandering spleen].
"same title, different author",PubMed,19482269,2009,prieto-montano,WoS,WOS:000178378800024,2002,sayeed,[Torsion of a wandering spleen].
"same title, different author",PubMed,19482269,2009,prieto-montano,Scopus,85074139586,2020,rey,[Torsion of a wandering spleen].
"same title, different author",PubMed,19482269,2009,prieto-montano,Scopus,0036335620,2002,gayer,[Torsion of a wandering spleen].
"same title, different author",PubMed,19482269,2009,prieto-montano,Scopus,77957725392,2010,el,[Torsion of a wandering spleen].
"same title, different author",PubMed,19482269,2009,prieto-montano,Scopus,77955627941,2010,carapinha,[Torsion of a wandering spleen].
"same title, different author",PubMed,19482269,2009,prieto-montano,Scopus,0036748105,2002,sayeed,[Torsion of a wandering spleen].
"same title, different author",PubMed,19482269,2009,prieto-montano,Scopus,0023683258,1988,franic,[Torsion of a wandering spleen].
"same title, different author",PubMed,19482269,2009,prieto-montano,Scopus,0027586285,1993,balm,[Torsion of a wandering spleen].
"same title, different author",PubMed,19482269,2009,prieto-montano,Scopus,0021926236,1985,witz,[Torsion of a wandering spleen].
"same title, different author",PubMed,12324776,2002,sayeed,PubMed,12183881,2002,gayer,Torsion of a wandering spleen.
"same title, different author",PubMed,12324776,2002,sayeed,PubMed,8102549,1993,balm,Torsion of a wandering spleen.
"same title, different author",PubMed,12324776,2002,sayeed,PubMed,2971064,1988,franic,Torsion of a wandering spleen.
"same title, different author",PubMed,12324776,2002,sayeed,PubMed,3892271,1985,riebel,Torsion of a wandering spleen.
"same title, different author",PubMed,12324776,2002,sayeed,PubMed,3983052,1985,witz,Torsion of a wandering spleen.
"same title, different author",PubMed,12324776,2002,sayeed,WoS,WOS:000182574500023,2002,gayer,Torsion of a wandering spleen.
"same title, different author",PubMed,12324776,2002,sayeed,WoS,WOS:000577182400013,2020,valles,Torsion of a wandering spleen.
"same title, different author",PubMed,12324776,2002,sayeed,WoS,WOS:000271300000016,2009,prieto-montano,Torsion of a wandering spleen.
"same title, different author",PubMed,12324776,2002,sayeed,Scopus,85074139586,2020,rey,Torsion of a wandering spleen.
"same title, different author",PubMed,12324776,2002,sayeed,Scopus,0036335620,2002,gayer,Torsion of a wandering spleen.
"same title, different author",PubMed,12324776,2002,sayeed,Scopus,77957725392,2010,el,Torsion of a wandering spleen.
"same title, different author",PubMed,12324776,2002,sayeed,Scopus,77955627941,2010,carapinha,Torsion of a wandering spleen.
"same title, different author",PubMed,12324776,2002,sayeed,Scopus,70349970552,2009,prieto-montano,Torsion of a wandering spleen.
"same title, different author",PubMed,12324776,2002,sayeed,Scopus,0023683258,1988,franic,Torsion of a wandering spleen.
"same title, different author",PubMed,12324776,2002,sayeed,Scopus,0027586285,1993,balm,Torsion of a wandering spleen.
"same title, different author",PubMed,12324776,2002,sayeed,Scopus,0021926236,1985,witz,Torsion of a wandering spleen.
"same title, different author",PubMed,12183881,2002,gayer,PubMed,8102549,1993,balm,Torsion of a wandering spleen.
"same title, different author",PubMed,12183881,2002,gayer,PubMed,2971064,1988,franic,Torsion of a wandering spleen.
"same title, different author",PubMed,12183881,2002,gayer,PubMed,3892271,1985,riebel,Torsion of a wandering spleen.
"same title, different author",PubMed,12183881,2002,gayer,PubMed,3983052,1985,witz,Torsion of a wandering spleen.
"same title, different author",PubMed,12183881,2002,gayer,WoS,WOS:000577182400013,2020,valles,Torsion of a wandering spleen.
"same title, different author",PubMed,12183881,2002,gayer,WoS,WOS:000178378800024,2002,sayeed,Torsion of a wandering spleen.
"same title, different author",PubMed,12183881,2002,gayer,WoS,WOS:000271300000016,2009,prieto-montano,Torsion of a wandering spleen.
"same title, different author",PubMed,12183881,2002,gayer,Scopus,85074139586,2020,rey,Torsion of a wandering spleen.
"same title, different author",PubMed,12183881,2002,gayer,Scopus,77957725392,2010,el,Torsion of a wandering spleen.
"same title, different author",PubMed,12183881,2002,gayer,Scopus,77955627941,2010,carapinha,Torsion of a wandering spleen.
"same title, different author",PubMed,12183881,2002,gayer,Scopus,70349970552,2009,prieto-montano,Torsion of a wandering spleen.
"same title, different author",PubMed,12183881,2002,gayer,Scopus,0036748105,2002,sayeed,Torsion of a wandering spleen.
"same title, different author",PubMed,12183881,2002,gayer,Scopus,0023683258,1988,franic,Torsion of a wandering spleen.
"same title, different author",PubMed,12183881,2002,gayer,Scopus,0027586285,1993,balm,Torsion of a wandering spleen.
"same title, different author",PubMed,12183881,2002,gayer,Scopus,0021926236,1985,witz,Torsion of a wandering spleen.
"same title, different author",PubMed,8102549,1993,balm,PubMed,2971064,1988,franic,Torsion of a wandering spleen.
"same title, different author",PubMed,8102549,1993,balm,PubMed,3892271,1985,riebel,Torsion of a wandering spleen.
"same title, different author",PubMed,8102549,1993,balm,PubMed,3983052,1985,witz,Torsion of a wandering spleen.
"same title, different author",PubMed,8102549,1993,balm,WoS,WOS:000182574500023,2002,gayer,Torsion of a wandering spleen.
"same title, different author",PubMed,8102549,1993,balm,WoS,WOS:000577182400013,2020,valles,Torsion of a wandering spleen.
"same title, different author",PubMed,8102549,1993,balm,WoS,WOS:000178378800024,2002,sayeed,Torsion of a wandering spleen.
"same title, different author",PubMed,8102549,1993,balm,WoS,WOS:000271300000016,2009,prieto-montano,Torsion of a wandering spleen.
"same title, different author",PubMed,8102549,1993,balm,Scopus,85074139586,2020,rey,Torsion of a wandering spleen.
"same title, different author",PubMed,8102549,1993,balm,Scopus,0036335620,2002,gayer,Torsion of a wandering spleen.
"same title, different author",PubMed,8102549,1993,balm,Scopus,77957725392,2010,el,Torsion of a wandering spleen.
"same title, different author",PubMed,8102549,1993,balm,Scopus,77955627941,2010,carapinha,Torsion of a wandering spleen.
"same title, different author",PubMed,8102549,1993,balm,Scopus,70349970552,2009,prieto-montano,Torsion of a wandering spleen.
"same title, different author",PubMed,8102549,1993,balm,Scopus,0036748105,2002,sayeed,Torsion of a wandering spleen.
"same title, different author",PubMed,8102549,1993,balm,Scopus,0023683258,1988,franic,Torsion of a wandering spleen.
"same title, different author",PubMed,8102549,1993,balm,Scopus,0021926236,1985,witz,Torsion of a wandering spleen.
"same title, different author",PubMed,2971064,1988,franic,PubMed,3892271,1985,riebel,Torsion of a wandering spleen.
"same title, different author",PubMed,2971064,1988,franic,PubMed,3983052,1985,witz,Torsion of a wandering spleen.
"same title, different author",PubMed,2971064,1988,franic,WoS,WOS:000182574500023,2002,gayer,Torsion of a wandering spleen.
"same title, different author",PubMed,2971064,1988,franic,WoS,WOS:000577182400013,2020,valles,Torsion of a wandering spleen.
"same title, different author",PubMed,2971064,1988,franic,WoS,WOS:000178378800024,2002,sayeed,Torsion of a wandering spleen.
"same title, different author",PubMed,2971064,1988,franic,WoS,WOS:000271300000016,2009,prieto-montano,Torsion of a wandering spleen.
"same title, different author",PubMed,2971064,1988,franic,Scopus,85074139586,2020,rey,Torsion of a wandering spleen.
"same title, different author",PubMed,2971064,1988,franic,Scopus,0036335620,2002,gayer,Torsion of a wandering spleen.
"same title, different author",PubMed,2971064,1988,franic,Scopus,77957725392,2010,el,Torsion of a wandering spleen.
"same title, different author",PubMed,2971064,1988,franic,Scopus,77955627941,2010,carapinha,Torsion of a wandering spleen.
"same title, different author",PubMed,2971064,1988,franic,Scopus,70349970552,2009,prieto-montano,Torsion of a wandering spleen.
"same title, different author",PubMed,2971064,1988,franic,Scopus,0036748105,2002,sayeed,Torsion of a wandering spleen.
"same title, different author",PubMed,2971064,1988,franic,Scopus,0027586285,1993,balm,Torsion of a wandering spleen.
"same title, different author",PubMed,2971064,1988,franic,Scopus,0021926236,1985,witz,Torsion of a wandering spleen.
"same title, different author",PubMed,3892271,1985,riebel,PubMed,3983052,1985,witz,[Torsion of a wandering spleen].
"same title, different author",PubMed,3892271,1985,riebel,WoS,WOS:000182574500023,2002,gayer,[Torsion of a wandering spleen].
"same title, different author",PubMed,3892271,1985,riebel,WoS,WOS:000577182400013,2020,valles,[Torsion of a wandering spleen].
"same title, different author",PubMed,3892271,1985,riebel,WoS,WOS:000178378800024,2002,sayeed,[Torsion of a wandering spleen].
"same title, different author",PubMed,3892271,1985,riebel,WoS,WOS:000271300000016,2009,prieto-montano,[Torsion of a wandering spleen].
"same title, different author",PubMed,3892271,1985,riebel,Scopus,85074139586,2020,rey,[Torsion of a wandering spleen].
"same title, different author",PubMed,3892271,1985,riebel,Scopus,0036335620,2002,gayer,[Torsion of a wandering spleen].
"same title, different author",PubMed,3892271,1985,riebel,Scopus,77957725392,2010,el,[Torsion of a wandering spleen].
"same title, different author",PubMed,3892271,1985,riebel,Scopus,77955627941,2010,carapinha,[Torsion of a wandering spleen].
"same title, different author",PubMed,3892271,1985,riebel,Scopus,70349970552,2009,prieto-montano,[Torsion of a wandering spleen].
"same title, different author",PubMed,3892271,1985,riebel,Scopus,0036748105,2002,sayeed,[Torsion of a wandering spleen].
"same title, different author",PubMed,3892271,1985,riebel,Scopus,0023683258,1988,franic,[Torsion of a wandering spleen].
"same title, different author",PubMed,3892271,1985,riebel,Scopus,0027586285,1993,balm,[Torsion of a wandering spleen].
"same title, different author",PubMed,3892271,1985,riebel,Scopus,0021926236,1985,witz,[Torsion of a wandering spleen].
"same title, different author",PubMed,3983052,1985,witz,WoS,WOS:000182574500023,2002,gayer,Torsion of a wandering spleen.
"same title, different author",PubMed,3983052,1985,witz,WoS,WOS:000577182400013,2020,valles,Torsion of a wandering spleen.
"same title, different author",PubMed,3983052,1985,witz,WoS,WOS:000178378800024,2002,sayeed,Torsion of a wandering spleen.
"same title, different author",PubMed,3983052,1985,witz,WoS,WOS:000271300000016,2009,prieto-montano,Torsion of a wandering spleen.
"same title, different author",PubMed,3983052,1985,witz,Scopus,85074139586,2020,rey,Torsion of a wandering spleen.
"same title, different author",PubMed,3983052,1985,witz,Scopus,0036335620,2002,gayer,Torsion of a wandering spleen.
"same title, different author",PubMed,3983052,1985,witz,Scopus,77957725392,2010,el,Torsion of a wandering spleen.
"same title, different author",PubMed,3983052,1985,witz,Scopus,77955627941,2010,carapinha,Torsion of a wandering spleen.
"same title, different author",PubMed,3983052,1985,witz,Scopus,70349970552,2009,prieto-montano,Torsion of a wandering spleen.
"same title, different author",PubMed,3983052,1985,witz,Scopus,0036748105,2002,sayeed,Torsion of a wandering spleen.
"same title, different author",PubMed,3983052,1985,witz,Scopus,0023683258,1988,franic,Torsion of a wandering spleen.
"same title, different author",PubMed,3983052,1985,witz,Scopus,0027586285,1993,balm,Torsion of a wandering spleen.
"same title, different author",WoS,WOS:000182574500023,2002,gayer,WoS,WOS:000577182400013,2020,valles,Torsion of a wandering spleen
"same title, different author",WoS,WOS:000182574500023,2002,gayer,WoS,WOS:000178378800024,2002,sayeed,Torsion of a wandering spleen
"same title, different author",WoS,WOS:000182574500023,2002,gayer,WoS,WOS:000271300000016,2009,prieto-montano,Torsion of a wandering spleen
"same title, different author",WoS,WOS:000182574500023,2002,gayer,Scopus,85074139586,2020,rey,Torsion of a wandering spleen
"same title, different author",WoS,WOS:000182574500023,2002,gayer,Scopus,77957725392,2010,el,Torsion of a wandering spleen
"same title, different author",WoS,WOS:000182574500023,2002,gayer,Scopus,77955627941,2010,carapinha,Torsion of a wandering spleen
"same title, different author",WoS,WOS:000182574500023,2002,gayer,Scopus,70349970552,2009,prieto-montano,Torsion of a wandering spleen
"same title, different author",WoS,WOS:000182574500023,2002,gayer,Scopus,0036748105,2002,sayeed,Torsion of a wandering spleen
"same title, different author",WoS,WOS:000182574500023,2002,gayer,Scopus,0023683258,1988,franic,Torsion of a wandering spleen
"same title, different author",WoS,WOS:000182574500023,2002,gayer,Scopus,0027586285,1993,balm,Torsion of a wandering spleen
"same title, different author",WoS,WOS:000182574500023,2002,gayer,Scopus,0021926236,1985,witz,Torsion of a wandering spleen
"same title, different author",WoS,WOS:000577182400013,2020,valles,WoS,WOS:000178378800024,2002,sayeed,Torsion of a wandering spleen
"same title, different author",WoS,WOS:000577182400013,2020,valles,WoS,WOS:000271300000016,2009,prieto-montano,Torsion of a wandering spleen
"same title, different author",WoS,WOS:000577182400013,2020,valles,Scopus,0036335620,2002,gayer,Torsion of a wandering spleen
"same title, different author",WoS,WOS:000577182400013,2020,valles,Scopus,77957725392,2010,el,Torsion of a wandering spleen
"same title, different author",WoS,WOS:000577182400013,2020,valles,Scopus,77955627941,2010,carapinha,Torsion of a wandering spleen
"same title, different author",WoS,WOS:000577182400013,2020,valles,Scopus,70349970552,2009,prieto-montano,Torsion of a wandering spleen
"same title, different author",WoS,WOS:000577182400013,2020,valles,Scopus,0036748105,2002,sayeed,Torsion of a wandering spleen
"same title, different author",WoS,WOS:000577182400013,2020,valles,Scopus,0023683258,1988,franic,Torsion of a wandering spleen
"same title, different author",WoS,WOS:000577182400013,2020,valles,Scopus,0027586285,1993,balm,Torsion of a wandering spleen
"same title, different author",WoS,WOS:000577182400013,2020,valles,Scopus,0021926236,1985,witz,Torsion of a wandering spleen
"same title, different author",WoS,WOS:000178378800024,2002,sayeed,WoS,WOS:000271300000016,2009,prieto-montano,Torsion of a wandering spleen
"same title, different author",WoS,WOS:000178378800024,2002,sayeed,Scopus,85074139586,2020,rey,Torsion of a wandering spleen
"same title, different author",WoS,WOS:000178378800024,2002,sayeed,Scopus,0036335620,2002,gayer,Torsion of a wandering spleen
"same title, different author",WoS,WOS:000178378800024,2002,sayeed,Scopus,77957725392,2010,el,Torsion of a wandering spleen
"same title, different author",WoS,WOS:000178378800024,2002,sayeed,Scopus,77955627941,2010,carapinha,Torsion of a wandering spleen
"same title, different author",WoS,WOS:000178378800024,2002,sayeed,Scopus,70349970552,2009,prieto-montano,Torsion of a wandering spleen
"same title, different author",WoS,WOS:000178378800024,2002,sayeed,Scopus,0023683258,1988,franic,Torsion of a wandering spleen
"same title, different author",WoS,WOS:000178378800024,2002,sayeed,Scopus,0027586285,1993,balm,Torsion of a wandering spleen
"same title, different author",WoS,WOS:000178378800024,2002,sayeed,Scopus,0021926236,1985,witz,Torsion of a wandering spleen
"same title, different author",WoS,WOS:000271300000016,2009,prieto-montano,Scopus,85074139586,2020,rey,Torsion of a wandering spleen
"same title, different author",WoS,WOS:000271300000016,2009,prieto-montano,Scopus,0036335620,2002,gayer,Torsion of a wandering spleen
"same title, different author",WoS,WOS:000271300000016,2009,prieto-montano,Scopus,77957725392,2010,el,Torsion of a wandering spleen
"same title, different author",WoS,WOS:000271300000016,2009,prieto-montano,Scopus,77955627941,2010,carapinha,Torsion of a wandering spleen
"same title, different author",WoS,WOS:000271300000016,2009,prieto-montano,Scopus,0036748105,2002,sayeed,Torsion of a wandering spleen
"same title, different author",WoS,WOS:000271300000016,2009,prieto-montano,Scopus,0023683258,1988,franic,Torsion of a wandering spleen
"same title, different author",WoS,WOS:000271300000016,2009,prieto-montano,Scopus,0027586285,1993,balm,Torsion of a wandering spleen
"same title, different author",WoS,WOS:000271300000016,2009,prieto-montano,Scopus,0021926236,1985,witz,Torsion of a wandering spleen
"same title, different author",Scopus,85074139586,2020,rey,Scopus,0036335620,2002,gayer,Torsion of a wandering spleen
"same title, different author",Scopus,85074139586,2020,rey,Scopus,77957725392,2010,el,Torsion of a wandering spleen
"same title, different author",Scopus,85074139586,2020,rey,Scopus,77955627941,2010,carapinha,Torsion of a wandering spleen
"same title, different author",Scopus,85074139586,2020,rey,Scopus,70349970552,2009,prieto-montano,Torsion of a wandering spleen
"same title, different author",Scopus,85074139586,2020,rey,Scopus,0036748105,2002,sayeed,Torsion of a wandering spleen
"same title, different author",Scopus,85074139586,2020,rey,Scopus,0023683258,1988,franic,Torsion of a wandering spleen
"same title, different author",Scopus,85074139586,2020,rey,Scopus,0027586285,1993,balm,Torsion of a wandering spleen
"same title, different author",Scopus,85074139586,2020,rey,Scopus,0021926236,1985,witz,Torsion of a wandering spleen
"same title, different author",Scopus,0036335620,2002,gayer,Scopus,77957725392,2010,el,Torsion of a wandering spleen
"same title, different author",Scopus,0036335620,2002,gayer,Scopus,77955627941,2010,carapinha,Torsion of a wandering spleen
"same title, different author",Scopus,0036335620,2002,gayer,Scopus,70349970552,2009,prieto-montano,Torsion of a wandering spleen
"same title, different author",Scopus,0036335620,2002,gayer,Scopus,0036748105,2002,sayeed,Torsion of a wandering spleen
"same title, different author",Scopus,0036335620,2002,gayer,Scopus,0023683258,1988,franic,Torsion of a wandering spleen
"same title, different author",Scopus,0036335620,2002,gayer,Scopus,0027586285,1993,balm,Torsion of a wandering spleen
"same title, different author",Scopus,0036335620,2002,gayer,Scopus,0021926236,1985,witz,Torsion of a wandering spleen
"same title, different author",Scopus,77957725392,2010,el,Scopus,77955627941,2010,carapinha,Torsion of a wandering spleen
"same title, different author",Scopus,77957725392,2010,el,Scopus,70349970552,2009,prieto-montano,Torsion of a wandering spleen
"same title, different author",Scopus,77957725392,2010,el,Scopus,0036748105,2002,sayeed,Torsion of a wandering spleen
"same title, different author",Scopus,77957725392,2010,el,Scopus,0023683258,1988,franic,Torsion of a wandering spleen
"same title, different author",Scopus,77957725392,2010,el,Scopus,0027586285,1993,balm,Torsion of a wandering spleen
"same title, different author",Scopus,77957725392,2010,el,Scopus,0021926236,1985,witz,Torsion of a wandering spleen
"same title, different author",Scopus,77955627941,2010,carapinha,Scopus,70349970552,2009,prieto-montano,Torsion of a wandering spleen
"same title, different author",Scopus,77955627941,2010,carapinha,Scopus,0036748105,2002,sayeed,Torsion of a wandering spleen
"same title, different author",Scopus,77955627941,2010,carapinha,Scopus,0023683258,1988,franic,Torsion of a wandering spleen
"same title, different author",Scopus,77955627941,2010,carapinha,Scopus,0027586285,1993,balm,Torsion of a wandering spleen
"same title, different author",Scopus,77955627941,2010,carapinha,Scopus,0021926236,1985,witz,Torsion of a wandering spleen
"same title, different author",Scopus,70349970552,2009,prieto-montano,Scopus,0036748105,2002,sayeed,Torsion of a wandering spleen
"same title, different author",Scopus,70349970552,2009,prieto-montano,Scopus,0023683258,1988,franic,Torsion of a wandering spleen
"same title, different author",Scopus,70349970552,2009,prieto-montano,Scopus,0027586285,1993,balm,Torsion of a wandering spleen
"same title, different author",Scopus,70349970552,2009,prieto-montano,Scopus,0021926236,1985,witz,Torsion of a wandering spleen
"same title, different author",Scopus,0036748105,2002,sayeed,Scopus,0023683258,1988,franic,Torsion of a wandering spleen
"same title, different author",Scopus,0036748105,2002,sayeed,Scopus,0027586285,1993,balm,Torsion of a wandering spleen
"same title, different author",Scopus,0036748105,2002,sayeed,Scopus,0021926236,1985,witz,Torsion of a wandering spleen
"same title, different author",Scopus,0023683258,1988,franic,Scopus,0027586285,1993,balm,Torsion of a wandering spleen
"same title, different author",Scopus,0023683258,1988,franic,Scopus,0021926236,1985,witz,Torsion of a wandering spleen
"same title, different author",Scopus,0027586285,1993,balm,Scopus,0021926236,1985,witz,Torsion of a wandering spleen.
"same title, different author",PubMed,30876653,2019,karapolat,PubMed,22880514,2012,kocakoc,Torsion of the Wandering Spleen.
"same title, different author",PubMed,30876653,2019,karapolat,PubMed,9727262,1998,hon,Torsion of the Wandering Spleen.
"same title, different author",PubMed,30876653,2019,karapolat,PubMed,1168412,1975,smulewicz,Torsion of the Wandering Spleen.
"same title, different author",PubMed,30876653,2019,karapolat,WoS,WOS:000307263200013,2012,kocakoc,Torsion of the Wandering Spleen.
"same title, different author",PubMed,30876653,2019,karapolat,Scopus,72049105816,2009,baradaran,Torsion of the Wandering Spleen.
"same title, different author",PubMed,30876653,2019,karapolat,Scopus,84865096759,2012,kocakoc,Torsion of the Wandering Spleen.
"same title, different author",PubMed,30876653,2019,karapolat,Scopus,0031815084,1998,hon,Torsion of the Wandering Spleen.
"same title, different author",PubMed,30876653,2019,karapolat,Scopus,0016614478,1975,smulewicz,Torsion of the Wandering Spleen.
"same title, different author",PubMed,22880514,2012,kocakoc,PubMed,9727262,1998,hon,Torsion of the wandering spleen.
"same title, different author",PubMed,22880514,2012,kocakoc,PubMed,1168412,1975,smulewicz,Torsion of the wandering spleen.
"same title, different author",PubMed,22880514,2012,kocakoc,WoS,WOS:000465167800002,2019,karapolat,Torsion of the wandering spleen.
"same title, different author",PubMed,22880514,2012,kocakoc,Scopus,85063949842,2019,karapolat,Torsion of the wandering spleen.
"same title, different author",PubMed,22880514,2012,kocakoc,Scopus,72049105816,2009,baradaran,Torsion of the wandering spleen.
"same title, different author",PubMed,22880514,2012,kocakoc,Scopus,0031815084,1998,hon,Torsion of the wandering spleen.
"same title, different author",PubMed,22880514,2012,kocakoc,Scopus,0016614478,1975,smulewicz,Torsion of the wandering spleen.
"same title, different author",PubMed,9727262,1998,hon,PubMed,1168412,1975,smulewicz,Torsion of the wandering spleen.
"same title, different author",PubMed,9727262,1998,hon,WoS,WOS:000465167800002,2019,karapolat,Torsion of the wandering spleen.
"same title, different author",PubMed,9727262,1998,hon,WoS,WOS:000307263200013,2012,kocakoc,Torsion of the wandering spleen.
"same title, different author",PubMed,9727262,1998,hon,Scopus,85063949842,2019,karapolat,Torsion of the wandering spleen.
"same title, different author",PubMed,9727262,1998,hon,Scopus,72049105816,2009,baradaran,Torsion of the wandering spleen.
"same title, different author",PubMed,9727262,1998,hon,Scopus,84865096759,2012,kocakoc,Torsion of the wandering spleen.
"same title, different author",PubMed,9727262,1998,hon,Scopus,0016614478,1975,smulewicz,Torsion of the wandering spleen.
"same title, different author",PubMed,1168412,1975,smulewicz,WoS,WOS:000465167800002,2019,karapolat,Torsion of the wandering spleen.
"same title, different author",PubMed,1168412,1975,smulewicz,WoS,WOS:000307263200013,2012,kocakoc,Torsion of the wandering spleen.
"same title, different author",PubMed,1168412,1975,smulewicz,Scopus,85063949842,2019,karapolat,Torsion of the wandering spleen.
"same title, different author",PubMed,1168412,1975,smulewicz,Scopus,72049105816,2009,baradaran,Torsion of the wandering spleen.
"same title, different author",PubMed,1168412,1975,smulewicz,Scopus,84865096759,2012,kocakoc,Torsion of the wandering spleen.
"same title, different author",PubMed,1168412,1975,smulewicz,Scopus,0031815084,1998,hon,Torsion of the wandering spleen.
"same title, different author",WoS,WOS:000465167800002,2019,karapolat,WoS,WOS:000307263200013,2012,kocakoc,Torsion of the Wandering Spleen
"same title, different author",WoS,WOS:000465167800002,2019,karapolat,Scopus,72049105816,2009,baradaran,Torsion of the Wandering Spleen
"same title, different author",WoS,WOS:000465167800002,2019,karapolat,Scopus,84865096759,2012,kocakoc,Torsion of the Wandering Spleen
"same title, different author",WoS,WOS:000465167800002,2019,karapolat,Scopus,0031815084,1998,hon,Torsion of the Wandering Spleen
"same title, different author",WoS,WOS:000465167800002,2019,karapolat,Scopus,0016614478,1975,smulewicz,Torsion of the Wandering Spleen
"same title, different author",WoS,WOS:000307263200013,2012,kocakoc,Scopus,85063949842,2019,karapolat,TORSION OF THE WANDERING SPLEEN
"same title, different author",WoS,WOS:000307263200013,2012,kocakoc,Scopus,72049105816,2009,baradaran,TORSION OF THE WANDERING SPLEEN
"same title, different author",WoS,WOS:000307263200013,2012,kocakoc,Scopus,0031815084,1998,hon,TORSION OF THE WANDERING SPLEEN
"same title, different author",WoS,WOS:000307263200013,2012,kocakoc,Scopus,0016614478,1975,smulewicz,TORSION OF THE WANDERING SPLEEN
"same title, different author",Scopus,85063949842,2019,karapolat,Scopus,72049105816,2009,baradaran,Torsion of the Wandering Spleen
"same title, different author",Scopus,85063949842,2019,karapolat,Scopus,84865096759,2012,kocakoc,Torsion of the Wandering Spleen
"same title, different author",Scopus,85063949842,2019,karapolat,Scopus,0031815084,1998,hon,Torsion of the Wandering Spleen
"same title, different author",Scopus,85063949842,2019,karapolat,Scopus,0016614478,1975,smulewicz,Torsion of the Wandering Spleen
"same title, different author",Scopus,72049105816,2009,baradaran,Scopus,84865096759,2012,kocakoc,Torsion of the wandering spleen
"same title, different author",Scopus,72049105816,2009,baradaran,Scopus,0031815084,1998,hon,Torsion of the wandering spleen
"same title, different author",Scopus,72049105816,2009,baradaran,Scopus,0016614478,1975,smulewicz,Torsion of the wandering spleen
"same title, different author",Scopus,84865096759,2012,kocakoc,Scopus,0031815084,1998,hon,Torsion of the wandering spleen
"same title, different author",Scopus,84865096759,2012,kocakoc,Scopus,0016614478,1975,smulewicz,Torsion of the wandering spleen
"same title, different author",Scopus,0031815084,1998,hon,Scopus,0016614478,1975,smulewicz,Torsion of the wandering spleen
"same title, different author",PubMed,30403608,2018,falcao,WoS,WOS:000449070100021,2018,de,Ectopic spleen mimicking hepatocellular carcinoma in the late post-operative  period of bariatric surgery.
"same title, different author",PubMed,30403608,2018,falcao,Scopus,85056391599,2018,de,Ectopic spleen mimicking hepatocellular carcinoma in the late post-operative  period of bariatric surgery.
"same title, different author",PubMed,29889641,2018,spears,WoS,WOS:000239748400014,2006,jaeger,What Is Your Diagnosis?
"same title, different author",WoS,WOS:000239748400014,2006,jaeger,Scopus,85048590613,2018,spears,What is your diagnosis?
"same title, different author",PubMed,28875287,2018,tagliabue,PubMed,8787434,1996,maxwell-armstrong,The Wandering Spleen.
"same title, different author",PubMed,28875287,2018,tagliabue,PubMed,8850498,1995,lopez,The Wandering Spleen.
"same title, different author",PubMed,28875287,2018,tagliabue,PubMed,1411897,1992,buehner,The Wandering Spleen.
"same title, different author",PubMed,28875287,2018,tagliabue,PubMed,6884386,1983,vermylen,The Wandering Spleen.
"same title, different author",PubMed,28875287,2018,tagliabue,WoS,WOS:000273470200018,2010,dillman,The Wandering Spleen.
"same title, different author",PubMed,28875287,2018,tagliabue,Scopus,76449105241,2010,dillman,The Wandering Spleen.
"same title, different author",PubMed,28875287,2018,tagliabue,Scopus,0026767487,1992,buehner,The Wandering Spleen.
"same title, different author",PubMed,28875287,2018,tagliabue,Scopus,0029917144,1996,maxwell-armstrong,The Wandering Spleen.
"same title, different author",PubMed,28875287,2018,tagliabue,Scopus,0020541127,1983,vermylen,The Wandering Spleen.
"same title, different author",PubMed,28875287,2018,tagliabue,Scopus,0029619329,1995,lopez,The Wandering Spleen.
"same title, different author",PubMed,8787434,1996,maxwell-armstrong,PubMed,8850498,1995,lopez,The wandering spleen.
"same title, different author",PubMed,8787434,1996,maxwell-armstrong,PubMed,1411897,1992,buehner,The wandering spleen.
"same title, different author",PubMed,8787434,1996,maxwell-armstrong,PubMed,6884386,1983,vermylen,The wandering spleen.
"same title, different author",PubMed,8787434,1996,maxwell-armstrong,WoS,WOS:000426795800022,2018,tagliabue,The wandering spleen.
"same title, different author",PubMed,8787434,1996,maxwell-armstrong,WoS,WOS:000273470200018,2010,dillman,The wandering spleen.
"same title, different author",PubMed,8787434,1996,maxwell-armstrong,Scopus,85029000442,2018,tagliabue,The wandering spleen.
"same title, different author",PubMed,8787434,1996,maxwell-armstrong,Scopus,76449105241,2010,dillman,The wandering spleen.
"same title, different author",PubMed,8787434,1996,maxwell-armstrong,Scopus,0026767487,1992,buehner,The wandering spleen.
"same title, different author",PubMed,8787434,1996,maxwell-armstrong,Scopus,0020541127,1983,vermylen,The wandering spleen.
"same title, different author",PubMed,8787434,1996,maxwell-armstrong,Scopus,0029619329,1995,lopez,The wandering spleen.
"same title, different author",PubMed,8850498,1995,lopez,PubMed,1411897,1992,buehner,The wandering spleen.
"same title, different author",PubMed,8850498,1995,lopez,PubMed,6884386,1983,vermylen,The wandering spleen.
"same title, different author",PubMed,8850498,1995,lopez,WoS,WOS:000426795800022,2018,tagliabue,The wandering spleen.
"same title, different author",PubMed,8850498,1995,lopez,WoS,WOS:000273470200018,2010,dillman,The wandering spleen.
"same title, different author",PubMed,8850498,1995,lopez,Scopus,85029000442,2018,tagliabue,The wandering spleen.
"same title, different author",PubMed,8850498,1995,lopez,Scopus,76449105241,2010,dillman,The wandering spleen.
"same title, different author",PubMed,8850498,1995,lopez,Scopus,0026767487,1992,buehner,The wandering spleen.
"same title, different author",PubMed,8850498,1995,lopez,Scopus,0029917144,1996,maxwell-armstrong,The wandering spleen.
"same title, different author",PubMed,8850498,1995,lopez,Scopus,0020541127,1983,vermylen,The wandering spleen.
"same title, different author",PubMed,1411897,1992,buehner,PubMed,6884386,1983,vermylen,The wandering spleen.
"same title, different author",PubMed,1411897,1992,buehner,WoS,WOS:000426795800022,2018,tagliabue,The wandering spleen.
"same title, different author",PubMed,1411897,1992,buehner,WoS,WOS:000273470200018,2010,dillman,The wandering spleen.
"same title, different author",PubMed,1411897,1992,buehner,Scopus,85029000442,2018,tagliabue,The wandering spleen.
"same title, different author",PubMed,1411897,1992,buehner,Scopus,76449105241,2010,dillman,The wandering spleen.
"same title, different author",PubMed,1411897,1992,buehner,Scopus,0029917144,1996,maxwell-armstrong,The wandering spleen.
"same title, different author",PubMed,1411897,1992,buehner,Scopus,0020541127,1983,vermylen,The wandering spleen.
"same title, different author",PubMed,1411897,1992,buehner,Scopus,0029619329,1995,lopez,The wandering spleen.
"same title, different author",PubMed,6884386,1983,vermylen,WoS,WOS:000426795800022,2018,tagliabue,The wandering spleen.
"same title, different author",PubMed,6884386,1983,vermylen,WoS,WOS:000273470200018,2010,dillman,The wandering spleen.
"same title, different author",PubMed,6884386,1983,vermylen,Scopus,85029000442,2018,tagliabue,The wandering spleen.
"same title, different author",PubMed,6884386,1983,vermylen,Scopus,76449105241,2010,dillman,The wandering spleen.
"same title, different author",PubMed,6884386,1983,vermylen,Scopus,0026767487,1992,buehner,The wandering spleen.
"same title, different author",PubMed,6884386,1983,vermylen,Scopus,0029917144,1996,maxwell-armstrong,The wandering spleen.
"same title, different author",PubMed,6884386,1983,vermylen,Scopus,0029619329,1995,lopez,The wandering spleen.
"same title, different author",WoS,WOS:000426795800022,2018,tagliabue,WoS,WOS:000273470200018,2010,dillman,The Wandering Spleen
"same title, different author",WoS,WOS:000426795800022,2018,tagliabue,Scopus,76449105241,2010,dillman,The Wandering Spleen
"same title, different author",WoS,WOS:000426795800022,2018,tagliabue,Scopus,0026767487,1992,buehner,The Wandering Spleen
"same title, different author",WoS,WOS:000426795800022,2018,tagliabue,Scopus,0029917144,1996,maxwell-armstrong,The Wandering Spleen
"same title, different author",WoS,WOS:000426795800022,2018,tagliabue,Scopus,0020541127,1983,vermylen,The Wandering Spleen
"same title, different author",WoS,WOS:000426795800022,2018,tagliabue,Scopus,0029619329,1995,lopez,The Wandering Spleen
"same title, different author",WoS,WOS:000273470200018,2010,dillman,Scopus,85029000442,2018,tagliabue,"The ""wandering"" spleen"
"same title, different author",WoS,WOS:000273470200018,2010,dillman,Scopus,0026767487,1992,buehner,"The ""wandering"" spleen"
"same title, different author",WoS,WOS:000273470200018,2010,dillman,Scopus,0029917144,1996,maxwell-armstrong,"The ""wandering"" spleen"
"same title, different author",WoS,WOS:000273470200018,2010,dillman,Scopus,0020541127,1983,vermylen,"The ""wandering"" spleen"
"same title, different author",WoS,WOS:000273470200018,2010,dillman,Scopus,0029619329,1995,lopez,"The ""wandering"" spleen"
"same title, different author",Scopus,85029000442,2018,tagliabue,Scopus,76449105241,2010,dillman,The Wandering Spleen
"same title, different author",Scopus,85029000442,2018,tagliabue,Scopus,0026767487,1992,buehner,The Wandering Spleen
"same title, different author",Scopus,85029000442,2018,tagliabue,Scopus,0029917144,1996,maxwell-armstrong,The Wandering Spleen
"same title, different author",Scopus,85029000442,2018,tagliabue,Scopus,0020541127,1983,vermylen,The Wandering Spleen
"same title, different author",Scopus,85029000442,2018,tagliabue,Scopus,0029619329,1995,lopez,The Wandering Spleen
"same title, different author",Scopus,76449105241,2010,dillman,Scopus,0026767487,1992,buehner,The wandering spleen
"same title, different author",Scopus,76449105241,2010,dillman,Scopus,0029917144,1996,maxwell-armstrong,The wandering spleen
"same title, different author",Scopus,76449105241,2010,dillman,Scopus,0020541127,1983,vermylen,The wandering spleen
"same title, different author",Scopus,76449105241,2010,dillman,Scopus,0029619329,1995,lopez,The wandering spleen
"same title, different author",Scopus,0026767487,1992,buehner,Scopus,0029917144,1996,maxwell-armstrong,The wandering spleen
"same title, different author",Scopus,0026767487,1992,buehner,Scopus,0020541127,1983,vermylen,The wandering spleen
"same title, different author",Scopus,0026767487,1992,buehner,Scopus,0029619329,1995,lopez,The wandering spleen
"same title, different author",Scopus,0029917144,1996,maxwell-armstrong,Scopus,0020541127,1983,vermylen,The wandering spleen
"same title, different author",Scopus,0029917144,1996,maxwell-armstrong,Scopus,0029619329,1995,lopez,The wandering spleen
"same title, different author",Scopus,0020541127,1983,vermylen,Scopus,0029619329,1995,lopez,The wandering spleen
"same title, different author",PubMed,30805467,2016,hussain,PubMed,22730032,2013,udare,Torsion of wandering spleen.
"same title, different author",PubMed,30805467,2016,hussain,PubMed,20120444,2009,dirican,Torsion of wandering spleen.
"same title, different author",PubMed,30805467,2016,hussain,PubMed,14286978,1965,simpson,Torsion of wandering spleen.
"same title, different author",PubMed,30805467,2016,hussain,WoS,WOS:000272667600013,2009,dirican,Torsion of wandering spleen.
"same title, different author",PubMed,30805467,2016,hussain,Scopus,84878318127,2013,udare,Torsion of wandering spleen.
"same title, different author",PubMed,30805467,2016,hussain,Scopus,75649146244,2009,dirican,Torsion of wandering spleen.
"same title, different author",PubMed,30805467,2016,hussain,Scopus,84941084474,2015,wada,Torsion of wandering spleen.
"same title, different author",PubMed,30805467,2016,hussain,Scopus,33847630111,1965,simpson,Torsion of wandering spleen.
"same title, different author",PubMed,22730032,2013,udare,PubMed,20120444,2009,dirican,Torsion of wandering spleen.
"same title, different author",PubMed,22730032,2013,udare,PubMed,14286978,1965,simpson,Torsion of wandering spleen.
"same title, different author",PubMed,22730032,2013,udare,WoS,WOS:000272667600013,2009,dirican,Torsion of wandering spleen.
"same title, different author",PubMed,22730032,2013,udare,Scopus,75649146244,2009,dirican,Torsion of wandering spleen.
"same title, different author",PubMed,22730032,2013,udare,Scopus,84941084474,2015,wada,Torsion of wandering spleen.
"same title, different author",PubMed,22730032,2013,udare,Scopus,33847630111,1965,simpson,Torsion of wandering spleen.
"same title, different author",PubMed,20120444,2009,dirican,PubMed,14286978,1965,simpson,Torsion of wandering spleen.
"same title, different author",PubMed,20120444,2009,dirican,Scopus,84878318127,2013,udare,Torsion of wandering spleen.
"same title, different author",PubMed,20120444,2009,dirican,Scopus,84941084474,2015,wada,Torsion of wandering spleen.
"same title, different author",PubMed,20120444,2009,dirican,Scopus,33847630111,1965,simpson,Torsion of wandering spleen.
"same title, different author",PubMed,14286978,1965,simpson,WoS,WOS:000272667600013,2009,dirican,TORSION OF WANDERING SPLEEN.
"same title, different author",PubMed,14286978,1965,simpson,Scopus,84878318127,2013,udare,TORSION OF WANDERING SPLEEN.
"same title, different author",PubMed,14286978,1965,simpson,Scopus,75649146244,2009,dirican,TORSION OF WANDERING SPLEEN.
"same title, different author",PubMed,14286978,1965,simpson,Scopus,84941084474,2015,wada,TORSION OF WANDERING SPLEEN.
"same title, different author",WoS,WOS:000272667600013,2009,dirican,Scopus,84878318127,2013,udare,Torsion of wandering spleen
"same title, different author",WoS,WOS:000272667600013,2009,dirican,Scopus,84941084474,2015,wada,Torsion of wandering spleen
"same title, different author",WoS,WOS:000272667600013,2009,dirican,Scopus,33847630111,1965,simpson,Torsion of wandering spleen
"same title, different author",Scopus,84878318127,2013,udare,Scopus,75649146244,2009,dirican,Torsion of wandering spleen
"same title, different author",Scopus,84878318127,2013,udare,Scopus,84941084474,2015,wada,Torsion of wandering spleen
"same title, different author",Scopus,84878318127,2013,udare,Scopus,33847630111,1965,simpson,Torsion of wandering spleen
"same title, different author",Scopus,75649146244,2009,dirican,Scopus,84941084474,2015,wada,Torsion of wandering spleen
"same title, different author",Scopus,75649146244,2009,dirican,Scopus,33847630111,1965,simpson,Torsion of wandering spleen
"same title, different author",Scopus,84941084474,2015,wada,Scopus,33847630111,1965,simpson,Torsion of wandering spleen
"same title, different author",PubMed,25518790,2014,riaz,WoS,WOS:000351754600036,2014,ul,Torsion of a wandering spleen: an unusual abdominal catastrophe.
"same title, different author",PubMed,25518790,2014,riaz,Scopus,84918770342,2014,ul,Torsion of a wandering spleen: an unusual abdominal catastrophe.
"same title, different author",PubMed,24612438,2015,gu,PubMed,22477742,2012,lam,Acute torsion of a wandering spleen.
"same title, different author",PubMed,24612438,2015,gu,WoS,WOS:000302592600014,2012,lam,Acute torsion of a wandering spleen.
"same title, different author",PubMed,24612438,2015,gu,Scopus,84861149246,2012,lam,Acute torsion of a wandering spleen.
"same title, different author",PubMed,22477742,2012,lam,WoS,WOS:000362552000024,2015,gu,Acute torsion of a wandering spleen.
"same title, different author",PubMed,22477742,2012,lam,Scopus,84942836706,2015,gu,Acute torsion of a wandering spleen.
"same title, different author",WoS,WOS:000302592600014,2012,lam,WoS,WOS:000362552000024,2015,gu,Acute torsion of a wandering spleen
"same title, different author",WoS,WOS:000302592600014,2012,lam,Scopus,84942836706,2015,gu,Acute torsion of a wandering spleen
"same title, different author",WoS,WOS:000362552000024,2015,gu,Scopus,84861149246,2012,lam,Acute torsion of a wandering spleen
"same title, different author",Scopus,84861149246,2012,lam,Scopus,84942836706,2015,gu,Acute torsion of a wandering spleen
"same title, different author",PubMed,22532185,2012,szumilo,Scopus,85038129421,2017,santos,Intrapancreatic accessory spleen.
"same title, different author",PubMed,22532185,2012,szumilo,Scopus,84864883722,2012,szumiło,Intrapancreatic accessory spleen.
"same title, different author",WoS,WOS:000305658400009,2012,szumilo,Scopus,85038129421,2017,santos,Intrapancreatic accessory spleen
"same title, different author",WoS,WOS:000305658400009,2012,szumilo,Scopus,84864883722,2012,szumiło,Intrapancreatic accessory spleen
"same title, different author",Scopus,85038129421,2017,santos,Scopus,84864883722,2012,szumiło,Intrapancreatic accessory spleen
"same title, different author",PubMed,19750894,2009,lien,Scopus,77449115942,2009,hemmati,Acute torsion of wandering spleen: report of one case.
"same title, different author",WoS,WOS:000269408600010,2009,lien,Scopus,77449115942,2009,hemmati,Acute Torsion of Wandering Spleen: Report of One Case
"same title, different author",Scopus,77449115942,2009,hemmati,Scopus,70349336975,2009,lien,Acute torsion of wandering spleen: Report of one case
"same title, different author",PubMed,18942912,2008,martinez-ramos,PubMed,13114513,1954,buenger,[Volvulus of the splenic flexure of the colon].
"same title, different author",PubMed,22334844,2008,alshukry,PubMed,12640148,2003,chawla,Splenic torsion.
"same title, different author",PubMed,22334844,2008,alshukry,PubMed,5148609,1971,opanov,Splenic torsion.
"same title, different author",PubMed,22334844,2008,alshukry,WoS,WOS:000181617100002,2003,chawla,Splenic torsion.
"same title, different author",PubMed,22334844,2008,alshukry,Scopus,85165213480,2023,delgado,Splenic torsion.
"same title, different author",PubMed,22334844,2008,alshukry,Scopus,0037870115,2003,chawla,Splenic torsion.
"same title, different author",PubMed,22334844,2008,alshukry,Scopus,0015195656,1971,opanov,Splenic torsion.
"same title, different author",PubMed,12640148,2003,chawla,PubMed,5148609,1971,opanov,Splenic torsion.
"same title, different author",PubMed,12640148,2003,chawla,Scopus,85165213480,2023,delgado,Splenic torsion.
"same title, different author",PubMed,12640148,2003,chawla,Scopus,84874113849,2008,alshukry,Splenic torsion.
"same title, different author",PubMed,12640148,2003,chawla,Scopus,0015195656,1971,opanov,Splenic torsion.
"same title, different author",PubMed,5148609,1971,opanov,WoS,WOS:000181617100002,2003,chawla,[Splenic torsion].
"same title, different author",PubMed,5148609,1971,opanov,Scopus,85165213480,2023,delgado,[Splenic torsion].
"same title, different author",PubMed,5148609,1971,opanov,Scopus,0037870115,2003,chawla,[Splenic torsion].
"same title, different author",PubMed,5148609,1971,opanov,Scopus,84874113849,2008,alshukry,[Splenic torsion].
"same title, different author",WoS,WOS:000181617100002,2003,chawla,Scopus,85165213480,2023,delgado,Splenic torsion
"same title, different author",WoS,WOS:000181617100002,2003,chawla,Scopus,84874113849,2008,alshukry,Splenic torsion
"same title, different author",WoS,WOS:000181617100002,2003,chawla,Scopus,0015195656,1971,opanov,Splenic torsion
"same title, different author",Scopus,85165213480,2023,delgado,Scopus,0037870115,2003,chawla,Splenic Torsion
"same title, different author",Scopus,85165213480,2023,delgado,Scopus,84874113849,2008,alshukry,Splenic Torsion
"same title, different author",Scopus,85165213480,2023,delgado,Scopus,0015195656,1971,opanov,Splenic Torsion
"same title, different author",Scopus,0037870115,2003,chawla,Scopus,84874113849,2008,alshukry,Splenic Torsion
"same title, different author",Scopus,0037870115,2003,chawla,Scopus,0015195656,1971,opanov,Splenic Torsion
"same title, different author",Scopus,84874113849,2008,alshukry,Scopus,0015195656,1971,opanov,Splenic torsion
"same title, different author",PubMed,18810347,2008,cho,Scopus,77953376698,2008,choh,Wandering spleen presenting as recurrent abdominal pain in a young female.
"same title, different author",PubMed,18405033,2008,planelles,Scopus,40749137028,2008,gomez,[Supernumerary spleen simulating a renal tumor. Case report].
"same title, different author",PubMed,17206307,2007,safioleas,PubMed,5719059,1968,choksey,Wandering spleen with torsion of the pedicle.
"same title, different author",PubMed,17206307,2007,safioleas,PubMed,14801820,1950,lan,Wandering spleen with torsion of the pedicle.
"same title, different author",PubMed,17206307,2007,safioleas,PubMed,17867068,1933,abell,Wandering spleen with torsion of the pedicle.
"same title, different author",PubMed,17206307,2007,safioleas,Scopus,0014366288,1968,choksey,Wandering spleen with torsion of the pedicle.
"same title, different author",PubMed,17206307,2007,safioleas,Scopus,76549243312,1950,lan,Wandering spleen with torsion of the pedicle.
"same title, different author",PubMed,5719059,1968,choksey,PubMed,14801820,1950,lan,Wandering spleen with torsion of the pedicle.
"same title, different author",PubMed,5719059,1968,choksey,PubMed,17867068,1933,abell,Wandering spleen with torsion of the pedicle.
"same title, different author",PubMed,5719059,1968,choksey,WoS,WOS:000244212000026,2007,safioleas,Wandering spleen with torsion of the pedicle.
"same title, different author",PubMed,5719059,1968,choksey,Scopus,34249823707,2007,safioleas,Wandering spleen with torsion of the pedicle.
"same title, different author",PubMed,5719059,1968,choksey,Scopus,76549243312,1950,lan,Wandering spleen with torsion of the pedicle.
"same title, different author",PubMed,14801820,1950,lan,PubMed,17867068,1933,abell,Wandering spleen with torsion of the pedicle.
"same title, different author",PubMed,14801820,1950,lan,WoS,WOS:000244212000026,2007,safioleas,Wandering spleen with torsion of the pedicle.
"same title, different author",PubMed,14801820,1950,lan,Scopus,34249823707,2007,safioleas,Wandering spleen with torsion of the pedicle.
"same title, different author",PubMed,14801820,1950,lan,Scopus,0014366288,1968,choksey,Wandering spleen with torsion of the pedicle.
"same title, different author",PubMed,17867068,1933,abell,WoS,WOS:000244212000026,2007,safioleas,WANDERING SPLEEN WITH TORSION OF THE PEDICLE.
"same title, different author",PubMed,17867068,1933,abell,Scopus,34249823707,2007,safioleas,WANDERING SPLEEN WITH TORSION OF THE PEDICLE.
"same title, different author",PubMed,17867068,1933,abell,Scopus,0014366288,1968,choksey,WANDERING SPLEEN WITH TORSION OF THE PEDICLE.
"same title, different author",PubMed,17867068,1933,abell,Scopus,76549243312,1950,lan,WANDERING SPLEEN WITH TORSION OF THE PEDICLE.
"same title, different author",WoS,WOS:000244212000026,2007,safioleas,Scopus,0014366288,1968,choksey,Wandering spleen with torsion of the pedicle
"same title, different author",WoS,WOS:000244212000026,2007,safioleas,Scopus,76549243312,1950,lan,Wandering spleen with torsion of the pedicle
"same title, different author",Scopus,34249823707,2007,safioleas,Scopus,0014366288,1968,choksey,Wandering spleen with torsion of the pedicle
"same title, different author",Scopus,34249823707,2007,safioleas,Scopus,76549243312,1950,lan,Wandering spleen with torsion of the pedicle
"same title, different author",Scopus,0014366288,1968,choksey,Scopus,76549243312,1950,lan,Wandering spleen with torsion of the pedicle.
"same title, different author",PubMed,16910845,2006,jaeger,PubMed,12420770,2002,king,What is your diagnosis? Splenic torsion.
"same title, different author",PubMed,16910845,2006,jaeger,PubMed,10404483,1999,baines,What is your diagnosis? Splenic torsion.
"same title, different author",PubMed,16910845,2006,jaeger,Scopus,0033145707,1999,baines,What is your diagnosis? Splenic torsion.
"same title, different author",PubMed,12420770,2002,king,PubMed,10404483,1999,baines,What is your diagnosis? Splenic torsion.
"same title, different author",PubMed,12420770,2002,king,Scopus,0033145707,1999,baines,What is your diagnosis? Splenic torsion.
"same title, different author",PubMed,16534164,2006,lopez-tomassetti,WoS,WOS:000239223500014,2006,fernandez,An unusual case of hemoperitoneum owing to acute splenic torsion in a child with  immunoglobulin deficiency.
"same title, different author",WoS,WOS:000239223500014,2006,fernandez,Scopus,33645006754,2006,lopez-tomassetti,An unusual case of hemoperitoneum owing to acute splenic torsion in a child with immunoglobulin deficiency
"same title, different author",PubMed,16317489,2006,grinbaum,PubMed,9216221,1997,nakazawa,Torsion of an accessory spleen.
"same title, different author",PubMed,16317489,2006,grinbaum,PubMed,6638892,1983,valleix,Torsion of an accessory spleen.
"same title, different author",PubMed,16317489,2006,grinbaum,WoS,WOS:000620662300014,2021,mustafa,Torsion of an accessory spleen.
"same title, different author",PubMed,16317489,2006,grinbaum,Scopus,85099627795,2021,mustafa,Torsion of an accessory spleen.
"same title, different author",PubMed,16317489,2006,grinbaum,Scopus,0030752392,1997,nakazawa,Torsion of an accessory spleen.
"same title, different author",PubMed,16317489,2006,grinbaum,Scopus,0020967812,1983,valleix,Torsion of an accessory spleen.
"same title, different author",PubMed,9216221,1997,nakazawa,PubMed,6638892,1983,valleix,[Torsion of an accessory spleen].
"same title, different author",PubMed,9216221,1997,nakazawa,WoS,WOS:000620662300014,2021,mustafa,[Torsion of an accessory spleen].
"same title, different author",PubMed,9216221,1997,nakazawa,WoS,WOS:000234344200020,2006,grinbaum,[Torsion of an accessory spleen].
"same title, different author",PubMed,9216221,1997,nakazawa,Scopus,85099627795,2021,mustafa,[Torsion of an accessory spleen].
"same title, different author",PubMed,9216221,1997,nakazawa,Scopus,30544432224,2006,grinbaum,[Torsion of an accessory spleen].
"same title, different author",PubMed,9216221,1997,nakazawa,Scopus,0020967812,1983,valleix,[Torsion of an accessory spleen].
"same title, different author",PubMed,6638892,1983,valleix,WoS,WOS:000620662300014,2021,mustafa,[Torsion of an accessory spleen].
"same title, different author",PubMed,6638892,1983,valleix,WoS,WOS:000234344200020,2006,grinbaum,[Torsion of an accessory spleen].
"same title, different author",PubMed,6638892,1983,valleix,Scopus,85099627795,2021,mustafa,[Torsion of an accessory spleen].
"same title, different author",PubMed,6638892,1983,valleix,Scopus,30544432224,2006,grinbaum,[Torsion of an accessory spleen].
"same title, different author",PubMed,6638892,1983,valleix,Scopus,0030752392,1997,nakazawa,[Torsion of an accessory spleen].
"same title, different author",WoS,WOS:000620662300014,2021,mustafa,WoS,WOS:000234344200020,2006,grinbaum,Torsion of an accessory spleen
"same title, different author",WoS,WOS:000620662300014,2021,mustafa,Scopus,30544432224,2006,grinbaum,Torsion of an accessory spleen
"same title, different author",WoS,WOS:000620662300014,2021,mustafa,Scopus,0030752392,1997,nakazawa,Torsion of an accessory spleen
"same title, different author",WoS,WOS:000620662300014,2021,mustafa,Scopus,0020967812,1983,valleix,Torsion of an accessory spleen
"same title, different author",WoS,WOS:000234344200020,2006,grinbaum,Scopus,85099627795,2021,mustafa,Torsion of an accessory spleen
"same title, different author",WoS,WOS:000234344200020,2006,grinbaum,Scopus,0030752392,1997,nakazawa,Torsion of an accessory spleen
"same title, different author",WoS,WOS:000234344200020,2006,grinbaum,Scopus,0020967812,1983,valleix,Torsion of an accessory spleen
"same title, different author",Scopus,85099627795,2021,mustafa,Scopus,30544432224,2006,grinbaum,Torsion of an accessory spleen
"same title, different author",Scopus,85099627795,2021,mustafa,Scopus,0030752392,1997,nakazawa,Torsion of an accessory spleen
"same title, different author",Scopus,85099627795,2021,mustafa,Scopus,0020967812,1983,valleix,Torsion of an accessory spleen
"same title, different author",Scopus,30544432224,2006,grinbaum,Scopus,0030752392,1997,nakazawa,Torsion of an accessory spleen
"same title, different author",Scopus,30544432224,2006,grinbaum,Scopus,0020967812,1983,valleix,Torsion of an accessory spleen
"same title, different author",Scopus,0030752392,1997,nakazawa,Scopus,0020967812,1983,valleix,Torsion of an accessory spleen
"same title, different author",PubMed,16102952,2005,mcheik,PubMed,3686249,1987,sustr,[Torsion of the spleen in children].
"same title, different author",PubMed,16102952,2005,mcheik,Scopus,0023431295,1987,sustr,[Torsion of the spleen in children].
"same title, different author",PubMed,3686249,1987,sustr,WoS,WOS:000233213900010,2005,mcheik,[Torsion of the spleen in children].
"same title, different author",PubMed,3686249,1987,sustr,Scopus,26444561796,2005,mcheik,[Torsion of the spleen in children].
"same title, different author",WoS,WOS:000233213900010,2005,mcheik,Scopus,0023431295,1987,sustr,Torsion of the spleen in children
"same title, different author",Scopus,26444561796,2005,mcheik,Scopus,0023431295,1987,sustr,Torsion of the spleen in children
"same title, different author",PubMed,15573637,2003,mackintosh,PubMed,15573636,2003,lane,"Re: ""Wandering spleen: case report and literature review"" Satyadas et al. J R  Coll Edinb 2002; 47: 512-514."
"same title, different author",PubMed,15573637,2003,mackintosh,WoS,WOS:000182512100015,2003,lane,"Re: ""Wandering spleen: case report and literature review"" Satyadas et al. J R  Coll Edinb 2002; 47: 512-514."
"same title, different author",PubMed,15573636,2003,lane,WoS,WOS:000182512100016,2003,mackintosh,"Re: ""Wandering spleen: case report and literature review"" Satyadas et al. J R  Coll Edinb 2002; 47: 512-514."
"same title, different author",PubMed,15573636,2003,lane,Scopus,21244442014,2003,mackintosh,"Re: ""Wandering spleen: case report and literature review"" Satyadas et al. J R  Coll Edinb 2002; 47: 512-514."
"same title, different author",WoS,WOS:000182512100016,2003,mackintosh,WoS,WOS:000182512100015,2003,lane,"Re:: ""Wandering spleen:: case report and literature review"" Satyadas et al. J R Coll Edinb 2002; 47: 512-514"
"same title, different author",WoS,WOS:000182512100015,2003,lane,Scopus,21244442014,2003,mackintosh,"Re:: ""Wandering spleen:: case report and literature review"" Satyadas et al. J R Coll Edinb 2002; 47: 512-514"
"same title, different author",PubMed,14966761,2004,fearne,PubMed,12677580,2003,kim,Avulsion of wandering spleen after traumatic torsion.
"same title, different author",PubMed,14966761,2004,fearne,WoS,WOS:000182020600022,2003,kim,Avulsion of wandering spleen after traumatic torsion.
"same title, different author",PubMed,14966761,2004,fearne,Scopus,0037388793,2003,kim,Avulsion of wandering spleen after traumatic torsion.
"same title, different author",PubMed,12677580,2003,kim,Scopus,2642553147,2004,fearne,Avulsion of wandering spleen after traumatic torsion.
"same title, different author",WoS,WOS:000182020600022,2003,kim,Scopus,2642553147,2004,fearne,Avulsion of wandering spleen after traumatic torsion
"same title, different author",Scopus,0037388793,2003,kim,Scopus,2642553147,2004,fearne,Avulsion of wandering spleen after traumatic torsion
"same title, different author",PubMed,10914241,1999,ravid,PubMed,6218853,1983,cox,"[The ""wandering spleen"" syndrome]."
"same title, different author",PubMed,10914241,1999,ravid,Scopus,0020710685,1983,cox,"[The ""wandering spleen"" syndrome]."
"same title, different author",PubMed,6218853,1983,cox,Scopus,0033085733,1999,ravid,The wandering spleen syndrome?
"same title, different author",Scopus,0020710685,1983,cox,Scopus,0033085733,1999,ravid,The wandering spleen syndrome?
"same title, different author",PubMed,10050522,1999,kurguzov,PubMed,5201615,1969,todorovic,[Mobile spleen].
"same title, different author",PubMed,10050522,1999,kurguzov,Scopus,0014659613,1969,todorovic,[Mobile spleen].
"same title, different author",PubMed,5201615,1969,todorovic,Scopus,0032617439,1999,kurguzov,[Mobile spleen].
"same title, different author",Scopus,0032617439,1999,kurguzov,Scopus,0014659613,1969,todorovic,Mobile spleen
"same title, different author",PubMed,9672348,1998,uc,WoS,WOS:000074785600028,1998,ue,Gastric volvulus and wandering spleen.
"same title, different author",WoS,WOS:000074785600028,1998,ue,Scopus,0032463814,1998,uc,Gastric volvulus and wandering spleen
"same title, different author",PubMed,10740719,1997,karande,Scopus,0031107164,1997,oak,Gastric volvulus in childhood.
"same title, different author",PubMed,9114840,1997,desai,Scopus,33644797501,2005,alawi,Wandering spleen: a challenging diagnosis.
"same title, author missing",PubMed,9114840,1997,desai,Scopus,85026176708,1999,,Wandering spleen: a challenging diagnosis.
"same title, different author",WoS,WOS:A1997WU96800017,1997,desai,Scopus,33644797501,2005,alawi,Wandering spleen: A challenging diagnosis
"same title, author missing",WoS,WOS:A1997WU96800017,1997,desai,Scopus,85026176708,1999,,Wandering spleen: A challenging diagnosis
"same title, author missing",Scopus,33644797501,2005,alawi,Scopus,85026176708,1999,,Wandering spleen: A challenging diagnosis
"same title, different author",Scopus,33644797501,2005,alawi,Scopus,0030909969,1997,desai,Wandering spleen: A challenging diagnosis
"same title, author missing",Scopus,85026176708,1999,,Scopus,0030909969,1997,desai,Wandering spleen: A challenging diagnosis
"same title, different author",PubMed,8689225,1996,ellis,PubMed,8653362,1996,papakyriacou,Wandering spleen: a rare emergency condition.
"same title, different author",PubMed,8689225,1996,ellis,Scopus,0006950805,1996,papakyriacou,Wandering spleen: a rare emergency condition.
"same title, different author",PubMed,8653362,1996,papakyriacou,Scopus,0030137603,1996,ellis,Wandering spleen: a rare emergency condition.
"same title, different author",Scopus,0006950805,1996,papakyriacou,Scopus,0030137603,1996,ellis,Wandering spleen: A rare emergency condition
"same title, different author",PubMed,7709535,1994,bazhenov,PubMed,517482,1979,zarinjooee,[Splenic torsion in a child].
"same title, different author",PubMed,7709535,1994,bazhenov,Scopus,0018561008,1979,zarinjooee,[Splenic torsion in a child].
"same title, different author",PubMed,517482,1979,zarinjooee,Scopus,0028403015,1994,bazhenov,Splenic torsion in a child.
"same title, different author",Scopus,0028403015,1994,bazhenov,Scopus,0018561008,1979,zarinjooee,Splenic torsion in a child
"same title, different author",PubMed,8212481,1993,robinson,Scopus,84985406656,1983,stead,Splenic torsion in dogs.
"same title, different author",Scopus,0027913843,1993,robinson,Scopus,84985406656,1983,stead,Splenic torsion in dogs.
"same title, different author",PubMed,2176394,1990,abdulzhavadov,PubMed,14464853,1962,lewis,[Torsion of the spleen in pregnancy].
"same title, different author",PubMed,2176394,1990,abdulzhavadov,Scopus,84923953568,1962,lewis,[Torsion of the spleen in pregnancy].
"same title, different author",PubMed,14464853,1962,lewis,Scopus,0025451616,1990,abdulzhavadov,Torsion of the spleen in pregnancy.
"same title, different author",Scopus,0025451616,1990,abdulzhavadov,Scopus,84923953568,1962,lewis,Torsion of the spleen in pregnancy
"same title, different author",PubMed,3067882,1988,mendes,PubMed,6527327,1984,lau,[Torsion of the spleen].
"same title, different author",PubMed,3067882,1988,mendes,PubMed,7125393,1982,ros,[Torsion of the spleen].
"same title, different author",PubMed,3067882,1988,mendes,PubMed,7303422,1981,gadziev,[Torsion of the spleen].
"same title, different author",PubMed,3067882,1988,mendes,PubMed,757911,1978,heij,[Torsion of the spleen].
"same title, different author",PubMed,3067882,1988,mendes,PubMed,867699,1977,nazarov,[Torsion of the spleen].
"same title, different author",PubMed,3067882,1988,mendes,PubMed,5489195,1970,kompacheva,[Torsion of the spleen].
"same title, different author",PubMed,3067882,1988,mendes,PubMed,6060776,1967,woodward,[Torsion of the spleen].
"same title, different author",PubMed,3067882,1988,mendes,PubMed,13697498,1960,ets,[Torsion of the spleen].
"same title, different author",PubMed,3067882,1988,mendes,PubMed,14445342,1959,shabanov,[Torsion of the spleen].
"same title, different author",PubMed,3067882,1988,mendes,PubMed,13629699,1959,tosovsky,[Torsion of the spleen].
"same title, different author",PubMed,3067882,1988,mendes,PubMed,13466116,1957,familiari,[Torsion of the spleen].
"same title, different author",PubMed,3067882,1988,mendes,PubMed,13081340,1953,settimi,[Torsion of the spleen].
"same title, different author",PubMed,3067882,1988,mendes,WoS,WOS:000180587200007,2002,bomassi,[Torsion of the spleen].
"same title, different author",PubMed,3067882,1988,mendes,Scopus,84924646089,1957,familiari,[Torsion of the spleen].
"same title, different author",PubMed,3067882,1988,mendes,Scopus,0021681608,1984,lau,[Torsion of the spleen].
"same title, different author",PubMed,3067882,1988,mendes,Scopus,0016735043,1975,mosavy,[Torsion of the spleen].
"same title, different author",PubMed,3067882,1988,mendes,Scopus,84925549426,1960,ets,[Torsion of the spleen].
"same title, different author",PubMed,3067882,1988,mendes,Scopus,25344440240,1959,tosovsky,[Torsion of the spleen].
"same title, different author",PubMed,3067882,1988,mendes,Scopus,0017479948,1977,nazarov,[Torsion of the spleen].
"same title, different author",PubMed,3067882,1988,mendes,Scopus,84965264854,1962,cunningham,[Torsion of the spleen].
"same title, different author",PubMed,3067882,1988,mendes,Scopus,0018020582,1978,heij,[Torsion of the spleen].
"same title, different author",PubMed,3067882,1988,mendes,Scopus,0014796768,1970,kompacheva,[Torsion of the spleen].
"same title, different author",PubMed,3067882,1988,mendes,Scopus,0020124064,1982,ros,[Torsion of the spleen].
"same title, different author",PubMed,3067882,1988,mendes,Scopus,84925556452,1959,shabanov,[Torsion of the spleen].
"same title, different author",PubMed,3067882,1988,mendes,Scopus,0014170348,1967,woodward,[Torsion of the spleen].
"same title, different author",PubMed,3067882,1988,mendes,Scopus,0019615942,1981,gadziev,[Torsion of the spleen].
"same title, different author",PubMed,3067882,1988,mendes,Scopus,84924844990,1953,settimi,[Torsion of the spleen].
"same title, different author",PubMed,6527327,1984,lau,PubMed,7125393,1982,ros,Torsion of the spleen.
"same title, different author",PubMed,6527327,1984,lau,PubMed,7303422,1981,gadziev,Torsion of the spleen.
"same title, different author",PubMed,6527327,1984,lau,PubMed,757911,1978,heij,Torsion of the spleen.
"same title, different author",PubMed,6527327,1984,lau,PubMed,867699,1977,nazarov,Torsion of the spleen.
"same title, different author",PubMed,6527327,1984,lau,PubMed,5489195,1970,kompacheva,Torsion of the spleen.
"same title, different author",PubMed,6527327,1984,lau,PubMed,6060776,1967,woodward,Torsion of the spleen.
"same title, different author",PubMed,6527327,1984,lau,PubMed,13697498,1960,ets,Torsion of the spleen.
"same title, different author",PubMed,6527327,1984,lau,PubMed,14445342,1959,shabanov,Torsion of the spleen.
"same title, different author",PubMed,6527327,1984,lau,PubMed,13629699,1959,tosovsky,Torsion of the spleen.
"same title, different author",PubMed,6527327,1984,lau,PubMed,13466116,1957,familiari,Torsion of the spleen.
"same title, different author",PubMed,6527327,1984,lau,PubMed,13081340,1953,settimi,Torsion of the spleen.
"same title, different author",PubMed,6527327,1984,lau,WoS,WOS:000180587200007,2002,bomassi,Torsion of the spleen.
"same title, different author",PubMed,6527327,1984,lau,Scopus,84924646089,1957,familiari,Torsion of the spleen.
"same title, different author",PubMed,6527327,1984,lau,Scopus,0016735043,1975,mosavy,Torsion of the spleen.
"same title, different author",PubMed,6527327,1984,lau,Scopus,84925549426,1960,ets,Torsion of the spleen.
"same title, different author",PubMed,6527327,1984,lau,Scopus,25344440240,1959,tosovsky,Torsion of the spleen.
"same title, different author",PubMed,6527327,1984,lau,Scopus,0017479948,1977,nazarov,Torsion of the spleen.
"same title, different author",PubMed,6527327,1984,lau,Scopus,84965264854,1962,cunningham,Torsion of the spleen.
"same title, different author",PubMed,6527327,1984,lau,Scopus,0024240680,1988,mendes,Torsion of the spleen.
"same title, different author",PubMed,6527327,1984,lau,Scopus,0018020582,1978,heij,Torsion of the spleen.
"same title, different author",PubMed,6527327,1984,lau,Scopus,0014796768,1970,kompacheva,Torsion of the spleen.
"same title, different author",PubMed,6527327,1984,lau,Scopus,0020124064,1982,ros,Torsion of the spleen.
"same title, different author",PubMed,6527327,1984,lau,Scopus,84925556452,1959,shabanov,Torsion of the spleen.
"same title, different author",PubMed,6527327,1984,lau,Scopus,0014170348,1967,woodward,Torsion of the spleen.
"same title, different author",PubMed,6527327,1984,lau,Scopus,0019615942,1981,gadziev,Torsion of the spleen.
"same title, different author",PubMed,6527327,1984,lau,Scopus,84924844990,1953,settimi,Torsion of the spleen.
"same title, different author",PubMed,7125393,1982,ros,PubMed,7303422,1981,gadziev,[Torsion of the spleen].
"same title, different author",PubMed,7125393,1982,ros,PubMed,757911,1978,heij,[Torsion of the spleen].
"same title, different author",PubMed,7125393,1982,ros,PubMed,867699,1977,nazarov,[Torsion of the spleen].
"same title, different author",PubMed,7125393,1982,ros,PubMed,5489195,1970,kompacheva,[Torsion of the spleen].
"same title, different author",PubMed,7125393,1982,ros,PubMed,6060776,1967,woodward,[Torsion of the spleen].
"same title, different author",PubMed,7125393,1982,ros,PubMed,13697498,1960,ets,[Torsion of the spleen].
"same title, different author",PubMed,7125393,1982,ros,PubMed,14445342,1959,shabanov,[Torsion of the spleen].
"same title, different author",PubMed,7125393,1982,ros,PubMed,13629699,1959,tosovsky,[Torsion of the spleen].
"same title, different author",PubMed,7125393,1982,ros,PubMed,13466116,1957,familiari,[Torsion of the spleen].
"same title, different author",PubMed,7125393,1982,ros,PubMed,13081340,1953,settimi,[Torsion of the spleen].
"same title, different author",PubMed,7125393,1982,ros,WoS,WOS:000180587200007,2002,bomassi,[Torsion of the spleen].
"same title, different author",PubMed,7125393,1982,ros,Scopus,84924646089,1957,familiari,[Torsion of the spleen].
"same title, different author",PubMed,7125393,1982,ros,Scopus,0021681608,1984,lau,[Torsion of the spleen].
"same title, different author",PubMed,7125393,1982,ros,Scopus,0016735043,1975,mosavy,[Torsion of the spleen].
"same title, different author",PubMed,7125393,1982,ros,Scopus,84925549426,1960,ets,[Torsion of the spleen].
"same title, different author",PubMed,7125393,1982,ros,Scopus,25344440240,1959,tosovsky,[Torsion of the spleen].
"same title, different author",PubMed,7125393,1982,ros,Scopus,0017479948,1977,nazarov,[Torsion of the spleen].
"same title, different author",PubMed,7125393,1982,ros,Scopus,84965264854,1962,cunningham,[Torsion of the spleen].
"same title, different author",PubMed,7125393,1982,ros,Scopus,0024240680,1988,mendes,[Torsion of the spleen].
"same title, different author",PubMed,7125393,1982,ros,Scopus,0018020582,1978,heij,[Torsion of the spleen].
"same title, different author",PubMed,7125393,1982,ros,Scopus,0014796768,1970,kompacheva,[Torsion of the spleen].
"same title, different author",PubMed,7125393,1982,ros,Scopus,84925556452,1959,shabanov,[Torsion of the spleen].
"same title, different author",PubMed,7125393,1982,ros,Scopus,0014170348,1967,woodward,[Torsion of the spleen].
"same title, different author",PubMed,7125393,1982,ros,Scopus,0019615942,1981,gadziev,[Torsion of the spleen].
"same title, different author",PubMed,7125393,1982,ros,Scopus,84924844990,1953,settimi,[Torsion of the spleen].
"same title, different author",PubMed,7303422,1981,gadziev,PubMed,757911,1978,heij,[Torsion of the spleen].
"same title, different author",PubMed,7303422,1981,gadziev,PubMed,867699,1977,nazarov,[Torsion of the spleen].
"same title, different author",PubMed,7303422,1981,gadziev,PubMed,5489195,1970,kompacheva,[Torsion of the spleen].
"same title, different author",PubMed,7303422,1981,gadziev,PubMed,6060776,1967,woodward,[Torsion of the spleen].
"same title, different author",PubMed,7303422,1981,gadziev,PubMed,13697498,1960,ets,[Torsion of the spleen].
"same title, different author",PubMed,7303422,1981,gadziev,PubMed,14445342,1959,shabanov,[Torsion of the spleen].
"same title, different author",PubMed,7303422,1981,gadziev,PubMed,13629699,1959,tosovsky,[Torsion of the spleen].
"same title, different author",PubMed,7303422,1981,gadziev,PubMed,13466116,1957,familiari,[Torsion of the spleen].
"same title, different author",PubMed,7303422,1981,gadziev,PubMed,13081340,1953,settimi,[Torsion of the spleen].
"same title, different author",PubMed,7303422,1981,gadziev,WoS,WOS:000180587200007,2002,bomassi,[Torsion of the spleen].
"same title, different author",PubMed,7303422,1981,gadziev,Scopus,84924646089,1957,familiari,[Torsion of the spleen].
"same title, different author",PubMed,7303422,1981,gadziev,Scopus,0021681608,1984,lau,[Torsion of the spleen].
"same title, different author",PubMed,7303422,1981,gadziev,Scopus,0016735043,1975,mosavy,[Torsion of the spleen].
"same title, different author",PubMed,7303422,1981,gadziev,Scopus,84925549426,1960,ets,[Torsion of the spleen].
"same title, different author",PubMed,7303422,1981,gadziev,Scopus,25344440240,1959,tosovsky,[Torsion of the spleen].
"same title, different author",PubMed,7303422,1981,gadziev,Scopus,0017479948,1977,nazarov,[Torsion of the spleen].
"same title, different author",PubMed,7303422,1981,gadziev,Scopus,84965264854,1962,cunningham,[Torsion of the spleen].
"same title, different author",PubMed,7303422,1981,gadziev,Scopus,0024240680,1988,mendes,[Torsion of the spleen].
"same title, different author",PubMed,7303422,1981,gadziev,Scopus,0018020582,1978,heij,[Torsion of the spleen].
"same title, different author",PubMed,7303422,1981,gadziev,Scopus,0014796768,1970,kompacheva,[Torsion of the spleen].
"same title, different author",PubMed,7303422,1981,gadziev,Scopus,0020124064,1982,ros,[Torsion of the spleen].
"same title, different author",PubMed,7303422,1981,gadziev,Scopus,84925556452,1959,shabanov,[Torsion of the spleen].
"same title, different author",PubMed,7303422,1981,gadziev,Scopus,0014170348,1967,woodward,[Torsion of the spleen].
"same title, different author",PubMed,7303422,1981,gadziev,Scopus,84924844990,1953,settimi,[Torsion of the spleen].
"same title, different author",PubMed,757911,1978,heij,PubMed,867699,1977,nazarov,Torsion of the spleen.
"same title, different author",PubMed,757911,1978,heij,PubMed,5489195,1970,kompacheva,Torsion of the spleen.
"same title, different author",PubMed,757911,1978,heij,PubMed,6060776,1967,woodward,Torsion of the spleen.
"same title, different author",PubMed,757911,1978,heij,PubMed,13697498,1960,ets,Torsion of the spleen.
"same title, different author",PubMed,757911,1978,heij,PubMed,14445342,1959,shabanov,Torsion of the spleen.
"same title, different author",PubMed,757911,1978,heij,PubMed,13629699,1959,tosovsky,Torsion of the spleen.
"same title, different author",PubMed,757911,1978,heij,PubMed,13466116,1957,familiari,Torsion of the spleen.
"same title, different author",PubMed,757911,1978,heij,PubMed,13081340,1953,settimi,Torsion of the spleen.
"same title, different author",PubMed,757911,1978,heij,WoS,WOS:000180587200007,2002,bomassi,Torsion of the spleen.
"same title, different author",PubMed,757911,1978,heij,Scopus,84924646089,1957,familiari,Torsion of the spleen.
"same title, different author",PubMed,757911,1978,heij,Scopus,0021681608,1984,lau,Torsion of the spleen.
"same title, different author",PubMed,757911,1978,heij,Scopus,0016735043,1975,mosavy,Torsion of the spleen.
"same title, different author",PubMed,757911,1978,heij,Scopus,84925549426,1960,ets,Torsion of the spleen.
"same title, different author",PubMed,757911,1978,heij,Scopus,25344440240,1959,tosovsky,Torsion of the spleen.
"same title, different author",PubMed,757911,1978,heij,Scopus,0017479948,1977,nazarov,Torsion of the spleen.
"same title, different author",PubMed,757911,1978,heij,Scopus,84965264854,1962,cunningham,Torsion of the spleen.
"same title, different author",PubMed,757911,1978,heij,Scopus,0024240680,1988,mendes,Torsion of the spleen.
"same title, different author",PubMed,757911,1978,heij,Scopus,0014796768,1970,kompacheva,Torsion of the spleen.
"same title, different author",PubMed,757911,1978,heij,Scopus,0020124064,1982,ros,Torsion of the spleen.
"same title, different author",PubMed,757911,1978,heij,Scopus,84925556452,1959,shabanov,Torsion of the spleen.
"same title, different author",PubMed,757911,1978,heij,Scopus,0014170348,1967,woodward,Torsion of the spleen.
"same title, different author",PubMed,757911,1978,heij,Scopus,0019615942,1981,gadziev,Torsion of the spleen.
"same title, different author",PubMed,757911,1978,heij,Scopus,84924844990,1953,settimi,Torsion of the spleen.
"same title, different author",PubMed,867699,1977,nazarov,PubMed,5489195,1970,kompacheva,[Torsion of the spleen].
"same title, different author",PubMed,867699,1977,nazarov,PubMed,6060776,1967,woodward,[Torsion of the spleen].
"same title, different author",PubMed,867699,1977,nazarov,PubMed,13697498,1960,ets,[Torsion of the spleen].
"same title, different author",PubMed,867699,1977,nazarov,PubMed,14445342,1959,shabanov,[Torsion of the spleen].
"same title, different author",PubMed,867699,1977,nazarov,PubMed,13629699,1959,tosovsky,[Torsion of the spleen].
"same title, different author",PubMed,867699,1977,nazarov,PubMed,13466116,1957,familiari,[Torsion of the spleen].
"same title, different author",PubMed,867699,1977,nazarov,PubMed,13081340,1953,settimi,[Torsion of the spleen].
"same title, different author",PubMed,867699,1977,nazarov,WoS,WOS:000180587200007,2002,bomassi,[Torsion of the spleen].
"same title, different author",PubMed,867699,1977,nazarov,Scopus,84924646089,1957,familiari,[Torsion of the spleen].
"same title, different author",PubMed,867699,1977,nazarov,Scopus,0021681608,1984,lau,[Torsion of the spleen].
"same title, different author",PubMed,867699,1977,nazarov,Scopus,0016735043,1975,mosavy,[Torsion of the spleen].
"same title, different author",PubMed,867699,1977,nazarov,Scopus,84925549426,1960,ets,[Torsion of the spleen].
"same title, different author",PubMed,867699,1977,nazarov,Scopus,25344440240,1959,tosovsky,[Torsion of the spleen].
"same title, different author",PubMed,867699,1977,nazarov,Scopus,84965264854,1962,cunningham,[Torsion of the spleen].
"same title, different author",PubMed,867699,1977,nazarov,Scopus,0024240680,1988,mendes,[Torsion of the spleen].
"same title, different author",PubMed,867699,1977,nazarov,Scopus,0018020582,1978,heij,[Torsion of the spleen].
"same title, different author",PubMed,867699,1977,nazarov,Scopus,0014796768,1970,kompacheva,[Torsion of the spleen].
"same title, different author",PubMed,867699,1977,nazarov,Scopus,0020124064,1982,ros,[Torsion of the spleen].
"same title, different author",PubMed,867699,1977,nazarov,Scopus,84925556452,1959,shabanov,[Torsion of the spleen].
"same title, different author",PubMed,867699,1977,nazarov,Scopus,0014170348,1967,woodward,[Torsion of the spleen].
"same title, different author",PubMed,867699,1977,nazarov,Scopus,0019615942,1981,gadziev,[Torsion of the spleen].
"same title, different author",PubMed,867699,1977,nazarov,Scopus,84924844990,1953,settimi,[Torsion of the spleen].
"same title, different author",PubMed,5489195,1970,kompacheva,PubMed,6060776,1967,woodward,[Torsion of the spleen].
"same title, different author",PubMed,5489195,1970,kompacheva,PubMed,13697498,1960,ets,[Torsion of the spleen].
"same title, different author",PubMed,5489195,1970,kompacheva,PubMed,14445342,1959,shabanov,[Torsion of the spleen].
"same title, different author",PubMed,5489195,1970,kompacheva,PubMed,13629699,1959,tosovsky,[Torsion of the spleen].
"same title, different author",PubMed,5489195,1970,kompacheva,PubMed,13466116,1957,familiari,[Torsion of the spleen].
"same title, different author",PubMed,5489195,1970,kompacheva,PubMed,13081340,1953,settimi,[Torsion of the spleen].
"same title, different author",PubMed,5489195,1970,kompacheva,WoS,WOS:000180587200007,2002,bomassi,[Torsion of the spleen].
"same title, different author",PubMed,5489195,1970,kompacheva,Scopus,84924646089,1957,familiari,[Torsion of the spleen].
"same title, different author",PubMed,5489195,1970,kompacheva,Scopus,0021681608,1984,lau,[Torsion of the spleen].
"same title, different author",PubMed,5489195,1970,kompacheva,Scopus,0016735043,1975,mosavy,[Torsion of the spleen].
"same title, different author",PubMed,5489195,1970,kompacheva,Scopus,84925549426,1960,ets,[Torsion of the spleen].
"same title, different author",PubMed,5489195,1970,kompacheva,Scopus,25344440240,1959,tosovsky,[Torsion of the spleen].
"same title, different author",PubMed,5489195,1970,kompacheva,Scopus,0017479948,1977,nazarov,[Torsion of the spleen].
"same title, different author",PubMed,5489195,1970,kompacheva,Scopus,84965264854,1962,cunningham,[Torsion of the spleen].
"same title, different author",PubMed,5489195,1970,kompacheva,Scopus,0024240680,1988,mendes,[Torsion of the spleen].
"same title, different author",PubMed,5489195,1970,kompacheva,Scopus,0018020582,1978,heij,[Torsion of the spleen].
"same title, different author",PubMed,5489195,1970,kompacheva,Scopus,0020124064,1982,ros,[Torsion of the spleen].
"same title, different author",PubMed,5489195,1970,kompacheva,Scopus,84925556452,1959,shabanov,[Torsion of the spleen].
"same title, different author",PubMed,5489195,1970,kompacheva,Scopus,0014170348,1967,woodward,[Torsion of the spleen].
"same title, different author",PubMed,5489195,1970,kompacheva,Scopus,0019615942,1981,gadziev,[Torsion of the spleen].
"same title, different author",PubMed,5489195,1970,kompacheva,Scopus,84924844990,1953,settimi,[Torsion of the spleen].
"same title, different author",PubMed,6060776,1967,woodward,PubMed,13697498,1960,ets,Torsion of the spleen.
"same title, different author",PubMed,6060776,1967,woodward,PubMed,14445342,1959,shabanov,Torsion of the spleen.
"same title, different author",PubMed,6060776,1967,woodward,PubMed,13629699,1959,tosovsky,Torsion of the spleen.
"same title, different author",PubMed,6060776,1967,woodward,PubMed,13466116,1957,familiari,Torsion of the spleen.
"same title, different author",PubMed,6060776,1967,woodward,PubMed,13081340,1953,settimi,Torsion of the spleen.
"same title, different author",PubMed,6060776,1967,woodward,WoS,WOS:000180587200007,2002,bomassi,Torsion of the spleen.
"same title, different author",PubMed,6060776,1967,woodward,Scopus,84924646089,1957,familiari,Torsion of the spleen.
"same title, different author",PubMed,6060776,1967,woodward,Scopus,0021681608,1984,lau,Torsion of the spleen.
"same title, different author",PubMed,6060776,1967,woodward,Scopus,0016735043,1975,mosavy,Torsion of the spleen.
"same title, different author",PubMed,6060776,1967,woodward,Scopus,84925549426,1960,ets,Torsion of the spleen.
"same title, different author",PubMed,6060776,1967,woodward,Scopus,25344440240,1959,tosovsky,Torsion of the spleen.
"same title, different author",PubMed,6060776,1967,woodward,Scopus,0017479948,1977,nazarov,Torsion of the spleen.
"same title, different author",PubMed,6060776,1967,woodward,Scopus,84965264854,1962,cunningham,Torsion of the spleen.
"same title, different author",PubMed,6060776,1967,woodward,Scopus,0024240680,1988,mendes,Torsion of the spleen.
"same title, different author",PubMed,6060776,1967,woodward,Scopus,0018020582,1978,heij,Torsion of the spleen.
"same title, different author",PubMed,6060776,1967,woodward,Scopus,0014796768,1970,kompacheva,Torsion of the spleen.
"same title, different author",PubMed,6060776,1967,woodward,Scopus,0020124064,1982,ros,Torsion of the spleen.
"same title, different author",PubMed,6060776,1967,woodward,Scopus,84925556452,1959,shabanov,Torsion of the spleen.
"same title, different author",PubMed,6060776,1967,woodward,Scopus,0019615942,1981,gadziev,Torsion of the spleen.
"same title, different author",PubMed,6060776,1967,woodward,Scopus,84924844990,1953,settimi,Torsion of the spleen.
"same title, different author",PubMed,13697498,1960,ets,PubMed,14445342,1959,shabanov,[Torsion of the spleen].
"same title, different author",PubMed,13697498,1960,ets,PubMed,13629699,1959,tosovsky,[Torsion of the spleen].
"same title, different author",PubMed,13697498,1960,ets,PubMed,13466116,1957,familiari,[Torsion of the spleen].
"same title, different author",PubMed,13697498,1960,ets,PubMed,13081340,1953,settimi,[Torsion of the spleen].
"same title, different author",PubMed,13697498,1960,ets,WoS,WOS:000180587200007,2002,bomassi,[Torsion of the spleen].
"same title, different author",PubMed,13697498,1960,ets,Scopus,84924646089,1957,familiari,[Torsion of the spleen].
"same title, different author",PubMed,13697498,1960,ets,Scopus,0021681608,1984,lau,[Torsion of the spleen].
"same title, different author",PubMed,13697498,1960,ets,Scopus,0016735043,1975,mosavy,[Torsion of the spleen].
"same title, different author",PubMed,13697498,1960,ets,Scopus,25344440240,1959,tosovsky,[Torsion of the spleen].
"same title, different author",PubMed,13697498,1960,ets,Scopus,0017479948,1977,nazarov,[Torsion of the spleen].
"same title, different author",PubMed,13697498,1960,ets,Scopus,84965264854,1962,cunningham,[Torsion of the spleen].
"same title, different author",PubMed,13697498,1960,ets,Scopus,0024240680,1988,mendes,[Torsion of the spleen].
"same title, different author",PubMed,13697498,1960,ets,Scopus,0018020582,1978,heij,[Torsion of the spleen].
"same title, different author",PubMed,13697498,1960,ets,Scopus,0014796768,1970,kompacheva,[Torsion of the spleen].
"same title, different author",PubMed,13697498,1960,ets,Scopus,0020124064,1982,ros,[Torsion of the spleen].
"same title, different author",PubMed,13697498,1960,ets,Scopus,84925556452,1959,shabanov,[Torsion of the spleen].
"same title, different author",PubMed,13697498,1960,ets,Scopus,0014170348,1967,woodward,[Torsion of the spleen].
"same title, different author",PubMed,13697498,1960,ets,Scopus,0019615942,1981,gadziev,[Torsion of the spleen].
"same title, different author",PubMed,13697498,1960,ets,Scopus,84924844990,1953,settimi,[Torsion of the spleen].
"same title, different author",PubMed,14445342,1959,shabanov,PubMed,13629699,1959,tosovsky,[Torsion of the spleen].
"same title, different author",PubMed,14445342,1959,shabanov,PubMed,13466116,1957,familiari,[Torsion of the spleen].
"same title, different author",PubMed,14445342,1959,shabanov,PubMed,13081340,1953,settimi,[Torsion of the spleen].
"same title, different author",PubMed,14445342,1959,shabanov,WoS,WOS:000180587200007,2002,bomassi,[Torsion of the spleen].
"same title, different author",PubMed,14445342,1959,shabanov,Scopus,84924646089,1957,familiari,[Torsion of the spleen].
"same title, different author",PubMed,14445342,1959,shabanov,Scopus,0021681608,1984,lau,[Torsion of the spleen].
"same title, different author",PubMed,14445342,1959,shabanov,Scopus,0016735043,1975,mosavy,[Torsion of the spleen].
"same title, different author",PubMed,14445342,1959,shabanov,Scopus,84925549426,1960,ets,[Torsion of the spleen].
"same title, different author",PubMed,14445342,1959,shabanov,Scopus,25344440240,1959,tosovsky,[Torsion of the spleen].
"same title, different author",PubMed,14445342,1959,shabanov,Scopus,0017479948,1977,nazarov,[Torsion of the spleen].
"same title, different author",PubMed,14445342,1959,shabanov,Scopus,84965264854,1962,cunningham,[Torsion of the spleen].
"same title, different author",PubMed,14445342,1959,shabanov,Scopus,0024240680,1988,mendes,[Torsion of the spleen].
"same title, different author",PubMed,14445342,1959,shabanov,Scopus,0018020582,1978,heij,[Torsion of the spleen].
"same title, different author",PubMed,14445342,1959,shabanov,Scopus,0014796768,1970,kompacheva,[Torsion of the spleen].
"same title, different author",PubMed,14445342,1959,shabanov,Scopus,0020124064,1982,ros,[Torsion of the spleen].
"same title, different author",PubMed,14445342,1959,shabanov,Scopus,0014170348,1967,woodward,[Torsion of the spleen].
"same title, different author",PubMed,14445342,1959,shabanov,Scopus,0019615942,1981,gadziev,[Torsion of the spleen].
"same title, different author",PubMed,14445342,1959,shabanov,Scopus,84924844990,1953,settimi,[Torsion of the spleen].
"same title, different author",PubMed,13629699,1959,tosovsky,PubMed,13466116,1957,familiari,Torsion of the spleen.
"same title, different author",PubMed,13629699,1959,tosovsky,PubMed,13081340,1953,settimi,Torsion of the spleen.
"same title, different author",PubMed,13629699,1959,tosovsky,WoS,WOS:000180587200007,2002,bomassi,Torsion of the spleen.
"same title, different author",PubMed,13629699,1959,tosovsky,Scopus,84924646089,1957,familiari,Torsion of the spleen.
"same title, different author",PubMed,13629699,1959,tosovsky,Scopus,0021681608,1984,lau,Torsion of the spleen.
"same title, different author",PubMed,13629699,1959,tosovsky,Scopus,0016735043,1975,mosavy,Torsion of the spleen.
"same title, different author",PubMed,13629699,1959,tosovsky,Scopus,84925549426,1960,ets,Torsion of the spleen.
"same title, different author",PubMed,13629699,1959,tosovsky,Scopus,0017479948,1977,nazarov,Torsion of the spleen.
"same title, different author",PubMed,13629699,1959,tosovsky,Scopus,84965264854,1962,cunningham,Torsion of the spleen.
"same title, different author",PubMed,13629699,1959,tosovsky,Scopus,0024240680,1988,mendes,Torsion of the spleen.
"same title, different author",PubMed,13629699,1959,tosovsky,Scopus,0018020582,1978,heij,Torsion of the spleen.
"same title, different author",PubMed,13629699,1959,tosovsky,Scopus,0014796768,1970,kompacheva,Torsion of the spleen.
"same title, different author",PubMed,13629699,1959,tosovsky,Scopus,0020124064,1982,ros,Torsion of the spleen.
"same title, different author",PubMed,13629699,1959,tosovsky,Scopus,84925556452,1959,shabanov,Torsion of the spleen.
"same title, different author",PubMed,13629699,1959,tosovsky,Scopus,0014170348,1967,woodward,Torsion of the spleen.
"same title, different author",PubMed,13629699,1959,tosovsky,Scopus,0019615942,1981,gadziev,Torsion of the spleen.
"same title, different author",PubMed,13629699,1959,tosovsky,Scopus,84924844990,1953,settimi,Torsion of the spleen.
"same title, different author",PubMed,13466116,1957,familiari,PubMed,13081340,1953,settimi,[Torsion of the spleen].
"same title, different author",PubMed,13466116,1957,familiari,WoS,WOS:000180587200007,2002,bomassi,[Torsion of the spleen].
"same title, different author",PubMed,13466116,1957,familiari,Scopus,0021681608,1984,lau,[Torsion of the spleen].
"same title, different author",PubMed,13466116,1957,familiari,Scopus,0016735043,1975,mosavy,[Torsion of the spleen].
"same title, different author",PubMed,13466116,1957,familiari,Scopus,84925549426,1960,ets,[Torsion of the spleen].
"same title, different author",PubMed,13466116,1957,familiari,Scopus,25344440240,1959,tosovsky,[Torsion of the spleen].
"same title, different author",PubMed,13466116,1957,familiari,Scopus,0017479948,1977,nazarov,[Torsion of the spleen].
"same title, different author",PubMed,13466116,1957,familiari,Scopus,84965264854,1962,cunningham,[Torsion of the spleen].
"same title, different author",PubMed,13466116,1957,familiari,Scopus,0024240680,1988,mendes,[Torsion of the spleen].
"same title, different author",PubMed,13466116,1957,familiari,Scopus,0018020582,1978,heij,[Torsion of the spleen].
"same title, different author",PubMed,13466116,1957,familiari,Scopus,0014796768,1970,kompacheva,[Torsion of the spleen].
"same title, different author",PubMed,13466116,1957,familiari,Scopus,0020124064,1982,ros,[Torsion of the spleen].
"same title, different author",PubMed,13466116,1957,familiari,Scopus,84925556452,1959,shabanov,[Torsion of the spleen].
"same title, different author",PubMed,13466116,1957,familiari,Scopus,0014170348,1967,woodward,[Torsion of the spleen].
"same title, different author",PubMed,13466116,1957,familiari,Scopus,0019615942,1981,gadziev,[Torsion of the spleen].
"same title, different author",PubMed,13466116,1957,familiari,Scopus,84924844990,1953,settimi,[Torsion of the spleen].
"same title, different author",PubMed,13081340,1953,settimi,WoS,WOS:000180587200007,2002,bomassi,[Torsion of the spleen].
"same title, different author",PubMed,13081340,1953,settimi,Scopus,84924646089,1957,familiari,[Torsion of the spleen].
"same title, different author",PubMed,13081340,1953,settimi,Scopus,0021681608,1984,lau,[Torsion of the spleen].
"same title, different author",PubMed,13081340,1953,settimi,Scopus,0016735043,1975,mosavy,[Torsion of the spleen].
"same title, different author",PubMed,13081340,1953,settimi,Scopus,84925549426,1960,ets,[Torsion of the spleen].
"same title, different author",PubMed,13081340,1953,settimi,Scopus,25344440240,1959,tosovsky,[Torsion of the spleen].
"same title, different author",PubMed,13081340,1953,settimi,Scopus,0017479948,1977,nazarov,[Torsion of the spleen].
"same title, different author",PubMed,13081340,1953,settimi,Scopus,84965264854,1962,cunningham,[Torsion of the spleen].
"same title, different author",PubMed,13081340,1953,settimi,Scopus,0024240680,1988,mendes,[Torsion of the spleen].
"same title, different author",PubMed,13081340,1953,settimi,Scopus,0018020582,1978,heij,[Torsion of the spleen].
"same title, different author",PubMed,13081340,1953,settimi,Scopus,0014796768,1970,kompacheva,[Torsion of the spleen].
"same title, different author",PubMed,13081340,1953,settimi,Scopus,0020124064,1982,ros,[Torsion of the spleen].
"same title, different author",PubMed,13081340,1953,settimi,Scopus,84925556452,1959,shabanov,[Torsion of the spleen].
"same title, different author",PubMed,13081340,1953,settimi,Scopus,0014170348,1967,woodward,[Torsion of the spleen].
"same title, different author",PubMed,13081340,1953,settimi,Scopus,0019615942,1981,gadziev,[Torsion of the spleen].
"same title, different author",WoS,WOS:000180587200007,2002,bomassi,Scopus,84924646089,1957,familiari,Torsion of the spleen
"same title, different author",WoS,WOS:000180587200007,2002,bomassi,Scopus,0021681608,1984,lau,Torsion of the spleen
"same title, different author",WoS,WOS:000180587200007,2002,bomassi,Scopus,0016735043,1975,mosavy,Torsion of the spleen
"same title, different author",WoS,WOS:000180587200007,2002,bomassi,Scopus,84925549426,1960,ets,Torsion of the spleen
"same title, different author",WoS,WOS:000180587200007,2002,bomassi,Scopus,25344440240,1959,tosovsky,Torsion of the spleen
"same title, different author",WoS,WOS:000180587200007,2002,bomassi,Scopus,0017479948,1977,nazarov,Torsion of the spleen
"same title, different author",WoS,WOS:000180587200007,2002,bomassi,Scopus,84965264854,1962,cunningham,Torsion of the spleen
"same title, different author",WoS,WOS:000180587200007,2002,bomassi,Scopus,0024240680,1988,mendes,Torsion of the spleen
"same title, different author",WoS,WOS:000180587200007,2002,bomassi,Scopus,0018020582,1978,heij,Torsion of the spleen
"same title, different author",WoS,WOS:000180587200007,2002,bomassi,Scopus,0014796768,1970,kompacheva,Torsion of the spleen
"same title, different author",WoS,WOS:000180587200007,2002,bomassi,Scopus,0020124064,1982,ros,Torsion of the spleen
"same title, different author",WoS,WOS:000180587200007,2002,bomassi,Scopus,84925556452,1959,shabanov,Torsion of the spleen
"same title, different author",WoS,WOS:000180587200007,2002,bomassi,Scopus,0014170348,1967,woodward,Torsion of the spleen
"same title, different author",WoS,WOS:000180587200007,2002,bomassi,Scopus,0019615942,1981,gadziev,Torsion of the spleen
"same title, different author",WoS,WOS:000180587200007,2002,bomassi,Scopus,84924844990,1953,settimi,Torsion of the spleen
"same title, different author",Scopus,84924646089,1957,familiari,Scopus,0021681608,1984,lau,[Torsion of the spleen]
"same title, different author",Scopus,84924646089,1957,familiari,Scopus,0016735043,1975,mosavy,[Torsion of the spleen]
"same title, different author",Scopus,84924646089,1957,familiari,Scopus,84925549426,1960,ets,[Torsion of the spleen]
"same title, different author",Scopus,84924646089,1957,familiari,Scopus,25344440240,1959,tosovsky,[Torsion of the spleen]
"same title, different author",Scopus,84924646089,1957,familiari,Scopus,0017479948,1977,nazarov,[Torsion of the spleen]
"same title, different author",Scopus,84924646089,1957,familiari,Scopus,84965264854,1962,cunningham,[Torsion of the spleen]
"same title, different author",Scopus,84924646089,1957,familiari,Scopus,0024240680,1988,mendes,[Torsion of the spleen]
"same title, different author",Scopus,84924646089,1957,familiari,Scopus,0018020582,1978,heij,[Torsion of the spleen]
"same title, different author",Scopus,84924646089,1957,familiari,Scopus,0014796768,1970,kompacheva,[Torsion of the spleen]
"same title, different author",Scopus,84924646089,1957,familiari,Scopus,0020124064,1982,ros,[Torsion of the spleen]
"same title, different author",Scopus,84924646089,1957,familiari,Scopus,84925556452,1959,shabanov,[Torsion of the spleen]
"same title, different author",Scopus,84924646089,1957,familiari,Scopus,0014170348,1967,woodward,[Torsion of the spleen]
"same title, different author",Scopus,84924646089,1957,familiari,Scopus,0019615942,1981,gadziev,[Torsion of the spleen]
"same title, different author",Scopus,84924646089,1957,familiari,Scopus,84924844990,1953,settimi,[Torsion of the spleen]
"same title, different author",Scopus,0021681608,1984,lau,Scopus,0016735043,1975,mosavy,Torsion of the spleen
"same title, different author",Scopus,0021681608,1984,lau,Scopus,84925549426,1960,ets,Torsion of the spleen
"same title, different author",Scopus,0021681608,1984,lau,Scopus,25344440240,1959,tosovsky,Torsion of the spleen
"same title, different author",Scopus,0021681608,1984,lau,Scopus,0017479948,1977,nazarov,Torsion of the spleen
"same title, different author",Scopus,0021681608,1984,lau,Scopus,84965264854,1962,cunningham,Torsion of the spleen
"same title, different author",Scopus,0021681608,1984,lau,Scopus,0024240680,1988,mendes,Torsion of the spleen
"same title, different author",Scopus,0021681608,1984,lau,Scopus,0018020582,1978,heij,Torsion of the spleen
"same title, different author",Scopus,0021681608,1984,lau,Scopus,0014796768,1970,kompacheva,Torsion of the spleen
"same title, different author",Scopus,0021681608,1984,lau,Scopus,0020124064,1982,ros,Torsion of the spleen
"same title, different author",Scopus,0021681608,1984,lau,Scopus,84925556452,1959,shabanov,Torsion of the spleen
"same title, different author",Scopus,0021681608,1984,lau,Scopus,0014170348,1967,woodward,Torsion of the spleen
"same title, different author",Scopus,0021681608,1984,lau,Scopus,0019615942,1981,gadziev,Torsion of the spleen
"same title, different author",Scopus,0021681608,1984,lau,Scopus,84924844990,1953,settimi,Torsion of the spleen
"same title, different author",Scopus,0016735043,1975,mosavy,Scopus,84925549426,1960,ets,Torsion of the spleen
"same title, different author",Scopus,0016735043,1975,mosavy,Scopus,25344440240,1959,tosovsky,Torsion of the spleen
"same title, different author",Scopus,0016735043,1975,mosavy,Scopus,0017479948,1977,nazarov,Torsion of the spleen
"same title, different author",Scopus,0016735043,1975,mosavy,Scopus,84965264854,1962,cunningham,Torsion of the spleen
"same title, different author",Scopus,0016735043,1975,mosavy,Scopus,0024240680,1988,mendes,Torsion of the spleen
"same title, different author",Scopus,0016735043,1975,mosavy,Scopus,0018020582,1978,heij,Torsion of the spleen
"same title, different author",Scopus,0016735043,1975,mosavy,Scopus,0014796768,1970,kompacheva,Torsion of the spleen
"same title, different author",Scopus,0016735043,1975,mosavy,Scopus,0020124064,1982,ros,Torsion of the spleen
"same title, different author",Scopus,0016735043,1975,mosavy,Scopus,84925556452,1959,shabanov,Torsion of the spleen
"same title, different author",Scopus,0016735043,1975,mosavy,Scopus,0014170348,1967,woodward,Torsion of the spleen
"same title, different author",Scopus,0016735043,1975,mosavy,Scopus,0019615942,1981,gadziev,Torsion of the spleen
"same title, different author",Scopus,0016735043,1975,mosavy,Scopus,84924844990,1953,settimi,Torsion of the spleen
"same title, different author",Scopus,84925549426,1960,ets,Scopus,25344440240,1959,tosovsky,[Torsion of the spleen]
"same title, different author",Scopus,84925549426,1960,ets,Scopus,0017479948,1977,nazarov,[Torsion of the spleen]
"same title, different author",Scopus,84925549426,1960,ets,Scopus,84965264854,1962,cunningham,[Torsion of the spleen]
"same title, different author",Scopus,84925549426,1960,ets,Scopus,0024240680,1988,mendes,[Torsion of the spleen]
"same title, different author",Scopus,84925549426,1960,ets,Scopus,0018020582,1978,heij,[Torsion of the spleen]
"same title, different author",Scopus,84925549426,1960,ets,Scopus,0014796768,1970,kompacheva,[Torsion of the spleen]
"same title, different author",Scopus,84925549426,1960,ets,Scopus,0020124064,1982,ros,[Torsion of the spleen]
"same title, different author",Scopus,84925549426,1960,ets,Scopus,84925556452,1959,shabanov,[Torsion of the spleen]
"same title, different author",Scopus,84925549426,1960,ets,Scopus,0014170348,1967,woodward,[Torsion of the spleen]
"same title, different author",Scopus,84925549426,1960,ets,Scopus,0019615942,1981,gadziev,[Torsion of the spleen]
"same title, different author",Scopus,84925549426,1960,ets,Scopus,84924844990,1953,settimi,[Torsion of the spleen]
"same title, different author",Scopus,25344440240,1959,tosovsky,Scopus,0017479948,1977,nazarov,[Torsion of the spleen]
"same title, different author",Scopus,25344440240,1959,tosovsky,Scopus,84965264854,1962,cunningham,[Torsion of the spleen]
"same title, different author",Scopus,25344440240,1959,tosovsky,Scopus,0024240680,1988,mendes,[Torsion of the spleen]
"same title, different author",Scopus,25344440240,1959,tosovsky,Scopus,0018020582,1978,heij,[Torsion of the spleen]
"same title, different author",Scopus,25344440240,1959,tosovsky,Scopus,0014796768,1970,kompacheva,[Torsion of the spleen]
"same title, different author",Scopus,25344440240,1959,tosovsky,Scopus,0020124064,1982,ros,[Torsion of the spleen]
"same title, different author",Scopus,25344440240,1959,tosovsky,Scopus,84925556452,1959,shabanov,[Torsion of the spleen]
"same title, different author",Scopus,25344440240,1959,tosovsky,Scopus,0014170348,1967,woodward,[Torsion of the spleen]
"same title, different author",Scopus,25344440240,1959,tosovsky,Scopus,0019615942,1981,gadziev,[Torsion of the spleen]
"same title, different author",Scopus,25344440240,1959,tosovsky,Scopus,84924844990,1953,settimi,[Torsion of the spleen]
"same title, different author",Scopus,0017479948,1977,nazarov,Scopus,84965264854,1962,cunningham,Torsion of the spleen
"same title, different author",Scopus,0017479948,1977,nazarov,Scopus,0024240680,1988,mendes,Torsion of the spleen
"same title, different author",Scopus,0017479948,1977,nazarov,Scopus,0018020582,1978,heij,Torsion of the spleen
"same title, different author",Scopus,0017479948,1977,nazarov,Scopus,0014796768,1970,kompacheva,Torsion of the spleen
"same title, different author",Scopus,0017479948,1977,nazarov,Scopus,0020124064,1982,ros,Torsion of the spleen
"same title, different author",Scopus,0017479948,1977,nazarov,Scopus,84925556452,1959,shabanov,Torsion of the spleen
"same title, different author",Scopus,0017479948,1977,nazarov,Scopus,0014170348,1967,woodward,Torsion of the spleen
"same title, different author",Scopus,0017479948,1977,nazarov,Scopus,0019615942,1981,gadziev,Torsion of the spleen
"same title, different author",Scopus,0017479948,1977,nazarov,Scopus,84924844990,1953,settimi,Torsion of the spleen
"same title, different author",Scopus,84965264854,1962,cunningham,Scopus,0024240680,1988,mendes,Torsion of the Spleen
"same title, different author",Scopus,84965264854,1962,cunningham,Scopus,0018020582,1978,heij,Torsion of the Spleen
"same title, different author",Scopus,84965264854,1962,cunningham,Scopus,0014796768,1970,kompacheva,Torsion of the Spleen
"same title, different author",Scopus,84965264854,1962,cunningham,Scopus,0020124064,1982,ros,Torsion of the Spleen
"same title, different author",Scopus,84965264854,1962,cunningham,Scopus,84925556452,1959,shabanov,Torsion of the Spleen
"same title, different author",Scopus,84965264854,1962,cunningham,Scopus,0014170348,1967,woodward,Torsion of the Spleen
"same title, different author",Scopus,84965264854,1962,cunningham,Scopus,0019615942,1981,gadziev,Torsion of the Spleen
"same title, different author",Scopus,84965264854,1962,cunningham,Scopus,84924844990,1953,settimi,Torsion of the Spleen
"same title, different author",Scopus,0024240680,1988,mendes,Scopus,0018020582,1978,heij,Torsion of the spleen
"same title, different author",Scopus,0024240680,1988,mendes,Scopus,0014796768,1970,kompacheva,Torsion of the spleen
"same title, different author",Scopus,0024240680,1988,mendes,Scopus,0020124064,1982,ros,Torsion of the spleen
"same title, different author",Scopus,0024240680,1988,mendes,Scopus,84925556452,1959,shabanov,Torsion of the spleen
"same title, different author",Scopus,0024240680,1988,mendes,Scopus,0014170348,1967,woodward,Torsion of the spleen
"same title, different author",Scopus,0024240680,1988,mendes,Scopus,0019615942,1981,gadziev,Torsion of the spleen
"same title, different author",Scopus,0024240680,1988,mendes,Scopus,84924844990,1953,settimi,Torsion of the spleen
"same title, different author",Scopus,0018020582,1978,heij,Scopus,0014796768,1970,kompacheva,Torsion of the spleen.
"same title, different author",Scopus,0018020582,1978,heij,Scopus,0020124064,1982,ros,Torsion of the spleen.
"same title, different author",Scopus,0018020582,1978,heij,Scopus,84925556452,1959,shabanov,Torsion of the spleen.
"same title, different author",Scopus,0018020582,1978,heij,Scopus,0014170348,1967,woodward,Torsion of the spleen.
"same title, different author",Scopus,0018020582,1978,heij,Scopus,0019615942,1981,gadziev,Torsion of the spleen.
"same title, different author",Scopus,0018020582,1978,heij,Scopus,84924844990,1953,settimi,Torsion of the spleen.
"same title, different author",Scopus,0014796768,1970,kompacheva,Scopus,0020124064,1982,ros,Torsion of the spleen
"same title, different author",Scopus,0014796768,1970,kompacheva,Scopus,84925556452,1959,shabanov,Torsion of the spleen
"same title, different author",Scopus,0014796768,1970,kompacheva,Scopus,0014170348,1967,woodward,Torsion of the spleen
"same title, different author",Scopus,0014796768,1970,kompacheva,Scopus,0019615942,1981,gadziev,Torsion of the spleen
"same title, different author",Scopus,0014796768,1970,kompacheva,Scopus,84924844990,1953,settimi,Torsion of the spleen
"same title, different author",Scopus,0020124064,1982,ros,Scopus,84925556452,1959,shabanov,Torsion of the spleen
"same title, different author",Scopus,0020124064,1982,ros,Scopus,0014170348,1967,woodward,Torsion of the spleen
"same title, different author",Scopus,0020124064,1982,ros,Scopus,0019615942,1981,gadziev,Torsion of the spleen
"same title, different author",Scopus,0020124064,1982,ros,Scopus,84924844990,1953,settimi,Torsion of the spleen
"same title, different author",Scopus,84925556452,1959,shabanov,Scopus,0014170348,1967,woodward,[Torsion of the spleen]
"same title, different author",Scopus,84925556452,1959,shabanov,Scopus,0019615942,1981,gadziev,[Torsion of the spleen]
"same title, different author",Scopus,84925556452,1959,shabanov,Scopus,84924844990,1953,settimi,[Torsion of the spleen]
"same title, different author",Scopus,0014170348,1967,woodward,Scopus,0019615942,1981,gadziev,Torsion of the spleen
"same title, different author",Scopus,0014170348,1967,woodward,Scopus,84924844990,1953,settimi,Torsion of the spleen
"same title, different author",Scopus,0019615942,1981,gadziev,Scopus,84924844990,1953,settimi,Torsion of the spleen
"same title, different author",PubMed,675612,1978,westvik,Scopus,0018279561,1978,bergsaker-aspoy,[Circulatory disturbances in a wandering spleen].
"same title, author missing",PubMed,576270,1977,pollak,Scopus,84941818339,1977,,Volvulus of the spleen.
"same title, author missing",Scopus,0017329006,1977,pollak,Scopus,84941818339,1977,,Volvulus of the Spleen
"same title, author missing",PubMed,830634,1977,,Scopus,0017617042,1977,lipowitz,Clinico-pathologic conference.
"same title, different author",PubMed,5016937,1972,orman,WoS,WOS:000071311900003,1997,zonderland,Torsion of the splenic pedicle in a dog.
"same title, different author",PubMed,5016937,1972,orman,Scopus,0031325353,1997,zonderland,Torsion of the splenic pedicle in a dog.
"same title, different author",WoS,WOS:000071311900003,1997,zonderland,Scopus,0015508107,1972,orman,Torsion of the splenic pedicle in a dog
"same title, different author",Scopus,0031325353,1997,zonderland,Scopus,0015508107,1972,orman,Torsion of the splenic pedicle in a dog
"same title, different author",PubMed,14162750,1964,korotkov,PubMed,13970226,1962,bedurishvili,[ON SPLENIC TORSION].
"same title, different author",PubMed,14162750,1964,korotkov,Scopus,73649174059,1962,bedurishvili,[ON SPLENIC TORSION].
"same title, different author",PubMed,13970226,1962,bedurishvili,Scopus,75949162324,1964,korotkov,[On splenic torsion].
"same title, different author",Scopus,73649174059,1962,bedurishvili,Scopus,75949162324,1964,korotkov,On splenic torsion.
"same title, different author",PubMed,13158827,1954,falor,PubMed,14771454,1950,middleton,Torsion of the spleen associated with pneumoperitoneum.
"same title, different author",PubMed,13158827,1954,falor,Scopus,76549203649,1950,middleton,Torsion of the spleen associated with pneumoperitoneum.
"same title, different author",PubMed,14771454,1950,middleton,Scopus,84924832799,1954,falor,Torsion of the spleen associated with pneumoperitoneum.
"same title, different author",Scopus,76549203649,1950,middleton,Scopus,84924832799,1954,falor,Torsion of the spleen associated with pneumoperitoneum.
"same title, author missing",PubMed,18100331,1948,stefanik,Scopus,84957380082,1948,,[Torsion of the spleen during pregnancy].
"same title, different author",WoS,WOS:000424144900017,2017,salgueiro,Scopus,85077523733,2017,malta,Sonographic Aspects of Splenic Torsion Due to Abdominal Eventration in a Dog
"same title, different author",WoS,WOS:000387657100014,2016,ortiz,Scopus,105016704691,2025,lourenco,Primary splenic torsion in a dog: case report
"same title, different author",Scopus,105016704691,2025,lourenco,Scopus,84999007074,2016,ortiz,Primary splenic torsion in a dog: case report
"same title, different author",WoS,WOS:000281760700013,2010,fagarasanu,WoS,WOS:000281760700014,2010,constantinescu,Torsion of the splenic pedicle
"same title, different author",WoS,WOS:000223360000010,2004,lecoeur,Scopus,3242768385,2004,lecœur,Splenic masses in dogs and cats
"same title, different author",WoS,WOS:000273680400009,2010,margi,Scopus,85179668711,2023,oshiba,Splenogonadal fusion: A case report
"same title, different author",Scopus,105011018778,2016,watanabe,Scopus,105009163522,2019,abdel-latif,Spleen
"same title, different author",Scopus,105011018778,2016,watanabe,Scopus,85165389590,2023,oliveira,Spleen
"same title, different author",Scopus,105011018778,2016,watanabe,Scopus,105032989692,2020,standring,Spleen
"same title, different author",Scopus,105009163522,2019,abdel-latif,Scopus,85165389590,2023,oliveira,Spleen
"same title, different author",Scopus,105009163522,2019,abdel-latif,Scopus,105032989692,2020,standring,Spleen
"same title, different author",Scopus,85165389590,2023,oliveira,Scopus,105032989692,2020,standring,Spleen
"same title, different author",Scopus,85086459504,2020,bhutani,Scopus,44349119952,2008,ibarguren,Splenogonadal fusion
"same title, different author",Scopus,85086459504,2020,bhutani,Scopus,0017234219,1976,tsingoglou,Splenogonadal fusion
"same title, different author",Scopus,85086459504,2020,bhutani,Scopus,0017799990,1978,halvorsen,Splenogonadal fusion
"same title, different author",Scopus,44349119952,2008,ibarguren,Scopus,0017234219,1976,tsingoglou,Splenogonadal fusion
"same title, different author",Scopus,44349119952,2008,ibarguren,Scopus,0017799990,1978,halvorsen,Splenogonadal fusion
"same title, different author",Scopus,0017234219,1976,tsingoglou,Scopus,0017799990,1978,halvorsen,Splenogonadal fusion
"same title, different author",Scopus,0027373336,1993,wang,Scopus,0023757311,1988,codacci-pisanelli,Wandering spleen. A case report
"same title, different author",Scopus,0027373336,1993,wang,Scopus,0030029987,1996,antunovic,Wandering spleen. A case report
"same title, different author",Scopus,0023757311,1988,codacci-pisanelli,Scopus,0030029987,1996,antunovic,Wandering spleen. A case report
"same title, different author",Scopus,0012409018,1914,fowler,Scopus,77951514128,1907,moorhead,Movable spleen
"same title, different author",Scopus,84956560395,1946,zuckermann,Scopus,84957844333,1948,bignami,Not Available
"same title, different author",Scopus,84956560395,1946,zuckermann,Scopus,84925032332,1947,charleux,Not Available
"same title, different author",Scopus,84956560395,1946,zuckermann,Scopus,84956545148,1946,dardill,Not Available
"same title, different author",Scopus,84956560395,1946,zuckermann,Scopus,84956849413,1946,daumerie,Not Available
"same title, different author",Scopus,84957844333,1948,bignami,Scopus,84925032332,1947,charleux,Not Available
"same title, different author",Scopus,84957844333,1948,bignami,Scopus,84956545148,1946,dardill,Not Available
"same title, different author",Scopus,84957844333,1948,bignami,Scopus,84956849413,1946,daumerie,Not Available
"same title, different author",Scopus,84925032332,1947,charleux,Scopus,84956545148,1946,dardill,Not Available
"same title, different author",Scopus,84925032332,1947,charleux,Scopus,84956849413,1946,daumerie,Not Available
"same title, different author",Scopus,84956545148,1946,dardill,Scopus,84956849413,1946,daumerie,Not Available
"same title, different author",Scopus,84965259534,1953,riley,Scopus,84965249787,1953,bartley,The Floating Spleen
"same title, different author",CNKI,https://link.cnki.net/doi/10.13499/j.cnki.fqjwkzz.2023.10.799,2023,于斐,CBM,2013567987,2013,彭晨,游走脾伴蒂扭转1例
"same title, different author",Wanfang,https://d.wanfangdata.com.cn/periodical/CiBQZXJpb2RpY2FsQ0hJU29scjkyMDI2MDkxNTE0MjIxORIQZnFqd2t6ejIwMjMxMDAxOBoIaWIxYjJ1aHo%3D,2023,于斐,CBM,2013567987,2013,彭晨,游走脾伴蒂扭转1例
"same title, different author",CBM,2024138553,2023,于斐,CBM,2013567987,2013,彭晨,游走脾伴蒂扭转1例
"same title, different author",CNKI,https://kns.cnki.net/kcms2/article/abstract?v=DgjXjbKQq8dOJ7zs2ps1MpJa0ts38ePBNOC-RkOaj81Vbmh9ZhdyZTw6LBIlUhQisI7DZzac4SWePzesa9y6UpkBrPJokECrAWp4uz8wVJtYAuc2_zCEdTWlFzRObBaV2i9ZQY5PWGuu6rmH5Eb4UiQbFmwmw9gUMjYtnhgyKp0UfHkBjaG1YQ==&uniplatform=NZKPT&language=CHS,2020,韩泽龙,CNKI,https://kns.cnki.net/kcms2/article/abstract?v=DgjXjbKQq8cB1LL_zFGtht9t6-2u8P5E9bWJQGwsoSoZjUII1DEUr9_yo2jFjJtWM8O4KDV8JvbVFMgbcdH83czJ2fQ4M7p3vY3o7FcUgteZHXRste9FaumEmHzDmgwwkmUZ0mgAZUpQDOw8lhLf7p9EvlY9AGjvs5tHLiXnpX51P8uMop9W0Q==&uniplatform=NZKPT&language=CHS,2019,孙方丽,内镜黏膜下剥离术治疗胃底异位脾脏一例
"same title, different author",CNKI,https://kns.cnki.net/kcms2/article/abstract?v=DgjXjbKQq8cB1LL_zFGtht9t6-2u8P5E9bWJQGwsoSoZjUII1DEUr9_yo2jFjJtWM8O4KDV8JvbVFMgbcdH83czJ2fQ4M7p3vY3o7FcUgteZHXRste9FaumEmHzDmgwwkmUZ0mgAZUpQDOw8lhLf7p9EvlY9AGjvs5tHLiXnpX51P8uMop9W0Q==&uniplatform=NZKPT&language=CHS,2019,孙方丽,Wanfang,https://d.wanfangdata.com.cn/periodical/CiBQZXJpb2RpY2FsQ0hJU29scjkyMDI2MDkxNTE0MjIxORITemh4aG5qeno5ODIwMjAwNTAxNRoIaWIxYjJ1aHo%3D,2020,韩泽龙,内镜黏膜下剥离术治疗胃底异位脾脏一例
"same title, different author",CNKI,https://link.cnki.net/doi/10.19538/j.fk2019060128,2019,龚美琴,CNKI,https://kns.cnki.net/kcms2/article/abstract?v=DgjXjbKQq8cWBZ7jGZnPrErWuN9kuDo6yQYr8BuXI8lrZQQ-01ls-HYcIdyz2Jjp8JeCj0tLRCUbaoBgQZOmCtPYL-WbZfLCdzyyoyliJQfgDy6e7JNbx_BiaWa9-K0QJ_2Npi8gs-0w1qVnaHM7uMGPyms0MVy8_93VNkv3N6NbEUCga5BlfQ==&uniplatform=NZKPT&language=CHS,2012,卢飞飞,脾脏异位妊娠1例报告
"same title, different author",CNKI,https://link.cnki.net/doi/10.19538/j.fk2019060128,2019,龚美琴,Wanfang,https://d.wanfangdata.com.cn/periodical/CiBQZXJpb2RpY2FsQ0hJU29scjkyMDI2MDkxNTE0MjIxORIUemdzeWZreWNrenoyMDEyMDYwMjcaCGliMWIydWh6,2012,卢飞飞,脾脏异位妊娠1例报告
"same title, different author",CNKI,https://link.cnki.net/doi/10.19538/j.fk2019060128,2019,龚美琴,CBM,2012538703,2012,卢飞飞,脾脏异位妊娠1例报告
"same title, different author",CNKI,https://kns.cnki.net/kcms2/article/abstract?v=DgjXjbKQq8cWBZ7jGZnPrErWuN9kuDo6yQYr8BuXI8lrZQQ-01ls-HYcIdyz2Jjp8JeCj0tLRCUbaoBgQZOmCtPYL-WbZfLCdzyyoyliJQfgDy6e7JNbx_BiaWa9-K0QJ_2Npi8gs-0w1qVnaHM7uMGPyms0MVy8_93VNkv3N6NbEUCga5BlfQ==&uniplatform=NZKPT&language=CHS,2012,卢飞飞,Wanfang,https://d.wanfangdata.com.cn/periodical/CiBQZXJpb2RpY2FsQ0hJU29scjkyMDI2MDkxNTE0MjIxORIUemdzeWZreWNrenoyMDE5MDYwMjgaCGliMWIydWh6,2019,龚美琴,脾脏异位妊娠1例报告
"same title, different author",CNKI,https://kns.cnki.net/kcms2/article/abstract?v=DgjXjbKQq8cWBZ7jGZnPrErWuN9kuDo6yQYr8BuXI8lrZQQ-01ls-HYcIdyz2Jjp8JeCj0tLRCUbaoBgQZOmCtPYL-WbZfLCdzyyoyliJQfgDy6e7JNbx_BiaWa9-K0QJ_2Npi8gs-0w1qVnaHM7uMGPyms0MVy8_93VNkv3N6NbEUCga5BlfQ==&uniplatform=NZKPT&language=CHS,2012,卢飞飞,CBM,2019365166,2019,龚美琴,脾脏异位妊娠1例报告
"same title, different author",Wanfang,https://d.wanfangdata.com.cn/periodical/CiBQZXJpb2RpY2FsQ0hJU29scjkyMDI2MDkxNTE0MjIxORIUemdzeWZreWNrenoyMDE5MDYwMjgaCGliMWIydWh6,2019,龚美琴,Wanfang,https://d.wanfangdata.com.cn/periodical/CiBQZXJpb2RpY2FsQ0hJU29scjkyMDI2MDkxNTE0MjIxORIUemdzeWZreWNrenoyMDEyMDYwMjcaCGliMWIydWh6,2012,卢飞飞,脾脏异位妊娠1例报告
"same title, different author",Wanfang,https://d.wanfangdata.com.cn/periodical/CiBQZXJpb2RpY2FsQ0hJU29scjkyMDI2MDkxNTE0MjIxORIUemdzeWZreWNrenoyMDE5MDYwMjgaCGliMWIydWh6,2019,龚美琴,CBM,2012538703,2012,卢飞飞,脾脏异位妊娠1例报告
"same title, different author",Wanfang,https://d.wanfangdata.com.cn/periodical/CiBQZXJpb2RpY2FsQ0hJU29scjkyMDI2MDkxNTE0MjIxORIUemdzeWZreWNrenoyMDEyMDYwMjcaCGliMWIydWh6,2012,卢飞飞,CBM,2019365166,2019,龚美琴,脾脏异位妊娠1例报告
"same title, different author",CBM,2019365166,2019,龚美琴,CBM,2012538703,2012,卢飞飞,脾脏异位妊娠1例报告
"same title, different author",CNKI,https://link.cnki.net/doi/10.19435/j.1672-1721.2018.13.080,2018,魏志星,CNKI,https://link.cnki.net/doi/10.16252/j.cnki.issn1004-0501-2008.08.040,2008,邱江涛,游走脾并蒂扭转1例
"same title, different author",CNKI,https://link.cnki.net/doi/10.19435/j.1672-1721.2018.13.080,2018,魏志星,CNKI,https://kns.cnki.net/kcms2/article/abstract?v=DgjXjbKQq8cCNKCcEuhw8ou-_q3VsXITBWxb8oFjm-Cmc6fl9nnaQ_7FU5oyoezuLlIHf4LasKoQIQLpRjpKJH9GpEJZF1QVc_gwyxWIcluRzh9LE54vACg1phL-PnpwC1xz6CNLsicbhyDfGtZC1I2ypTurY9ZRg0CW5dntDHSDWWHHTAmJLw==&uniplatform=NZKPT&language=CHS,2008,邱江涛,游走脾并蒂扭转1例
"same title, different author",CNKI,https://link.cnki.net/doi/10.19435/j.1672-1721.2018.13.080,2018,魏志星,Wanfang,https://d.wanfangdata.com.cn/periodical/CiBQZXJpb2RpY2FsQ0hJU29scjkyMDI2MDkxNTE0MjIxORINc2N5eDIwMDgwODA3OBoIaWIxYjJ1aHo%3D,2008,邱江涛,游走脾并蒂扭转1例
"same title, different author",CNKI,https://link.cnki.net/doi/10.19435/j.1672-1721.2018.13.080,2018,魏志星,Wanfang,https://d.wanfangdata.com.cn/periodical/CiBQZXJpb2RpY2FsQ0hJU29scjkyMDI2MDkxNTE0MjIxORIPbnh5eHp6MjAwODAyMDU1GghpYjFiMnVoeg%3D%3D,2008,邱江涛,游走脾并蒂扭转1例
"same title, different author",CNKI,https://link.cnki.net/doi/10.19435/j.1672-1721.2018.13.080,2018,魏志星,CBM,2017729745,2017,朱艳志,游走脾并蒂扭转1例
"same title, different author",CNKI,https://link.cnki.net/doi/10.19435/j.1672-1721.2018.13.080,2018,魏志星,CBM,2008370977,2008,邱江涛,游走脾并蒂扭转1例
"same title, different author",CNKI,https://link.cnki.net/doi/10.19435/j.1672-1721.2018.13.080,2018,魏志星,CBM,2008156644,2008,邱江涛,游走脾并蒂扭转1例
"same title, different author",CNKI,https://link.cnki.net/doi/10.16252/j.cnki.issn1004-0501-2008.08.040,2008,邱江涛,Wanfang,https://d.wanfangdata.com.cn/periodical/CiBQZXJpb2RpY2FsQ0hJU29scjkyMDI2MDkxNTE0MjIxORIPamN5eGx0MjAxODEzMDgwGghpYjFiMnVoeg%3D%3D,2018,魏志星,游走脾并蒂扭转1例
"same title, different author",CNKI,https://link.cnki.net/doi/10.16252/j.cnki.issn1004-0501-2008.08.040,2008,邱江涛,CBM,2018354378,2018,魏志星,游走脾并蒂扭转1例
"same title, different author",CNKI,https://link.cnki.net/doi/10.16252/j.cnki.issn1004-0501-2008.08.040,2008,邱江涛,CBM,2017729745,2017,朱艳志,游走脾并蒂扭转1例
"same title, different author",CNKI,https://kns.cnki.net/kcms2/article/abstract?v=DgjXjbKQq8cCNKCcEuhw8ou-_q3VsXITBWxb8oFjm-Cmc6fl9nnaQ_7FU5oyoezuLlIHf4LasKoQIQLpRjpKJH9GpEJZF1QVc_gwyxWIcluRzh9LE54vACg1phL-PnpwC1xz6CNLsicbhyDfGtZC1I2ypTurY9ZRg0CW5dntDHSDWWHHTAmJLw==&uniplatform=NZKPT&language=CHS,2008,邱江涛,Wanfang,https://d.wanfangdata.com.cn/periodical/CiBQZXJpb2RpY2FsQ0hJU29scjkyMDI2MDkxNTE0MjIxORIPamN5eGx0MjAxODEzMDgwGghpYjFiMnVoeg%3D%3D,2018,魏志星,游走脾并蒂扭转1例
"same title, different author",CNKI,https://kns.cnki.net/kcms2/article/abstract?v=DgjXjbKQq8cCNKCcEuhw8ou-_q3VsXITBWxb8oFjm-Cmc6fl9nnaQ_7FU5oyoezuLlIHf4LasKoQIQLpRjpKJH9GpEJZF1QVc_gwyxWIcluRzh9LE54vACg1phL-PnpwC1xz6CNLsicbhyDfGtZC1I2ypTurY9ZRg0CW5dntDHSDWWHHTAmJLw==&uniplatform=NZKPT&language=CHS,2008,邱江涛,CBM,2018354378,2018,魏志星,游走脾并蒂扭转1例
"same title, different author",CNKI,https://kns.cnki.net/kcms2/article/abstract?v=DgjXjbKQq8cCNKCcEuhw8ou-_q3VsXITBWxb8oFjm-Cmc6fl9nnaQ_7FU5oyoezuLlIHf4LasKoQIQLpRjpKJH9GpEJZF1QVc_gwyxWIcluRzh9LE54vACg1phL-PnpwC1xz6CNLsicbhyDfGtZC1I2ypTurY9ZRg0CW5dntDHSDWWHHTAmJLw==&uniplatform=NZKPT&language=CHS,2008,邱江涛,CBM,2017729745,2017,朱艳志,游走脾并蒂扭转1例
"same title, different author",Wanfang,https://d.wanfangdata.com.cn/periodical/CiBQZXJpb2RpY2FsQ0hJU29scjkyMDI2MDkxNTE0MjIxORIPamN5eGx0MjAxODEzMDgwGghpYjFiMnVoeg%3D%3D,2018,魏志星,Wanfang,https://d.wanfangdata.com.cn/periodical/CiBQZXJpb2RpY2FsQ0hJU29scjkyMDI2MDkxNTE0MjIxORINc2N5eDIwMDgwODA3OBoIaWIxYjJ1aHo%3D,2008,邱江涛,游走脾并蒂扭转1例
"same title, different author",Wanfang,https://d.wanfangdata.com.cn/periodical/CiBQZXJpb2RpY2FsQ0hJU29scjkyMDI2MDkxNTE0MjIxORIPamN5eGx0MjAxODEzMDgwGghpYjFiMnVoeg%3D%3D,2018,魏志星,Wanfang,https://d.wanfangdata.com.cn/periodical/CiBQZXJpb2RpY2FsQ0hJU29scjkyMDI2MDkxNTE0MjIxORIPbnh5eHp6MjAwODAyMDU1GghpYjFiMnVoeg%3D%3D,2008,邱江涛,游走脾并蒂扭转1例
"same title, different author",Wanfang,https://d.wanfangdata.com.cn/periodical/CiBQZXJpb2RpY2FsQ0hJU29scjkyMDI2MDkxNTE0MjIxORIPamN5eGx0MjAxODEzMDgwGghpYjFiMnVoeg%3D%3D,2018,魏志星,CBM,2017729745,2017,朱艳志,游走脾并蒂扭转1例
"same title, different author",Wanfang,https://d.wanfangdata.com.cn/periodical/CiBQZXJpb2RpY2FsQ0hJU29scjkyMDI2MDkxNTE0MjIxORIPamN5eGx0MjAxODEzMDgwGghpYjFiMnVoeg%3D%3D,2018,魏志星,CBM,2008370977,2008,邱江涛,游走脾并蒂扭转1例
"same title, different author",Wanfang,https://d.wanfangdata.com.cn/periodical/CiBQZXJpb2RpY2FsQ0hJU29scjkyMDI2MDkxNTE0MjIxORIPamN5eGx0MjAxODEzMDgwGghpYjFiMnVoeg%3D%3D,2018,魏志星,CBM,2008156644,2008,邱江涛,游走脾并蒂扭转1例
"same title, different author",Wanfang,https://d.wanfangdata.com.cn/periodical/CiBQZXJpb2RpY2FsQ0hJU29scjkyMDI2MDkxNTE0MjIxORINc2N5eDIwMDgwODA3OBoIaWIxYjJ1aHo%3D,2008,邱江涛,CBM,2018354378,2018,魏志星,游走脾并蒂扭转1例
"same title, different author",Wanfang,https://d.wanfangdata.com.cn/periodical/CiBQZXJpb2RpY2FsQ0hJU29scjkyMDI2MDkxNTE0MjIxORINc2N5eDIwMDgwODA3OBoIaWIxYjJ1aHo%3D,2008,邱江涛,CBM,2017729745,2017,朱艳志,游走脾并蒂扭转1例
"same title, different author",Wanfang,https://d.wanfangdata.com.cn/periodical/CiBQZXJpb2RpY2FsQ0hJU29scjkyMDI2MDkxNTE0MjIxORIPbnh5eHp6MjAwODAyMDU1GghpYjFiMnVoeg%3D%3D,2008,邱江涛,CBM,2018354378,2018,魏志星,游走脾并蒂扭转1例
"same title, different author",Wanfang,https://d.wanfangdata.com.cn/periodical/CiBQZXJpb2RpY2FsQ0hJU29scjkyMDI2MDkxNTE0MjIxORIPbnh5eHp6MjAwODAyMDU1GghpYjFiMnVoeg%3D%3D,2008,邱江涛,CBM,2017729745,2017,朱艳志,游走脾并蒂扭转1例
"same title, different author",CBM,2018354378,2018,魏志星,CBM,2017729745,2017,朱艳志,游走脾并蒂扭转1例
"same title, different author",CBM,2018354378,2018,魏志星,CBM,2008370977,2008,邱江涛,游走脾并蒂扭转1例
"same title, different author",CBM,2018354378,2018,魏志星,CBM,2008156644,2008,邱江涛,游走脾并蒂扭转1例
"same title, different author",CBM,2017729745,2017,朱艳志,CBM,2008370977,2008,邱江涛,游走脾并蒂扭转1例
"same title, different author",CBM,2017729745,2017,朱艳志,CBM,2008156644,2008,邱江涛,游走脾并蒂扭转1例
"same title, author missing",CNKI,https://kns.cnki.net/kcms2/article/abstract?v=DgjXjbKQq8fowRyhvq3Jg7AWHGv7-Y-XupwRamBXik5yFc3NJ6XpQltAaG0uhqrfcEA1HHD3SBGbGNyRxN3U7gASOqQlfPTdTgHE0NBpC2-OFsxUCwmwS1oKmJ5BwUpX27Moj3KDkffyNrWBnN19EMQQpvyCH2ER8bnrRh5p8kyzZ0762BF-vw==&uniplatform=NZKPT&language=CHS,2014,,Wanfang,https://d.wanfangdata.com.cn/periodical/CiBQZXJpb2RpY2FsQ0hJU29scjkyMDI2MDkxNTE0MjIxORIPaHNqeHp6MjAxNDEzMDAzGghpYjFiMnVoeg%3D%3D,2014,《护士继续教育手册》,超声检查腹部脏器的适应证有哪些?
"same title, author missing",CNKI,https://kns.cnki.net/kcms2/article/abstract?v=DgjXjbKQq8fowRyhvq3Jg7AWHGv7-Y-XupwRamBXik5yFc3NJ6XpQltAaG0uhqrfcEA1HHD3SBGbGNyRxN3U7gASOqQlfPTdTgHE0NBpC2-OFsxUCwmwS1oKmJ5BwUpX27Moj3KDkffyNrWBnN19EMQQpvyCH2ER8bnrRh5p8kyzZ0762BF-vw==&uniplatform=NZKPT&language=CHS,2014,,CBM,2014571936,2014,,超声检查腹部脏器的适应证有哪些?
"same title, author missing",Wanfang,https://d.wanfangdata.com.cn/periodical/CiBQZXJpb2RpY2FsQ0hJU29scjkyMDI2MDkxNTE0MjIxORIPaHNqeHp6MjAxNDEzMDAzGghpYjFiMnVoeg%3D%3D,2014,《护士继续教育手册》,CBM,2014571936,2014,,超声检查腹部脏器的适应证有哪些？
"same title, author missing",CNKI,https://kns.cnki.net/kcms2/article/abstract?v=DgjXjbKQq8fgbKaiYo2eY5CKOyTuLvt2yA2OVpk-yoJbevZc8Ka1OqL63Ig8_ezU7-b4t3yyGSikpWqyl0LKwxGVN8T3yXi9PqOOwbEw_9f0gNrYwzvRkKZ610ATLjhAJ3nrFxlTeTFOarnZA13H-bhiIgyiqu92tv6q6QpjFa1MpwLxNqv_PQ==&uniplatform=NZKPT&language=CHS,2012,,Wanfang,https://d.wanfangdata.com.cn/periodical/CiBQZXJpb2RpY2FsQ0hJU29scjkyMDI2MDkxNTE0MjIxORITemh4aG5qeno5ODIwMTIwMjAyMhoIaWIxYjJ1aHo%3D,2012,杨景波,胃底异位脾种植误诊为间质瘤一例
"same title and author, year differs >1",CNKI,222,,侯利民,Wanfang,https://d.wanfangdata.com.cn/thesis/Ch1UaGVzaXNOZXdTb2xyOVMyMDI2MDkxNjA5NDMzMhIHWTY2MDAwOBoIaWIxYjJ1aHo%3D,2004,侯利民,耐受性树突状细胞诱导移植脾免疫耐受的实验研究
"same title, different author",CNKI,https://kns.cnki.net/kcms2/article/abstract?v=DgjXjbKQq8eaWukL0EkeQYf9bIsVXWmDAu2VIZ-1QVg-dLOEr7rHOvLqXvTE1pF5CvNuscENveFZkeS_F9_wbBqCEsw8gO-lIyjlbSV8xoOHdKMm2ax-h8GWNkK6iyJ4EkbkXpZvNyi79i7iVnV2A7141Zv4MBE3UAY5hBvkfLMd2Hi4gGZ29Q==&uniplatform=NZKPT&language=CHS,2008,林桂凤,CNKI,https://kns.cnki.net/kcms2/article/abstract?v=DgjXjbKQq8eeH2oQ-fbT6De033GA3QUxWfzbyy-BTHdXYkIPTbAvs74nyr7pMqqd0O952_lVgYp_DxRlAW-1cm_3niEFmxsSCuWwgtnW1Z0JiUEoD63kbdtFlJMxs8t6E5LgYJ64QKefvSncGmDmVNH3iiMaLtOEW_7cgOlWX9bcCOpVVGBSVg==&uniplatform=NZKPT&language=CHS,2002,张守红,超声诊断游走脾1例
"same title, different author",CNKI,https://kns.cnki.net/kcms2/article/abstract?v=DgjXjbKQq8eaWukL0EkeQYf9bIsVXWmDAu2VIZ-1QVg-dLOEr7rHOvLqXvTE1pF5CvNuscENveFZkeS_F9_wbBqCEsw8gO-lIyjlbSV8xoOHdKMm2ax-h8GWNkK6iyJ4EkbkXpZvNyi79i7iVnV2A7141Zv4MBE3UAY5hBvkfLMd2Hi4gGZ29Q==&uniplatform=NZKPT&language=CHS,2008,林桂凤,Wanfang,https://d.wanfangdata.com.cn/periodical/CiBQZXJpb2RpY2FsQ0hJU29scjkyMDI2MDkxNTE0MjIxORIRemdjc3l4enoyMDAyMDYwMjcaCGliMWIydWh6,2002,张守红,超声诊断游走脾1例
"same title, different author",CNKI,https://kns.cnki.net/kcms2/article/abstract?v=DgjXjbKQq8eaWukL0EkeQYf9bIsVXWmDAu2VIZ-1QVg-dLOEr7rHOvLqXvTE1pF5CvNuscENveFZkeS_F9_wbBqCEsw8gO-lIyjlbSV8xoOHdKMm2ax-h8GWNkK6iyJ4EkbkXpZvNyi79i7iVnV2A7141Zv4MBE3UAY5hBvkfLMd2Hi4gGZ29Q==&uniplatform=NZKPT&language=CHS,2008,林桂凤,CBM,2002265727,2002,张守红,超声诊断游走脾1例
"same title, different author",CNKI,https://kns.cnki.net/kcms2/article/abstract?v=DgjXjbKQq8eeH2oQ-fbT6De033GA3QUxWfzbyy-BTHdXYkIPTbAvs74nyr7pMqqd0O952_lVgYp_DxRlAW-1cm_3niEFmxsSCuWwgtnW1Z0JiUEoD63kbdtFlJMxs8t6E5LgYJ64QKefvSncGmDmVNH3iiMaLtOEW_7cgOlWX9bcCOpVVGBSVg==&uniplatform=NZKPT&language=CHS,2002,张守红,Wanfang,https://d.wanfangdata.com.cn/periodical/CiBQZXJpb2RpY2FsQ0hJU29scjkyMDI2MDkxNTE0MjIxORIPemhjc3l4MjAwODAxMDI4GghpYjFiMnVoeg%3D%3D,2008,林桂凤,超声诊断游走脾1例
"same title, different author",CNKI,https://kns.cnki.net/kcms2/article/abstract?v=DgjXjbKQq8eeH2oQ-fbT6De033GA3QUxWfzbyy-BTHdXYkIPTbAvs74nyr7pMqqd0O952_lVgYp_DxRlAW-1cm_3niEFmxsSCuWwgtnW1Z0JiUEoD63kbdtFlJMxs8t6E5LgYJ64QKefvSncGmDmVNH3iiMaLtOEW_7cgOlWX9bcCOpVVGBSVg==&uniplatform=NZKPT&language=CHS,2002,张守红,CBM,2008422245,2008,林桂凤,超声诊断游走脾1例
"same title, different author",Wanfang,https://d.wanfangdata.com.cn/periodical/CiBQZXJpb2RpY2FsQ0hJU29scjkyMDI2MDkxNTE0MjIxORIRemdjc3l4enoyMDAyMDYwMjcaCGliMWIydWh6,2002,张守红,Wanfang,https://d.wanfangdata.com.cn/periodical/CiBQZXJpb2RpY2FsQ0hJU29scjkyMDI2MDkxNTE0MjIxORIPemhjc3l4MjAwODAxMDI4GghpYjFiMnVoeg%3D%3D,2008,林桂凤,超声诊断游走脾1例
"same title, different author",Wanfang,https://d.wanfangdata.com.cn/periodical/CiBQZXJpb2RpY2FsQ0hJU29scjkyMDI2MDkxNTE0MjIxORIRemdjc3l4enoyMDAyMDYwMjcaCGliMWIydWh6,2002,张守红,CBM,2008422245,2008,林桂凤,超声诊断游走脾1例
"same title, different author",Wanfang,https://d.wanfangdata.com.cn/periodical/CiBQZXJpb2RpY2FsQ0hJU29scjkyMDI2MDkxNTE0MjIxORIPemhjc3l4MjAwODAxMDI4GghpYjFiMnVoeg%3D%3D,2008,林桂凤,CBM,2002265727,2002,张守红,超声诊断游走脾1例
"same title, different author",CBM,2008422245,2008,林桂凤,CBM,2002265727,2002,张守红,超声诊断游走脾1例
"same title, different author",CNKI,https://kns.cnki.net/kcms2/article/abstract?v=DgjXjbKQq8dtVvrxA1DyNb_UfkOKNLpdpdNdrJzZ-lYgO0NTv1NciwNSD8TA2ZIlvMgLvoOClOUjWyGwBzqptYDDq9qYjm12_CNNk6aPg1MAiTIzPfNTx7Bwa6Qjmzwhg8h-u8BKJkbQCH4I03U8uBBXSz3R8z93Htn7F0XKFuLl-Kn0CjC3tg==&uniplatform=NZKPT&language=CHS,2006,刘迁,CNKI,https://link.cnki.net/doi/10.13315/j.cnki.cjcep.1995.03.026,1995,陈松春,脾脏异位妊娠破裂1例
"same title, different author",CNKI,https://kns.cnki.net/kcms2/article/abstract?v=DgjXjbKQq8dtVvrxA1DyNb_UfkOKNLpdpdNdrJzZ-lYgO0NTv1NciwNSD8TA2ZIlvMgLvoOClOUjWyGwBzqptYDDq9qYjm12_CNNk6aPg1MAiTIzPfNTx7Bwa6Qjmzwhg8h-u8BKJkbQCH4I03U8uBBXSz3R8z93Htn7F0XKFuLl-Kn0CjC3tg==&uniplatform=NZKPT&language=CHS,2006,刘迁,Wanfang,https://d.wanfangdata.com.cn/periodical/CiBQZXJpb2RpY2FsQ0hJU29scjkyMDI2MDkxNTE0MjIxORIOUUsyMDA1MDIzNjg2NzUaCGliMWIydWh6,2005,付红霞,脾脏异位妊娠破裂1例
"same title, different author",CNKI,https://kns.cnki.net/kcms2/article/abstract?v=DgjXjbKQq8dtVvrxA1DyNb_UfkOKNLpdpdNdrJzZ-lYgO0NTv1NciwNSD8TA2ZIlvMgLvoOClOUjWyGwBzqptYDDq9qYjm12_CNNk6aPg1MAiTIzPfNTx7Bwa6Qjmzwhg8h-u8BKJkbQCH4I03U8uBBXSz3R8z93Htn7F0XKFuLl-Kn0CjC3tg==&uniplatform=NZKPT&language=CHS,2006,刘迁,CBM,2005371331,2005,付红霞,脾脏异位妊娠破裂1例
"same title, different author",CNKI,https://kns.cnki.net/kcms2/article/abstract?v=DgjXjbKQq8dtVvrxA1DyNb_UfkOKNLpdpdNdrJzZ-lYgO0NTv1NciwNSD8TA2ZIlvMgLvoOClOUjWyGwBzqptYDDq9qYjm12_CNNk6aPg1MAiTIzPfNTx7Bwa6Qjmzwhg8h-u8BKJkbQCH4I03U8uBBXSz3R8z93Htn7F0XKFuLl-Kn0CjC3tg==&uniplatform=NZKPT&language=CHS,2006,刘迁,CBM,1995102150,1995,陈松春,脾脏异位妊娠破裂1例
"same title, different author",CNKI,https://link.cnki.net/doi/10.13315/j.cnki.cjcep.1995.03.026,1995,陈松春,Wanfang,https://d.wanfangdata.com.cn/periodical/CiBQZXJpb2RpY2FsQ0hJU29scjkyMDI2MDkxNTE0MjIxORIPc3l5eHp6MjAwNjExMDcxGghpYjFiMnVoeg%3D%3D,2006,刘迁,脾脏异位妊娠破裂1例
"same title, different author",CNKI,https://link.cnki.net/doi/10.13315/j.cnki.cjcep.1995.03.026,1995,陈松春,Wanfang,https://d.wanfangdata.com.cn/periodical/CiBQZXJpb2RpY2FsQ0hJU29scjkyMDI2MDkxNTE0MjIxORIOUUsyMDA1MDIzNjg2NzUaCGliMWIydWh6,2005,付红霞,脾脏异位妊娠破裂1例
"same title, different author",CNKI,https://link.cnki.net/doi/10.13315/j.cnki.cjcep.1995.03.026,1995,陈松春,CBM,2006135230,2006,刘迁,脾脏异位妊娠破裂1例
"same title, different author",CNKI,https://link.cnki.net/doi/10.13315/j.cnki.cjcep.1995.03.026,1995,陈松春,CBM,2005371331,2005,付红霞,脾脏异位妊娠破裂1例
"same title, different author",Wanfang,https://d.wanfangdata.com.cn/periodical/CiBQZXJpb2RpY2FsQ0hJU29scjkyMDI2MDkxNTE0MjIxORIPc3l5eHp6MjAwNjExMDcxGghpYjFiMnVoeg%3D%3D,2006,刘迁,Wanfang,https://d.wanfangdata.com.cn/periodical/CiBQZXJpb2RpY2FsQ0hJU29scjkyMDI2MDkxNTE0MjIxORIOUUsyMDA1MDIzNjg2NzUaCGliMWIydWh6,2005,付红霞,脾脏异位妊娠破裂1例
"same title, different author",Wanfang,https://d.wanfangdata.com.cn/periodical/CiBQZXJpb2RpY2FsQ0hJU29scjkyMDI2MDkxNTE0MjIxORIPc3l5eHp6MjAwNjExMDcxGghpYjFiMnVoeg%3D%3D,2006,刘迁,CBM,2005371331,2005,付红霞,脾脏异位妊娠破裂1例
"same title, different author",Wanfang,https://d.wanfangdata.com.cn/periodical/CiBQZXJpb2RpY2FsQ0hJU29scjkyMDI2MDkxNTE0MjIxORIPc3l5eHp6MjAwNjExMDcxGghpYjFiMnVoeg%3D%3D,2006,刘迁,CBM,1995102150,1995,陈松春,脾脏异位妊娠破裂1例
"same title, different author",Wanfang,https://d.wanfangdata.com.cn/periodical/CiBQZXJpb2RpY2FsQ0hJU29scjkyMDI2MDkxNTE0MjIxORIOUUsyMDA1MDIzNjg2NzUaCGliMWIydWh6,2005,付红霞,CBM,2006135230,2006,刘迁,脾脏异位妊娠破裂1例
"same title, different author",Wanfang,https://d.wanfangdata.com.cn/periodical/CiBQZXJpb2RpY2FsQ0hJU29scjkyMDI2MDkxNTE0MjIxORIOUUsyMDA1MDIzNjg2NzUaCGliMWIydWh6,2005,付红霞,CBM,1995102150,1995,陈松春,脾脏异位妊娠破裂1例
"same title, different author",CBM,2006135230,2006,刘迁,CBM,2005371331,2005,付红霞,脾脏异位妊娠破裂1例
"same title, different author",CBM,2006135230,2006,刘迁,CBM,1995102150,1995,陈松春,脾脏异位妊娠破裂1例
"same title, different author",CBM,2005371331,2005,付红霞,CBM,1995102150,1995,陈松春,脾脏异位妊娠破裂1例
"same title, different author",CNKI,https://kns.cnki.net/kcms2/article/abstract?v=DgjXjbKQq8dN7r2rtyXrdHxuvSHn5adlmw2TyGaU5pGSz4khGC33oE1C-N6DXBWNtD53uNlPWY8L4qA7b7-nIxuElMBZaMjFXQeIEMPBk3dxXZpWu2ASbHEFYlc8JsMqigAd1Pc2TJrQP_pLPZwFRIuaqThndylxBUjqd21az79161kXa8IXLQ==&uniplatform=NZKPT&language=CHS,2006,韩宁,CNKI,https://kns.cnki.net/kcms2/article/abstract?v=DgjXjbKQq8dIBhBQvR4-SGLs0IHSscpaP_y9zmZUECfH-40xDJ5oFQ_75aZTiZGEDSWQZBciAXIXrJQZRAvtPrw2RaLQQ8FG7z7dUbHNd31ngW2wDtQglfC-0N2SWMZ62xTq3KNlkHTQKxVWGU44LeZccQBBtLqe__CTJ2tUviatStY5rwc5FA==&uniplatform=NZKPT&language=CHS,2005,"韩宁,吕永智,史晓丽,胡泽华",超声诊断原发于右髂总动脉异位脾脏1例
"same title, different author",CNKI,https://kns.cnki.net/kcms2/article/abstract?v=DgjXjbKQq8dIBhBQvR4-SGLs0IHSscpaP_y9zmZUECfH-40xDJ5oFQ_75aZTiZGEDSWQZBciAXIXrJQZRAvtPrw2RaLQQ8FG7z7dUbHNd31ngW2wDtQglfC-0N2SWMZ62xTq3KNlkHTQKxVWGU44LeZccQBBtLqe__CTJ2tUviatStY5rwc5FA==&uniplatform=NZKPT&language=CHS,2005,"韩宁,吕永智,史晓丽,胡泽华",CBM,2005742055,2005,韩宁,超声诊断原发于右髂总动脉异位脾脏1例
"same title, different author",CNKI,https://kns.cnki.net/kcms2/article/abstract?v=DgjXjbKQq8d0Sqig1fA9Zoc6KMoKdTWlTFxo8CPBqxwRLaIBhHEtKssiYFJWHxglT7kEa6IZ8cLp9XQ7G23DJ_5SJsr3S7z38pqxU93MpipMabGTfPCihpFxQcIf_JMDPxXCGRul7j7A1yMwIArPWO64FwaSPJyifvpm63uTA0QmmNs64QBeUw==&uniplatform=NZKPT&language=CHS,2005,"刘丽君,唐朝裔",Wanfang,https://d.wanfangdata.com.cn/periodical/CiBQZXJpb2RpY2FsQ0hJU29scjkyMDI2MDkxNTE0MjIxORIRemdzeXdrenoyMDA1MTEwMjkaCGliMWIydWh6,2005,刘丽君,移植脾蒂扭转误诊附件肿瘤1例分析
"same title, different author",CNKI,https://kns.cnki.net/kcms2/article/abstract?v=DgjXjbKQq8d0Sqig1fA9Zoc6KMoKdTWlTFxo8CPBqxwRLaIBhHEtKssiYFJWHxglT7kEa6IZ8cLp9XQ7G23DJ_5SJsr3S7z38pqxU93MpipMabGTfPCihpFxQcIf_JMDPxXCGRul7j7A1yMwIArPWO64FwaSPJyifvpm63uTA0QmmNs64QBeUw==&uniplatform=NZKPT&language=CHS,2005,"刘丽君,唐朝裔",CBM,2005794259,2005,刘丽君,移植脾蒂扭转误诊附件肿瘤1例分析
"same title, different author",CNKI,https://kns.cnki.net/kcms2/article/abstract?v=DgjXjbKQq8euMJ_2wbB9WDLprkS_rNwqpJn_2WMH_86aTsHeFpF2bqYYxkZG3Q5FduZ1qG-e9OFdaqkAAEgqpgVl1KiZP_10jRANTp_GX9BkaYZpUD8HxVxSGwTNBOSGhCprMvpgCzPTDnuEPVHPihUFoTQtMvem-hCrB78Jz8ushXzqo6bSXg==&uniplatform=NZKPT&language=CHS,2005,Martnez-FerroM.,Wanfang,https://d.wanfangdata.com.cn/periodical/CiBQZXJpb2RpY2FsQ0hJU29scjkyMDI2MDkxNTE0MjIxORIOUUsyMDA1MDE5NTM4MzIaCGliMWIydWh6,2005,MARTNEZ-FERROM.,病例报道:腹腔镜下游离脾的袋状脾固定术
"same title, author missing",CNKI,https://kns.cnki.net/kcms2/article/abstract?v=DgjXjbKQq8e562hwvHFDkFOE_v_06NeSAwdGnnAIVw6RBK0WaJpCbFjoSXHT1k9SoO55V-C0bcfP4iA8faFMLgURKlbp_r67BQQSMkoyn3QgaHHvBTb0zN4bfMKdAeEF_uu5iqqTnMxQi_l8r8Yj6H4Jf1UnrADouQBtJAK9oaHNmkhtGtcRaA==&uniplatform=NZKPT&language=CHS,2005,"冯平勇,尚华,刘怀军,雷建明",Wanfang,https://d.wanfangdata.com.cn/periodical/CiBQZXJpb2RpY2FsQ0hJU29scjkyMDI2MDkxNTE0MjIxORIOemhmc3gyMDA1MTAwMjUaCGliMWIydWh6,2005,,游走脾并脾蒂扭转二例
"same title, different author",CNKI,https://kns.cnki.net/kcms2/article/abstract?v=DgjXjbKQq8fAMwLJCGgFkbuttR4be7mNWve6p9KAyJBNLHo3NguX0r8qr36D_Jy2sKisS6U-Ru9kYne2kK6M0vVNN1z66kbbBR5o4MGKNiSFRacRgjshgj2Wn_N0ZLpC3AGnrKWz9K28V3JjlyjkfnRqqjFRWmYQIqyZWbMgyi8iXT7h-PEitw==&uniplatform=NZKPT&language=CHS,2005,"明玉华,屈传贵,王莉",Wanfang,https://d.wanfangdata.com.cn/periodical/CiBQZXJpb2RpY2FsQ0hJU29scjkyMDI2MDkxNTE0MjIxORIOemhmY2syMDA1MDgwMjMaCGliMWIydWh6,2005,明玉华,原发性脾脏异位妊娠一例
"same title, different author",CNKI,https://kns.cnki.net/kcms2/article/abstract?v=DgjXjbKQq8fc3bt2qe3GAnxld1RPLkygn6vOvQSMA7dg0HiezQ1KtLmO4Os70d1EZAHa2uYSfGuYU9tzBE2HrWfT7oYyZZC5_CjW5qlNcCLJVB6sQoOc9B8bkgUwU5piDcoJdXNYTZykQo-jwo67OtQbeEHPusx6cR-Zj_XVUe3s5GAV8MS1Vg==&uniplatform=NZKPT&language=CHS,2005,SchaarschmidtK.,Wanfang,https://d.wanfangdata.com.cn/periodical/CiBQZXJpb2RpY2FsQ0hJU29scjkyMDI2MDkxNTE0MjIxORIOUUsyMDA1MDE5NTM2MTQaCGliMWIydWh6,2005,SCHAARSCHMIDTK.,腹膜后腹腔镜脾固定术治疗小儿游走脾
"same title, different author",CNKI,https://kns.cnki.net/kcms2/article/abstract?v=DgjXjbKQq8eZflox_PBm-47jZnEKlY_lQRohn6i-nP0koYgps2w7l8U9Ls2gxp9yNE_DkQZ9L1Oar5jqy39bWk8G4kkTxQF0oBf8be0eTGi55BkBUW7vxww2WT1pRFEzwEzPEAjDZEAC1kX_h5NwATs7J4pfViZ9pjABtlDMIbAmy-IiZsA6Zg==&uniplatform=NZKPT&language=CHS,2004,"杨健,杨秀明",Wanfang,https://d.wanfangdata.com.cn/periodical/CiBQZXJpb2RpY2FsQ0hJU29scjkyMDI2MDkxNTE0MjIxORINY3F5eDIwMDQxMjA4MRoIaWIxYjJ1aHo%3D,2004,杨健,先天性左肾与脾脏异位伴DU1例
"same title, different author",CNKI,https://kns.cnki.net/kcms2/article/abstract?v=DgjXjbKQq8eZflox_PBm-47jZnEKlY_lQRohn6i-nP0koYgps2w7l8U9Ls2gxp9yNE_DkQZ9L1Oar5jqy39bWk8G4kkTxQF0oBf8be0eTGi55BkBUW7vxww2WT1pRFEzwEzPEAjDZEAC1kX_h5NwATs7J4pfViZ9pjABtlDMIbAmy-IiZsA6Zg==&uniplatform=NZKPT&language=CHS,2004,"杨健,杨秀明",CBM,2005080814,2004,杨健,先天性左肾与脾脏异位伴DU1例
"same title, different author",CNKI,https://kns.cnki.net/kcms2/article/abstract?v=DgjXjbKQq8fpLc3Dc0WvGGnaq8HossUaC2fu41sQZX1Du5PP_4ZA3naw-2foLfheDJtSwJ2sTVjb07zxXlks0koYj_4ZANgOt2BmGvCFaaK_2diTvCHMm5vvyO9cn6ZrYlUAoBgc3mqxUfnuGAM_RoKzEZNCFd6ttoLXST1Pt0p6_EQW-K-hFg==&uniplatform=NZKPT&language=CHS,2004,"黄霞,刘杰,刘惠霞",Wanfang,https://d.wanfangdata.com.cn/periodical/CiBQZXJpb2RpY2FsQ0hJU29scjkyMDI2MDkxNTE0MjIxORIPemd6eXp6MjAwNDEyMDE2GghpYjFiMnVoeg%3D%3D,2004,黄霞,熟地黄多糖对血虚模型小鼠的影响
"same title, different author",CNKI,https://kns.cnki.net/kcms2/article/abstract?v=DgjXjbKQq8fpLc3Dc0WvGGnaq8HossUaC2fu41sQZX1Du5PP_4ZA3naw-2foLfheDJtSwJ2sTVjb07zxXlks0koYj_4ZANgOt2BmGvCFaaK_2diTvCHMm5vvyO9cn6ZrYlUAoBgc3mqxUfnuGAM_RoKzEZNCFd6ttoLXST1Pt0p6_EQW-K-hFg==&uniplatform=NZKPT&language=CHS,2004,"黄霞,刘杰,刘惠霞",CBM,2005081249,2004,黄霞,熟地黄多糖对血虚模型小鼠的影响
"same title, different author",CNKI,https://link.cnki.net/doi/10.16245/j.cnki.issn1008-6978.2004.04.038,2004,"高峰,李瑞珍",Wanfang,https://d.wanfangdata.com.cn/periodical/CiBQZXJpb2RpY2FsQ0hJU29scjkyMDI2MDkxNTE0MjIxORIRbGNjc3l4enoyMDA0MDQwMzgaCGliMWIydWh6,2004,高峰,游离脾扭转1例
"same title, different author",CNKI,https://link.cnki.net/doi/10.16245/j.cnki.issn1008-6978.2004.04.038,2004,"高峰,李瑞珍",CBM,2003632009,2004,高峰,游离脾扭转1例
"same title, different author",CNKI,https://kns.cnki.net/kcms2/article/abstract?v=DgjXjbKQq8cJuQyp--p4eCaGxw9IYPAZK_HwT1ClREEJ0gaTJ_H2yYQG24-W4wXz6JjYTpCcCfHhTw3L9pu7U45XFWT2ob8_vi57JhttbxDzgL5-T4SH7PsAYXYLXmcQ8qBKXGYrcQfeYDMZVzgBVrCGp4ylSKEVMqLeV5QRnaRbz5htRDmZlQ==&uniplatform=NZKPT&language=CHS,2004,"于增文,李索林,李涛",Wanfang,https://d.wanfangdata.com.cn/periodical/CiBQZXJpb2RpY2FsQ0hJU29scjkyMDI2MDkxNTE0MjIxORINeHJ3azIwMDQwNDAzNhoIaWIxYjJ1aHo%3D,2004,于增文,腹腔镜下胃固定术治疗小儿胃扭转并游走脾一例
"same title, different author",CNKI,https://link.cnki.net/doi/10.13705/j.issn.1671-6825.2004.03.040,2004,"夏自强,赵峰子,王家祥",Wanfang,https://d.wanfangdata.com.cn/periodical/CiBQZXJpb2RpY2FsQ0hJU29scjkyMDI2MDkxNTE0MjIxORISaGVuYW55a2R4MjAwNDAzMDQwGghpYjFiMnVoeg%3D%3D,2004,夏自强,肝脾固定治疗犬肝前性门脉高压效果观察
"same title, different author",CNKI,https://link.cnki.net/doi/10.13705/j.issn.1671-6825.2004.03.040,2004,"夏自强,赵峰子,王家祥",CBM,2003518958,2004,夏自强,肝脾固定治疗犬肝前性门脉高压效果观察
"same title, different author",CNKI,https://kns.cnki.net/kcms2/article/abstract?v=DgjXjbKQq8d4okAEYjeqoxpHSkaAXeuzXFxnFRGi4OVjp9HBXl61wSfVbHLcR1c3VZhdo8eXitaG4qMF_kODtW8QsCJBVOYy8fIVuR3tBPfbMnOLDkd7Gd8AYsYToXyJeRbqI3bDbH6NLmdF9xkqd3k4ErH6sD1T0s98Zed8pyl8NK9kNU561w==&uniplatform=NZKPT&language=CHS,2004,"王毓利,乔海泉,姜洪池,代文杰,潘尚哈",Wanfang,https://d.wanfangdata.com.cn/periodical/CiBQZXJpb2RpY2FsQ0hJU29scjkyMDI2MDkxNTE0MjIxORIRemhxZ3l6OTgyMDA0MDIwMTgaCGliMWIydWh6,2004,王毓利,套管法大鼠异位脾移植模型的制作
"same title, different author",CNKI,https://kns.cnki.net/kcms2/article/abstract?v=DgjXjbKQq8d4okAEYjeqoxpHSkaAXeuzXFxnFRGi4OVjp9HBXl61wSfVbHLcR1c3VZhdo8eXitaG4qMF_kODtW8QsCJBVOYy8fIVuR3tBPfbMnOLDkd7Gd8AYsYToXyJeRbqI3bDbH6NLmdF9xkqd3k4ErH6sD1T0s98Zed8pyl8NK9kNU561w==&uniplatform=NZKPT&language=CHS,2004,"王毓利,乔海泉,姜洪池,代文杰,潘尚哈",CBM,2003447058,2004,王毓利,套管法大鼠异位脾移植模型的制作
"same title, different author",CNKI,https://kns.cnki.net/kcms2/article/abstract?v=DgjXjbKQq8eMkINF7AzoLXSyqjRQQR8Y2F1lHcx5nDEZhjk5Dm0mNTE43NHkShzNeWHT89v5I67LNPkU98A2cnP6wBPvM0q6beyeeL4DXN8kp89GPb4G4P8NOcTILvlRjTJlKoCHc1Hxp1092Zqymi7XiWubf5I_DRopZd6vKWuf74sxnpqW5g==&uniplatform=NZKPT&language=CHS,2004,"欧晓平,谭旭芬,李公伦",Wanfang,https://d.wanfangdata.com.cn/periodical/CiBQZXJpb2RpY2FsQ0hJU29scjkyMDI2MDkxNTE0MjIxORIPeG5nZnl5MjAwNDAxMDc3GghpYjFiMnVoeg%3D%3D,2004,欧晓平,脾脏异位妊娠破裂出血1例报告
"same title, different author",CNKI,https://kns.cnki.net/kcms2/article/abstract?v=DgjXjbKQq8eMkINF7AzoLXSyqjRQQR8Y2F1lHcx5nDEZhjk5Dm0mNTE43NHkShzNeWHT89v5I67LNPkU98A2cnP6wBPvM0q6beyeeL4DXN8kp89GPb4G4P8NOcTILvlRjTJlKoCHc1Hxp1092Zqymi7XiWubf5I_DRopZd6vKWuf74sxnpqW5g==&uniplatform=NZKPT&language=CHS,2004,"欧晓平,谭旭芬,李公伦",CBM,2003427279,2004,欧晓平,脾脏异位妊娠破裂出血1例报告
"same title, different author",CNKI,https://kns.cnki.net/kcms2/article/abstract?v=DgjXjbKQq8e9uyl5Mx-U-uD-UdMBNbSnhNXWCS9aOxcN7XiaJhZBvWT2b4wPMlYQ4vL81C48nqVQWY9sRg2c5nsjQ0TY45grYj8YB4ataGk-1A9JNVjvUTcoJ1l3HSOPZkQrL6rAZ0-89_402hBgPSejOQqCcDGDqfOswi70-5js7kpZc9I2BQ==&uniplatform=NZKPT&language=CHS,2003,"张铁民,姜洪池,乔海泉",Wanfang,https://d.wanfangdata.com.cn/periodical/CiBQZXJpb2RpY2FsQ0hJU29scjkyMDI2MDkxNTE0MjIxORIUemdwd2pjeWxjenoyMDAzMDYwMjIaCGliMWIydWh6,2003,张铁民,脾移植术后并发症的诊断与治疗(附5例报告)
"same title, different author",CNKI,https://kns.cnki.net/kcms2/article/abstract?v=DgjXjbKQq8e9uyl5Mx-U-uD-UdMBNbSnhNXWCS9aOxcN7XiaJhZBvWT2b4wPMlYQ4vL81C48nqVQWY9sRg2c5nsjQ0TY45grYj8YB4ataGk-1A9JNVjvUTcoJ1l3HSOPZkQrL6rAZ0-89_402hBgPSejOQqCcDGDqfOswi70-5js7kpZc9I2BQ==&uniplatform=NZKPT&language=CHS,2003,"张铁民,姜洪池,乔海泉",CBM,2004120028,2003,张铁民,脾移植术后并发症的诊断与治疗(附5例报告)
"same title, different author",CNKI,https://link.cnki.net/doi/10.16096/j.cnki.nmgyxzz.2003.05.013,2003,"党永康,隋晓杰,陈金明,徐景巍",Wanfang,https://d.wanfangdata.com.cn/periodical/CiBQZXJpb2RpY2FsQ0hJU29scjkyMDI2MDkxNTE0MjIxORIQbm1neXh6ejIwMDMwNTAxMRoIaWIxYjJ1aHo%3D,2003,党永康,脾保留手术治疗外伤性脾破裂15例临床分析
"same title, different author",CNKI,https://link.cnki.net/doi/10.16096/j.cnki.nmgyxzz.2003.05.013,2003,"党永康,隋晓杰,陈金明,徐景巍",CBM,2004097643,2003,党永康,脾保留手术治疗外伤性脾破裂15例临床分析
"same title, different author",CNKI,https://kns.cnki.net/kcms2/article/abstract?v=DgjXjbKQq8c6Zlyzv759Amhsb4QP2Q1lZlLz_UTov3CNpKv-z2P6-aZ9oiSNKzhWzirM0d5xcxJaVmx_UGFjF-jW4Y8xxuoL6A8V23OLw96xm_uQ6T5sCuczb4l_n6j6mOOKKsL6fGLHRUSBcLq8UHrvMVJxp3CQSBzNvPl9_EEzbuw2WaNrtQ==&uniplatform=NZKPT&language=CHS,2003,"侯利民,姜洪池,王艳,代文杰,潘尚哈,朴大勋,乔海泉",Wanfang,https://d.wanfangdata.com.cn/periodical/CiBQZXJpb2RpY2FsQ0hJU29scjkyMDI2MDkxNTE0MjIxORIPemhnZHdrMjAwMzA5MDIxGghpYjFiMnVoeg%3D%3D,2003,侯利民,同种大鼠颈部脾脏异位移植模型的建立
"same title, different author",CNKI,https://kns.cnki.net/kcms2/article/abstract?v=DgjXjbKQq8c6Zlyzv759Amhsb4QP2Q1lZlLz_UTov3CNpKv-z2P6-aZ9oiSNKzhWzirM0d5xcxJaVmx_UGFjF-jW4Y8xxuoL6A8V23OLw96xm_uQ6T5sCuczb4l_n6j6mOOKKsL6fGLHRUSBcLq8UHrvMVJxp3CQSBzNvPl9_EEzbuw2WaNrtQ==&uniplatform=NZKPT&language=CHS,2003,"侯利民,姜洪池,王艳,代文杰,潘尚哈,朴大勋,乔海泉",CBM,2004081622,2003,侯利民,同种大鼠颈部脾脏异位移植模型的建立
"same title, different author",CNKI,https://link.cnki.net/doi/10.13345/j.cjb.2003.04.011,2003,"张玲,孙昭,沈爱玲,马丽,姜学英,马冠杰,杨晓,赵春华",Wanfang,https://d.wanfangdata.com.cn/periodical/CiBQZXJpb2RpY2FsQ0hJU29scjkyMDI2MDkxNTE0MjIxORIPc3dnY3hiMjAwMzA0MDEwGghpYjFiMnVoeg%3D%3D,2003,张玲,Smad3基因剔除对小鼠造血功能的影响
"same title, different author",CNKI,https://link.cnki.net/doi/10.13345/j.cjb.2003.04.011,2003,"张玲,孙昭,沈爱玲,马丽,姜学英,马冠杰,杨晓,赵春华",CBM,2004003702,2003,张玲,Smad3基因剔除对小鼠造血功能的影响
"same title, different author",CNKI,https://kns.cnki.net/kcms2/article/abstract?v=DgjXjbKQq8cCVohZ_f45gUmP0294VA2E2GQnaxc8XgAkQFaKHG9vFZPMsI6_etalltiZLSoXqF2QnBop4USeRcLyC5uKb03zPgCHOxUSyrtaRk6rLWB5LXS8pm4UpajrvObeAhkCAaQ4HTcOa2Dd98FPAAtQHNSwPQDiDFY9DUlvUaKX17Q7rA==&uniplatform=NZKPT&language=CHS,2003,"高景忠,匡文兰,李亚凤,王坤,全明珠",Wanfang,https://d.wanfangdata.com.cn/periodical/CiBQZXJpb2RpY2FsQ0hJU29scjkyMDI2MDkxNTE0MjIxORIPbGN3a3p6MjAwMzAyMDQ1GghpYjFiMnVoeg%3D%3D,2003,高景忠,游走脾并脾蒂扭转误诊粘连性梗阻一例
"same title, different author",CNKI,https://kns.cnki.net/kcms2/article/abstract?v=DgjXjbKQq8fkeECCw6bR2bR--KRCtXVPQb9rOMAVIZ3D6n9ToXuyWUi3-Z44zlbjp_JHe3zjvXCCfZjISydo6oB88cz3J2wHFR7Bd3uFiig6xwKQOvm-FurRBzYP7Ct8re67ioCBZDmqVd2gwsfyE2QIwjTfax7VXNa-fvea_TNIC6d8yD59Sw==&uniplatform=NZKPT&language=CHS,2003,"解萍,邓晓玲,董伟",Wanfang,https://d.wanfangdata.com.cn/periodical/CiBQZXJpb2RpY2FsQ0hJU29scjkyMDI2MDkxNTE0MjIxORIQemRibHh6ejIwMDMwMTA0MhoIaWIxYjJ1aHo%3D,2003,解萍,左侧精索内异位脾组织1例
"same title, different author",CNKI,https://kns.cnki.net/kcms2/article/abstract?v=DgjXjbKQq8fkeECCw6bR2bR--KRCtXVPQb9rOMAVIZ3D6n9ToXuyWUi3-Z44zlbjp_JHe3zjvXCCfZjISydo6oB88cz3J2wHFR7Bd3uFiig6xwKQOvm-FurRBzYP7Ct8re67ioCBZDmqVd2gwsfyE2QIwjTfax7VXNa-fvea_TNIC6d8yD59Sw==&uniplatform=NZKPT&language=CHS,2003,"解萍,邓晓玲,董伟",CBM,2003290673,2003,解萍,左侧精索内异位脾组织1例
"same title, different author",CNKI,https://kns.cnki.net/kcms2/article/abstract?v=DgjXjbKQq8dotUrWGWSYle6YWyH4ZY8vv_kOSgfJzZ5XjLkSGzxhU9h2Yi7-U2gfXzRkb8a-bKHNgd6EPQTU3gWThJmuSwgz_Ja9zDhqwiwe2vERVAXXsFamPZgivaK6JX2CGf3m9k5YpOPKphXFx7hkQnqsfUdN6TlvBtG2wSoYsBTJaTvjow==&uniplatform=NZKPT&language=CHS,2003,"卢晓新,刘立群,钱淑平,苏晓力,张军",Wanfang,https://d.wanfangdata.com.cn/periodical/CiBQZXJpb2RpY2FsQ0hJU29scjkyMDI2MDkxNTE0MjIxORIPemhjc3l4MjAwMzAyMDI3GghpYjFiMnVoeg%3D%3D,2003,卢晓新,异位脾扭转合并副脾误诊1例
"same title, different author",CNKI,https://kns.cnki.net/kcms2/article/abstract?v=DgjXjbKQq8dotUrWGWSYle6YWyH4ZY8vv_kOSgfJzZ5XjLkSGzxhU9h2Yi7-U2gfXzRkb8a-bKHNgd6EPQTU3gWThJmuSwgz_Ja9zDhqwiwe2vERVAXXsFamPZgivaK6JX2CGf3m9k5YpOPKphXFx7hkQnqsfUdN6TlvBtG2wSoYsBTJaTvjow==&uniplatform=NZKPT&language=CHS,2003,"卢晓新,刘立群,钱淑平,苏晓力,张军",CBM,2003185774,2003,卢晓新,异位脾扭转合并副脾误诊1例
"same title, different author",CNKI,https://kns.cnki.net/kcms2/article/abstract?v=DgjXjbKQq8dQ0nb13uyVOaunnmMeNh0Ls0qvXmobFUCQ439JfhZlN6c733bE-QNGJb3eB3ZoxaHwKNv9e9BJfI1Mztj5BywAUxKzULzhPmdksHFszuM0Sjcvualu4IAGHINvjy0BkVDSYWAKSqX72n3kjZB9r6mY7qL5EtHm9yG01W1UkHvBeg==&uniplatform=NZKPT&language=CHS,2003,"杨友华,麦海",Wanfang,https://d.wanfangdata.com.cn/periodical/CiBQZXJpb2RpY2FsQ0hJU29scjkyMDI2MDkxNTE0MjIxORIPemd4Y3l5MjAwMzAyMDU3GghpYjFiMnVoeg%3D%3D,2003,杨友华,游走脾并发扭转坏死1例
"same title, different author",CNKI,https://kns.cnki.net/kcms2/article/abstract?v=DgjXjbKQq8dQ0nb13uyVOaunnmMeNh0Ls0qvXmobFUCQ439JfhZlN6c733bE-QNGJb3eB3ZoxaHwKNv9e9BJfI1Mztj5BywAUxKzULzhPmdksHFszuM0Sjcvualu4IAGHINvjy0BkVDSYWAKSqX72n3kjZB9r6mY7qL5EtHm9yG01W1UkHvBeg==&uniplatform=NZKPT&language=CHS,2003,"杨友华,麦海",CBM,2003158101,2003,杨友华,游走脾并发扭转坏死1例
"same title, different author",CNKI,https://kns.cnki.net/kcms2/article/abstract?v=DgjXjbKQq8ei2RsY5w9bq7PhluUM5jDcunmZLfA6a3vqo2PAsmenEMILryv64EcCIxIjZtQ6FGc8nRaQk6eTaA8qwi0vbVfc1L_rGgmDj2LFKQqAIuUGVsI7Lya03LTBw6eKZcCcfSamvsMHe0hp2YzDVB_11S3XBd3ljkj-OKTOH5DrBVTPjg==&uniplatform=NZKPT&language=CHS,2003,"刘昶,姜洪池,关英辉,乔海泉,代文杰,潘尚哈",Wanfang,https://d.wanfangdata.com.cn/periodical/CiBQZXJpb2RpY2FsQ0hJU29scjkyMDI2MDkxNTE0MjIxORIPemhnZHdrMjAwMzAxMDA5GghpYjFiMnVoeg%3D%3D,2003,刘昶,同种大鼠带血管异位脾移植模型的建立
"same title, different author",CNKI,https://kns.cnki.net/kcms2/article/abstract?v=DgjXjbKQq8ei2RsY5w9bq7PhluUM5jDcunmZLfA6a3vqo2PAsmenEMILryv64EcCIxIjZtQ6FGc8nRaQk6eTaA8qwi0vbVfc1L_rGgmDj2LFKQqAIuUGVsI7Lya03LTBw6eKZcCcfSamvsMHe0hp2YzDVB_11S3XBd3ljkj-OKTOH5DrBVTPjg==&uniplatform=NZKPT&language=CHS,2003,"刘昶,姜洪池,关英辉,乔海泉,代文杰,潘尚哈",CBM,2003157986,2003,刘昶,同种大鼠带血管异位脾移植模型的建立
"same title, different author",CNKI,https://kns.cnki.net/kcms2/article/abstract?v=DgjXjbKQq8fSM1MRvpi_odAcIq3xPCBEUxOLPc041Xh-1iL1Vxq73SqBWEbVrL3ljo-e5rz8zivxMe1GiDt0Sfg-jiOtgG3vnkxubrYTc4jU6h76U1Z56BXjwAqSV-kTWL90GrVP4kx4kIZdlB2-Hzsx930H_qCCF6ja8APpKD9gqvmYMEuNBQ==&uniplatform=NZKPT&language=CHS,2002,"宋迪,于爱红,朴常福,杨永平",Wanfang,https://d.wanfangdata.com.cn/periodical/CiBQZXJpb2RpY2FsQ0hJU29scjkyMDI2MDkxNTE0MjIxORIOemhmc3gyMDAyMDYwMjYaCGliMWIydWh6,2002,宋迪,盆腔异位脾一例
"same title, different author",CNKI,https://kns.cnki.net/kcms2/article/abstract?v=DgjXjbKQq8cv7NXZ7aMUQYIQ3DSE4JzWzMbZiolEHJiNv-wXDmP6u4AvNir3KxwJ7a4umg--VQWaqvX5Gkwc8lGSw_Fc0F__OnOoOidS8HSRhV29Nb5DKVWzSD7_jTje23lJyExfaGt3Kp1i5Vlqd4cmrRAjCr6qswv-6NAl8pd3D6l1U44XYw==&uniplatform=NZKPT&language=CHS,2002,"王毓利,郝迪斯,张静,乔海泉,许军,姜洪池",Wanfang,https://d.wanfangdata.com.cn/periodical/CiBQZXJpb2RpY2FsQ0hJU29scjkyMDI2MDkxNTE0MjIxORISaGVieWtkeHhiMjAwMjAyMDE5GghpYjFiMnVoeg%3D%3D,2002,王毓利,套管法大鼠异位脾移植模型的建立
"same title, different author",CNKI,https://kns.cnki.net/kcms2/article/abstract?v=DgjXjbKQq8cv7NXZ7aMUQYIQ3DSE4JzWzMbZiolEHJiNv-wXDmP6u4AvNir3KxwJ7a4umg--VQWaqvX5Gkwc8lGSw_Fc0F__OnOoOidS8HSRhV29Nb5DKVWzSD7_jTje23lJyExfaGt3Kp1i5Vlqd4cmrRAjCr6qswv-6NAl8pd3D6l1U44XYw==&uniplatform=NZKPT&language=CHS,2002,"王毓利,郝迪斯,张静,乔海泉,许军,姜洪池",CBM,2002220068,2002,王毓利,套管法大鼠异位脾移植模型的建立
"same title, different author",CNKI,https://kns.cnki.net/kcms2/article/abstract?v=DgjXjbKQq8dSECS1_-VNyeRDYn0_xohg8sR4Oc2DHaP2ewYB8E5RIrwYUrbT8rkXvfd9OAOOiEZoiLMgrzpWE11ppzCR7A-qgETvdiZDt6UaO-n6sEttiexEk_qptfsqJiYWP9Df1e_aiqt-KhwKPu5hf7ZXvvuuSKc_XUk7OdvS-s269b-dfg==&uniplatform=NZKPT&language=CHS,2002,"高景忠,匡文兰,李亚凤,王坤,全明珠",Wanfang,https://d.wanfangdata.com.cn/periodical/CiBQZXJpb2RpY2FsQ0hJU29scjkyMDI2MDkxNTE0MjIxORIQd2tsbHlzajIwMDIwMjAzNBoIaWIxYjJ1aHo%3D,2002,高景忠,游走脾并脾蒂扭转误诊粘连性肠梗阻一例报告
"same title, different author",CNKI,https://kns.cnki.net/kcms2/article/abstract?v=DgjXjbKQq8cUYjo8-53ImyWbxfsDMH9NcNNvrXR3UI67lahBDOcTjHPJxhdVWV9TttYkeavmqpdzgz_iYmU2xqW9LuDcX85Utw0Od6er-Ldclf641PSTqbEUKEWkFJygt8YLAwUR7Prlx7mMuqT1ulDLzjhTJNQtdXImUOPw3DQXXdxxETje9Q==&uniplatform=NZKPT&language=CHS,2002,"牛红梅,申洁,王少波",Wanfang,https://d.wanfangdata.com.cn/periodical/CiBQZXJpb2RpY2FsQ0hJU29scjkyMDI2MDkxNTE0MjIxORIRemdjc3pkenoyMDAyMDIwMjIaCGliMWIydWh6,2002,牛红梅,超声诊断脾脏异位1例
"same title, different author",CNKI,https://kns.cnki.net/kcms2/article/abstract?v=DgjXjbKQq8cUYjo8-53ImyWbxfsDMH9NcNNvrXR3UI67lahBDOcTjHPJxhdVWV9TttYkeavmqpdzgz_iYmU2xqW9LuDcX85Utw0Od6er-Ldclf641PSTqbEUKEWkFJygt8YLAwUR7Prlx7mMuqT1ulDLzjhTJNQtdXImUOPw3DQXXdxxETje9Q==&uniplatform=NZKPT&language=CHS,2002,"牛红梅,申洁,王少波",CBM,2002146589,2002,牛红梅,超声诊断脾脏异位1例
"same title, different author",CNKI,https://kns.cnki.net/kcms2/article/abstract?v=DgjXjbKQq8dedSONU3LwCkLqwrKwScVK6kgMGNA1Nl-FcsPjyp2k0GauLDTyWUmXLG0oriyDHO4DSomAgaPJIHHjd416vN7bsCn9KVfbO-exIgPrIBNbe5TxfDkLO_A-9HYBzVm7LiU-E-9B8THDU_0R_7Uvljqr5uZbWoESEfgiWbsOEwdtNA==&uniplatform=NZKPT&language=CHS,2001,"陶杰,刘金模,马琳英",Wanfang,https://d.wanfangdata.com.cn/periodical/CiBQZXJpb2RpY2FsQ0hJU29scjkyMDI2MDkxNTE0MjIxORIPeG5nZnl5MjAwMTA2MDQ4GghpYjFiMnVoeg%3D%3D,2001,陶杰,超声对2例游走脾的诊断分析
"same title, different author",CNKI,https://kns.cnki.net/kcms2/article/abstract?v=DgjXjbKQq8dedSONU3LwCkLqwrKwScVK6kgMGNA1Nl-FcsPjyp2k0GauLDTyWUmXLG0oriyDHO4DSomAgaPJIHHjd416vN7bsCn9KVfbO-exIgPrIBNbe5TxfDkLO_A-9HYBzVm7LiU-E-9B8THDU_0R_7Uvljqr5uZbWoESEfgiWbsOEwdtNA==&uniplatform=NZKPT&language=CHS,2001,"陶杰,刘金模,马琳英",CBM,2002110791,2001,陶杰,超声对2例游走脾的诊断分析
"same title, different author",CNKI,https://kns.cnki.net/kcms2/article/abstract?v=DgjXjbKQq8csGHFcQ7XrtEW4WN_MJbr93-N7E2Tgd4DUqK7Hw-Oa75fwJnFQdiKSehViWMzMmIGDz0o1d9WMFrZsQZRJsjFjux2q13axaahGf4D26gLMDdsnioxdZRMREcBA9rir44HLScuJIxGtxgxQJQQ8HBIZag1XEKBBIidUZSLkhK2k8A==&uniplatform=NZKPT&language=CHS,2001,"孙刚毅,王小军",Wanfang,https://d.wanfangdata.com.cn/periodical/CiBQZXJpb2RpY2FsQ0hJU29scjkyMDI2MDkxNTE0MjIxORIQd2Z5eHl4YjIwMDEwMzA3NhoIaWIxYjJ1aHo%3D,2001,孙刚毅,游走脾误诊为卵巢性腺瘤1例
"same title, different author",CNKI,https://kns.cnki.net/kcms2/article/abstract?v=DgjXjbKQq8csGHFcQ7XrtEW4WN_MJbr93-N7E2Tgd4DUqK7Hw-Oa75fwJnFQdiKSehViWMzMmIGDz0o1d9WMFrZsQZRJsjFjux2q13axaahGf4D26gLMDdsnioxdZRMREcBA9rir44HLScuJIxGtxgxQJQQ8HBIZag1XEKBBIidUZSLkhK2k8A==&uniplatform=NZKPT&language=CHS,2001,"孙刚毅,王小军",CBM,2002034027,2001,孙刚毅,游走脾误诊为卵巢性腺瘤1例
"same title, different author",CNKI,https://kns.cnki.net/kcms2/article/abstract?v=DgjXjbKQq8cE_BJgx-5tEG9Igw2tphDhRnMuRj2p0VN6DZwV7Gho0HlUtTbCsxSZO5KRNtbxm4XLeON8F_a9QLi5TU55zoNY9AIjZlTtMGYItuxEfH9lw3w8XW_XvUGZw4zwfNez40X61iOhP5BjacdzyfchonYfieOpsofTuT1dihFGOk55Og==&uniplatform=NZKPT&language=CHS,2001,"张敬杰,陈克能,邓福生,徐光炜",Wanfang,https://d.wanfangdata.com.cn/periodical/CiBQZXJpb2RpY2FsQ0hJU29scjkyMDI2MDkxNTE0MjIxORIRemd3Y3drenoyMDAxMDMwMjgaCGliMWIydWh6,2001,张敬杰,胃内异位脾种植一例
"same title, different author",CNKI,https://kns.cnki.net/kcms2/article/abstract?v=DgjXjbKQq8d_te6k-_NHbY67DcIxSPZZAJm988xIJHI3DuDzhFEmuqvZPWCfjBQyUa7J0EOihQKKXmj3vjIu0aeBLS_MURxApmi5YwWNM8XD_FcUHK6DpGlaDX6TfqWqCFOkGf_5tZMJ2Rlcx58anmhwx6NdJKXopo5PG_vF8GTq-mOaUQ6VMA==&uniplatform=NZKPT&language=CHS,2001,"张传楷,殷鸿,田昌英,赵晓虹",Wanfang,https://d.wanfangdata.com.cn/periodical/CiBQZXJpb2RpY2FsQ0hJU29scjkyMDI2MDkxNTE0MjIxORIPc2N6bGZ6MjAwMTAyMDM2GghpYjFiMnVoeg%3D%3D,2001,张传楷,游走脾误诊卵巢肿瘤1例报告
"same title, different author",CNKI,https://kns.cnki.net/kcms2/article/abstract?v=DgjXjbKQq8d_te6k-_NHbY67DcIxSPZZAJm988xIJHI3DuDzhFEmuqvZPWCfjBQyUa7J0EOihQKKXmj3vjIu0aeBLS_MURxApmi5YwWNM8XD_FcUHK6DpGlaDX6TfqWqCFOkGf_5tZMJ2Rlcx58anmhwx6NdJKXopo5PG_vF8GTq-mOaUQ6VMA==&uniplatform=NZKPT&language=CHS,2001,"张传楷,殷鸿,田昌英,赵晓虹",CBM,2001259192,2001,张传楷,游走脾误诊卵巢肿瘤1例报告
"same title, different author",CNKI,https://kns.cnki.net/kcms2/article/abstract?v=DgjXjbKQq8ezwd49GfN0OmpE1oVRNMvmOu4oVPP2GgHIBcGOOV3aF5J9mp2QKOzTNG-BCMbnNb7xZImA-k03H8nKoSKihXqBjCk4Xrzp27oGVjLc037__37qfmYYcKHQARm_yCtqOJsCCJPtRQaDrYobfGOGfcmn6-HJN4UiX-K7YDWcERlayA==&uniplatform=NZKPT&language=CHS,2001,"胡秀敏,于静,李颖",Wanfang,https://d.wanfangdata.com.cn/periodical/CiBQZXJpb2RpY2FsQ0hJU29scjkyMDI2MDkxNTE0MjIxORIPemd6aGxjMjAwMTA0MDU5GghpYjFiMnVoeg%3D%3D,2001,胡秀敏,异位脾误诊为卵巢肿物1例
"same title, different author",CNKI,https://kns.cnki.net/kcms2/article/abstract?v=DgjXjbKQq8ezwd49GfN0OmpE1oVRNMvmOu4oVPP2GgHIBcGOOV3aF5J9mp2QKOzTNG-BCMbnNb7xZImA-k03H8nKoSKihXqBjCk4Xrzp27oGVjLc037__37qfmYYcKHQARm_yCtqOJsCCJPtRQaDrYobfGOGfcmn6-HJN4UiX-K7YDWcERlayA==&uniplatform=NZKPT&language=CHS,2001,"胡秀敏,于静,李颖",CBM,2001204876,2001,胡秀敏,异位脾误诊为卵巢肿物1例
"same title, different author",CNKI,https://kns.cnki.net/kcms2/article/abstract?v=DgjXjbKQq8fU5cGl2x6fukF3mnZzYflNKiIDXXPmvMlRi3oUcvrlWpADN0-CRUVpCz2ynwIBhBU_YDqwlKzTFtdXDTQvTYhMtvaDDQv0FK0o4h2s1sz04lUTI5eSH8wq038e10c5VJKh1BtpuMPhFhyFp7B7UuyDPPf-lSo-3L8qLHuWIN7IvA==&uniplatform=NZKPT&language=CHS,2001,"李霞,张玉枝",Wanfang,https://d.wanfangdata.com.cn/periodical/CiBQZXJpb2RpY2FsQ0hJU29scjkyMDI2MDkxNTE0MjIxORIPc3hsY3l5MjAwMTA0MDQ5GghpYjFiMnVoeg%3D%3D,2001,李霞,小儿游走脾致脾梗死1例
"same title, different author",CNKI,https://kns.cnki.net/kcms2/article/abstract?v=DgjXjbKQq8fU5cGl2x6fukF3mnZzYflNKiIDXXPmvMlRi3oUcvrlWpADN0-CRUVpCz2ynwIBhBU_YDqwlKzTFtdXDTQvTYhMtvaDDQv0FK0o4h2s1sz04lUTI5eSH8wq038e10c5VJKh1BtpuMPhFhyFp7B7UuyDPPf-lSo-3L8qLHuWIN7IvA==&uniplatform=NZKPT&language=CHS,2001,"李霞,张玉枝",CBM,2001323318,2001,李霞,小儿游走脾致脾梗死1例
"same title, different author",CNKI,https://kns.cnki.net/kcms2/article/abstract?v=DgjXjbKQq8dHoDUmLtau0IL2NKm7ZQ-PwU9wOIpZbpts2a-09kt72lDWGyFkKJ7hP_xWEYbmc6WIngy7ZykrOkPOEnw8cgChEacpEtCX-eRBougw0d8T8g6HWe7fcKU7d4TWM7k0d8kLvurjMYAHGAQjDIWoRqa-Co0SdAe3kRooa2WSB0FL8g==&uniplatform=NZKPT&language=CHS,2001,"陶杰,刘金模,马琳英",Wanfang,https://d.wanfangdata.com.cn/periodical/CiBQZXJpb2RpY2FsQ0hJU29scjkyMDI2MDkxNTE0MjIxORIOUUsyMDAxMDEzMDQ5NDgaCGliMWIydWh6,2001,陶杰,超声检查对游走脾的诊断分析
"same title, different author",CNKI,https://kns.cnki.net/kcms2/article/abstract?v=DgjXjbKQq8dHoDUmLtau0IL2NKm7ZQ-PwU9wOIpZbpts2a-09kt72lDWGyFkKJ7hP_xWEYbmc6WIngy7ZykrOkPOEnw8cgChEacpEtCX-eRBougw0d8T8g6HWe7fcKU7d4TWM7k0d8kLvurjMYAHGAQjDIWoRqa-Co0SdAe3kRooa2WSB0FL8g==&uniplatform=NZKPT&language=CHS,2001,"陶杰,刘金模,马琳英",CBM,2001273313,2001,陶杰,超声检查对游走脾的诊断分析
"same title, different author",CNKI,https://link.cnki.net/doi/10.16245/j.cnki.issn1008-6978.2001.01.044,2001,"唐歌,许辉",Wanfang,https://d.wanfangdata.com.cn/periodical/CiBQZXJpb2RpY2FsQ0hJU29scjkyMDI2MDkxNTE0MjIxORIRbGNjc3l4enoyMDAxMDEwNDQaCGliMWIydWh6,2001,唐歌,B超诊断游走脾一例
"same title, different author",CNKI,https://link.cnki.net/doi/10.13586/j.cnki.yjyx1984.2001.01.018,2001,"那民,郑康妮,宋晓明",Wanfang,https://d.wanfangdata.com.cn/periodical/CiBQZXJpb2RpY2FsQ0hJU29scjkyMDI2MDkxNTE0MjIxORITemd5amd5eXh6ejIwMDEwMTA1NBoIaWIxYjJ1aHo%3D,2001,那民,游走脾合并原发性腹膜炎1例
"same title, different author",CNKI,https://link.cnki.net/doi/10.13586/j.cnki.yjyx1984.2001.01.018,2001,"那民,郑康妮,宋晓明",CBM,2001157703,2001,那民,游走脾合并原发性腹膜炎1例
"same title, different author",CNKI,https://kns.cnki.net/kcms2/article/abstract?v=DgjXjbKQq8dovOUFp4D5M0jZtonp1WuuuaOwGPQ1K_evQ7pZrTydcBQxVkXMMPKpBZsIdYhaDd-PU7X7lRcOWO_K6XN_ZKQomXvpHjnm8AmjSm9T8ad4lDYz4oHJBHBMVkshXUfajqoru1CCiHfdTF1J_3Ziq1aksNaYS-3FWYTc7zcHZJ6-TQ==&uniplatform=NZKPT&language=CHS,2001,"郑力,黄福光",Wanfang,https://d.wanfangdata.com.cn/periodical/CiBQZXJpb2RpY2FsQ0hJU29scjkyMDI2MDkxNTE0MjIxORIPemhjc3l4MjAwMTAyMDMxGghpYjFiMnVoeg%3D%3D,2001,郑力,超声诊断小儿游走脾伴脾蒂扭转2例
"same title, different author",CNKI,https://kns.cnki.net/kcms2/article/abstract?v=DgjXjbKQq8dovOUFp4D5M0jZtonp1WuuuaOwGPQ1K_evQ7pZrTydcBQxVkXMMPKpBZsIdYhaDd-PU7X7lRcOWO_K6XN_ZKQomXvpHjnm8AmjSm9T8ad4lDYz4oHJBHBMVkshXUfajqoru1CCiHfdTF1J_3Ziq1aksNaYS-3FWYTc7zcHZJ6-TQ==&uniplatform=NZKPT&language=CHS,2001,"郑力,黄福光",CBM,2001182484,2001,郑力,超声诊断小儿游走脾伴脾蒂扭转2例
"same title, different author",CNKI,https://kns.cnki.net/kcms2/article/abstract?v=DgjXjbKQq8f662xkrPfndmqu874RzxkF9ugbHFJs9xqREVb2ABfR8s4qBdL7_X89yyhUrfewgJS2gXtDrJF1JKRMs0OLNhmtGYiVmMhxWqSxWC_J7rdPKLrg36OiUTsBUvxvgYFQCh2SJhhWTWCkgGfAqXafpJ4MPMFF5yEJazvaC3b4psZvxg==&uniplatform=NZKPT&language=CHS,2000,"余益民,戴攀,赵红卫",Wanfang,https://d.wanfangdata.com.cn/periodical/CiBQZXJpb2RpY2FsQ0hJU29scjkyMDI2MDkxNTE0MjIxORINZmJ3azIwMDAwNjA0OBoIaWIxYjJ1aHo%3D,2000,余益民,游走脾并脾海绵状血管瘤一例报告
"same title, different author",CNKI,https://kns.cnki.net/kcms2/article/abstract?v=DgjXjbKQq8d-sF959QaEsclLjH937R5YsvyJkNuFSkaESwL9F6c0xvK74lAW6UcCfXawtp1KmDo8EQuE_SrcUv8OwqGn-Vio2idwIJ-g7uFd3khE2xCfbRGoCRiLDDp_j48jczwk4E0n8OqBns6JkkzChWBrQyrl32OQWa-Q_KK8wJkWhyUDCQ==&uniplatform=NZKPT&language=CHS,2000,"曹龙,杨文凯",CNKI,https://kns.cnki.net/kcms2/article/abstract?v=DgjXjbKQq8cx0Ln5G1wxouZwLH02nFauut_YzX0W2eeJnTBCcj0l5rsC8H1EuPMTdrPOkAuTlqjIrkJ3eYp5aZyz96sgKtoU2Hadx4dKsnDgwfp_m_JGR8DjHM8VpVMxJKmcoJlKHExAnQsCHVrdB9wxyQddQCTqk0iW8mzgoglR7noEY2nImA==&uniplatform=NZKPT&language=CHS,1984,吕昭明,游走脾伴脾蒂扭转1例报告
"same title, author missing",CNKI,https://kns.cnki.net/kcms2/article/abstract?v=DgjXjbKQq8d-sF959QaEsclLjH937R5YsvyJkNuFSkaESwL9F6c0xvK74lAW6UcCfXawtp1KmDo8EQuE_SrcUv8OwqGn-Vio2idwIJ-g7uFd3khE2xCfbRGoCRiLDDp_j48jczwk4E0n8OqBns6JkkzChWBrQyrl32OQWa-Q_KK8wJkWhyUDCQ==&uniplatform=NZKPT&language=CHS,2000,"曹龙,杨文凯",CNKI,https://kns.cnki.net/kcms2/article/abstract?v=DgjXjbKQq8eq73PxWCWzaQFe0-UEIhKQrb7q0fcX0PWf_3p9yN5grwSonR_Vx1pT1XvCuUSf7xTeVLF6NiJLT-GLFtyAoXFA8kayr9A28c5Smi-sMqFPlPqPtTrjyromdKZVnLvscvURSkcIVQRkNNqBCR5VmvZqg0KVLW4_d3I7f0-HTr-2og==&uniplatform=NZKPT&language=CHS,1984,,游走脾伴脾蒂扭转1例报告
"same title, different author",CNKI,https://kns.cnki.net/kcms2/article/abstract?v=DgjXjbKQq8d-sF959QaEsclLjH937R5YsvyJkNuFSkaESwL9F6c0xvK74lAW6UcCfXawtp1KmDo8EQuE_SrcUv8OwqGn-Vio2idwIJ-g7uFd3khE2xCfbRGoCRiLDDp_j48jczwk4E0n8OqBns6JkkzChWBrQyrl32OQWa-Q_KK8wJkWhyUDCQ==&uniplatform=NZKPT&language=CHS,2000,"曹龙,杨文凯",Wanfang,https://d.wanfangdata.com.cn/periodical/CiBQZXJpb2RpY2FsQ0hJU29scjkyMDI2MDkxNTE0MjIxORINeHJ3azE5ODQwMjAzNhoIaWIxYjJ1aHo%3D,1984,吕昭明,游走脾伴脾蒂扭转1例报告
"same title, different author",CNKI,https://kns.cnki.net/kcms2/article/abstract?v=DgjXjbKQq8d-sF959QaEsclLjH937R5YsvyJkNuFSkaESwL9F6c0xvK74lAW6UcCfXawtp1KmDo8EQuE_SrcUv8OwqGn-Vio2idwIJ-g7uFd3khE2xCfbRGoCRiLDDp_j48jczwk4E0n8OqBns6JkkzChWBrQyrl32OQWa-Q_KK8wJkWhyUDCQ==&uniplatform=NZKPT&language=CHS,2000,"曹龙,杨文凯",Wanfang,https://d.wanfangdata.com.cn/periodical/CiBQZXJpb2RpY2FsQ0hJU29scjkyMDI2MDkxNTE0MjIxORIUemdwd2pjeWxjenoyMDAwMDYwNDAaCGliMWIydWh6,2000,曹龙,游走脾伴脾蒂扭转1例报告
"same title, different author",CNKI,https://kns.cnki.net/kcms2/article/abstract?v=DgjXjbKQq8d-sF959QaEsclLjH937R5YsvyJkNuFSkaESwL9F6c0xvK74lAW6UcCfXawtp1KmDo8EQuE_SrcUv8OwqGn-Vio2idwIJ-g7uFd3khE2xCfbRGoCRiLDDp_j48jczwk4E0n8OqBns6JkkzChWBrQyrl32OQWa-Q_KK8wJkWhyUDCQ==&uniplatform=NZKPT&language=CHS,2000,"曹龙,杨文凯",CBM,2001104211,2000,曹龙,游走脾伴脾蒂扭转1例报告
"same title, author missing",CNKI,https://kns.cnki.net/kcms2/article/abstract?v=DgjXjbKQq8cx0Ln5G1wxouZwLH02nFauut_YzX0W2eeJnTBCcj0l5rsC8H1EuPMTdrPOkAuTlqjIrkJ3eYp5aZyz96sgKtoU2Hadx4dKsnDgwfp_m_JGR8DjHM8VpVMxJKmcoJlKHExAnQsCHVrdB9wxyQddQCTqk0iW8mzgoglR7noEY2nImA==&uniplatform=NZKPT&language=CHS,1984,吕昭明,CNKI,https://kns.cnki.net/kcms2/article/abstract?v=DgjXjbKQq8eq73PxWCWzaQFe0-UEIhKQrb7q0fcX0PWf_3p9yN5grwSonR_Vx1pT1XvCuUSf7xTeVLF6NiJLT-GLFtyAoXFA8kayr9A28c5Smi-sMqFPlPqPtTrjyromdKZVnLvscvURSkcIVQRkNNqBCR5VmvZqg0KVLW4_d3I7f0-HTr-2og==&uniplatform=NZKPT&language=CHS,1984,,游走脾伴脾蒂扭转1例报告
"same title, different author",CNKI,https://kns.cnki.net/kcms2/article/abstract?v=DgjXjbKQq8cx0Ln5G1wxouZwLH02nFauut_YzX0W2eeJnTBCcj0l5rsC8H1EuPMTdrPOkAuTlqjIrkJ3eYp5aZyz96sgKtoU2Hadx4dKsnDgwfp_m_JGR8DjHM8VpVMxJKmcoJlKHExAnQsCHVrdB9wxyQddQCTqk0iW8mzgoglR7noEY2nImA==&uniplatform=NZKPT&language=CHS,1984,吕昭明,Wanfang,https://d.wanfangdata.com.cn/periodical/CiBQZXJpb2RpY2FsQ0hJU29scjkyMDI2MDkxNTE0MjIxORIUemdwd2pjeWxjenoyMDAwMDYwNDAaCGliMWIydWh6,2000,曹龙,游走脾伴脾蒂扭转1例报告
"same title, different author",CNKI,https://kns.cnki.net/kcms2/article/abstract?v=DgjXjbKQq8cx0Ln5G1wxouZwLH02nFauut_YzX0W2eeJnTBCcj0l5rsC8H1EuPMTdrPOkAuTlqjIrkJ3eYp5aZyz96sgKtoU2Hadx4dKsnDgwfp_m_JGR8DjHM8VpVMxJKmcoJlKHExAnQsCHVrdB9wxyQddQCTqk0iW8mzgoglR7noEY2nImA==&uniplatform=NZKPT&language=CHS,1984,吕昭明,CBM,2001104211,2000,曹龙,游走脾伴脾蒂扭转1例报告
"same title, author missing",CNKI,https://kns.cnki.net/kcms2/article/abstract?v=DgjXjbKQq8eq73PxWCWzaQFe0-UEIhKQrb7q0fcX0PWf_3p9yN5grwSonR_Vx1pT1XvCuUSf7xTeVLF6NiJLT-GLFtyAoXFA8kayr9A28c5Smi-sMqFPlPqPtTrjyromdKZVnLvscvURSkcIVQRkNNqBCR5VmvZqg0KVLW4_d3I7f0-HTr-2og==&uniplatform=NZKPT&language=CHS,1984,,Wanfang,https://d.wanfangdata.com.cn/periodical/CiBQZXJpb2RpY2FsQ0hJU29scjkyMDI2MDkxNTE0MjIxORINeHJ3azE5ODQwMjAzNhoIaWIxYjJ1aHo%3D,1984,吕昭明,游走脾伴脾蒂扭转1例报告
"same title, author missing",CNKI,https://kns.cnki.net/kcms2/article/abstract?v=DgjXjbKQq8eq73PxWCWzaQFe0-UEIhKQrb7q0fcX0PWf_3p9yN5grwSonR_Vx1pT1XvCuUSf7xTeVLF6NiJLT-GLFtyAoXFA8kayr9A28c5Smi-sMqFPlPqPtTrjyromdKZVnLvscvURSkcIVQRkNNqBCR5VmvZqg0KVLW4_d3I7f0-HTr-2og==&uniplatform=NZKPT&language=CHS,1984,,Wanfang,https://d.wanfangdata.com.cn/periodical/CiBQZXJpb2RpY2FsQ0hJU29scjkyMDI2MDkxNTE0MjIxORIUemdwd2pjeWxjenoyMDAwMDYwNDAaCGliMWIydWh6,2000,曹龙,游走脾伴脾蒂扭转1例报告
"same title, author missing",CNKI,https://kns.cnki.net/kcms2/article/abstract?v=DgjXjbKQq8eq73PxWCWzaQFe0-UEIhKQrb7q0fcX0PWf_3p9yN5grwSonR_Vx1pT1XvCuUSf7xTeVLF6NiJLT-GLFtyAoXFA8kayr9A28c5Smi-sMqFPlPqPtTrjyromdKZVnLvscvURSkcIVQRkNNqBCR5VmvZqg0KVLW4_d3I7f0-HTr-2og==&uniplatform=NZKPT&language=CHS,1984,,CBM,2001104211,2000,曹龙,游走脾伴脾蒂扭转1例报告
"same title, different author",Wanfang,https://d.wanfangdata.com.cn/periodical/CiBQZXJpb2RpY2FsQ0hJU29scjkyMDI2MDkxNTE0MjIxORINeHJ3azE5ODQwMjAzNhoIaWIxYjJ1aHo%3D,1984,吕昭明,Wanfang,https://d.wanfangdata.com.cn/periodical/CiBQZXJpb2RpY2FsQ0hJU29scjkyMDI2MDkxNTE0MjIxORIUemdwd2pjeWxjenoyMDAwMDYwNDAaCGliMWIydWh6,2000,曹龙,游走脾伴脾蒂扭转1例报告
"same title, different author",Wanfang,https://d.wanfangdata.com.cn/periodical/CiBQZXJpb2RpY2FsQ0hJU29scjkyMDI2MDkxNTE0MjIxORINeHJ3azE5ODQwMjAzNhoIaWIxYjJ1aHo%3D,1984,吕昭明,CBM,2001104211,2000,曹龙,游走脾伴脾蒂扭转1例报告
"same title, different author",CNKI,https://kns.cnki.net/kcms2/article/abstract?v=DgjXjbKQq8dBVd67S-mLuPZjIwo-MaEJ-yl2mwXINg4TBE8tcU0lwW-namXeTHe3wzbe-cgpxATAcQiR8o4Y1iZlA2MPrcMhw7GmLcWPIWzv0-NlRnkBkE2fN9C1lhtY4ZwXuaehRGJ99s6XchgJp_5p1Xvg493bmYMRbOLVeHAt3T4XPLT4-g==&uniplatform=NZKPT&language=CHS,2000,"苗志杰,卢晓潇,任淑先",CBM,2001092096,2000,苗志杰,彩超诊断游离脾及脾扭转1例
"same title, different author",CNKI,https://kns.cnki.net/kcms2/article/abstract?v=DgjXjbKQq8elOtiEfxl4i6pUgjuk3UHxHjrlvEsZVKid2U14A0z8JWkSkzWfrzwEqPxdnv6SYypGV-fYlrRzFVHD4IlDRhQwz53wC5YYZlwZ0NM1SBJ-RBVZSzBA2sAerl0m2RrHtycUq5ahS3cDv8FPzbkaBXewZXfkW6GSCcO6ulKnjWuc1A==&uniplatform=NZKPT&language=CHS,2000,"闻天学,蒋秀芝",Wanfang,https://d.wanfangdata.com.cn/periodical/CiBQZXJpb2RpY2FsQ0hJU29scjkyMDI2MDkxNTE0MjIxORIPbGN3end6MjAwMDA0MDcyGghpYjFiMnVoeg%3D%3D,2000,闻天学,左下腹副脾蒂扭转一例误诊
"same title, different author",CNKI,https://kns.cnki.net/kcms2/article/abstract?v=DgjXjbKQq8djYOMr3c97oMYZulCBCnTolqVvYSDGPS-MDfL60h7FTGyTsOxcEQ_3zuvlrGJJyYKMNw3IIUsfTiATyUlnOx4MKE5NaJYXqjPgosYbMj8gGg9oYsic3pSCSEvrpoZYTDO-fyS92TvcCoZc5grCbMeL6LT75BbYptWmYZNbKPzFTw==&uniplatform=NZKPT&language=CHS,2000,"赵宝泉,王长淼,李生志",Wanfang,https://d.wanfangdata.com.cn/periodical/CiBQZXJpb2RpY2FsQ0hJU29scjkyMDI2MDkxNTE0MjIxORIRemdwdHdrenoyMDAwMDQwNDAaCGliMWIydWh6,2000,赵宝泉,付脾蒂扭转1例
"same title, different author",CNKI,https://kns.cnki.net/kcms2/article/abstract?v=DgjXjbKQq8djYOMr3c97oMYZulCBCnTolqVvYSDGPS-MDfL60h7FTGyTsOxcEQ_3zuvlrGJJyYKMNw3IIUsfTiATyUlnOx4MKE5NaJYXqjPgosYbMj8gGg9oYsic3pSCSEvrpoZYTDO-fyS92TvcCoZc5grCbMeL6LT75BbYptWmYZNbKPzFTw==&uniplatform=NZKPT&language=CHS,2000,"赵宝泉,王长淼,李生志",CBM,2001012786,2000,赵宝泉,付脾蒂扭转1例
"same title, different author",CNKI,https://kns.cnki.net/kcms2/article/abstract?v=DgjXjbKQq8cSb153YaSD8X1o0A_09cq453dyRB3LTVVNz9kuRLUNBJyPIk3MS_8uMH1OU4BCieZt5CqunDnAn3EHmiAYriGwiAxusrbYizXZF-WY2U7qwm1UtXwMihu-Eia2Pkkp1nqQI--mLowfEkwiK4ODA592P_KmB0ZKXbzc7p12WMwULg==&uniplatform=NZKPT&language=CHS,2000,"李索林,牛爱国,张道荣",Wanfang,https://d.wanfangdata.com.cn/periodical/CiBQZXJpb2RpY2FsQ0hJU29scjkyMDI2MDkxNTE0MjIxORINemh5eDIwMDAwMTAzMRoIaWIxYjJ1aHo%3D,2000,李索林,游走脾并发胃扭转三例
"same title, different author",CNKI,https://kns.cnki.net/kcms2/article/abstract?v=DgjXjbKQq8fnapmkxON8PBaz38S60NfQDoUUYwLk65L_UNAPIMlw2KgWJ9YUgkrj13yUjUp7JJ7NELZHgJoAZ0Rd8PXqosoem5LSUZ4DDFU1ZzQhH7F76artpQXMLH7t887Wc7lBFEt9jtOhe0upGTjN03XsQCDCKfVX_7EFp7YTNJyvOGPpgA==&uniplatform=NZKPT&language=CHS,1999,"代景儒,陈秀艳,吴树霞,韩长利,杨维岭",CBM,2000107814,1999,代景儒,异位脾致局限性膈膨升1例
"same title, different author",CNKI,https://kns.cnki.net/kcms2/article/abstract?v=DgjXjbKQq8f18jO3r-3MP_tacvVfYUJwUivWeInFqHKn8ja_qusgyZLyEFB9L9T_CFF44ZZLQwc5nShtU6OvL5kcFvb7ZUciIkD6sP8C8nz8uiTV53ifVBZnfzOy6FuK8MOPEjS34eekEKbeGjkov-61BLYASEMzn4OuPjtZyamfYdmEzK23KA==&uniplatform=NZKPT&language=CHS,1999,"王维,汪学龙",Wanfang,https://d.wanfangdata.com.cn/periodical/CiBQZXJpb2RpY2FsQ0hJU29scjkyMDI2MDkxNTE0MjIxORIPamJrenp6MTk5OTAzMDMzGghpYjFiMnVoeg%3D%3D,1999,王维,日本血吸虫卵在BLAB/C鼠脾脏异位损害
"same title, different author",CNKI,https://link.cnki.net/doi/10.16252/j.cnki.issn1004-0501-1999.04.108,1999,"欧其英美,罗应勤",CBM,2000000624,1999,欧其英美,脾蒂扭转误诊为卵巢囊肿扭转1例
"same title, different author",CNKI,https://link.cnki.net/doi/10.20282/j.cnki.1006-4141.1999.04.088,1999,"马敏波,李春义",CBM,2000019363,1999,马敏波,急性胃扭转合并异位脾坏死1例
"same title, different author",CNKI,https://kns.cnki.net/kcms2/article/abstract?v=DgjXjbKQq8ff5Xv567NcUfsv_DVYJmsEv1MNQJwBYNHdIYvPFqXo-kLj4H6WngMPLTQn82hPv4bwjvZC2-zBcjaAt1EevCBbuQo4_5QLclZ2PA8CBRl7Tx7kmkuVPYG15xNiyw7Z2x06JPxwJt120In8XMfdmHvNVc3cC9BmSQSgzAICeM01Mg==&uniplatform=NZKPT&language=CHS,1999,"刘歌,金鸿雁,宋艳",CBM,2000014268,1999,刘歌,脾蒂扭转误诊为卵巢囊肿1例
"same title, different author",CNKI,https://link.cnki.net/doi/10.16139/j.1007-9610.1999.02.035,1999,"金正明,张新连,张学利",CNKI,https://kns.cnki.net/kcms2/article/abstract?v=DgjXjbKQq8e5kig0I75B88KgrCv9ifZPfzrPIUPixvasc2kTL5H1k17QUKAbJMSK3EwrK1lJteqW1P8YHgIidbbBT_vRcnROu0Fv0X-qTmjtQP_IpGKlbcVvV5uIF5Dqu5KAci5RGEhuNOrEWA-p3Lpxk_6pTqKkPiPuhY_ypM6OfAREI-QoIw==&uniplatform=NZKPT&language=CHS,1987,李德霖,脾扭转一例报告
"same title, different author",CNKI,https://link.cnki.net/doi/10.14172/j.cnki.issn1671-4008.1999.02.045,1999,"王煊,韩怀忠,林伟林,李军谦",Wanfang,https://d.wanfangdata.com.cn/periodical/CiBQZXJpb2RpY2FsQ0hJU29scjkyMDI2MDkxNTE0MjIxORIOUUsxOTk5MDA1MjI3MjkaCGliMWIydWh6,1999,王煊,脾蒂扭转误诊为急性胃肠炎1例
"same title, different author",CNKI,https://link.cnki.net/doi/10.14172/j.cnki.issn1671-4008.1999.02.045,1999,"王煊,韩怀忠,林伟林,李军谦",Wanfang,https://d.wanfangdata.com.cn/periodical/CiBQZXJpb2RpY2FsQ0hJU29scjkyMDI2MDkxNTE0MjIxORIOUUsyMDAwMDE1MTI3MjUaCGliMWIydWh6,2000,王煊,脾蒂扭转误诊为急性胃肠炎1例
"same title, different author",CNKI,https://link.cnki.net/doi/10.14172/j.cnki.issn1671-4008.1999.02.045,1999,"王煊,韩怀忠,林伟林,李军谦",CBM,1999111212,1999,王煊,脾蒂扭转误诊为急性胃肠炎1例
"same title, different author",CNKI,https://kns.cnki.net/kcms2/article/abstract?v=DgjXjbKQq8cbVIA4SRs9sBlXKXEOM5UvjxJ-jqVQ4V4hGUxTKu4GS3nyyznTgLMlzaGPiOPvJc-pXrx39ZEXzMp8s-NBU9siJpfLXWt-_eno6s9sVa45tXX7-z2to4Etp9toV8MWPKNpuzphpOjEfA1Jxqk2w8JXgYwREazHg5ZKOx34fZX3kw==&uniplatform=NZKPT&language=CHS,1999,"高鹏,刘国昌",Wanfang,https://d.wanfangdata.com.cn/periodical/CiBQZXJpb2RpY2FsQ0hJU29scjkyMDI2MDkxNTE0MjIxORINeHJ3azE5OTkwMTA0ORoIaWIxYjJ1aHo%3D,1999,高鹏,急性脾扭转3例
"same title, different author",CNKI,https://kns.cnki.net/kcms2/article/abstract?v=DgjXjbKQq8cbVIA4SRs9sBlXKXEOM5UvjxJ-jqVQ4V4hGUxTKu4GS3nyyznTgLMlzaGPiOPvJc-pXrx39ZEXzMp8s-NBU9siJpfLXWt-_eno6s9sVa45tXX7-z2to4Etp9toV8MWPKNpuzphpOjEfA1Jxqk2w8JXgYwREazHg5ZKOx34fZX3kw==&uniplatform=NZKPT&language=CHS,1999,"高鹏,刘国昌",CBM,1999078098,1999,高鹏,急性脾扭转3例
"same title, different author",CNKI,https://link.cnki.net/doi/10.13929/j.1003-3289.1998.11.026,1998,"代景儒,庞军,郑书刚,韩长利",Wanfang,https://d.wanfangdata.com.cn/periodical/CiBQZXJpb2RpY2FsQ0hJU29scjkyMDI2MDkxNTE0MjIxORIRemd5eHl4anMxOTk4MTEwNDYaCGliMWIydWh6,1998,代景儒,异位脾致局限性球形膈膨出1例
"same title, different author",CNKI,https://link.cnki.net/doi/10.13929/j.1003-3289.1998.11.026,1998,"代景儒,庞军,郑书刚,韩长利",CBM,1999018719,1998,代景儒,异位脾致局限性球形膈膨出1例
"same title, different author",CNKI,https://kns.cnki.net/kcms2/article/abstract?v=DgjXjbKQq8elqF-9fPVUD-5efQ-rX9Gu4Xnxa2CiCyGkRYZyacOARG30awmlXSXnhcOEdjOm9mHyhZNp4YY4SiO2iAg7WlSEZOzMuohPiONd6kR_OIzNGnQ-WtvZiL7a9E-MQFKDznHMu9aBpQ_NK8oQQRBchpdYmFoHHyETRL0J0vc0yy3GXA==&uniplatform=NZKPT&language=CHS,1998,"王建平,车文骏",Wanfang,https://d.wanfangdata.com.cn/periodical/CiBQZXJpb2RpY2FsQ0hJU29scjkyMDI2MDkxNTE0MjIxORIPemhtbndrMTk5ODAxMDM2GghpYjFiMnVoeg%3D%3D,1998,王建平,异位脾误诊为肾上腺肿瘤一例报告
"same title, different author",CNKI,https://kns.cnki.net/kcms2/article/abstract?v=DgjXjbKQq8d5Njcsrfb6KJBpDQhLWs37bNk0_S3wqk0UcdQDLNMuzDE9VaD0Mq5NQMeZUHUIDVhCtrqwn1TNqPclecCa-4oqek1Wlt1vJqlA4Lo8aBl3zgyWMkYX6I9fbXXgH-qtjhPP7E0fANl414LBSH_8m8Tgxo2y9u1i7pKrYJec6lrYrA==&uniplatform=NZKPT&language=CHS,1997,"吴声洪,邹元朔",Wanfang,https://d.wanfangdata.com.cn/periodical/CiBQZXJpb2RpY2FsQ0hJU29scjkyMDI2MDkxNTE0MjIxORIOUUsxOTk3MDA5NjAyMDYaCGliMWIydWh6,1997,吴声洪,巨大副脾蒂扭转1例报告
"same title, different author",CNKI,https://kns.cnki.net/kcms2/article/abstract?v=DgjXjbKQq8d5Njcsrfb6KJBpDQhLWs37bNk0_S3wqk0UcdQDLNMuzDE9VaD0Mq5NQMeZUHUIDVhCtrqwn1TNqPclecCa-4oqek1Wlt1vJqlA4Lo8aBl3zgyWMkYX6I9fbXXgH-qtjhPP7E0fANl414LBSH_8m8Tgxo2y9u1i7pKrYJec6lrYrA==&uniplatform=NZKPT&language=CHS,1997,"吴声洪,邹元朔",CBM,1998094281,1997,吴声洪,巨大副脾蒂扭转1例报告
"same title, different author",CNKI,https://kns.cnki.net/kcms2/article/abstract?v=DgjXjbKQq8dYQFMI4ZFv8SUFl84DoyY5X7Ch1D5MtQveKTntDuzkHLlmVsx_33YNgP3Wje_qtRI-xj2fAFZ4lCrxDIHv9QDJZLzZIknfko8vqpIxKvCCeFqxx0lIRQtOl3i0JXjQhq1XyKQrHkWZ2sm1093f3MbOfiMN2lEPPFqD6uhHTJgS4Q==&uniplatform=NZKPT&language=CHS,1997,"陈善良,吴平",CBM,1998005500,1997,陈善良,将游走脾误诊为腹腔肿物徒行二次手术
"same title, different author",CNKI,https://kns.cnki.net/kcms2/article/abstract?v=DgjXjbKQq8dTvT3igzL_VZi1v5_s1WhGpfLzy8OjtD8emcaXfCfbivKZENNViTk7a0DCycO-ce55wfJ9HwBaE92u8rjC2IpjDlPky9xsrwr8Cm8w75bm81o4LSmN4BXOa1gtUIxyekN86nl3CYSyI86IRSpe_MxUQZqKKOCNZWhFOYpmMjtvjw==&uniplatform=NZKPT&language=CHS,1996,胡清凌，黄文楼,Wanfang,https://d.wanfangdata.com.cn/periodical/CiBQZXJpb2RpY2FsQ0hJU29scjkyMDI2MDkxNTE0MjIxORIOUUsxOTk2MDAzMTUwNzkaCGliMWIydWh6,1996,胡清凌,盆腔游走脾1例
"same title, different author",CNKI,https://kns.cnki.net/kcms2/article/abstract?v=DgjXjbKQq8e_nRvUE8EZ40mgCWD6e0gtsyfpkQOwZ14cW6wsFU5NOibbf4TfftOPxo7EXuEH9dNmqgN0FVHUpNoPZSkvslqNxHZiZJDsQBjcTbqhLIyeVk0tZkshMNX020XQdOfX2l-EHL8j-fesdCdBkB3ItIj9n103JUX5vlYgcYroiqKwPw==&uniplatform=NZKPT&language=CHS,1996,"赵屹,周亦兵",Wanfang,https://d.wanfangdata.com.cn/periodical/CiBQZXJpb2RpY2FsQ0hJU29scjkyMDI2MDkxNTE0MjIxORIOUUsxOTk2MDA5MTY4NjUaCGliMWIydWh6,1996,赵屹,先天性膈疝左胸异位脾脏自发性出血误诊1例
"same title, different author",CNKI,https://kns.cnki.net/kcms2/article/abstract?v=DgjXjbKQq8d7ib-lYSHAM_pN_qgEpokCxwsFSO_nHk_ItV7DaGRz-HVJqrqUCKpocEz9A7WTXm7n8Nns_q2iUOVjx-ysZi4HLqncXGWUhlU0fEXYsM14OLlW5qq3tyXzrS2EjeiAcxRcphvpC4o-uOCFALUaoZwREvHb4LMKFNQh0KXVZJpDtg==&uniplatform=NZKPT&language=CHS,1996,"王焕民,张道荣",Wanfang,https://d.wanfangdata.com.cn/periodical/CiBQZXJpb2RpY2FsQ0hJU29scjkyMDI2MDkxNTE0MjIxORINeHJ3azE5OTYwNTAzORoIaWIxYjJ1aHo%3D,1996,王焕民,脾扭转致无菌性脾坏死纤维化1例
"same title, different author",CNKI,https://kns.cnki.net/kcms2/article/abstract?v=DgjXjbKQq8d7ib-lYSHAM_pN_qgEpokCxwsFSO_nHk_ItV7DaGRz-HVJqrqUCKpocEz9A7WTXm7n8Nns_q2iUOVjx-ysZi4HLqncXGWUhlU0fEXYsM14OLlW5qq3tyXzrS2EjeiAcxRcphvpC4o-uOCFALUaoZwREvHb4LMKFNQh0KXVZJpDtg==&uniplatform=NZKPT&language=CHS,1996,"王焕民,张道荣",CBM,1996135435,1996,王焕民,脾扭转致无菌性脾坏死纤维化1例
"same title, different author",CNKI,https://kns.cnki.net/kcms2/article/abstract?v=DgjXjbKQq8e3EEzo6M-RBXxH2Dp0z-yeF705QyB5VkASdGs1fODlP6Dcncu66avspeL4XQBhqPgR8bwxlC5mLLtiyrJ0dzmfAr3CJ0AERMNwZd-E8pZ3JPFaTcE81xYXJPDoE1DdVbTUCIMa-hG-QoFc4kjWWgMpUMx_6j3bxJo0fFxnmfi8lQ==&uniplatform=NZKPT&language=CHS,1996,"陈新建,周继良,叶振山",CBM,1996171202,1996,陈新建,游走脾1例报导
"same title, different author",CNKI,https://kns.cnki.net/kcms2/article/abstract?v=DgjXjbKQq8f7ZfKwoSX7VxGGWxsjF5RYAMeVdkaJog8K9nE7eMVdsj2iKqddpaaK2olK4WAkHw7VlgmE3lrniAehIEItWEdGq3qqksELlhSqyx0cRRTb_bDiUfU0rSGLROf4PURYZy6nFVZEMYrydnhrE1DAtbbgAcApHs4zz1-AIpt2VpAN5Q==&uniplatform=NZKPT&language=CHS,1996,孙晓飞，张全，邵匡时,Wanfang,https://d.wanfangdata.com.cn/periodical/CiBQZXJpb2RpY2FsQ0hJU29scjkyMDI2MDkxNTE0MjIxORINemh3azE5NjMwOTAxNBoIaWIxYjJ1aHo%3D,1963,孙义辉,阴囊内异位脾一例报告
"same title, different author",CNKI,https://kns.cnki.net/kcms2/article/abstract?v=DgjXjbKQq8cyHDVr_NQt-XTJ5fvCGfMdNBQKxJUHbinlB0T_aR9R5qXH6tvJpTa_uZxJAUJcBOFfW0aZhYpX1qYH0BfnWnEz_WJDj1iOf-DeFaeG43yEkQ_5kgyUZ7J5l0zgpfV78XiykiE2Uqda7WKIsTvpGjV0byrMmDFFe8veX55x8KIB0g==&uniplatform=NZKPT&language=CHS,1996,K.Henneking,CBM,1996121742,1996,张伟杰,儿童外伤性脾破裂后自体异位脾组织移植的晚期疗效
"same title, different author",CNKI,https://kns.cnki.net/kcms2/article/abstract?v=DgjXjbKQq8cHgTHlZawMJyxlz0NLT6nj_oTPBf-bIov6sKky3K2z-7YXP6wixUKmACsWqh3gi80r8QQ0224SiQ2sZTXboEDa4uVKvo4AJkc25EbAZBeWNGz6ObwmZhf6tNFMs0IrxL8tippQShJjB4kdVGBVBxrmRlPhNBtQ6RVXMg1YgeZgXw==&uniplatform=NZKPT&language=CHS,1996,"李欣,李明林,杨志勇",Wanfang,https://d.wanfangdata.com.cn/periodical/CiBQZXJpb2RpY2FsQ0hJU29scjkyMDI2MDkxNTE0MjIxORIOemhmc3gxOTk2MDEwMjIaCGliMWIydWh6,1996,李欣,婴儿急性脾扭转一例
"same title, different author",CNKI,https://kns.cnki.net/kcms2/article/abstract?v=DgjXjbKQq8d6FXhgfTFkG-JMwYCWiIKD_gYDNWfReCTWmWsCAU1JE_eU3CQe9pLL36Ax7l4vql59pl5T-rGPBD_y14oR_G0ly3EBemns4bZQho6G6JnDx56E170mD9wTgufx0lDDs69ZvrD4SxsoM7xXLdH-CRhpi3BX-zRtqUxpwDVIC_MJQw==&uniplatform=NZKPT&language=CHS,1995,"吴国新,刘小艳,陈幼兰,左立民",Wanfang,https://d.wanfangdata.com.cn/periodical/CiBQZXJpb2RpY2FsQ0hJU29scjkyMDI2MDkxNTE0MjIxORIOUUsxOTk1MDAzOTc2NjEaCGliMWIydWh6,1995,吴国新,附睾异位脾1例
"same title, different author",CNKI,https://kns.cnki.net/kcms2/article/abstract?v=DgjXjbKQq8czJzLwCQc3EjNSHndQWMfrTYtt3CJszhxQR6zRRax3BkJPQ6U8R-APsya6H7K3JHLLNCfvcdQjI023jWzUy4sLBLNndXhf-LB2fQvd59R1jJ56YV6SH-v04_UezOFGRVX0tjc48cLPvHoQ7liC4_8nfQjMtL3pdJaQsN8vgd01Mg==&uniplatform=NZKPT&language=CHS,1995,王昕，刘英年,Wanfang,https://d.wanfangdata.com.cn/periodical/CiBQZXJpb2RpY2FsQ0hJU29scjkyMDI2MDkxNTE0MjIxORIOUUsxOTk1MDAxNzcyMDIaCGliMWIydWh6,1995,王昕,幼儿游走脾一例
"same title, different author",CNKI,https://link.cnki.net/doi/10.13929/j.1003-3289.1994.04.023,1994,李洪东，王成云,CBM,1994161011,1994,李洪东,B超诊断游走脾并扭转1例
"same title, different author",CNKI,https://kns.cnki.net/kcms2/article/abstract?v=DgjXjbKQq8fTxXlS0YDXO4QkvXQZ7YPsn39W1FR-bhJQ3hhNg2NwUpVY3maIGaZ1969724da4056tUoTYo11Pu7HUwTvKFziKcCKqdXcvh27PAL_gJLPhRO1Ma75y5XGKGr1tSf1DZtpua8aToi-qcwssKEA0j_uQYiIuLV7ItwMeZZvTi842A==&uniplatform=NZKPT&language=CHS,1994,李索林，牟弦琴，郝树明,Wanfang,https://d.wanfangdata.com.cn/periodical/CiBQZXJpb2RpY2FsQ0hJU29scjkyMDI2MDkxNTE0MjIxORIOUUsxOTk0MDA1NTEyODQaCGliMWIydWh6,1994,李索林,游走脾45例临床分析
"same title, different author",CNKI,https://kns.cnki.net/kcms2/article/abstract?v=DgjXjbKQq8fTxXlS0YDXO4QkvXQZ7YPsn39W1FR-bhJQ3hhNg2NwUpVY3maIGaZ1969724da4056tUoTYo11Pu7HUwTvKFziKcCKqdXcvh27PAL_gJLPhRO1Ma75y5XGKGr1tSf1DZtpua8aToi-qcwssKEA0j_uQYiIuLV7ItwMeZZvTi842A==&uniplatform=NZKPT&language=CHS,1994,李索林，牟弦琴，郝树明,CBM,1994109143,1994,李索林,游走脾45例临床分析
"same title, different author",CNKI,https://kns.cnki.net/kcms2/article/abstract?v=DgjXjbKQq8dA-kPCHS4PypHOsPfgkNzvb1Z0co1XsYsea9L184EEMkYcR7jbuQMXVYxVDDovma0Paq16pOqKBFuY5Fpfh0TmIciQLSbMcHF7A2wzbBHesbswhIHasRGnh9KCgc9NeXDE9QBjEfhI8fKwhFxpP0Xeo6_Slrbz_Qt9tIoXf9P3zw==&uniplatform=NZKPT&language=CHS,1994,陈晓波，初立君,Wanfang,https://d.wanfangdata.com.cn/periodical/CiBQZXJpb2RpY2FsQ0hJU29scjkyMDI2MDkxNTE0MjIxORIOemhmY2sxOTk0MDgwMTUaCGliMWIydWh6,1994,陈晓波,游走脾囊肿误诊为卵巢囊肿一例
"same title, different author",CNKI,https://kns.cnki.net/kcms2/article/abstract?v=DgjXjbKQq8efhh1t812JbQb2UB0tFe3EYNcd-kaXUjFaTe7N_fZ2HpWTbak92VU1OAguklGuu3fGVSxlTCnPH_AIotImOOYO4WPJlgaPsLPTyRxz3T-HSz5DFRPmPHJBu4Gcs7ltbyvkEW40VZwCwUIAh7wxpzPRyOlTe6KV760-8l22mxLpOQ==&uniplatform=NZKPT&language=CHS,1994,刘广力，王得厚，肖振山,CBM,1994068002,1994,刘广力,盆腔巨大游走脾囊肿1例报告
"same title, different author",CNKI,https://kns.cnki.net/kcms2/article/abstract?v=DgjXjbKQq8dAnKUGCj-Vzcm79ziMpqAN6CsmeNTSpiPbLRfhuHMgZ6vdX6lsNK9GhQ_6YtDJ3Sl4PzjVBlgrHp9kN1VXRS7Vcw0GM85Ye3Hs_QsBLHUJFq-HJG348Dym_RMGx0qEx2qVSklfbNHQJ0f8LFETlEczdJbHK7aAMHm8CplmirL5TQ==&uniplatform=NZKPT&language=CHS,1994,焦振祥，杨忠刚，高增贺，薄爱华,Wanfang,https://d.wanfangdata.com.cn/periodical/CiBQZXJpb2RpY2FsQ0hJU29scjkyMDI2MDkxNTE0MjIxORINeHJ3azE5OTQwMTAzMxoIaWIxYjJ1aHo%3D,1994,焦振祥,部分游离脾脏异位于阴囊一例
"same title, author missing",CNKI,https://kns.cnki.net/kcms2/article/abstract?v=DgjXjbKQq8fKbfPCp1k4wCenzUFWnG3t2Hp6-tbeUxlBgMefelHQwf_j0tdf48s7H_dlL2TraOBm401GnFE_uGj8mGHJx_rMzjmTkAcWdiuWz3SzsWieCxP3tGbQg15mu_AWKg0f3e-GLxpl7C5r_mU--OvbL3ttTPcoX5N0pzu9P_78_PrdcQ==&uniplatform=NZKPT&language=CHS,1991,,CBM,1990027171,1990,郑红,氦-氖激光激活小鼠单核-巨噬细胞系统的实验观察
"same title, different author",CNKI,https://kns.cnki.net/kcms2/article/abstract?v=DgjXjbKQq8fvjwu9RNbBIL4LsIxhot7Wv4LE8yn_3RmaHjDN6_VYYk7MwWe8C0t-bxB_92eh-q3nWJkYWDpaJKX7k9vuQBRMoSD7iwGiDUts1S6Ylf9zIp6qBTpsCSCGzRkHsuGl6faYwguqQrdNV4FUSU2dHKqeyLPrZjLLDOjM7aZt3PO61w==&uniplatform=NZKPT&language=CHS,1988,"王来慈,孙予倩,洪宝源",Wanfang,https://d.wanfangdata.com.cn/periodical/CiBQZXJpb2RpY2FsQ0hJU29scjkyMDI2MDkxNTE0MjIxORIOemh4eXgxOTg5MDEwMjEaCGliMWIydWh6,1989,王来慈,慢性中性粒细胞白血病伴巨大游走脾一例
"same title, different author",CNKI,https://link.cnki.net/doi/10.13418/j.issn.1001-165x.1988.02.020,1988,"徐胜,朱发亮,杨少华",CBM,1988038008,1988,徐胜,脾异位移植到髂内动脉有关数据
"same title, author missing",CNKI,https://kns.cnki.net/kcms2/article/abstract?v=DgjXjbKQq8dc2HjpDztS1xwT1iuM8IIH8-bTYCkqvO4KmchULnmLFgpkOx3EUXw69lMiI_S7SRyyKMeN97AHVepIxubLLmc9ijQl-Kw1LBLfpNt78PfvEbkEVWvp4Bhkiayj_SB_e_bbnPfhTTzyLupjK4Ov0W1d-kgtfYtKT5427pqTVB9Aqg==&uniplatform=NZKPT&language=CHS,1987,,CNKI,https://kns.cnki.net/kcms2/article/abstract?v=DgjXjbKQq8ftdo1tDogvZiGTASlK4wLteLkHrsTbyLnI7fU963_OGsoZrB2-CzGhqOjxs82ztRCZfkDLnvDOkaxOntoPQX7MIDZyqpisY0Uyw6OQPnG46yuRWW8nTZLVp5sSCcRcj7LAamDl2FkiRiM-hkcoCpfXf2hy2o51v5fGwGqvTMONVQ==&uniplatform=NZKPT&language=CHS,1987,刘乐欣,脾脏在廓清血源性肺炎球菌中的重要作用
"same title, author missing",CNKI,https://kns.cnki.net/kcms2/article/abstract?v=DgjXjbKQq8dc2HjpDztS1xwT1iuM8IIH8-bTYCkqvO4KmchULnmLFgpkOx3EUXw69lMiI_S7SRyyKMeN97AHVepIxubLLmc9ijQl-Kw1LBLfpNt78PfvEbkEVWvp4Bhkiayj_SB_e_bbnPfhTTzyLupjK4Ov0W1d-kgtfYtKT5427pqTVB9Aqg==&uniplatform=NZKPT&language=CHS,1987,,Wanfang,https://d.wanfangdata.com.cn/periodical/CiBQZXJpb2RpY2FsQ0hJU29scjkyMDI2MDkxNTE0MjIxORIPemhzeXdrMTk4NzAxMDA5GghpYjFiMnVoeg%3D%3D,1987,刘乐欣,脾脏在廓清血源性肺炎球菌中的重要作用
"same title, author missing",CNKI,https://kns.cnki.net/kcms2/article/abstract?v=DgjXjbKQq8eJqHapWBzTF6TIjpQPNRXmfqkaiNJPrDKo2Z6nAybX0qR4lcdsNIeptVzOVMlIwW9QVy9ksd2PFBMJ_Xu1hdEjl6uixqaHOY6C9j_5EIPKvR-x_6g0IwUfvimHFid6QvvMMeJfm1y7MlcqhplNO1LGOAHMdgAiDm5zvd9DUOnnGA==&uniplatform=NZKPT&language=CHS,1987,陆傅贤,CNKI,https://kns.cnki.net/kcms2/article/abstract?v=DgjXjbKQq8eq73PxWCWzaQFe0-UEIhKQrb7q0fcX0PWf_3p9yN5gr3ucMzJsyQv9ngNN-QLDJi0U-aYdRj_ZJg0ZkxCE8eH-0G-4u1UDdn3zrl1Mz1Ul19kMeW51nHJkQhDb8sNJdcNZWAOs0DMZQMfa511i1vz8u5tCTKtWTMiWeXHGaZy8Gw==&uniplatform=NZKPT&language=CHS,1987,,儿童脾扭转一例报告
"same title, author missing",CNKI,https://kns.cnki.net/kcms2/article/abstract?v=DgjXjbKQq8eq73PxWCWzaQFe0-UEIhKQrb7q0fcX0PWf_3p9yN5gr3ucMzJsyQv9ngNN-QLDJi0U-aYdRj_ZJg0ZkxCE8eH-0G-4u1UDdn3zrl1Mz1Ul19kMeW51nHJkQhDb8sNJdcNZWAOs0DMZQMfa511i1vz8u5tCTKtWTMiWeXHGaZy8Gw==&uniplatform=NZKPT&language=CHS,1987,,Wanfang,https://d.wanfangdata.com.cn/periodical/CiBQZXJpb2RpY2FsQ0hJU29scjkyMDI2MDkxNTE0MjIxORINeHJ3azE5ODcwMTAyORoIaWIxYjJ1aHo%3D,1987,陆傅贤,儿童脾扭转一例报告
"same title, different author",CNKI,https://kns.cnki.net/kcms2/article/abstract?v=DgjXjbKQq8enRXeESvJR_e7p1UKZWNPYwlzT59pWunPNM0s5sd4JUb2tBAQPAMy-WOm4AYebeKJWZ4l3cx5hBHgpmuX51O1eWlXGty-xhqSNiaMmlQ5hC9wdhx4Xu4_1df9cVl8U2dJERWV9G5WbXypqr-FV0IMncZE-hz4Z33LE9j8FX9egtg==&uniplatform=NZKPT&language=CHS,1985,"罗学宏,张时绥",CBM,1986014549,1985,罗学宏,游走脾误诊的教训(附4例报告)
"same title, author missing",CNKI,https://kns.cnki.net/kcms2/article/abstract?v=DgjXjbKQq8dUarysUdP7QLPOYEWQuFoVTPUIfYKa32idqJh5k6wAAglIjXxD00D06fQjcVvKOnoQ-a33mSq1HQ9nQ3l-va2TqiXNCvCKPw42m8xEh95jGgGDYIIrztKmuzmTUqKmplIb_cKtF_mUx7uNr3aufbpgtXPovLmkUU1yQxSztOzyaw==&uniplatform=NZKPT&language=CHS,1984,,CNKI,https://kns.cnki.net/kcms2/article/abstract?v=DgjXjbKQq8dY-m3JBqf84DHfglUjjw-jTLKgX14tY1XEjmCnrQD6-WpTRZ9qj1sETkLeQxji4QuuA5AqfFBN0h3ymfQvPVWDk10I5upftn0wwzDgPVXGFjC9c3DCS4Vpp5y9F4wZ2MnNYYMlVAEPyipFO-dhFT4dcsKjQ3shiOhdpVV70vlgFg==&uniplatform=NZKPT&language=CHS,1984,刘乐欣,狗自体部分脾异位移植
"same title, author missing",CNKI,https://kns.cnki.net/kcms2/article/abstract?v=DgjXjbKQq8dUarysUdP7QLPOYEWQuFoVTPUIfYKa32idqJh5k6wAAglIjXxD00D06fQjcVvKOnoQ-a33mSq1HQ9nQ3l-va2TqiXNCvCKPw42m8xEh95jGgGDYIIrztKmuzmTUqKmplIb_cKtF_mUx7uNr3aufbpgtXPovLmkUU1yQxSztOzyaw==&uniplatform=NZKPT&language=CHS,1984,,Wanfang,https://d.wanfangdata.com.cn/periodical/CiBQZXJpb2RpY2FsQ0hJU29scjkyMDI2MDkxNTE0MjIxORIRemhxZ3l6OTgxOTg0MDMwMTcaCGliMWIydWh6,1984,刘乐欣,狗自体部分脾异位移植
"same title, author missing",CNKI,https://kns.cnki.net/kcms2/article/abstract?v=DgjXjbKQq8dUarysUdP7QLPOYEWQuFoVTPUIfYKa32idqJh5k6wAAglIjXxD00D06fQjcVvKOnoQ-a33mSq1HQ9nQ3l-va2TqiXNCvCKPw42m8xEh95jGgGDYIIrztKmuzmTUqKmplIb_cKtF_mUx7uNr3aufbpgtXPovLmkUU1yQxSztOzyaw==&uniplatform=NZKPT&language=CHS,1984,,CBM,1985010949,1984,刘乐欣,狗自体部分脾异位移植
"same title, different author",CNKI,https://kns.cnki.net/kcms2/article/abstract?v=DgjXjbKQq8cL5wM0ya-d2MK0o71k8WSqlpXMDRtK4HjsnK7TGiM3rHoQFwVaFqj6dFCu5lRJFSyNy1cn1Ilnfxck0g1naeE8JVYxORxSc0OqyUn1_wRBprET4n_tnPI-z4kiFbS5khwMhVS4Tf3e7FI64F_y_Vjo-1gbbqatfafytq3bq7iG6w==&uniplatform=NZKPT&language=CHS,1982,廖德夫,CNKI,https://kns.cnki.net/kcms2/article/abstract?v=DgjXjbKQq8ev6s0AgugCNkrb7MDW-F-MTEQkQgrvyUvZXIt93Y3E9KDTNq0hDlkj5Da_KPUICgGl1dfFQJ_4sh5oVEfjcnkZ4pacNoQXub52x1k7iZF2JwfKjHJLmyaOmJB7NeRWAHLyPj3O1QUadxz-6Mm1asn98W8EJhkXg2rxFuG9_cvEWw==&uniplatform=NZKPT&language=CHS,1981,何泽生,脾扭转误诊一例
"same title, different author",CNKI,https://kns.cnki.net/kcms2/article/abstract?v=DgjXjbKQq8cL5wM0ya-d2MK0o71k8WSqlpXMDRtK4HjsnK7TGiM3rHoQFwVaFqj6dFCu5lRJFSyNy1cn1Ilnfxck0g1naeE8JVYxORxSc0OqyUn1_wRBprET4n_tnPI-z4kiFbS5khwMhVS4Tf3e7FI64F_y_Vjo-1gbbqatfafytq3bq7iG6w==&uniplatform=NZKPT&language=CHS,1982,廖德夫,CNKI,https://kns.cnki.net/kcms2/article/abstract?v=DgjXjbKQq8cMnC3Fj0Iuy1MPYXbHCZu87hPIMoGBu-IcpXqZc_GLr_rZbyU0d_LAEe0FpWQl33oKPrhumqquNPSlfsBLQPWaxHX3jFacXonkolA9oyOYO2Pc1nt10dh2rzknVDJZhyPWDjblzwi9JFLj2FvwHi4c0Jp5y2Egjsj5sRzPIeU4ig==&uniplatform=NZKPT&language=CHS,1980,何泽生,脾扭转误诊一例
"same title, different author",CNKI,https://kns.cnki.net/kcms2/article/abstract?v=DgjXjbKQq8cL5wM0ya-d2MK0o71k8WSqlpXMDRtK4HjsnK7TGiM3rHoQFwVaFqj6dFCu5lRJFSyNy1cn1Ilnfxck0g1naeE8JVYxORxSc0OqyUn1_wRBprET4n_tnPI-z4kiFbS5khwMhVS4Tf3e7FI64F_y_Vjo-1gbbqatfafytq3bq7iG6w==&uniplatform=NZKPT&language=CHS,1982,廖德夫,Wanfang,https://d.wanfangdata.com.cn/periodical/CiBQZXJpb2RpY2FsQ0hJU29scjkyMDI2MDkxNTE0MjIxORINemh3azE5ODEwNzAxMRoIaWIxYjJ1aHo%3D,1981,何泽生,脾扭转误诊一例
"same title, different author",CNKI,https://kns.cnki.net/kcms2/article/abstract?v=DgjXjbKQq8dD5HMaajk-O2DDMQepn6nZ52b_WhGBKUv8jWNPDvms70_eM9-GE7SV_P_DChfz0RuXWer63BpSX_jgd1rmkblBnKzI-4hKolWiqtVgt5z4gzGI7TE8bVTYXoavVFoc4oNvj859OvzQg52dA94rWcGXqA3nfNBccCLifPmggIn6rg==&uniplatform=NZKPT&language=CHS,1982,范展淮,CBM,2002284418,2002,宋迪,盆腔异位脾1例
"same title, author missing",CNKI,https://kns.cnki.net/kcms2/article/abstract?v=DgjXjbKQq8eAXia3l5UWEAshTloXTVGx1fKnnYMoUYNdEV34odvPqIpUNzIRp1rFvWCU889smDlFPTu062ec8jKIIN_xy4m99UBgHHBQYj8FbzBgYAD1Q2ctlD-lCR3PbqlNFxPGO7ue3A3HeVGUUjyGAFgvxbDPcUHDV759RyQi7GQriV0JQg==&uniplatform=NZKPT&language=CHS,1966,,Wanfang,https://d.wanfangdata.com.cn/periodical/CiBQZXJpb2RpY2FsQ0hJU29scjkyMDI2MDkxNTE0MjIxORIOemhmY2sxOTY2MDMwMjAaCGliMWIydWh6,1966,,产后脾扭转一例报告
"same title, author missing",CNKI,https://kns.cnki.net/kcms2/article/abstract?v=DgjXjbKQq8dQmIgbe6Nrbll3kbPVJe-xvm6kUmp7k9Ss_OMX0CsrhVzz8h17lidS0ryxmQkekapAu88kKkH4t0JFP4NoO2VqWtCEDTcKQ3HyZTXSfhtOhVHTQBfCHCKwWivksCw8Huwmp0Cq_DJsTFMovT1xvPKWSQydnoYrVO5kD9IxwZ49NQ==&uniplatform=NZKPT&language=CHS,1958,,Wanfang,https://d.wanfangdata.com.cn/periodical/CiBQZXJpb2RpY2FsQ0hJU29scjkyMDI2MDkxNTE0MjIxORIOemhmY2sxOTU4MDUwMDEaCGliMWIydWh6,1958,樊庆北,巨大脾扭转误诊为卵巢肿瘤扭转一例报告
"same title, author missing",CNKI,https://kns.cnki.net/kcms2/article/abstract?v=DgjXjbKQq8eO8-sKl3jpydy6GRaLIZUHXj1KaeX3djWAwPH1TO0BP4QtBfZKqd2FEdJ14DGYitzpn560EBejIeumKUYbVvlC7cQGlpu0OkwmQ0qveY7MZ4--d5g8qMwhxNhjGUxBmQOr9r3g3lR64xsRaLi-iqYB6rLbGzV3-DfkY7X1ZuwIUA==&uniplatform=NZKPT&language=CHS,1965,,Wanfang,https://d.wanfangdata.com.cn/periodical/CiBQZXJpb2RpY2FsQ0hJU29scjkyMDI2MDkxNTE0MjIxORIOemhmc3gxOTY1MDMwNDIaCGliMWIydWh6,1965,杨布泽,游走脾的气腹检查(附一例报告)
"same title, author missing",CNKI,https://kns.cnki.net/kcms2/article/abstract?v=DgjXjbKQq8f9E1EVJOn6QL6AQX0QJxz6v855MKkWTBVCO6Vis4dhERp1fxnfCIsk7iG3AljfSLN1g77xB_LHu6XgB6jMh0ustRdrJ0-MSvjhD2OsOfkXO3Heb3iuYu5-NMij01fG2ikoY6LhC1_CJ5tmyoGDdGLMU-yIp1vpAzU3zmveaTYnbQ==&uniplatform=NZKPT&language=CHS,1959,,Wanfang,https://d.wanfangdata.com.cn/periodical/CiBQZXJpb2RpY2FsQ0hJU29scjkyMDI2MDkxNTE0MjIxORINemh3azE5NTkwMzA3NRoIaWIxYjJ1aHo%3D,1959,宋仲麟,游走脾引起肠梗阻
"same title, author missing",CNKI,https://kns.cnki.net/kcms2/article/abstract?v=DgjXjbKQq8fcEruWNIyTTJCpTHvv-QO5C1Zr7dVxbYiB114GLLtII0KbBm7rK-WKqxxYFWES6hosem7ing-pC2SIU1yIXiZBD4YA0Sot_xrUdoOiUOQxKSVkqeXy7qG-xLtgppogJjtQuMUpKflOniyZy0n5r7Pduw2Q0FpPXZ86wHpYv_jv7w==&uniplatform=NZKPT&language=CHS,1956,,Wanfang,https://d.wanfangdata.com.cn/periodical/CiBQZXJpb2RpY2FsQ0hJU29scjkyMDI2MDkxNTE0MjIxORINemh3azE5NTYwMTAxNhoIaWIxYjJ1aHo%3D,1956,李伦,游走脾嵌入盆腔内引起的肠梗阻
"same title, author missing",CNKI,https://kns.cnki.net/kcms2/article/abstract?v=DgjXjbKQq8drwNqkV18FdNcWwubKfwHPKg3WwLE165jGRzKnV21ZS3npmfMCimzFpiRPtZfo8Zzqzuib056n2pU1H43JmEWbYfeSrl6b0swTjBD7Cp8roqmvfLRsGFvZ8pdNqiymdiL1Vy4muBBqd00I26RiZXm6UcnC3FsiYavThK8R_Y3nUQ==&uniplatform=NZKPT&language=CHS,1953,,Wanfang,https://d.wanfangdata.com.cn/periodical/CiBQZXJpb2RpY2FsQ0hJU29scjkyMDI2MDkxNTE0MjIxORINemh3azE5NTMwMjAwMxoIaWIxYjJ1aHo%3D,1953,瞿祖德,游动脾合并脾蒂扭转
"same title, author missing",CNKI,https://kns.cnki.net/kcms2/article/abstract?v=DgjXjbKQq8ea0YijLb4AA549VGjqRaMP8a4t1gkdnw9hvdZWTSCj-h7eRPRJS7SBfwHbtDBW4rgZlZtboIBvh9eLBhxEMKZOcnxl0glpXxqKnp4Tuq1t3E7ou-2Xy1W5cimugG3NI51F6sBjx14wi5k7eYH2L5FxOQe8EF-smSoo1vz9dL4hjw==&uniplatform=NZKPT&language=CHS,1958,,Wanfang,https://d.wanfangdata.com.cn/periodical/CiBQZXJpb2RpY2FsQ0hJU29scjkyMDI2MDkxNTE0MjIxORINemh5eDE5NTgwNTAwMxoIaWIxYjJ1aHo%3D,1958,许学受,人工气腹并发脾蒂扭转一例
"same title, different author",Wanfang,https://d.wanfangdata.com.cn/periodical/CiBQZXJpb2RpY2FsQ0hJU29scjkyMDI2MDkxNTE0MjIxORIOUUsxOTk2MDEwNDQwMzgaCGliMWIydWh6,1996,陈新建,CBM,2000053374,1999,李建华,游走脾1例报告
"same title, different author",Wanfang,https://d.wanfangdata.com.cn/conference/CiFDb25mZXJlbmNlTmV3U29scjlTMjAyNjA5MTUwOTMyMzESCDExNDI0NzE1GghpYjFiMnVoeg%3D%3D,2018,陈建树,CBM,1998035929,1997,杨光汉,脾脏异位妊娠1例
"same title, different author",Wanfang,https://d.wanfangdata.com.cn/patent/Ch1QYXRlbnROZXdTb2xyOVMyMDI2MDkxNzE1MTE0OBIpWkxfQ04yMDE3MTEyMzI2MDAuMF9DTjEwNzkyNjc2N0JfMjAyMTA1MDQaCGliMWIydWh6,,刘靖,Wanfang,https://d.wanfangdata.com.cn/patent/Ch1QYXRlbnROZXdTb2xyOVMyMDI2MDkxNzE1MTE0OBIpWkxfQ04yMDE3MTEyMzI2MDAuMF9DTjEwNzkyNjc2N0FfMjAxODA0MjAaCGliMWIydWh6,,吴昊苏,一种流水线式自动摇蜜机
"same title and author, year differs >1",Wanfang,https://d.wanfangdata.com.cn/patent/Ch1QYXRlbnROZXdTb2xyOVMyMDI2MDkxNzE1MTE0OBIpWkxfQ04yMDE4MTA1MTc0NDkuM19DTjEwODY2OTAwN0JfMjAyMTA5MTAaCGliMWIydWh6,,刘利,Wanfang,https://d.wanfangdata.com.cn/patent/Ch1QYXRlbnROZXdTb2xyOVMyMDI2MDkxNzE1MTE0OBIpWkxfQ04yMDE4MTA1MTc0NDkuM19DTjEwODY2OTAwN0FfMjAxODEwMTkaCGliMWIydWh6,,刘利,一种蜜蜂的养殖方法
"same title and author, year differs >1",Wanfang,https://d.wanfangdata.com.cn/patent/Ch1QYXRlbnROZXdTb2xyOVMyMDI2MDkxNzE1MTE0OBIpWkxfQ04yMDE3MTAzMjc3NDEuNF9DTjEwNzAxODkyNUJfMjAyMDExMjQaCGliMWIydWh6,,蒋敬,Wanfang,https://d.wanfangdata.com.cn/patent/Ch1QYXRlbnROZXdTb2xyOVMyMDI2MDkxNzE1MTE0OBIpWkxfQ04yMDE3MTAzMjc3NDEuNF9DTjEwNzAxODkyNUFfMjAxNzA4MDgaCGliMWIydWh6,,蒋敬,一种自动取蜜装置以及取蜜方法
"same title and author, year differs >1",Wanfang,https://d.wanfangdata.com.cn/patent/Ch1QYXRlbnROZXdTb2xyOVMyMDI2MDkxNzE1MTE0OBIpWkxfQ04yMDE2MTAzODM2NTguNF9DTjEwNTkxODE2MUJfMjAxOTA0MDUaCGliMWIydWh6,,吴长江,Wanfang,https://d.wanfangdata.com.cn/patent/Ch1QYXRlbnROZXdTb2xyOVMyMDI2MDkxNzE1MTE0OBIpWkxfQ04yMDE2MTAzODM2NTguNF9DTjEwNTkxODE2MUFfMjAxNjA5MDcaCGliMWIydWh6,,吴长江,蜂蜜脱离装置
"same title and author, year differs >1",Wanfang,https://d.wanfangdata.com.cn/patent/Ch1QYXRlbnROZXdTb2xyOVMyMDI2MDkxNzE1MTE0OBIpWkxfQ04yMDE2MTAzODM2NTguNF9DTjEwNTkxODE2MUJfMjAxOTA0MDUaCGliMWIydWh6,,吴长江,Wanfang,https://d.wanfangdata.com.cn/patent/Ch1QYXRlbnROZXdTb2xyOVMyMDI2MDkxNzE1MTE0OBIpWkxfQ04yMDE2MjA1MTg0NTIuM19DTjIwNTgxMzIyMFVfMjAxNjEyMjEaCGliMWIydWh6,,吴长江,蜂蜜脱离装置
"same title and author, year differs >1",Wanfang,https://d.wanfangdata.com.cn/patent/Ch1QYXRlbnROZXdTb2xyOVMyMDI2MDkxNzE1MTE0OBIpWkxfQ04yMDE2MTAzODM2NTguNF9DTjEwNTkxODE2MUFfMjAxNjA5MDcaCGliMWIydWh6,,吴长江,Wanfang,https://d.wanfangdata.com.cn/patent/Ch1QYXRlbnROZXdTb2xyOVMyMDI2MDkxNzE1MTE0OBIpWkxfQ04yMDE2MjA1MTg0NTIuM19DTjIwNTgxMzIyMFVfMjAxNjEyMjEaCGliMWIydWh6,,吴长江,蜂蜜脱离装置
"same title and author, year differs >1",Wanfang,https://d.wanfangdata.com.cn/patent/Ch1QYXRlbnROZXdTb2xyOVMyMDI2MDkxNzE1MTE0OBIpWkxfQ04yMDE3MjA2NjI5MTMuOV9DTjIwNjk4MDY4MlVfMjAxODAyMDkaCGliMWIydWh6,,徐建怀,Wanfang,https://d.wanfangdata.com.cn/patent/Ch1QYXRlbnROZXdTb2xyOVMyMDI2MDkxNzE1MTE0OBIpWkxfQ04yMDE3MTA0Mjk1MzEuNl9DTjEwNzEyNjkwOUFfMjAxNzA5MDUaCGliMWIydWh6,,徐建怀,一种化蜡设备
"same title and author, year differs >1",Wanfang,https://d.wanfangdata.com.cn/patent/Ch1QYXRlbnROZXdTb2xyOVMyMDI2MDkxNzE1MTE0OBIpWkxfQ04yMDE3MjA0MDQ1OTQuMV9DTjIwNjkyMzUxNFVfMjAxODAxMjYaCGliMWIydWh6,,吴新荣,Wanfang,https://d.wanfangdata.com.cn/patent/Ch1QYXRlbnROZXdTb2xyOVMyMDI2MDkxNzE1MTE0OBIpWkxfQ04yMDE3MTAyNTIxODAuNl9DTjEwNjkyMjU3MkFfMjAxNzA3MDcaCGliMWIydWh6,,吴新荣,一种多功能蜜蜂蜂蜜分装装置
"same title and author, year differs >1",Wanfang,https://d.wanfangdata.com.cn/patent/Ch1QYXRlbnROZXdTb2xyOVMyMDI2MDkxNzE1MTE0OBIpWkxfQ04yMDE2MTAzNzgyOTIuMV9DTjEwNjM4NjU3NUFfMjAxNzAyMTUaCGliMWIydWh6,,吴长江,Wanfang,https://d.wanfangdata.com.cn/patent/Ch1QYXRlbnROZXdTb2xyOVMyMDI2MDkxNzE1MTE0OBIpWkxfQ04yMDE2MjA1MTg0NTMuOF9DTjIwNTgxMzIyMVVfMjAxNjEyMjEaCGliMWIydWh6,,吴长江,蜂蜜获取装置
"same title and author, year differs >1",Wanfang,https://d.wanfangdata.com.cn/patent/Ch1QYXRlbnROZXdTb2xyOVMyMDI2MDkxNzE1MTE0OBIpWkxfQ04yMDE0MTAwMDQ4ODIuOV9DTjEwMzc0OTI4NUJfMjAxNjAzMDIaCGliMWIydWh6,,葛凤晨,Wanfang,https://d.wanfangdata.com.cn/patent/Ch1QYXRlbnROZXdTb2xyOVMyMDI2MDkxNzE1MTE0OBIpWkxfQ04yMDE0MTAwMDQ4ODIuOV9DTjEwMzc0OTI4NUFfMjAxNDA0MzAaCGliMWIydWh6,,葛凤晨,对小面积植物实施三微蜜蜂授粉的方法和设备
"same title and author, year differs >1",Wanfang,https://d.wanfangdata.com.cn/patent/Ch1QYXRlbnROZXdTb2xyOVMyMDI2MDkxNzE1MTE0OBInWkxfQ04yMDA0MTAwMTA4MzYuNl9DTjEyNTk4MjNDXzIwMDYwNjIxGghpYjFiMnVoeg%3D%3D,,葛凤晨,Wanfang,https://d.wanfangdata.com.cn/patent/Ch1QYXRlbnROZXdTb2xyOVMyMDI2MDkxNzE1MTE0OBInWkxfQ04yMDA0MTAwMTA4MzYuNl9DTjE1Njg2NzJBXzIwMDUwMTI2GghpYjFiMnVoeg%3D%3D,,葛凤晨,中蜂复脾野巢式盒蜜及生产方法和设备
"same title and author, year differs >1",Wanfang,https://d.wanfangdata.com.cn/patent/Ch1QYXRlbnROZXdTb2xyOVMyMDI2MDkxNzE1MTE0OBIjWkxfQ045ODEyMzUzMS5YX0NOMTA3OTE5MUNfMjAwMjAyMjAaCGliMWIydWh6,,袁俊丰,Wanfang,https://d.wanfangdata.com.cn/patent/Ch1QYXRlbnROZXdTb2xyOVMyMDI2MDkxNzE1MTE0OBIjWkxfQ045ODEyMzUzMS5YX0NOMTIxNTU0OEFfMTk5OTA1MDUaCGliMWIydWh6,,袁俊丰,人工单面巢脾及其使用方法
"same title, different author",CBM,2020507249,2020,韩泽龙,CBM,2020132840,2019,孙方丽,内镜黏膜下剥离术治疗胃底异位脾脏1例
"same title, different author",CBM,2008195299,2008,王辉,CBM,2011778713,2011,曲志军,外伤性脾破裂的治疗体会
"same title, different author",CBM,2008195299,2008,王辉,CBM,2010340440,2010,华浩水,外伤性脾破裂的治疗体会
"same title, different author",CBM,2008195299,2008,王辉,CBM,2010235338,2010,李生,外伤性脾破裂的治疗体会
"same title, different author",CBM,2011778713,2011,曲志军,CBM,2010340440,2010,华浩水,外伤性脾破裂的治疗体会
"same title, different author",CBM,2011778713,2011,曲志军,CBM,2010235338,2010,李生,外伤性脾破裂的治疗体会
"same title, different author",CBM,2010340440,2010,华浩水,CBM,2010235338,2010,李生,外伤性脾破裂的治疗体会
"same title, different author",CBM,2011686808,2011,陆瑜,CBM,2010395238,2010,李振华,外伤性脾破裂治疗43例体会
"same title, different author",CBM,2011686808,2011,陆瑜,CBM,2005108694,2004,刘玉清,外伤性脾破裂治疗43例体会
"same title, different author",CBM,2010395238,2010,李振华,CBM,2005108694,2004,刘玉清,外伤性脾破裂治疗43例体会
"same title, different author",CBM,1999144758,1999,金正明,CBM,1987032243,1987,李德霖,脾扭转1例报告
