cluster_id,source,source_id,merged_by_tier,year,first_author,doi,journal,title
1,PubMed,42787632,,2026,awwad,10.1002/ccr3.73607,Clin Case Rep,Laparoscopic Splenectomy for a Completely Infarcted Wandering Spleen After  Prolonged Positional Abdominal Pain: A Case Report and Focused Literature Review.
2,PubMed,42699937,,2026,daher,10.1097/rc9.0000000000000696,Int J Surg Case Rep,The diagnostic challenge of wandering spleen with torsion: a rare cause of acute  abdomen in children - a case report.
3,PubMed,42699432,,2026,kinson,10.1097/rc9.0000000000000781,Int J Surg Case Rep,Ectopic splenic volvulus and infarction: a case report.
4,PubMed,42639322,,2026,suzuki,10.70352/scrj.cr.26-0232,Surg Case Rep,Torsion and Rupture of a Wandering Pelvic Accessory Spleen Associated with  Essential Thrombocythemia: A Case Report.
5,PubMed,42593030,,2026,belen,10.14744/tjtes.2025.11568,Ulus Travma Acil Cerrahi Derg,Retroperitoneal ectopic spleen identified during emergency laparotomy.
6,PubMed,42572374,,2026,mammadova,10.1111/jog.70458,J Obstet Gynaecol Res,Pelvic Wandering Spleen Mimicking an Ovarian Germ Cell Tumor.
7,PubMed,42565921,,2026,nomiya,10.1007/s12328-026-02415-z,Clin J Gastroenterol,Mesenteroaxial gastric volvulus associated with a wandering spleen in an older  woman treated with anterior gastropexy and splenectomy: a case report.
8,PubMed,42519252,,2026,bani,10.7759/cureus.111195,Cureus,Splenic Torsion in a 16-Year-Old Female With a Wandering Spleen: A Case Report.
9,PubMed,42395192,,2026,altaif,10.7759/cureus.110126,Cureus,Intermittent Torsion of a Wandering Spleen: A Case of Recurrent Acute Abdominal  Pain.
10,PubMed,42273556,,2026,zhang,10.21037/hbsn-2026-1-0077,Hepatobiliary Surg Nutr,Wandering spleen.
11,PubMed,42241351,,2026,malik,10.4103/jmas.jmas_586_25,J Minim Access Surg,Laparoscopic splenopexy for splenic torsion in a patient with heterotaxy and  single ventricle physiology: A rare case report.
12,PubMed,42220417,,2026,parker,10.1155/crh/8172177,Case Rep Hematol,Wandering Lymphoma: A Case of Wandering Spleen Secondary to Splenic Marginal Zone  Lymphoma.
13,PubMed,42074645,,2026,rybicki,10.3390/jcm15082842,J Clin Med,Rare and Unusual Consequences of Blunt Abdominal Trauma-The Significance of  Anatomical Anomalies.
14,PubMed,42072796,,2026,moller,10.3390/diagnostics16081169,Diagnostics (Basel),Splenoses and Other Ectopic and Heterotopic Splenic Tissue: The Use of  Long-Lasting Enhancement in Contrast-Enhanced Ultrasound to Avoid Unnecessary Intervention.
15,PubMed,42007203,,2026,alfakhry,10.1016/j.radcr.2026.03.017,Radiol Case Rep,Imaging findings of splenic volvulus in a wandering spleen: A radiology case  report.
16,PubMed,41975166,,2026,liu,10.1007/s13304-026-02552-7,Updates Surg,Surgical management of pediatric primary splenic lesions: safety and feasibility  of transumbilical single-port laparoscopic partial splenectomy.
17,PubMed,41972881,,2026,schumacher,10.4103/jmas.jmas_531_25,J Minim Access Surg,Unusual case of an ectopic pre-uterine spleen.
18,PubMed,41959687,,2026,rumhumha,10.4102/sajr.v30i1.3366,SA J Radiol,"Splenic pathologies: A pictorial review of common, wandering, twisting and rare  presentations."
19,PubMed,41948767,,2026,elshabrawi,10.1002/ccr3.72385,Clin Case Rep,Elective Robotic Splenectomy for Wandering Spleen-Associated Pancreatitis: A  Novel Case Report.
20,PubMed,41847488,,2026,depoix,,Can Vet J,Multifocal costal osseous pneumatosis and osteomyelitis secondary to Clostridium  botulinum in a dog.
21,PubMed,41837052,,2026,kunwar,10.1097/rc9.0000000000000302,Int J Surg Case Rep,Splenectomy vs. splenopexy and analysis of wandering spleen management across age  groups: a case report.
22,PubMed,41836978,,2026,yigzaw,10.1097/rc9.0000000000000001,Int J Surg Case Rep,Wandering spleen: a rare and challenging diagnosis in pregnancy - a case report  from Ethiopia.
23,PubMed,41773117,,2026,zhu,10.7759/cureus.102609,Cureus,Splenic Torsion in a Patient With Situs Inversus Totalis and Polysplenia:  Challenging Diagnosis and Treatment of a Rare Case.
24,PubMed,41708114,,2026,fujita,10.2169/internalmedicine.6440-25,Intern Med,Gastric Volvulus Complicated with a Wandering Spleen.
25,PubMed,41583261,,2025,de,10.7759/cureus.100034,Cureus,A Rare Case of a Large Diaphragmatic Hernia With Upward Hepatic Transposition.
26,PubMed,41560065,,2026,jin,10.1097/md.0000000000047197,Medicine (Baltimore),Recurrent gastric variceal bleeding due to wandering spleen - complete resolution  following laparoscopic splenectomy: A case report.
27,PubMed,41525125,,2026,zangari,10.7417/ct.2026.1986,Clin Ter,Rare causes of acute abdomen in a paediatric surgery department: a 5-years  review.
28,PubMed,41522659,,2026,youssef,10.1155/cris/6307093,Case Rep Surg,Acute Abdominal Pain in Pregnancy Revealing a Wandering Spleen With Infarction: A  Case Report.
29,PubMed,41476387,,2026,caiaffa,10.1002/ijgo.70786,Int J Gynaecol Obstet,Wandering accessory paracervical spleen undergoing torsion in pregnancy: A  challenging diagnosis and management.
30,PubMed,41454945,,2026,waldron,10.1007/s00261-025-05346-4,Abdom Radiol (NY),Twisting in the abdomen and pelvis: a review of organ torsions.
31,PubMed,41378192,,2025,vasta,10.3389/fped.2025.1705547,Front Pediatr,Gastric volvulus and wandering spleen in Pitt-Hopkins syndrome: first paediatric  case report.
32,PubMed,41364221,,2026,aggarwal,10.1007/s00261-025-05322-y,Abdom Radiol (NY),Whirl sign in splenic torsion: an uncommon complication of wandering spleen.
33,PubMed,41293622,,2025,kishida,10.70352/scrj.cr.25-0380,Surg Case Rep,Splenic Torsion in a Patient with Polysplenia Syndrome and Dorsal Pancreatic  Agenesis: A Case Report.
34,PubMed,41132620,,2025,aumeerally,10.1093/jscr/rjaf841,J Surg Case Rep,A puzzling pelvic passenger: case report of a wandering splenunculus.
35,PubMed,41113293,,2025,layegh,10.1002/ccr3.71007,Clin Case Rep,"Gastric Volvulus, Pancreatic Volvulus, and Wandering Spleen: A Rare Emergency  Triad Behind Acute Abdomen."
36,PubMed,41113236,,2025,alsobyani,10.1093/jscr/rjaf808,J Surg Case Rep,Gastric volvulus in an elderly male with a hiatal hernia and a wandering spleen:  a case report.
37,PubMed,41109937,,2026,zhuo,10.1007/s10620-025-09482-1,Dig Dis Sci,Ectopic Spleen in the Gastric Fundus.
38,PubMed,41079801,,2025,yambah,10.1002/ccr3.71204,Clin Case Rep,"Wandering Spleen, A Rare Cause of Acute Abdomen: A Case Report."
39,PubMed,41049083,,2025,alaraby,10.1093/jscr/rjaf771,J Surg Case Rep,Splenic torsion in polysplenia syndrome: a rare cause of acute abdomen in a  paediatric patient.
40,PubMed,40951031,,2025,m,10.7759/cureus.90043,Cureus,Splenic Pedicle Volvulus in a Wandering Spleen: A Rare Pediatric Emergency.
41,PubMed,40918681,,2025,liu,10.1155/carm/4875687,Case Rep Med,A Case of Ectopic Spleen Transplanted Into the Sigmoid Colon and Pelvic  Peritoneum.
42,PubMed,40893905,,2025,liu,10.3389/fmed.2025.1646831,Front Med (Lausanne),Splenectomy for wandering spleen with pedicle torsion in a 17-year-old: a case  report.
43,PubMed,40861332,,2025,innami,10.70352/scrj.cr.25-0111,Surg Case Rep,Detorsion of Wandering Spleen Causes Significant Hypersplenism Resulting in  Thrombocytopenia and Spinal Cord Injury: A Case Report.
44,PubMed,40830774,,2025,al,10.1186/s12887-025-06005-9,BMC Pediatr,The enigmatic wandering spleen: managing three cases in a tertiary setting.
45,PubMed,40821369,,2025,benbrahim,10.1016/j.radcr.2025.05.050,Radiol Case Rep,Wandering spleen torsion with splenic vein thrombosis: A case report.
46,PubMed,40821234,,2025,ouachaou,10.7759/cureus.88006,Cureus,Torsion of an Accessory Spleen Presenting as Acute Right Iliac Fossa Pain: A Case  Report.
47,PubMed,40808892,,2025,sawaftah,10.1155/crpe/9927034,Case Rep Pediatr,Massively Enlarged Wandering Spleen With Torsion and Infarction in a 10-Year-Old:  Case Report and Comprehensive Literature Review.
48,PubMed,40804705,,2025,knight,10.1111/petr.70161,Pediatr Transplant,Wandering Spleen in a Pediatric Lung Transplant Patient With Filamin A  Deficiency: An Incidental Finding.
49,PubMed,40764094,,2025,zhao,10.3760/cma.j.cn112137-20250227-00466,Zhonghua Yi Xue Za Zhi,[Ultrasonic manifestations of splenic torsion in children].
50,PubMed,40755659,,2025,slaoui,10.7759/cureus.87114,Cureus,An Adult Case of Gastric Volvulus Associated With Wandering Spleen: A Case  Report.
51,PubMed,40735167,,2025,sanabria,10.1093/bjrcr/uaaf035,BJR Case Rep,Accessory spleen torsion: a hidden etiology of acute abdominal emergency.
52,PubMed,40729296,,2024,inggriani,10.3390/reports7030073,Reports (MDPI),"Wandering Spleen Complicated by Thrombocytopenia, Acute Appendicitis, and Sepsis:  A Case Report and Literature Review."
53,PubMed,40725800,,2025,arkuszewski,10.3390/jcm14145107,J Clin Med,Splenic Torsion Following Blunt Abdominal Trauma.
54,PubMed,40682101,,2025,vassallo,10.1186/s13052-025-02059-8,Ital J Pediatr,Acute splenic torsion in an adolescent with polysplenia syndrome: case report.
55,PubMed,40611920,,2025,di,10.3389/fsurg.2025.1586986,Front Surg,Ultrasonographic diagnosis of splenic torsion: a case report.
56,PubMed,40607365,,2025,hernandez,10.3389/fvets.2025.1596698,Front Vet Sci,Case Report: Acute primary splenic torsion in a maned wolf (Chrysocyon  brachyurus).
57,PubMed,40606585,,2025,siouri,10.1016/j.radcr.2025.05.063,Radiol Case Rep,Wandering spleen presenting as a pelvic mass: A rare case report and literature  review.
58,PubMed,40568276,,2025,gautam,10.7759/cureus.84819,Cureus,Abdominal Pain Unveiled: Torsion of a Wandering Spleen in a Background of Biliary  Stenting.
59,PubMed,40557005,,2025,al-bdairi,10.7759/cureus.84795,Cureus,Discontinuous Splenogonadal Fusion: A Case Report.
60,PubMed,40550875,,2025,daniela,10.1007/s00404-025-08009-3,Arch Gynecol Obstet,About the management of patients with wandering spleen in pregnancy and  postpartum.
61,PubMed,40529386,,2025,lombardo,10.1155/crra/6697671,Case Rep Radiol,The Wanderer: Acute Abdomen Secondary to a Wandering Spleen.
62,PubMed,40507662,,2025,grochowska,10.3390/jcm14113901,J Clin Med,Wandering Accessory Spleen and Its Implications for Modern Clinical Practice.
63,PubMed,40486164,,2025,negasi,10.1016/j.radcr.2025.04.097,Radiol Case Rep,A case of conservatively managed pelvic wandering spleen clinically mimicking  uterine mass: A case report and literature review.
64,PubMed,40442357,,2025,zeng,10.1007/s00464-025-11764-8,Surg Endosc,Abnormal anatomical landmarks: the guide points of laparoscopic Ladd's surgery  for neonatal congenital intestinal malrotation.
65,PubMed,40412853,,2025,garcia-hidalgo,10.1016/j.rxeng.2024.11.006,Radiologia (Engl Ed),Acute abdomen secondary to torsion of a wandering spleen.
66,PubMed,40368246,,2025,guerra,10.1016/j.clinre.2025.102614,Clin Res Hepatol Gastroenterol,A wandering spleen.
67,PubMed,40347907,,2025,aljuba,10.1016/j.ijscr.2025.111421,Int J Surg Case Rep,A case of torsed wandering spleen presenting as perforated acute appendicitis: A  case report and literature review.
68,PubMed,40306103,,2025,elnour,10.1016/j.ijscr.2025.111391,Int J Surg Case Rep,A painful twist: Wandering spleen with torsion and infarction: A case report.
69,PubMed,40231162,,2025,tang,10.1016/j.acepjo.2025.100105,J Am Coll Emerg Physicians Open,An Unusual Cause of Pediatric Anemia and Jaundice.
70,PubMed,40191661,,2025,feleke,10.1093/jscr/rjaf182,J Surg Case Rep,Ectopic splenic torsion-a challenging diagnosis in a resource-limited setting  mimicking a gynecologic emergency: a case report.
71,PubMed,40183998,,2025,cesana,10.1007/s13304-025-02181-6,Updates Surg,Case report: laparoscopic keyhole splenopexy with composite mesh for wandering  spleen.
72,PubMed,40120328,,2025,melkamu,10.1016/j.ijscr.2025.111144,Int J Surg Case Rep,"Torsion of a wandering spleen, a rare cause of acute abdomen: A case report."
73,PubMed,40065330,,2025,rad,10.1186/s12902-024-01829-5,BMC Endocr Disord,Pheochromocytoma in a patient with heterotaxy syndrome: a case report.
74,PubMed,40032560,,2025,bond,10.1136/bcr-2023-259196,BMJ Case Rep,Postpartum splenic torsion in a patient with a wandering spleen and splenomegaly.
75,PubMed,40030633,,2025,li,10.11152/mu-4484,Med Ultrason,Torsion with necrosis of a wandering spleen in a child.
76,PubMed,39990618,,2025,kashbour,10.1016/j.radcr.2025.01.057,Radiol Case Rep,Emergency radiological evaluation of wandering spleen volvulus and infarction: A  case report and review of literature.
77,PubMed,39968248,,2025,mandarano,10.4103/jiaps.jiaps_122_24,J Indian Assoc Pediatr Surg,Acute Gastric Volvulus Associated with Wandering Spleen and Diaphragmatic  Eventration in a 5-month-old Girl.
78,PubMed,39909795,,2025,chen,10.1016/j.pedneo.2024.12.002,Pediatr Neonatol,A case of mesenteroaxial gastric volvulus with wandering spleen in a 2-year-old  boy.
79,PubMed,39897739,,2025,truong,10.1016/j.radcr.2024.12.047,Radiol Case Rep,Wandering spleen with torsion in pelvic: A case report and literature review.
80,PubMed,39891292,,2025,gashaw,10.1186/s13256-024-05003-2,J Med Case Rep,Splenic infarction following torsion of wandering spleen involving pancreatic  tail successfully managed in resource limited setting: a case report.
81,PubMed,39705258,,2024,gu,10.1371/journal.pone.0312548,PLoS One,Analysis of associated malformations by computed tomography in adults with  polysplenia syndrome: A pilot study.
82,PubMed,39666269,,2025,hosoi,10.1007/s12328-024-02082-y,Clin J Gastroenterol,Torsion of the wandering spleen with intestinal obstruction.
83,PubMed,39654567,,2025,hosoda,10.1016/j.radcr.2024.10.115,Radiol Case Rep,Intraperitoneal hemorrhage due to accessory spleen torsion: Case report.
84,PubMed,39631916,,2024,calatayud,10.1136/bcr-2024-263013,BMJ Case Rep,Splenic torsion in a patient with paraplegia: considerations for evaluation and  management.
85,PubMed,39615250,,2025,aregawi,10.1016/j.ijscr.2024.110678,Int J Surg Case Rep,Wandering spleen with torsion causing an acute abdomen: A case report.
86,PubMed,39553140,,2024,dreesen,10.7759/cureus.71645,Cureus,Double Twist and Shout: An Emergency Caused by Torsion of the Ovary and the  Wandering Spleen.
87,PubMed,39536671,,2024,shale,10.1016/j.ijscr.2024.110517,Int J Surg Case Rep,A rare case of wandering spleen with splenomegaly in a postpartum female patient:  A case report and literature review.
88,PubMed,39403664,,2024,hernandez,10.7759/cureus.69369,Cureus,Splenic Torsion From a Wandering Spleen.
89,PubMed,39388371,,2024,nelson,10.1148/rg.240004,Radiographics,Spectrum of Heterotopic and Ectopic Splenic Conditions.
90,PubMed,39387011,,2024,hamidi,10.1016/j.radcr.2024.08.146,Radiol Case Rep,Computed tomography features and surgical treatment of wandering spleen torsion:  A case report.
91,PubMed,39355703,,2024,vaitkus,,Can Vet J,Emphysematous splenic torsion in a German shepherd dog.
92,PubMed,39350792,,2024,cui,10.3389/fped.2024.1429490,Front Pediatr,Wandering spleen combined with pedicle torsion and splenic infarction: a rare  case report and literature review.
93,PubMed,39161211,,2024,hiraba,10.1111/ped.15810,Pediatr Int,Two cases of pediatric splenic torsion as a possible late complication of  laparoscopic fundoplication.
94,PubMed,39119536,,2024,zayed,10.1093/jscr/rjae499,J Surg Case Rep,Delayed presentation of splenic laceration in a postpartum patient: a case of  wandering spleen.
95,PubMed,39106744,,2024,suliman,10.1016/j.ijscr.2024.110092,Int J Surg Case Rep,Hidden for years: Torsion and infarction in the wandering spleen of a 45-year-old  woman.
96,PubMed,38986904,,2025,abellan,10.1016/j.cireng.2024.05.019,Cir Esp (Engl Ed),Wandering spleen as a cause of acute abdomen.
97,PubMed,38982911,,2024,moldovan,10.21614/chirurgia.2024.v.119.i.3.p.330,Chirurgia (Bucur),Ex-situ Open Approach Spleen Preserving Splenic Hilum Lymphadenectomy.
98,PubMed,38972105,,2024,farwati,10.1016/j.ijscr.2024.110006,Int J Surg Case Rep,Bochdalek's hernia in adults: A unique case with gastric volvulus and  intrathoracic kidney.
99,PubMed,38881967,,2024,hanifa,10.1177/2050313x241262141,SAGE Open Med Case Rep,Gastric volvulus with necrosis and gangrene associated with wandering spleen: A  rare case report from Syria.
100,PubMed,38839447,,2024,poirier,10.1016/j.jviscsurg.2024.05.005,J Visc Surg,Wandering spleen: Diagnosis and treatment.
101,PubMed,38824616,,2024,ronaky,10.1556/650.2024.33054,Orv Hetil,[Torsion of the wandering spleen in childhood - report of 3 cases].
102,PubMed,38823227,,2024,nhungo,10.1016/j.ijscr.2024.109834,Int J Surg Case Rep,Wandering Spleen in a 47-year-old female treated by non-operative conservative  management. Case report and literature review.
103,PubMed,38790071,,2024,shibiru,10.1186/s13256-024-04580-6,J Med Case Rep,Wandering spleen presenting in the form of right sided pelvic mass and pain in a  patient with AD-PCKD: a case report and review of the literature.
104,PubMed,38789529,,2024,tan,10.1038/s41423-024-01165-7,Cell Mol Immunol,Neutrophils disrupt B-1a cell homeostasis by targeting Siglec-G to exacerbate  sepsis.
105,PubMed,38776970,,2024,beeston,10.2460/javma.24.03.0148,J Am Vet Med Assoc,Spherocytosis as an indicator of fragmentation injury in dogs with splenic  torsion.
106,PubMed,38704970,,2024,chekol,10.1016/j.ijscr.2024.109721,Int J Surg Case Rep,Torsion of a wandering spleen in a pregnant patient presented with acute abdomen:  A case report.
107,PubMed,38694347,,2024,rasheed,10.1097/ms9.0000000000001960,Ann Med Surg (Lond),Wandering spleen in a postpartum female: a case report.
108,PubMed,38689812,,2024,ferrara,10.1016/j.radcr.2024.03.004,Radiol Case Rep,Volvulus of a wandering spleen in a pediatric patient.
109,PubMed,38615066,,2024,ahmed,10.1186/s13256-024-04502-6,J Med Case Rep,Splenic torsion mistaken for an ovarian cyst: a case report.
110,PubMed,38612596,,2024,kiwit,10.3390/ijms25073787,Int J Mol Sci,The Dual Role of Neutrophil Extracellular Traps (NETs) in Sepsis and  Ischemia-Reperfusion Injury: Comparative Analysis across Murine Models.
111,PubMed,38549360,,2024,yun,10.1002/vms3.1431,Vet Med Sci,Atypically located accessory splenic hemangiosarcoma in a Dog: Diagnostic value  of triple-phase computed tomography.
112,PubMed,38533436,,2024,li,10.3892/etm.2024.12474,Exp Ther Med,A large gastric splenosis mimicking gastrointestinal stromal tumor: A case report  and literature review.
113,PubMed,38529386,,2024,xiao,10.3389/fonc.2024.1310394,Front Oncol,The imaging features of ectopic spleen: which modality is more consistent? A  cases series report and literature reviews.
114,PubMed,38445142,,2024,eleiwi,10.7759/cureus.53552,Cureus,Wandering Spleen Torsion: A Diagnostic Challenge.
115,PubMed,38404444,,2024,lieb,10.1093/jscr/rjae088,J Surg Case Rep,Iatrogenic wandering spleen causing gastric outlet obstruction and perforation.
116,PubMed,38402100,,2024,gebretsion,10.1016/j.ajem.2024.02.027,Am J Emerg Med,Spleno-Sigmoid Knotting - An Unfamiliar Cause of Intestinal Obstruction.
117,PubMed,38370603,,2024,rafei,10.1093/jscr/rjae059,J Surg Case Rep,Laparoscopic exploration of a wandering spleen in a complex adolescent case with  sigmoid volvulus and left-side portal hypertension: a case report.
118,PubMed,38308980,,2024,belayneh,10.1016/j.ijscr.2024.109338,Int J Surg Case Rep,Gastric volvulus and splenopancreatic torsion with wandering spleen: A case  report.
119,PubMed,38304753,,2024,bucknoff,10.1177/20551169231216405,JFMS Open Rep,Splenic torsion in a cat with chronic anemia.
120,PubMed,38240265,,2025,merchant,10.4103/jmas.jmas_212_23,J Minim Access Surg,Totally laparoscopic partial splenectomy and gastropexy for a splenic cyst in a  wandering spleen.
121,PubMed,38222125,,2023,snyder,10.7759/cureus.50447,Cureus,Wandering Spleen After Sleeve Gastrectomy as a Cause of Sigmoid Volvulus.
122,PubMed,38033686,,2023,ghasemi,10.1002/ccr3.8270,Clin Case Rep,Wandering spleen; a rare clinical presentation of chronic pain with acute  torsion.
123,PubMed,38011954,,2023,chopko,10.1136/bcr-2023-258235,BMJ Case Rep,Mesenteroaxial volvulus due to wandering spleen: a unique repair via mesenteric  splenopexy and gastropexy.
124,PubMed,37985350,,2024,lajusticia,10.1016/j.anpede.2023.11.004,An Pediatr (Engl Ed),Splenic torsion as a cause of acute abdomen.
125,PubMed,37976521,,2024,cagliyan,10.1097/rlu.0000000000004949,Clin Nucl Med,"""Wandering Spleen"" With Lymphomatous Involvement."
126,PubMed,37904894,,2023,basu,10.2147/ceg.s428679,Clin Exp Gastroenterol,Wandering Spleen and Acute Gastric Volvulus in an Elderly Woman with Acute  Abdomen: A Case Report.
127,PubMed,37901012,,2023,zhu,10.12998/wjcc.v11.i28.6955,World J Clin Cases,Wandering spleen torsion with portal vein thrombosis: A case report.
128,PubMed,37860287,,2023,lakmal,10.1177/2050313x231205812,SAGE Open Med Case Rep,Volvulus of a wandering enlarged pelvic spleen involving pancreatic tail: A case  report.
129,PubMed,37839258,,2023,petrucciani,10.1016/j.ijscr.2023.108961,Int J Surg Case Rep,Wandering spleen causing small bowel obstruction: Laparoscopic surgical treatment  (with video).
130,PubMed,37797525,,2023,subunca,10.1016/j.ijscr.2023.108898,Int J Surg Case Rep,"Splenic torsion, a challenging diagnosis in an adult presenting with acute  abdomen."
131,PubMed,37727144,,2023,khan,10.1016/j.radcr.2023.08.069,Radiol Case Rep,Wandering spleen with acute torsion mimicking an adnexal mass.
132,PubMed,37716902,,2023,wu,10.1016/j.jemermed.2023.06.003,J Emerg Med,IMAGING MANIFESTATIONS OF WANDERING SPLEEN WITH TORSION.
133,PubMed,37581126,,2023,deolikar,10.7759/cureus.41860,Cureus,Situs Inversus Partialis With a Wandering Spleen Having a Single Atrium: A Rare  Tale of Survival.
134,PubMed,37567471,,2023,zhou,10.1016/j.amjms.2023.08.005,Am J Med Sci,Torsion of pelvic wandering spleen with infarction.
135,PubMed,37531882,,2023,haidari,10.1016/j.ijscr.2023.108597,Int J Surg Case Rep,"Huge accessory spleen with torsion, mimicking splenic lymphangioma: A case report  and review of the literature."
136,PubMed,37519610,,2023,miftari,10.7759/cureus.41118,Cureus,Splenic Capsule Injury: A Rare Complication of Sigmoid Volvulus.
137,PubMed,37423540,,2024,chen,10.1016/j.gie.2023.07.005,Gastrointest Endosc,Isolated gastric varices resulting from a wandering spleen.
138,PubMed,37332428,,2023,m,10.7759/cureus.39185,Cureus,Accessory Spleen Mimicking an Intrahepatic Neoplasm: A Rare Case Report.
139,PubMed,37305869,,2023,zhou,10.1002/ccr3.7264,Clin Case Rep,A case of splenogonadal fusion in the left testis.
140,PubMed,37288173,,2023,cakmak,10.7759/cureus.38643,Cureus,Torsion of the Accessory Spleen in a Child With Acute Abdomen.
141,PubMed,37265917,,2023,bhambu,10.7759/cureus.38386,Cureus,Acute Gastric Volvulus With Wandering Spleen in a Two-Year-Old Child: A Rare  Association.
142,PubMed,37263001,,2023,ahmad,10.1016/j.ijscr.2023.108319,Int J Surg Case Rep,A wandering spleen with 720 degrees  torsion and persistent ascending and descending  mesocolon in a 5-year-old Syrian male: A case report.
143,PubMed,37246688,,2022,mirza,10.47391/jpma.4839,J Pak Med Assoc,Gastric volvulus and wandering spleen; a life-threatening surgical emergency.
144,PubMed,37109765,,2023,xu,10.3390/medicina59040807,Medicina (Kaunas),Radiologic Findings of Single Accessory Splenic Infarction in a Patient with  Accessory Spleens in the Abdominal Cavity: A Case Report.
145,PubMed,37007360,,2023,french,10.7759/cureus.35543,Cureus,Wandering Spleen in a Patient With Significant Medical History.
146,PubMed,36785695,,2022,bako,10.11604/pamj.2022.43.144.32397,Pan Afr Med J,[Situs inversus associated with wandering spleen and common mesentery detected  from medical imaging in Niamey (Niger): a case report].
147,PubMed,36766707,,2023,elrod,10.3390/cells12030366,Cells,"Midgut Volvulus Adds a Murine, Neutrophil-Driven Model of Septic Condition to the  Experimental Toolbox."
148,PubMed,36752858,,2023,caruso,10.1007/s00261-022-03789-7,Abdom Radiol (NY),"Wandering liver, spleen, and kidney: what the radiologist needs to know."
149,PubMed,36741617,,2023,jawad,10.7759/cureus.33246,Cureus,Wandering Spleen: A Rare Case From the Emergency Department.
150,PubMed,36741085,,2022,infantino,10.3389/fped.2022.936732,Front Pediatr,Case Report: Gut and spleen anomalies associated with DYRK1A syndrome.
151,PubMed,36688842,,2023,moore,10.1308/rcsann.2022.0149,Ann R Coll Surg Engl,Gastric outlet obstruction secondary to a wandering spleen: systematic review and  surgical management of a case.
152,PubMed,36608635,,2023,salvador,10.1016/j.ijscr.2022.107863,Int J Surg Case Rep,Wandering spleen: An unsuspected presentation at a general hospital in Uganda.
153,PubMed,36563504,,2023,kuroiwa,10.1016/j.ijscr.2022.107835,Int J Surg Case Rep,Surgical resection for accessory spleen torsion: A case report.
154,PubMed,36552927,,2022,cheang,10.3390/diagnostics12122920,Diagnostics (Basel),Splenic Torsion in Heterotaxy Syndrome with Left Isomerism: A Case Report and  Literature Review.
155,PubMed,36402370,,2023,borsani,10.1016/j.cgh.2022.11.003,Clin Gastroenterol Hepatol,Wandering Spleen: An Unusual Cause of Recurrent Abdominal Pain.
156,PubMed,36388241,,2022,ahmed,10.2147/imcrj.s388271,Int Med Case Rep J,Wandering Spleen with Splenic Torsion: Unusual Cause of Acute Abdomen.
157,PubMed,36384575,,2022,jiang,10.1186/s12894-022-01138-w,BMC Urol,Pelvic mass causing hematospermia: splenosis.
158,PubMed,36381033,,2022,lim,10.1002/ccr3.6559,Clin Case Rep,A congenital wandering spleen with a large epithelial cyst: A case report.
159,PubMed,36304217,,2022,demir,10.14744/semb.2021.64872,Sisli Etfal Hastan Tip Bul,The Cause of an Unusual Abdominal Pain in Children: Splenic Torsiyon - Three Case  Report.
160,PubMed,36285167,,2022,ikeda,10.1093/jscr/rjac483,J Surg Case Rep,Successful laparoscopic-assisted partial splenectomy and splenopexy with  umbilical approach to wandering spleen with an enlarged cyst in a pediatric patient.
161,PubMed,36261950,,2022,korbi,10.1016/j.ijscr.2022.107719,Int J Surg Case Rep,Splenectomy for wandering splenomegaly in a patient with idiopathic  thrombocytopenic purpura: A case report of a rare association.
162,PubMed,36184835,,2022,cartesegna,10.12659/ajcr.936964,Am J Case Rep,Laparoscopic Splenectomy of a Wandering Pelvic Splenomegaly in a Young Woman  Treated in Childhood with Surgery for Diaphragmatic Hernia and Adhesiolysis for Intestinal Obstruction.
163,PubMed,36147692,,2022,zhao,10.3389/fsurg.2022.916426,Front Surg,A case report of wandering spleen with pedicle torsion and splenic infarction  being misdiagnosed as organ inversion complicated with acute appendicitis.
164,PubMed,36138238,,2022,oyachi,10.1186/s40792-022-01537-z,Surg Case Rep,Volvulus of the stomach and wandering spleen after repair of congenital  diaphragmatic hernia: unexpected manifestations in a neonate.
165,PubMed,36106553,,2022,van,10.1111/jvim.16527,J Vet Intern Med,Suspected spontaneous early hemorrhagic transformation of multiple ischemic  strokes secondary to primary splenic torsion in a German Shepherd dog.
166,PubMed,36043920,,2022,senturk,10.14744/tjtes.2021.34288,Ulus Travma Acil Cerrahi Derg,"Wandering spleen, which is torsioned with the distal pancreas."
167,PubMed,36007577,,2022,antona,10.1016/j.jpeds.2022.08.021,J Pediatr,Pediatric Splenic Torsion in an Orthotopic Spleen without Fixation Elements.
168,PubMed,35999102,,2023,liao,10.1016/j.asjsur.2022.08.031,Asian J Surg,A new surgical approach for a child with acute torsion of the wandering spleen: A  case report.
169,PubMed,35933802,,2022,fontoura-andrade,10.1016/j.rvsc.2022.07.016,Res Vet Sci,Splenic diffuse heterogeneous hypoechogenicity pattern of dogs and cats: A  systematic review.
170,PubMed,35905147,,2022,molitoris,10.2460/javma.22.05.0198,J Am Vet Med Assoc,Early career clinicians euthanize more dogs with nontraumatic hemoabdomen but not  gastric dilatation and volvulus than more experienced clinicians.
171,PubMed,35882312,,2023,ferrer-inaebnit,10.1016/j.cireng.2022.07.013,Cir Esp (Engl Ed),"Laparoscopic approach to accessory wandering spleen, an uncommon association."
172,PubMed,35874869,,2022,lugo-fagundo,10.1016/j.radcr.2022.06.073,Radiol Case Rep,Wandering spleen with torsion and infarction: A case report.
173,PubMed,35864485,,2022,wang,10.1186/s12887-022-03484-y,BMC Pediatr,Diagnosis and treatment of splenic torsion in children: preoperative  thrombocytosis predicts splenic infarction.
174,PubMed,35857027,,2022,schultz,10.1111/vsu.13858,Vet Surg,Treatment and outcomes of two pigs treated for hemoabdomen secondary to splenic  disease.
175,PubMed,35856300,,2022,giannattasio,10.1111/jpc.16124,J Paediatr Child Health,Acute Abdomen Due to Torsion of a Wandering Spleen in a Child.
176,PubMed,35813495,,2022,bairwa,10.22551/2022.35.0902.10204,Arch Clin Cases,Wandering spleen with torsion: a rare cause of acute abdomen in a 14-year-old  girl.
177,PubMed,35722538,,2022,sergi,10.3389/fsurg.2022.888332,Front Surg,Case Report: Splenic Ischemia Induced by Volvulus of Ileum.
178,PubMed,35663712,,2022,smith,10.7759/cureus.24677,Cureus,Accessory Spleen Masquerading as an Intrapancreatic Tumor: A Case Report.
179,PubMed,35656572,,2023,miyamura,10.1017/s1047951122001755,Cardiol Young,Torsion of wandering spleen after Fontan operation in a patient with situs  inversus: a rare complication.
180,PubMed,35643897,,2022,wen,10.1016/j.asjsur.2022.05.073,Asian J Surg,Spontaneous reset of the wandering spleen with acute torsion.
181,PubMed,35601383,,2022,stephenson,10.1016/j.radcr.2022.04.030,Radiol Case Rep,Preoperative angioembolisation of a mediastinal accessory ectopic spleen: A case  report and review of the literature.
182,PubMed,35571522,,2022,petroianu,10.1590/1677-5449.20210178,J Vasc Bras,The left gastro-omental vessels are able to maintain the entire spleen blood  supply.
183,PubMed,35570876,,2022,draghmeh,10.1016/j.radcr.2022.04.009,Radiol Case Rep,Wandering spleen torsion in a patient with polysplenia syndrome.
184,PubMed,35492869,,2022,maienza,10.1155/2022/8696492,Case Rep Surg,Surgical Management of a Volvulus of a Wandering Spleen Associated with a  Volvulus of the Small Intestine.
185,PubMed,35479965,,2022,ouazzani,10.1016/j.radcr.2022.03.045,Radiol Case Rep,Splenic volvulus on ectopic spleen in adults: A case report.
186,PubMed,35391540,,2022,nakagawa,10.1007/s00383-022-05125-y,Pediatr Surg Int,Patients with gastric volvulus recurrence have high incidence of wandering spleen  requiring laparoscopic gastropexy and splenopexy.
187,PubMed,35382088,,2021,naseri,,Tanaffos,Ectopic Intrathoracic Kidney Associated with Ipsilateral Ectopic Spleen and  Diaphragmatic Hernia in a Pediatric Patient: A Case Report.
188,PubMed,35369544,,2022,tang,10.1016/j.radcr.2022.03.017,Radiol Case Rep,Torsed wandering spleen as a cause of recurrent abdominal pain in a child.
189,PubMed,35355540,,2022,sumer,10.7759/cureus.22597,Cureus,Laparoscopic Splenopexy Due to Wandering Spleen: Feasible Technique.
190,PubMed,35342100,,2022,gunes,,Ann Ital Chir,Splenic surgery: a ten years experience of a tertiary center in Turkey.
191,PubMed,35155313,,2021,bourusly,10.3389/fped.2021.791932,Front Pediatr,Case Report: Conservative Non-operative Management of a Neonate With Torted  Wandering Spleen.
192,PubMed,35110771,,2022,mergl,,Can Vet J,Chronic splenic torsion in a dog with an accessory spleen.
193,PubMed,35079332,,2022,petroianu,10.1093/jscr/rjab558,J Surg Case Rep,Dwarfism associated with wandering splenomegaly.
194,PubMed,35000764,,2022,wong,10.1016/j.crad.2021.12.014,Clin Radiol,Multimodality imaging of developmental splenic anomalies: tips and pitfalls.
195,PubMed,35000121,,2022,yokoyama,10.1007/s12328-021-01566-5,Clin J Gastroenterol,Reduction of acute gastric volvulus in a 3-year-old using a balloon-attached  endoscope combined with gel immersion endoscopy.
196,PubMed,34897151,,2022,imawari,10.2169/internalmedicine.8391-21,Intern Med,Splenectomy for Torsion of a Wandering Spleen in a Patient with  Myeloproliferative Disease.
197,PubMed,34765218,,2021,hashiguchi,10.1002/ccr3.5051,Clin Case Rep,Wandering spleen with splenic arteriovenous torsion.
198,PubMed,34762623,,2021,saldivar-martinez,10.24875/ciru.20000813,Cir Cir,Infarcted wandering spleen and pancreatic volvulus in a patient with concomitant  Grynfelt-Lesshaft haernia.
199,PubMed,34734060,,2021,sun,10.12998/wjcc.v9.i29.8812,World J Clin Cases,Successful treatment of floating splenic volvulus: Two case reports and a  literature review.
200,PubMed,34703712,,2021,vlastarakos,10.7759/cureus.18231,Cureus,Wandering Spleen: A Rare Case of an Adnexal Lesion.
201,PubMed,34666939,,2022,bough,10.1016/j.surge.2021.08.006,Surgeon,"Diagnosis, management and outcome of splenic torsion; a systematic review of  published studies."
202,PubMed,34631075,,2021,yuki,10.1002/ccr3.4891,Clin Case Rep,Subclinical wandering spleen in a cat with gastrointestinal lymphoma.
203,PubMed,34480462,,2021,rudenko,10.17116/hirurgia2021091100,Khirurgiia (Mosk),[Post-traumatic thoracic splenosis].
204,PubMed,34461758,,2023,huerta,10.1177/00031348211041564,Am Surg,Volvulus of the Transverse Colon.
205,PubMed,34388905,,2021,petroianu,10.1016/j.ijscr.2021.106273,Int J Surg Case Rep,Wandering splenomegaly reduction after splenopexy.
206,PubMed,34377643,,2021,yoshida,10.4103/jmu.jmu_35_20,J Med Ultrasound,Preoperative Diagnosis of a Torsioned Accessory Spleen.
207,PubMed,34377222,,2021,sawhney,10.1016/j.radcr.2021.06.069,Radiol Case Rep,Post-traumatic intrathoracic splenosis and role of Tc-99m Sulfur colloid  scintigraphy in confirmation.
208,PubMed,34367498,,2021,jha,10.4254/wjh.v13.i7.774,World J Hepatol,Torsion of spleen and portal hypertension: Pathophysiology and clinical  implications.
209,PubMed,34346582,,2021,schrijver,,Ned Tijdschr Geneeskd,[Acute abdomen based on a wandering spleen].
210,PubMed,34240502,,2022,battiato,10.1111/vru.13007,Vet Radiol Ultrasound,Ultrasonographic and CT diagnosis of a complete splenic duplication with right  splenic torsion and presumed regional splenic vein hypertension in a dog.
211,PubMed,34221345,,2021,alghamdi,10.1093/jscr/rjab277,J Surg Case Rep,Infarcted wandering spleen: A case report from Saudi Arabia.
212,PubMed,34162614,,2021,kataria,10.1136/bcr-2021-242441,BMJ Case Rep,"Laparoscopic management of gastric volvulus, diaphragmatic eventration and  wandering spleen in a child."
213,PubMed,34107944,,2021,masroor,10.1186/s12893-021-01289-x,BMC Surg,Torsion of the wandering spleen as an abdominal emergency: a case report.
214,PubMed,34062360,,2021,alberto,10.1016/j.ijscr.2021.105992,Int J Surg Case Rep,Cecal splenosis mimicking gastrointestinal stroma tumor. Case report and review  of the literature.
215,PubMed,33904059,,2021,labiad,10.1007/s11605-021-05013-1,J Gastrointest Surg,Splenic Volvulus and 2q37 Deletion Syndrome.
216,PubMed,33883109,,2021,gordon,10.1136/bcr-2020-239520,BMJ Case Rep,Challenge of diagnosing splenic torsion in a paediatric patient with  gastroschisis.
217,PubMed,33866863,,2023,shaw,10.1177/00031348211011128,Am Surg,Surgical Control of Bleeding From Ovarian Torsion in the Setting of Immune  Thrombocytopenic Purpura Without Splenectomy.
218,PubMed,33830509,,2021,rooney,10.1111/jsap.13341,J Small Anim Pract,Diagnosis and surgical treatment of a primary splenic torsion in a domestic  ferret (Mustela putorius furo).
219,PubMed,33779107,,2021,nel,,S Afr J Surg,Laparoscopic splenopexy for wandering spleen with absorbable mesh fixation.
220,PubMed,33730926,,2021,guo,10.1177/03000605211000511,J Int Med Res,Abdominopelvic ectopic spleen with a comprehensive imaging examination: a case  report.
221,PubMed,33709481,,2021,kumarasamy,10.1111/ans.16733,ANZ J Surg,Surgical abdominal emergency due to torsion of wandering spleen.
222,PubMed,33682463,,2021,hamdy,10.1308/rcsann.2020.7144,Ann R Coll Surg Engl,An infarcted wandering spleen leading to a sigmoid volvulus presenting with acute  large bowel obstruction: a case report.
223,PubMed,33622743,,2021,alfahad,10.1136/bcr-2020-237912,BMJ Case Rep,Ectopic spleen presenting as a slowly enlarging lung nodule in the right lower  lobe following gastric pull up operation.
224,PubMed,33590622,,2021,hayati,10.1111/ans.16380,ANZ J Surg,Re: Rare case of wandering spleen causing intra-thoracic megacolon.
225,PubMed,33562971,,2020,dibonova,,Ceska Gynekol,Coincidental finding of pelvic splenosis during gynecological surgery.
226,PubMed,33541983,,2021,midha,10.1136/bcr-2020-238647,BMJ Case Rep,"'Wandering spleen with acute torsion' : a rare indication for splenectomy in an  adult, complicated by postoperative splanchnic venous thrombosis and intestinal gangrene."
227,PubMed,33509856,,2021,shen,10.1136/bcr-2020-235918,BMJ Case Rep,Wandering spleen leading to splenic torsion with gastric and pancreatic volvulus.
228,PubMed,33428514,,2021,ganarin,10.1089/lap.2020.0759,J Laparoendosc Adv Surg Tech A,Surgical Approach of Wandering Spleen in Infants and Children: A Systematic  Review.
229,PubMed,33417114,,2021,thomas,10.1007/s10140-020-01895-x,Emerg Radiol,The likely association between wandering spleen and absent left kidney.
230,PubMed,33394461,,2021,kafadar,10.14744/tjtes.2020.00734,Ulus Travma Acil Cerrahi Derg,Acute abdomen due to torsion of the wandering spleen: A rare clinical  presentation.
231,PubMed,33373922,,2021,virani,10.1016/j.ijscr.2020.12.039,Int J Surg Case Rep,Wandering spleen with splenic torsion: Report of two cases.
232,PubMed,33343117,,2020,skiba,10.4103/jiaps.jiaps_216_19,J Indian Assoc Pediatr Surg,Torsion of a Wandering Spleen Managed Conservatively: Rare and Interesting.
233,PubMed,33341287,,2021,giraud,10.1016/j.revmed.2020.11.010,Rev Med Interne,[A case report of wandering spleen].
234,PubMed,33325583,,2021,battiato,10.1111/vru.12941,Vet Radiol Ultrasound,Spontaneous emphysematous splenitis: Radiographic and ultrasonographic findings  in three Golden Retriever dogs.
235,PubMed,33273777,,2020,kaur,10.4103/ijri.ijri_46_20,Indian J Radiol Imaging,Wandering spleen: A rare entity and a diagnostic dilemma.
236,PubMed,33213371,,2020,zheng,10.1186/s12876-020-01533-3,BMC Gastroenterol,Endoscopic full-thickness resection of gastric ectopic splenic nodules.
237,PubMed,33210467,,2021,umeda,10.1111/ases.12894,Asian J Endosc Surg,Laparoscopic retroperitoneal splenopexy for wandering spleen: A novel technique  using a three-incision retroperitoneal pouch.
238,PubMed,33207096,,2020,wester,10.1056/nejmicm2003627,N Engl J Med,Wandering Spleen.
239,PubMed,33171434,,2020,el-helou,10.1016/j.ijscr.2020.11.001,Int J Surg Case Rep,"Splenoptosis in young female, case report."
240,PubMed,33137668,,2020,dangen,10.1016/j.ijscr.2020.10.049,Int J Surg Case Rep,Treatment of a congenital diaphragmatic hernia with associated wandering spleen:  Case report of a 17-year-old girl.
241,PubMed,33088415,,2020,gulati,10.3941/jrcr.v14i7.3752,J Radiol Case Rep,Torsion of Wandering Spleen and its adherence to the right ovary - An unusual  cause of recurrent pain abdomen.
242,PubMed,33041134,,2021,schaeffer,10.1016/j.ajem.2020.08.048,Am J Emerg Med,Splenic volvulus of a wandering spleen.
243,PubMed,32996204,,2020,specchi,10.1111/vru.12914,Vet Radiol Ultrasound,CT angiography identifies collaterals in dogs with splenic vein obstruction and  presumed regional splenic vein hypertension.
244,PubMed,32925740,,2020,wang,10.1097/md.0000000000022063,Medicine (Baltimore),Wandering spleen with splenic torsion in a toddler: A case report and literature  review.
245,PubMed,32870025,,2022,safaya,10.1177/0003134820945288,Am Surg,Wandering Spleen With Splenic Torsion and Pancreatitis : Spleen Preserving  Management.
246,PubMed,32868755,,2020,koliakos,10.12659/ajcr.925301,Am J Case Rep,Wandering Spleen Volvulus: A Case Report and Literature Review of This Diagnostic  Challenge.
247,PubMed,32823158,,2020,martins-bessa,10.1016/j.tcam.2020.100459,Top Companion Anim Med,Simultaneous Torsion of a Uterine Horn and Spleen in a Pregnant Two-Year-Old  Crossbreed Bitch: A Case Report.
248,PubMed,32802611,,2020,shimshoni,10.7759/cureus.9176,Cureus,Rare Cause of Abdominal Pain in an Adolescent Patient: Splenic Infarction in  Absence of Causative Underlying Hematologic Disorder.
249,PubMed,32771108,,2020,pouchot,10.1016/s0140-6736(20)31552-x,Lancet,"A wandering spleen, splenomegaly, hypersplenism, and iron deficiency anaemia."
250,PubMed,32762474,,2020,zhang,10.1177/0300060520935304,J Int Med Res,Accessory spleen originating from the intrinsic muscularis of the stomach  misdiagnosed as gastrointestinal stromal tumor: a case report.
251,PubMed,32718836,,2021,perez-rosillo,10.1016/j.gastrohep.2020.05.013,Gastroenterol Hepatol,Acute abdomen secondary to torsion and infarction of a wandering spleen.
252,PubMed,32646735,,2021,lebeul,10.1016/j.dld.2020.06.025,Dig Liver Dis,A wandering SPLEEN.
253,PubMed,32612378,,2020,abaszadeh,10.2147/ijgm.s248259,Int J Gen Med,Torsion of Wandering Spleen Attached to the Omentum: A Rare Case Report from  Iran.
254,PubMed,32508109,,2020,el-helou,10.1308/rcsann.2020.0131,Ann R Coll Surg Engl,Small bowel obstruction due to splenosis 30 years after splenectomy.
255,PubMed,32436983,,2020,karaisli,10.14744/tjtes.2019.91606,Ulus Travma Acil Cerrahi Derg,Torsion of wandering spleen nine years after gastric volvulus: Effect of  multiparity?
256,PubMed,32432066,,2020,simon,10.3389/fped.2020.00220,Front Pediatr,Torsion of an Accessory Spleen in a Child With Biliary Atresia Splenic  Malformation Syndrome.
257,PubMed,32424633,,2020,parada,10.1007/s10140-020-01786-1,Emerg Radiol,Torsion of wandering spleen: radiological findings.
258,PubMed,32420307,,2020,ge,10.12998/wjcc.v8.i9.1729,World J Clin Cases,Endoscopic ultrasonography elastography in the diagnosis of intrapancreatic  ectopic spleen: A case report.
259,PubMed,32369654,,2020,mocanu,10.1111/ans.15966,ANZ J Surg,Atypical mesenteroaxial gastric volvulus with wandering spleen as a late  complication of vagotomy and pyloromyotomy for peptic duodenal ulcer.
260,PubMed,32368543,,2020,chang,10.12998/wjcc.v8.i8.1502,World J Clin Cases,Unusual association of Axenfeld-Rieger syndrome and wandering spleen: A case  report.
261,PubMed,32253884,,2020,ciki,10.24953/turkjped.2020.01.024,Turk J Pediatr,A rare cause of acute abdominal pain in a patient with Primary ciliary dyskinesia  with situs inversus totalis.
262,PubMed,32205002,,2020,goksu,10.1016/j.jemermed.2020.01.012,J Emerg Med,Torsion of Wandering Spleen: A Case Report.
263,PubMed,32156414,,2020,perez,10.1016/j.ciresp.2020.02.001,Cir Esp (Engl Ed),Massive splenic infarction in a wandering spleen: A rare indication for emergency  splenectomy.
264,PubMed,32082535,,2020,assaf,10.1093/jscr/rjz378,J Surg Case Rep,Acute abdomen due to an infarction of wandering spleen: case report.
265,PubMed,32077164,,2020,hughes,10.1111/vru.12844,Vet Radiol Ultrasound,CT characteristics of primary splenic torsion in eight dogs.
266,PubMed,32021685,,2020,colombo,10.1016/j.amsu.2019.12.001,Ann Med Surg (Lond),Torsion of wandering spleen involving the pancreatic tail.
267,PubMed,32017329,,2020,chue,10.1111/ans.15737,ANZ J Surg,Laparoscopic splenectomy for a wandering spleen with resultant splenomegaly and  gastric varices.
268,PubMed,31989898,,2020,cetinoglu,10.2174/1573405614666181009142322,Curr Med Imaging Rev,Torsion of Wandering Spleen: Importance of Splenic Density and Liver-to- Spleen  Attenuation Ratio on CT.
269,PubMed,31964552,,2020,zhao,10.1016/j.prp.2020.152818,Pathol Res Pract,Incidental finding of abdominal splenosis with mononucleated cell infiltration  leading to a diagnosis of acute myeloid leukemia.
270,PubMed,31958965,,2019,frybova,10.33699/pis.2019.98.12.509-512,Rozhl Chir,Extraperitoneal pocket splenopexy is a suitable solution for wandering spleen in  children and adolescents - case report.
271,PubMed,31827967,,2019,algino,10.1155/2019/1581736,Case Rep Surg,Epidermoid Cysts in a Wandering Spleen: An Unusual Enigma.
272,PubMed,31816207,,2019,lim,,S D Med,Wandering Spleen in a 1-Year-Old Girl: An Enigmatic Journey to Find the Hiding  Necrotic Spleen.
273,PubMed,31811094,,2019,camarillo,10.1136/bcr-2019-232494,BMJ Case Rep,Wandering spleen: a rare complication of sleeve gastrectomy.
274,PubMed,31807373,,2019,khan,10.7759/cureus.5985,Cureus,Symptomatic Intrathoracic Splenosis More than Forty Years After a Gunshot Injury.
275,PubMed,31788290,,2019,degheili,10.1002/ccr3.2419,Clin Case Rep,Pelvic splenosis-A rare cause of pelvic mass.
276,PubMed,31777729,,2019,lee,10.5223/pghn.2019.22.6.608,Pediatr Gastroenterol Hepatol Nutr,Chronic Gastric Volvulus as a Late Complication of Hepatectomy for Hepatoblastoma  in a Child: A Case Report.
277,PubMed,31679741,,2020,rey,10.1016/j.ciresp.2019.09.009,Cir Esp (Engl Ed),Torsion of a wandering spleen.
278,PubMed,31646719,,2020,han,10.1111/ans.15542,ANZ J Surg,Rare case of wandering spleen causing intra-thoracic megacolon.
279,PubMed,31617809,,2019,fox-alvarez,10.2460/javma.255.9.1027,J Am Vet Med Assoc,"Evaluation of a novel technique involving ultrasound-guided, temporary,  percutaneous gastropexy and gastrostomy catheter placement for providing sustained gastric decompression in dogs with gastric dilatation-volvulus."
280,PubMed,31580314,,2019,sammartano,10.23750/abm.v90i3.7767,Acta Biomed,Validation of in vitro labeling method for human use of heat-damage red blood  cells to detect splenic tissue and hemocateretic function.
281,PubMed,31560339,,2019,ng,,Am Surg,Wandering Spleen with 720-degree Torsion Treated with Splenectomy and Distal  Pancreatectomy.
282,PubMed,31549337,,2020,renno,10.1007/s12328-019-01045-y,Clin J Gastroenterol,Diagnosis of intrapancreatic accessory spleen by endoscopic ultrasound-guided  fine-needle aspiration mimicking a pancreatic neoplasm: a case report and review of literature.
283,PubMed,31530528,,2019,sahoo,10.5152/tjg.2019.18657,Turk J Gastroenterol,What is a disappearing intra-abdominal mass?
284,PubMed,31492728,,2019,manoharan,10.1136/bcr-2019-229948,BMJ Case Rep,Unusual pseudocyst in a wandering spleen.
285,PubMed,31445501,,2019,awan,10.1016/j.ijscr.2019.06.040,Int J Surg Case Rep,Torsion of wandering spleen treated by laparoscopic splenopexy: A case report.
286,PubMed,31440319,,2019,taylor,10.1016/j.radcr.2019.06.018,Radiol Case Rep,Wandering spleen with splenic torsion in a child with DiGeorge syndrome.
287,PubMed,31406036,,2019,kim,10.1292/jvms.19-0258,J Vet Med Sci,A case of acute splenic vein thrombosis in a dog.
288,PubMed,31371695,,2019,matsuyama,10.12659/ajcr.916845,Am J Case Rep,A Case of Small Intestinal Ileus Due to Wandering Spleen with a Large Cyst.
289,PubMed,31352320,,2019,nastiti,10.1016/j.ijscr.2019.07.021,Int J Surg Case Rep,Emergency laparoscopic splenectomy for torsion of wandering spleen in a geriatric  patient: A case report.
290,PubMed,31319072,,2019,de'ath,10.1053/j.gastro.2019.07.022,Gastroenterology,Overeating and a Wandering Spleen: What Is the Link?
291,PubMed,31210954,,2019,gandhi,10.1177/2054270419851325,JRSM Open,Wandering spleen in a geriatric patient - a rare presentation of gastric  volvulus.
292,PubMed,31193859,,2019,asafu,10.1016/j.radcr.2019.05.018,Radiol Case Rep,"Concurrent occurrence of a wandering spleen, organoaxial gastric volvulus,  pancreatic volvulus, and cholestasis - A rare cause of an acute abdomen."
293,PubMed,31131126,,2019,seif,10.1259/bjrcr.20180051,BJR Case Rep,Splenic torsion with involvement of pancreas and descending colon in a 9-year-old  boy.
294,PubMed,31092484,,2019,molina,10.1136/bcr-2018-228425,BMJ Case Rep,Splenic infarction from vascular torsion in a child with normal splenic anatomy.
295,PubMed,31040610,,2019,zugail,10.4103/ua.ua_47_18,Urol Ann,Splenorenal fusion mimicking renal cancer: One case report and literature review.
296,PubMed,30970171,,2019,short,10.1002/bies.201800234,Bioessays,Targeting the Spleen as an Alternative Site for Hematopoiesis.
297,PubMed,30931139,,2018,lemos,10.1259/bjrcr.20180024,BJR Case Rep,Splenosis of the abdomen and pelvis complicated by torsion of a splenic implant  clinically mimicking an acute bowel ischemia.
298,PubMed,33536831,,2019,ozcaglayan,10.14744/semb.2017.07379,Sisli Etfal Hastan Tip Bul,Contrast-Enhanced Computed Tomographic Findings of the Wandering Spleen: A Case  Report.
299,PubMed,30876653,,2019,karapolat,10.1016/j.amjms.2019.01.016,Am J Med Sci,Torsion of the Wandering Spleen.
300,PubMed,30809877,,2019,fujiwara,10.1111/ped.13760,Pediatr Int,Splenic torsion and polysplenia syndrome in a 10-year-old girl.
301,PubMed,30778694,,2019,kubo,10.1186/s40792-019-0582-0,Surg Case Rep,Laparoscopic splenectomy for polysplenia with splenic torsion: a case report.
302,PubMed,30768070,,2019,menendez-moreno,10.24875/ciru.18000373,Cir Cir,Atraumatic splenic rupture secondary to appendicular perforation by cecal  volvulus.
303,PubMed,30758809,,2019,trinci,10.1007/s40477-019-00359-4,J Ultrasound,A rare case of accessory spleen torsion in a child diagnosed by ultrasound (US)  and contrast-enhanced ultrasound (CEUS).
304,PubMed,30694749,,2019,baugh,10.1016/j.jss.2018.11.032,J Surg Res,Pancreatic Incidentalomas: A Management Algorithm for Identifying Ectopic  Spleens.
305,PubMed,30572857,,2018,niu,10.1186/s12893-018-0461-9,BMC Surg,Thoracic splenosis presenting as pulmonary space-occupying lesion.
306,PubMed,30569981,,2018,bernardes,10.1590/1806-9282.64.12.1075,Rev Assoc Med Bras (1992),An unusual cause of acute abdomen: wandering spleen with infarction.
307,PubMed,30555950,,2019,bellantoni,10.1016/j.ensci.2018.11.021,eNeurologicalSci,Simple schwannomatosis or an incomplete Coffin-Siris? Report of a particular  case.
308,PubMed,30457661,,2018,hurtig,,Lakartidningen,[Torsion of wandering spleen - unusual cause to acute abdominal pain in pediatric  patients].
309,PubMed,30403608,,2018,falcao,,Cell Mol Biol (Noisy-le-grand),Ectopic spleen mimicking hepatocellular carcinoma in the late post-operative  period of bariatric surgery.
310,PubMed,30357080,,2018,khan,10.7759/cureus.3177,Cureus,Torsion of Wandering Spleen with Infarction.
311,PubMed,30324789,,2018,vaynshtein,,Isr Med Assoc J,Wandering Spleen: Three Subsequent Cases in Young Women.
312,PubMed,30293757,,2019,guvendi,10.1016/j.ciresp.2018.08.014,Cir Esp (Engl Ed),Wandering spleen and intestinal malrotation.
313,PubMed,30260109,,2018,pasten,,Cir Pediatr,[Endoscopic management of gastric volvulus in a 8-years old girl].
314,PubMed,30115712,,2018,kariya,10.1136/bcr-2018-224917,BMJ Case Rep,Wandering spleen caused by subcapsular haemorrhage.
315,PubMed,30087001,,2019,rodriguez,10.1016/j.rx.2018.07.002,Radiologia (Engl Ed),Diagnostic imaging of abnormalities in the number and location of the spleen.
316,PubMed,30065530,,2018,bayramoglu,10.4103/jmu.jmu_25_18,J Med Ultrasound,Partial Splenic Torsion in situ: Revealed by Ultrasound and Computed Tomography.
317,PubMed,30034889,,2018,lourdusamy,10.1155/2018/7573835,Case Rep Gastrointest Med,The Importance of Recognizing Wandering Spleen as a Cause of Recurrent Acute  Pancreatitis.
318,PubMed,30021736,,2018,mohseni,10.1136/bcr-2018-224952,BMJ Case Rep,Splenic torsion: a rare cause of abdominal pain.
319,PubMed,30019879,,2019,barabino,10.23736/s0026-4733.18.07841-0,Minerva Chir,"""Wandering spleen"" as a rare cause of recurrent abdominal pain: a systematic  review."
320,PubMed,29950372,,2018,anand,10.1136/bcr-2018-225496,BMJ Case Rep,Acute torsion of a wandering spleen: a paediatric emergency.
321,PubMed,29911755,,2018,cohen,,Isr Med Assoc J,Emergencies in the Treatment of Wandering Spleen.
322,PubMed,29889641,,2018,spears,10.2460/javma.252.12.1463,J Am Vet Med Assoc,What Is Your Diagnosis?
323,PubMed,29876050,,2018,rafie,10.1093/jscr/rjy107,J Surg Case Rep,Torsion of a wandering spleen as a cause of portal hypertension and mesenteric  varices: a rare aetiology.
324,PubMed,29737310,,2019,alqadi,10.4103/jmas.jmas_14_18,J Minim Access Surg,Is laparoscopic approach for wandering spleen in children an option?
325,PubMed,29657312,,2018,lupianez-merly,10.12659/ajcr.908276,Am J Case Rep,Left Upper-Quadrant Appendicitis in a Patient with Congenital Intestinal  Malrotation and Polysplenia.
326,PubMed,29602063,,2018,than,10.1016/j.ijscr.2018.03.028,Int J Surg Case Rep,Wandering spleen with horseshoe kidney a rare occurrence.
327,PubMed,29546013,,2017,correia,10.1016/j.ijscr.2017.11.011,Int J Surg Case Rep,Partial Splenectomy in the treatment of an adult with beta thalassemia intermedia: A  case report.
328,PubMed,29529542,,2018,viana,10.1016/j.ijscr.2018.02.032,Int J Surg Case Rep,"Splenic torsion, a challenging diagnosis: Case report and review of literature."
329,PubMed,29521675,,2018,freund,10.1097/sle.0000000000000518,Surg Laparosc Endosc Percutan Tech,Splenectomy in Gaucher Disease: A Call for Minimally Invasive Surgery.
330,PubMed,29482086,,2018,rizzuto,10.1016/j.ijscr.2018.01.017,Int J Surg Case Rep,Laparoscopic splenectomy for a simultaneous wandering spleen along with an  ectopic accessory spleen. Case report and review of the literature.
331,PubMed,29458805,,2018,hallisey,10.1016/j.annemergmed.2017.09.030,Ann Emerg Med,Man With Abdominal Pain.
332,PubMed,29450603,,2018,zhang,10.1007/s00261-018-1488-1,Abdom Radiol (NY),"A ""wandering spleen""."
333,PubMed,29409991,,2018,taydas,10.1053/j.gastro.2017.11.288,Gastroenterology,"A Multicystic, Malrotated Pancreas in a Patient With Wandering Spleen."
334,PubMed,29245220,,2017,pagkratis,10.1097/md.0000000000008599,Medicine (Baltimore),"Case report of intestinal non-rotation, heterotaxy, and polysplenia in a patient  with pancreatic cancer."
335,PubMed,29197844,,2017,danse,10.1136/bcr-2017-222214,BMJ Case Rep,Volvulus of a wandering pelvic spleen: CT diagnosis with 3D reformatted  illustration.
336,PubMed,29064546,,2018,hui,10.5603/fm.a2017.0097,Folia Morphol (Warsz),Wandering spleen: a unique cause of acute abdomen.
337,PubMed,28953636,,2017,ren,10.1097/md.0000000000008116,Medicine (Baltimore),Colonic obstruction caused by accessory spleen torsion: A rare case report and  literature review.
338,PubMed,28875287,,2018,tagliabue,10.1007/s11605-017-3560-5,J Gastrointest Surg,The Wandering Spleen.
339,PubMed,28774572,,2018,ayyildiz,10.1016/j.ciresp.2017.05.011,Cir Esp (Engl Ed),Wandering spleen.
340,PubMed,28756363,,2017,termos,10.1016/j.ijscr.2017.07.037,Int J Surg Case Rep,Torsion of huge wandering accessory spleen. Case report and review of literature.
341,PubMed,28749303,,2017,hinton,10.1638/2016-0112r.1,J Zoo Wildl Med,GASTRIC DILATATION VOLVULUS IN ADULT MANED WOLVES (CHRYSOCYON BRACHYURUS).
342,PubMed,28733740,,2017,morgan,10.1007/s00464-017-5630-x,Surg Endosc,"Laparoscopic splenopexy for wandering spleen, a video demonstration of technique  by encircling the spleen with polyglactin 910 woven mesh."
343,PubMed,28723778,,2017,baldolli,10.1097/md.0000000000007552,Medicine (Baltimore),Thoracic splenosis mimicking a pleuropneumonia: A case report.
344,PubMed,28699604,,2017,gungor,10.5152/tjg.2017.17035,Turk J Gastroenterol,Torsion of a wandering spleen in an adolescent with Gaucher disease.
345,PubMed,28648152,,2017,demirel,,Ugeskr Laeger,[Wandering spleen in a patient hospitalized with acute abdomen].
346,PubMed,30062256,,2017,patel,10.1016/j.case.2017.03.004,CASE (Phila),Multiple Cardiac Papillary Fibroelastomas.
347,PubMed,28631052,,2018,varga,10.1007/s00276-017-1893-0,Surg Radiol Anat,"Anatomic variations of the spleen: current state of terminology, classification,  and embryological background."
348,PubMed,28459078,,2017,jha,10.14309/crj.2017.54,ACG Case Rep J,Wandering Spleen and Portal Hypertension: A Vicious Interplay.
349,PubMed,28385371,,2018,reisner,10.1067/j.cpradiol.2017.02.007,Curr Probl Diagn Radiol,Wandering Spleen: An Overview.
350,PubMed,28315152,,2017,feng,10.1007/s11701-017-0690-4,J Robot Surg,Bilateral robotic transabdominal adrenalectomy in a patient with intestinal  malrotation.
351,PubMed,28281478,,2017,zorron,10.4103/0972-9941.195567,J Minim Access Surg,Single port laparoscopic splenectomy for wandering spleen with splenomegaly in a  patient with Wolf-Hirschhorn syndrome.
352,PubMed,28277264,,2018,bacha,10.1016/j.revmed.2016.09.008,Rev Med Interne,[Pulmonary opacity].
353,PubMed,28272028,,2017,barra,,Ann Ital Chir,Bilobate wandering spleen with doble torsion of the vascular pedicle. A case  report.
354,PubMed,28264229,,2018,lai,10.1111/ans.13859,ANZ J Surg,You wander... you lose! Importance of surgical intervention in wandering spleen.
355,PubMed,28256499,,2017,yilmaz,10.4103/1119-3077.201431,Niger J Clin Pract,Portal venous thrombosis developing after torsion of a wandering spleen.
356,PubMed,28140311,,2017,mattioni,,Medicina (B Aires),[Wandering spleen: an unusual cause of acute abdomen].
357,PubMed,28009140,,2016,peretti,10.4081/pmc.2016.119,Pediatr Med Chir,Wandering spleen with a ten-time twisted vascular pedicle.
358,PubMed,27499224,,2016,touarsa,10.1016/j.lpm.2016.06.005,Presse Med,[Upper gastrointestinal bleeding in portal hypertensive gastropathy reveals a  wandering spleen].
359,PubMed,27703832,,2016,cantone,10.1155/2016/6450765,Case Rep Surg,Wandering Spleen and Organoaxial Gastric Volvulus after Morgagni Hernia Repair: A  Case Report and Review of the Literature.
360,PubMed,27638821,,2016,hesse,10.1007/s00117-016-0164-0,Radiologe,[Acute abdomen with abdominal mass and missing spleen].
361,PubMed,27583079,,2016,deme,10.11604/pamj.2016.24.15.7554,Pan Afr Med J,[Torsion of wandering spleen in a teenager: about a case].
362,PubMed,27510156,,2017,mett,10.1007/s00104-016-0266-2,Chirurg,[Longterm risk subtotal splenectomy?].
363,PubMed,27433363,,2016,din,10.1155/2016/5437971,Case Rep Pediatr,A Physician's Nightmare: Fever of Unknown Origin.
364,PubMed,27377289,,2017,kutara,10.1111/vru.12395,Vet Radiol Ultrasound,IMAGING DIAGNOSIS-ECTOPIC SPLEEN MIMICKING HEPATIC TUMOR WITH INTRA-ABDOMINAL  METASTASES INVESTIGATED VIA TRIPLE-PHASE HELICAL COMPUTED TOMOGRAPHY IN A DOG.
365,PubMed,27329561,,2017,serrano-vicente,10.1016/j.remn.2016.05.003,Rev Esp Med Nucl Imagen Mol,Pancreatic accessory spleen. False positive with (99m)Tc-Octreotide.
366,PubMed,27298644,,2016,iorio,10.1007/s40477-015-0178-x,J Ultrasound,Locally vascularized pelvic accessory spleen.
367,PubMed,30363305,,2017,aguirre,10.1259/bjrcr.20150342,BJR Case Rep,Wandering spleen torsion-use of contrast-enhanced ultrasound.
368,PubMed,27248774,,2016,radillo,10.1097/pec.0000000000000642,Pediatr Emerg Care,The Great Pretender: Pediatric Wandering Spleen: Two Case Reports and Review of  the Literature.
369,PubMed,27221130,,2016,omata,10.1186/s40792-016-0175-0,Surg Case Rep,Acute gastric volvulus associated with wandering spleen in an adult treated  laparoscopically after endoscopic reduction: a case report.
370,PubMed,27144203,,2016,bastidas,10.14309/crj.2016.48,ACG Case Rep J,Endoscopic Ultrasound-Guided Needle-Based Probe Confocal Laser Endomicroscopy  (nCLE) of Intrapancreatic Ectopic Spleen.
371,PubMed,27126675,,2016,hartinger,10.1007/s00120-016-0092-7,Urologe A,[Big surprise in the lesser pelvis].
372,PubMed,27084901,,2016,shi,10.1136/bcr-2016-214839,BMJ Case Rep,Torsion of the normally positioned spleen.
373,PubMed,27057261,,2016,chauhan,10.12659/pjr.895972,Pol J Radiol,Torsion of a Wandering Spleen Presenting as Acute Abdomen.
374,PubMed,27055928,,2016,makhlouf,10.1016/j.ajg.2016.03.003,Arab J Gastroenterol,Wandering spleen in the pelvic region in an adult man with symptoms of acute  abdomen.
375,PubMed,26953920,,2016,degroot,10.2460/javma.248.6.661,J Am Vet Med Assoc,Primary splenic torsion in dogs: 102 cases (1992-2014).
376,PubMed,26943424,,2015,ozeki,10.1186/s40792-015-0101-x,Surg Case Rep,Torsion of an accessory spleen: a rare case preoperatively diagnosed and cured by  single-port surgery.
377,PubMed,26943371,,2015,sato,10.1186/s40792-014-0003-3,Surg Case Rep,Laparoscopic splenectomy for a wandering spleen complicating gastric varices:  report of a case.
378,PubMed,30805467,,2016,hussain,10.1016/j.ijpam.2015.12.001,Int J Pediatr Adolesc Med,Torsion of wandering spleen.
379,PubMed,26889148,,2015,grambow,10.1159/000442115,Viszeralmedizin,Ectopic Spleen Tissue - an Underestimated Differential Diagnosis of a  Hypervascularised Liver Tumour.
380,PubMed,26883137,,2016,unal,10.1007/s13244-016-0467-8,Insights Imaging,Imaging findings of splenic emergencies: a pictorial review.
381,PubMed,26853294,,2016,ahmadi,,Acta Med Iran,A Rare Case of Splenic Torsion with Sigmoid Volvulus in a 14-Year-Old Girl.
382,PubMed,26783008,,2016,islam,10.1136/bcr-2015-213029,BMJ Case Rep,Synchronic volvulus of splenic flexure and caecum: a very rare cause of large  bowel obstruction.
383,PubMed,26730110,,2015,koseoglu,10.1007/s12262-013-0993-2,Indian J Surg,An Unusual Reason for Gastric Variceal Hemorrhage: Wandering Spleen.
384,PubMed,30079655,,2016,dossouvi,,Mali Med,[Torsion of wandering spleen: a case report in the Kara University Hospital  (Togo)].
385,PubMed,26670205,,2015,engler,10.1016/j.ijscr.2015.10.041,Int J Surg Case Rep,Ectopic spleen and liver hemangioma mimicking metastatic pancreatic  neuroendocrine tumor.
386,PubMed,26655213,,2016,versteegh,10.1016/j.jpedsurg.2015.10.060,J Pediatr Surg,Antenatally diagnosed right-sided stomach (dextrogastria): A rare rotational  anomaly.
387,PubMed,26640582,,2015,zhang,10.3892/etm.2015.2732,Exp Ther Med,Ectopic splenic autotransplantation following traumatic injury: A case report.
388,PubMed,26629290,,2015,flores-rios,10.3941/jrcr.v9i10.2475,J Radiol Case Rep,"Wandering spleen, gastric and pancreatic volvulus and right-sided descending and  sigmoid colon."
389,PubMed,26620993,,2015,jude,10.15537/smj.2015.12.12363,Saudi Med J,Torsion of a wandering spleen. A rare cause of acute abdomen.
390,PubMed,26598388,,2016,kaseta,10.1016/j.trim.2015.11.003,Transpl Immunol,Quantitative evaluation of the transplanted lin(-) hematopoietic cell migration  kinetics.
391,PubMed,26591299,,2015,esayas,,Ethiop Med J,SPLENIC TORTION IN A WANDERING SPLEEN: A CASE REPORT FROM AYDER REFERRAL  HOSPITAL.
392,PubMed,26576796,,2015,karaosmanoglu,10.1007/s10396-015-0622-8,J Med Ultrason (2001),Wandering spleen with volvulus of pancreas.
393,PubMed,26500956,,2015,rajaram,10.7860/jcdr/2015/13135.6541,J Clin Diagn Res,Ectopic Spleen Presenting as Lump Abdomen: A Rare Case Report and Review of  Literature.
394,PubMed,26489700,,2018,urbonas,10.1111/ans.13372,ANZ J Surg,Torsion of an ectopic spleen: a possible late complication of paraoesophageal  hernia repair.
395,PubMed,26380497,,2015,singh,,J Reprod Med,Wandering Spleen. A Case of Spontaneous Hemoperitoneum in an HIV-positive Patient  with Recurrent Tuboovarian Abscess.
396,PubMed,26379994,,2015,jiang,,Int J Clin Exp Med,Acute torsion of wandering spleen in a 17-year-old girl.
397,PubMed,26349180,,2014,singla,10.7869/tg.234,Trop Gastroenterol,Wandering spleen: a rare clinical entity.
398,PubMed,26324218,,2015,ballard,10.1016/j.clinimag.2015.06.012,Clin Imaging,Atraumatic splenic rupture and ileal volvulus following cocaine abuse.
399,PubMed,26303736,,2015,torri,10.1111/ases.12188,Asian J Endosc Surg,Urgent laparoscopic mesh splenopexy for torsion of wandering spleen and distal  pancreas: A case report.
400,PubMed,26240117,,2017,puranik,10.1093/gastro/gov034,Gastroenterol Rep (Oxf),Wandering spleen: a surgical enigma.
401,PubMed,26225153,,2015,mohammadi,,Maedica (Bucur),Wandering Spleen: Whirlpool Appearance in Color Doppler Ultrasonography. A Case  Report.
402,PubMed,26171637,,2015,hao,10.1089/lap.2015.0260,J Laparoendosc Adv Surg Tech A,Radiofrequency-Assisted Partial Splenectomy Plus Splenopexy--A Modified Surgical  Procedure for Wandering Spleen: A Case Report.
403,PubMed,26139504,,2016,cianci,10.1007/s00464-015-4363-y,Surg Endosc,Spleen assessment after laparoscopic transperitoneal left adrenalectomy:  preliminary results.
404,PubMed,28149130,,2016,yoldas,10.5152/ucd.2015.2850,Ulus Cerrahi Derg,Laparoscopic splenectomy for a wandering spleen causing chronic pelvic pain.
405,PubMed,26072553,,2015,tandilava,,Klin Khir,[Twisting of migrating spleens in a child aging 14 years].
406,PubMed,26057579,,2015,jayewickreme,10.1016/j.ydbio.2015.05.024,Dev Biol,Control of stomach smooth muscle development and intestinal rotation by  transcription factor BARX1.
407,PubMed,25955145,,2015,reinhart,10.5326/jaaha-ms-6129,J Am Anim Hosp Assoc,Chronic splenic torsion in two dogs.
408,PubMed,25934026,,2015,saavedra-perez,10.1016/j.surg.2014.01.012,Surgery,Volvulus of the splenic flexure of colon: The coffee bean and whirl signs.
409,PubMed,25897284,,2014,faridi,,Malays J Med Sci,Wandering Spleen- A diagnostic Challenge: Case Report and Review of Literature.
410,PubMed,25824922,,2015,sojo-rodriguez,,Rev Esp Enferm Dig,Acute abdomen due to torsion of the wandering spleen.
411,PubMed,25755964,,2014,rellum,10.1055/s-0034-1370776,European J Pediatr Surg Rep,Splenorenal collaterals as hallmark for a twisted wandering spleen in a  14-year-old girl with abdominal pain: a case report.
412,PubMed,25755963,,2014,katsura,10.1055/s-0033-1357262,European J Pediatr Surg Rep,Single-incision laparoscopic splenectomy and splenic autotransplantation for an  enlarged wandering spleen with torsion.
413,PubMed,25738479,,2015,wu,10.1097/md.0000000000000586,Medicine (Baltimore),Solitary perihepatic splenosis mimicking liver lesion: a case report and  literature review.
414,PubMed,25640790,,2015,aswani,10.6092/1590-8577/2905,JOP,Wandering spleen with torsion causing pancreatic volvulus and associated  intrathoracic gastric volvulus. An unusual triad and cause of acute abdominal pain.
415,PubMed,25630326,,2014,ho,10.11622/smedj.2014185,Singapore Med J,Wandering spleen with chronic torsion in a patient with thalassaemia.
416,PubMed,25518790,,2014,riaz,,J Coll Physicians Surg Pak,Torsion of a wandering spleen: an unusual abdominal catastrophe.
417,PubMed,25496925,,2014,allen,10.1053/j.tcam.2014.09.001,Top Companion Anim Med,Gastropexy for prevention of gastric dilatation-volvulus in dogs: history and  techniques.
418,PubMed,25460427,,2014,perin,10.1016/j.ijscr.2014.10.045,Int J Surg Case Rep,Accessory wandering spleen: Report of a case of laparoscopic approach in an  asymptomatic patient.
419,PubMed,25437661,,2014,zhu,10.1016/j.ijscr.2014.11.032,Int J Surg Case Rep,Post-splenectomy intrapancreatic accessory spleen mimicking endocrine tumor of  the pancreas.
420,PubMed,25426231,,2014,maksoud,10.3941/jrcr.v8i6.1534,J Radiol Case Rep,Tale of a wandering spleen: 1800 degree torsion with infarcted spleen and  secondary involvement of liver.
421,PubMed,25426221,,2014,clark,10.3941/jrcr.v8i10.1969,J Radiol Case Rep,Dynamic MRI in the diagnosis and post surgical evaluation of wandering spleen.
422,PubMed,25392630,,2014,piccoli,10.4293/jsls.2014.00278,JSLS,Laparoscopic transperitoneal left adrenalectomy and wandering spleen risk.
423,PubMed,25356206,,2013,mcbrearty,10.1002/ccr3.9,Clin Case Rep,Wandering spleen: a potential abdominal catastrophe.
424,PubMed,25335381,,2014,olasehinde,,Afr J Med Med Sci,"Torsion of wandering spleen, an unusual cause of acute abdomen; a report of two  cases."
425,PubMed,25275421,,2015,collarino,10.1097/rlu.0000000000000601,Clin Nucl Med,Intrapancreatic accessory spleen detected by 68Ga DOTANOC PET/CT and  99mTc-colloid SPECT/CT scintigraphy.
426,PubMed,25224425,,2014,kaabar,,Tunis Med,Torsion of a wandering spleen: a case report.
427,PubMed,24976284,,2014,gorsi,10.4103/1319-3767.133026,Saudi J Gastroenterol,Pancreatic volvulus with wandering spleen and gastric volvulus: an unusual triad  for acute abdomen in a surgical emergency.
428,PubMed,24973525,,2014,blouhos,10.1016/j.ijscr.2014.05.010,Int J Surg Case Rep,Ectopic spleen: An easily identifiable but commonly undiagnosed entity until  manifestation of complications.
429,PubMed,24943137,,2015,mocanu,10.1111/ans.12723,ANZ J Surg,Accessory spleen torsion in a teenager.
430,PubMed,24886115,,2014,sharma,10.1186/1752-1947-8-133,J Med Case Rep,A torted wandering spleen: a case report.
431,PubMed,24861235,,2014,alabousi,10.1067/j.cpradiol.2014.04.002,Curr Probl Diagn Radiol,Cross-sectional imaging of nontraumatic emergencies of the spleen.
432,PubMed,24834385,,2014,goyal,,APSP J Case Rep,Salvage splenopexy for torsion of wandering spleen in a child.
433,PubMed,24791368,,2014,llorens,,Bol Asoc Med P R,Wandering spleen torsion causing acute abdominal pain in a child: case report and  review of literature.
434,PubMed,24711476,,2014,ueda,10.1136/bcr-2014-203978,BMJ Case Rep,Splenic flexure volvulus in which posture advice was effective.
435,PubMed,24710711,,2014,karakus,10.1007/s12098-014-1435-2,Indian J Pediatr,An etiologic dilemma of wandering spleen in childhood: is it congenital or  acquired?
436,PubMed,24700108,,2014,ihedioha,10.1177/0036933014530847,Scott Med J,Conservative treatment of splenic infarction and intestinal obstruction caused by  a wandering spleen.
437,PubMed,24693523,,2013,memari,10.5812/atr.9332,Arch Trauma Res,Wandering spleen in an adult man associated with the horseshoe kidney.
438,PubMed,24656146,,2014,richman,10.1016/j.surg.2012.11.015,Surgery,Wandering spleen.
439,PubMed,24649996,,2014,knafo,10.2460/javma.244.7.844,J Am Vet Med Assoc,Diagnosis and treatment of mesenteric volvulus in a red kangaroo (Macropus  rufus).
440,PubMed,24612438,,2015,gu,10.1111/ans.12551,ANZ J Surg,Acute torsion of a wandering spleen.
441,PubMed,24602190,,2014,sheikh,10.1186/1754-9493-8-12,Patient Saf Surg,Non-operative management of a rare diagnosis of splenic torsion in a child with a  history of giant omphalocele: a case report and literature review.
442,PubMed,24526755,,2015,ja,10.1177/0284185114524088,Acta Radiol,The role of US in finding intussusception and alternative diagnosis: a report of  100 pediatric cases.
443,PubMed,24516956,,2013,caselli,,Acta Gastroenterol Latinoam,[Tranverse colon volvulus].
444,PubMed,24509326,,2014,tchidjou,10.1097/mbc.0000000000000081,Blood Coagul Fibrinolysis,Wandering spleen: 'presentation in adolescent with high thrombotic risk'.
445,PubMed,24441439,,2014,bard,10.1016/j.ijscr.2013.12.019,Int J Surg Case Rep,Torsion of a huge accessory spleen in a 20-year-old patient.
446,PubMed,24426576,,2013,dash,10.1007/s12262-012-0668-4,Indian J Surg,Splenic torsion in a child with polysplenia and situs inversus: a very rare  presentation.
447,PubMed,24426389,,2013,bhanumathi,10.1007/s12262-012-0433-8,Indian J Surg,Torsion of wandering spleen in a woman presenting as emergency.
448,PubMed,24426387,,2013,misra,10.1007/s12262-012-0546-0,Indian J Surg,Giant cavernous haemangioma of the wandering spleen.
449,PubMed,24407229,,2014,lombardi,10.1007/s00247-013-2851-6,Pediatr Radiol,Wandering spleen in children: a report of 3 cases and a brief literature review  underlining the importance of diagnostic imaging.
450,PubMed,24349711,,2013,ooka,10.1177/2047981613499755,Acta Radiol Short Rep,Wandering spleen with gastric volvulus and intestinal non-rotation in an adult  male patient.
451,PubMed,24201983,,2013,cotes,10.1097/pec.0b013e3182a32079,Pediatr Emerg Care,Left upper quadrant pain: upside down spleen.
452,PubMed,24184280,,2014,bouzaidi,10.1016/j.lpm.2013.04.022,Presse Med,[Infarction of a wandering spleen - a case report].
453,PubMed,24179243,,2013,prosser,,Can Vet J,Ectopic spleen presenting with anemia and an abdominal mass in a dog.
454,PubMed,24146990,,2013,dakshinamoorthy,10.1371/journal.pone.0077394,PLoS One,Large extracellular loop of tetraspanin as a potential vaccine candidate for  filariasis.
455,PubMed,24088174,,2014,polat,10.3109/08880018.2013.831150,Pediatr Hematol Oncol,Hereditary spherocytosis and wandering spleen.
456,PubMed,24051978,,2013,scire,,Minerva Pediatr,Conservative management of accessory spleen torsion in children.
457,PubMed,24034535,,2013,king,10.1016/j.jmig.2013.02.007,J Minim Invasive Gynecol,Pelvic pain in the presence of wandering spleen.
458,PubMed,24015430,,2013,hamidian,,J La State Med Soc,Epidermoid cyst arising from an intrapancreatic accessory spleen: a case report  and a review of the literature.
459,PubMed,23980588,,2013,runge,10.1111/j.1532-950x.2013.12036.x,Vet Surg,Evaluation of single port access gastropexy and ovariectomy using articulating  instruments and angled telescopes in dogs.
460,PubMed,23915457,,2013,leci-tahiri,10.1186/1749-7922-8-30,World J Emerg Surg,Acute abdomen due to torsion of the wandering spleen in a patient with Marfan  Syndrome.
461,PubMed,23873601,,2013,oegema,10.1002/ajmg.a.36109,Am J Med Genet A,Novel no-stop FLNA mutation causes multi-organ involvement in males.
462,PubMed,23792478,,2013,anyfantakis,10.1016/j.ijscr.2013.05.002,Int J Surg Case Rep,Acute torsion of a wandering spleen in a post-partum female: A case report.
463,PubMed,23767284,,2013,doocy,10.1177/156482651303400110,Food Nutr Bull,Household economic and food security after the 2010 Pakistan floods.
464,PubMed,23760734,,2013,lhuaire,10.1007/s11605-013-2239-9,J Gastrointest Surg,A rare cause of chronic abdominal pain: recurrent sub-torsions of an accessory  spleen.
465,PubMed,23740308,,2013,lipponer,10.1055/s-0033-1335265,Rofo,[Splenic torsion in situs inversus abdominalis with polysplenia].
466,PubMed,23710135,,2013,yildiz,10.1155/2013/321810,ScientificWorldJournal,"Splenic anomalies of shape, size, and location: pictorial essay."
467,PubMed,23694917,,2013,zhang,10.3233/xst-130378,J Xray Sci Technol,X-ray computed tomography and sonography features of continuous splenogonadal  fusion.
468,PubMed,23680329,,2013,heydari,10.1016/j.ajem.2013.02.017,Am J Emerg Med,Wandering spleen presenting as small bowel obstruction.
469,PubMed,23624459,,2013,koh,10.11622/smedj.2013086,Singapore Med J,Multidetector computed tomography diagnosis of splenic flexure volvulus:  usefulness of multiplanar reformats.
470,PubMed,23608015,,2013,nielsen,,Ugeskr Laeger,[Wandering spleen].
471,PubMed,23608013,,2013,helvind,,Ugeskr Laeger,[Splenic torsion as cause of acute abdomen in children].
472,PubMed,23549723,,2013,gobishangar,10.4038/cmj.v58i1.5363,Ceylon Med J,A rare cause of acute abdomen: torsion of a second spleen.
473,PubMed,23508931,,2013,tawfik,10.1007/s00276-013-1100-x,Surg Radiol Anat,Polysplenia syndrome: a review of the relationship with viscero-atrial situs and  the spectrum of extra-cardiac anomalies.
474,PubMed,23480945,,2013,mehta,10.1016/j.jpedsurg.2013.01.003,J Pediatr Surg,Splenic torsion after congenital diaphragmatic hernia repair: case report and  review of the literature.
475,PubMed,23480940,,2013,zarroug,10.1016/j.jpedsurg.2012.12.042,J Pediatr Surg,Wandering spleen as a cause of mesenteric and portal varices: a new etiology?
476,PubMed,23476875,,2013,lianos,10.1155/2013/561752,Case Rep Surg,Gastric volvulus and wandering spleen: a rare surgical emergency.
477,PubMed,23436284,,2013,gardner,10.1002/ajh.23425,Am J Hematol,Wandering spleen: a mobile target for radiotherapy.
478,PubMed,23433611,,2013,holst,10.1016/j.jemermed.2012.11.063,J Emerg Med,Acute abdominal pain in the pediatric emergency department: a case of right lower  quadrant wandering spleen that acutely torsed.
479,PubMed,23418034,,2013,kargl,10.1136/archdischild-2012-303481,Arch Dis Child,Acute abdomen due to splenic torsion.
480,PubMed,23416830,,2013,akhter,,Mymensingh Med J,Wandering spleen associated with beta-Thalassemia: a case report.
481,PubMed,23415210,,2012,de,,Cir Cir,[Acute torsion of wandering spleen: a rare cause of acute abdomen].
482,PubMed,23414901,,2013,tran,10.1016/j.jpedsurg.2012.11.043,J Pediatr Surg,"Prune belly syndrome, splenic torsion, and malrotation: a case report."
483,PubMed,23352860,,2013,centonze,10.1016/j.jemermed.2012.05.038,J Emerg Med,Atypical presentation of a wandering spleen in niemann-pick disease.
484,PubMed,23331810,,2013,papillon,10.1016/j.jpedsurg.2012.10.033,J Pediatr Surg,Congenital heart disease and heterotaxy: upper gastrointestinal fluoroscopy can  be misleading and surgery in an asymptomatic patient is not beneficial.
485,PubMed,23322835,,2013,lubner,10.1148/rg.331125016,Radiographics,Emergent and nonemergent nonbowel torsion: spectrum of imaging and clinical  findings.
486,PubMed,25931877,,2013,yilmaz,10.5152/ucd.2013.47,Ulus Cerrahi Derg,Torsion of wandering spleen as a rare reason for acute abdomen: A presentation of  two cases.
487,PubMed,23271043,,2013,catalano,10.1007/s10120-012-0225-7,Gastric Cancer,Endoscopic submucosal dissection in the treatment of gastric submucosal tumors:  results from a retrospective cohort study.
488,PubMed,23246505,,2012,tanaka,10.1016/j.cellimm.2012.11.007,Cell Immunol,Characterization of PrP(Sc) transmission from immune cells to neuronal cells.
489,PubMed,23238797,,2013,magowska,10.1007/s00268-012-1880-x,World J Surg,"Wandering spleen: a medical enigma, its natural history and rationalization."
490,PubMed,23155637,,2011,diaz,,Cir Pediatr,[Initial experience in single site laparoscopic surgery in a pediatric hospital  of Bogota].
491,PubMed,23019995,,2012,ben,10.5334/jbr-btr.633,JBR-BTR,"Combination of partial situs inversus, polysplenia and annular pancreas with  duodenal obstruction and intestinal malrotation."
492,PubMed,22968096,,2012,o,10.1016/j.gie.2012.07.011,Gastrointest Endosc,Ectopic spleen presenting as a gastric submucosal tumor.
493,PubMed,22966728,,2012,cecchetto,10.4081/pmc.2012.81,Pediatr Med Chir,Acute splenic torsion in children: which is the best treatment? A case report.
494,PubMed,22906354,,2012,le,10.4293/108680812x13291597716861,JSLS,Splenic torsion requiring splenectomy six years following laparoscopic Nissen  fundoplication.
495,PubMed,22897380,,2012,erkol,10.4149/bll_2012_114,Bratisl Lek Listy,Volvulus of splenic flexure: an autopsy case.
496,PubMed,22880514,,2012,kocakoc,10.5334/jbr-btr.592,JBR-BTR,Torsion of the wandering spleen.
497,PubMed,22852571,,2012,grange,10.2460/javma.241.4.461,J Am Vet Med Assoc,Evaluation of splenectomy as a risk factor for gastric dilatation-volvulus.
498,PubMed,22829098,,2013,priyadarshi,10.1007/s00261-012-9944-9,Abdom Imaging,Torsion in wandering spleen: CT demonstration of whirl sign.
499,PubMed,22808638,,2012,swenson,,Med Health R I,14 year-old female with splenic torsion.
500,PubMed,22771291,,2012,fabiano,10.1016/j.ciresp.2012.04.006,Cir Esp,[Laparoscopic splenectomy for torsion of a wandering spleen].
501,PubMed,22764656,,2012,romer,,JBR-BTR,"The accessory spleen: prevalence and imaging findings in 1,735 consecutive  patients examined by multidetector computed tomography."
502,PubMed,22730032,,2013,udare,10.1007/s12664-012-0188-y,Indian J Gastroenterol,Torsion of wandering spleen.
503,PubMed,22720985,,2012,geyer,10.2460/javma.241.1.45,J Am Vet Med Assoc,What is your diagnosis? Gastric dilatation-volvulus (GDV) with secondary  peritoneal effusion and splenic congestion or torsion.
504,PubMed,22688174,,2012,morita,,Nihon Shokakibyo Gakkai Zasshi,[Large accessory spleen torsion with a distorted fascicular structure; a case  report].
505,PubMed,22655096,,2012,khalid,,Pan Afr Med J,[Acute abdomen in a torsion of an ectopic spleen: report of a case].
506,PubMed,22551626,,2013,perez-legaz,10.1016/j.ciresp.2011.10.011,Cir Esp,[Ectopic spleen. Urgent or elective surgery?].
507,PubMed,22532185,,2012,szumilo,,Folia Morphol (Warsz),Intrapancreatic accessory spleen.
508,PubMed,22514765,,2012,bouassida,,Pan Afr Med J,A wandering spleen presenting as a hypogastric mass: case report.
509,PubMed,22509658,,2011,sudak,,Rozhl Chir,[Torsion of dystopic spleen--possible solutions].
510,PubMed,22487633,,2012,yucel,10.1097/sle.0b013e318246beb5,Surg Laparosc Endosc Percutan Tech,Laparoscopic splenectomy for the treatment of wandering spleen in a pregnant  woman: a case report.
511,PubMed,22477742,,2012,lam,,Hong Kong Med J,Acute torsion of a wandering spleen.
512,PubMed,22450011,,2012,ishibashi,10.2152/jmi.59.220,J Med Invest,Torsion of an accessory spleen with situs inversus in a child.
513,PubMed,22405183,,2012,kocak,10.1016/j.crohns.2011.12.012,J Crohns Colitis,Ectopic spleen presenting as an abdominal mass in a patient with Crohn's disease.
514,PubMed,22396942,,2012,ayaz,,Med Ultrason,Wandering spleen in a child with symptoms of acute abdomen: ultrasonographic  diagnosis. Case report.
515,PubMed,22382032,,2012,bekheit,10.1016/j.ijscr.2011.10.020,Int J Surg Case Rep,Wandering hemi-spleen: Laparoscopic management of wandering spleen in a case of  polysplenia.
516,PubMed,22381612,,2013,fonseca,10.1016/j.jemermed.2011.06.146,J Emerg Med,Torsion of a wandering spleen treated with partial splenectomy and splenopexy.
517,PubMed,22368139,,2012,chen,10.7863/jum.2012.31.3.483,J Ultrasound Med,Sonographic diagnosis of a subclinical wandering spleen: role of the decubitus  position.
518,PubMed,22287875,,2011,mirkes,10.2147/jbm.s24168,J Blood Med,The wandering spleen: an unusual case of thrombocytopenia.
519,PubMed,22259909,,2011,salem,,J Med Liban,[A case of wandering spleen: a rare cause of acute abdomen].
520,PubMed,26504696,,2012,lemke,10.3205/iprs000014,GMS Interdiscip Plast Reconstr Surg DGPW,Laparoscopic splenectomy of a wandering spleen with coincidental enormous  splenomegaly.
521,PubMed,22165526,,2011,nyundo,,Rev Med Brux,[Torsion of an ectopic spleen presented as an acute abdomen].
522,PubMed,22130511,,2012,parrondo,10.1016/j.rx.2011.05.005,Radiologia,[Solution to case 38. Torsion of the spleen].
523,PubMed,22097663,,2011,nobre,,Cir Pediatr,[Sudden abdominal pain...is it a surprise? Necrosis of an ectopic spleen].
524,PubMed,22035554,,2011,somalwar,10.1016/s0140-6736(11)61183-5,Lancet,I wonder what the mobile mass is?
525,PubMed,22008358,,2011,inoue,10.1016/j.jpedsurg.2011.06.019,J Pediatr Surg,Laparoscopic detorsion and colopexy for splenic flexure volvulus in an infant.
526,PubMed,21977832,,2010,broadis,10.4314/mmj.v22i4.63948,Malawi Med J,Paediatric wandering spleens in Malawi.
527,PubMed,21859343,,2011,garrett,10.1089/lap.2011.0148,J Laparoendosc Adv Surg Tech A,Single-incision laparoscopic approach to management of splenic pathology in  children: an early experience.
528,PubMed,21838134,,2011,kratochvil,,Rozhl Chir,[Impingement of an accessory intraabdominal organ as an uncommon intraoperative  diagnosis--a case review].
529,PubMed,21816894,,2011,chu,10.1258/ar.2011.100504,Acta Radiol,Wandering spleen with torsion and complete infarction.
530,PubMed,21808945,,2011,noushif,,Singapore Med J,Splenic pseudocyst: a rare association with splenoptosis and vertebral  segmentation anomalies.
531,PubMed,21484700,,2011,maamouri,,Tunis Med,Asymptomatic chronic torsion of a pelvic wandering spleen.
532,PubMed,21480120,,2011,irak,10.4318/tjg.2011.0165,Turk J Gastroenterol,A case of torsion of the wandering spleen presenting as hypersplenism and gastric  fundal varices.
533,PubMed,21443043,,2011,ityel,,Isr Med Assoc J,Splenic torsion of a wandering spleen.
534,PubMed,21414616,,2012,ramos-clemente,10.1016/j.ciresp.2010.10.015,Cir Esp,[Splenic torsion in a patient with ectopic spleen].
535,PubMed,21411071,,2012,planellas,10.1016/j.ciresp.2010.12.016,Cir Esp,[Laparoscopy of acute abdomen due to splenic torsion].
536,PubMed,21392125,,2011,hasegawa,10.1111/j.1442-2042.2011.02746.x,Int J Urol,Transverse testicular ectopia with splenogonadal fusion: a case report.
537,PubMed,21375417,,2011,magno,10.1089/lap.2010.0417,J Laparoendosc Adv Surg Tech A,An unusual case of acute pancreatitis and gastric outlet obstruction associated  with wandering spleen treated by laparoscopic splenopexy.
538,PubMed,21352678,,2010,familua,,Am Surg,Wandering spleen mimicking acute appendicitis-an unusual presentation of a rare  surgical anomaly.
539,PubMed,22540075,,2011,sucandy,10.4297/najms.2011.399,N Am J Med Sci,Spontaneous massive hemoperitoneum: A potentially life threatening presentation  of the wandering spleen.
540,PubMed,21229243,,2011,lips,10.1007/s00259-010-1714-8,Eur J Nucl Med Mol Imaging,Wandering spleen on a 68Ga-DOTATOC-PET/CT scan.
541,PubMed,22675015,,2011,parisinos,10.1136/bcr.08.2011.4676,BMJ Case Rep,Right abdominal mass in a 2 year-old child.
542,PubMed,20975498,,2010,montenovo,10.1097/sle.0b013e3181f69ce2,Surg Laparosc Endosc Percutan Tech,Laparoscopic splenopexy for wandering spleen: case report and review of the  literature.
543,PubMed,20941976,,2010,fagarasanu,,Chirurgia (Bucur),[Torsion of the splenic pedicle.1935].
544,PubMed,20939205,,2010,carmona,,Bol Asoc Med P R,Laparoscopic splenectomy for infarcted splenoptosis in a child: a case report.
545,PubMed,20871196,,2010,el,10.4103/1319-3767.70618,Saudi J Gastroenterol,Torsion of a wandering spleen.
546,PubMed,20852856,,2010,gok,10.1007/s00247-010-1822-4,Pediatr Radiol,Torsion of a splenule.
547,PubMed,20851558,,2012,kapan,10.1016/j.jemermed.2010.06.029,J Emerg Med,A wandering spleen presenting as an acute abdomen: case report.
548,PubMed,20739346,,2010,saouab,10.1259/bjr/88857252,Br J Radiol,Post-traumatic acute abdominal pain.
549,PubMed,20676299,,2010,schnier,,Can Vet J,A case of splenic torsion with progressive anemia and thrombocytopenia.
550,PubMed,20638536,,2010,fiquet-francois,10.1016/j.jpedsurg.2010.03.003,J Pediatr Surg,Wandering spleen in children: multicenter retrospective study.
551,PubMed,20630344,,2010,arleo,10.1016/j.clinimag.2009.09.001,Clin Imaging,Multimodality imaging of a neonatal wandering spleen.
552,PubMed,20625747,,2010,okazaki,10.1007/s00383-010-2657-7,Pediatr Surg Int,Laparoscopic splenopexy and gastropexy for wandering spleen associated with  gastric volvulus.
553,PubMed,20593169,,2010,sanchez,10.1007/s00247-010-1756-x,Pediatr Radiol,Wandering spleen causing gastric outlet obstruction and pancreatitis.
554,PubMed,20591443,,2010,maschio,10.1016/j.jpeds.2010.04.046,J Pediatr,Splenomegaly as presentation of a wandering spleen.
555,PubMed,20529485,,2010,hussain,10.1308/147870810x12699662980592,Ann R Coll Surg Engl,Splenic torsion: a case report.
556,PubMed,20512509,,2011,cripps,10.1007/s00464-010-1120-0,Surg Endosc,Video. Hand-assisted laparoscopy for wandering spleen.
557,PubMed,20362957,,2010,ghazeeri,10.1016/j.ajog.2010.02.013,Am J Obstet Gynecol,"The wanderer At 12 weeks' gestation, the patient presented with abdominal pain  and a palpable mass."
558,PubMed,20131554,,2009,biondi,,Ann Ital Chir,"[Pelvic splenomegaly. Ptosic, migrant or accessory spleen?]."
559,PubMed,20120444,,2009,dirican,,Bratisl Lek Listy,Torsion of wandering spleen.
560,PubMed,23057261,,2010,mwango,10.4314/eamj.v87i2.60605,East Afr Med J,Wandering spleen: case report.
561,PubMed,24945841,,2010,lahiri,10.1093/jscr/2010.10.4,J Surg Case Rep,A case of splenic torsion and rupture presenting as ruptured ectopic pregnancy.
562,PubMed,23754883,,2010,turhan,10.2147/imcrj.s8937,Int Med Case Rep J,Wandering spleen: Report of two cases.
563,PubMed,19995153,,2010,ozdil,10.3109/09537100903420285,Platelets,Recurrent hypersplenism caused by giant accessory spleen due to portal  hypertension after splenectomia.
564,PubMed,19959908,,2009,ohta,10.1292/jvms.001533,J Vet Med Sci,Primary splenic torsion in a Boston terrier.
565,PubMed,19946246,,2009,varga,,Med Sci Monit,Congenital anomalies of the spleen from an embryological point of view.
566,PubMed,19943607,,2009,darius,10.1080/00015458.2009.11680453,Acta Chir Belg,"A true ectopic, locally vascularized spleen: a very rare anomaly."
567,PubMed,19860367,,2009,liapis,,Clin Exp Obstet Gynecol,Ectopic pelvic spleen. Presentation of two cases.
568,PubMed,19838993,,2010,tsitouridis,10.4261/1305-3825.dir.1855-08.1,Diagn Interv Radiol,CT and MRI of intraperitoneal splenosis.
569,PubMed,19821213,,2009,parlakgumus,10.4318/tjg.2009.0018,Turk J Gastroenterol,Wandering spleen accompanied by hilar angiomatosis causing intestinal obstruction  in a paraplegic patient.
570,PubMed,19776410,,2009,tseng,10.1056/nejmicm0802024,N Engl J Med,Images in clinical medicine. Pelvic spleen.
571,PubMed,19750894,,2009,lien,10.1016/s1875-9572(09)60059-0,Pediatr Neonatol,Acute torsion of wandering spleen: report of one case.
572,PubMed,19735802,,2009,impellizzeri,10.1016/j.jpedsurg.2009.06.029,J Pediatr Surg,Accessory spleen torsion: rare cause of acute abdomen in children and review of  literature.
573,PubMed,19720280,,2009,oda,10.1053/j.gastro.2009.02.010,Gastroenterology,A solid mass in pelvic region.
574,PubMed,19717143,,2010,perez,10.1016/j.ciresp.2009.05.019,Cir Esp,[Wandering spleen in an asymptomatic patient].
575,PubMed,19693469,,2009,karabulut,10.1007/s12519-009-0043-0,World J Pediatr,Delayed presentation of congenital diaphragmatic hernia with intrathoracic  gastric volvulus.
576,PubMed,19682201,,2009,kim,10.1111/j.1440-1746.2009.05957.x,J Gastroenterol Hepatol,Education and imaging. Hepatobiliary and pancreatic: torsion of an accessory  spleen.
577,PubMed,19680643,,2010,dillman,10.1007/s00247-009-1376-5,Pediatr Radiol,"Clinical image. The ""wandering"" spleen."
578,PubMed,19679397,,2009,trotta,10.1016/j.vetpar.2009.07.022,Vet Parasitol,"Clinicopathological findings, molecular detection and characterization of Babesia  gibsoni infection in a sick dog from Italy."
579,PubMed,19665370,,2010,durowicz,10.1016/j.suronc.2009.07.003,Surg Oncol,Spleen migrating dendritic cells primed with CC531 colon cancer antigen and LPS -  is it a method to compromise liver metastases?
580,PubMed,19573677,,2009,di,10.1016/j.jpedsurg.2009.02.062,J Pediatr Surg,Abdominal pain and wandering spleen in young children: the importance of an early  diagnosis.
581,PubMed,19548195,,2010,yasuda,10.1055/s-0029-1220708,Eur J Pediatr Surg,Wandering spleen causing intestinal obstruction after repair of congenital  diaphragmatic hernia.
582,PubMed,19482269,,2009,prieto-montano,10.1016/j.ciresp.2009.01.025,Cir Esp,[Torsion of a wandering spleen].
583,PubMed,19308381,,2009,yousefzadeh,10.1007/s00247-008-1116-2,Pediatr Radiol,The position of the duodenojejunal junction: the wrong horse to bet on in  diagnosing or excluding malrotation.
584,PubMed,19390772,,2009,hirota,10.1007/s00534-009-0113-7,J Hepatobiliary Pancreat Surg,Spleen and gastrosplenic ligament preserving distal pancreatectomy under a  minimum incision approach assisted by laparoscopy.
585,PubMed,19281417,,2009,francois-fiquet,10.1089/lap.2008.0091.supp,J Laparoendosc Adv Surg Tech A,Laparoscopic gastropexy for the treatment of gastric volvulus associated with  wandering spleen.
586,PubMed,19263715,,2008,satpathi,,J Assoc Physicians India,Ectopic spleen with cirrhosis of liver.
587,PubMed,19258418,,2009,aronsohn,10.5326/0450072,J Am Anim Hosp Assoc,Prognosis for acute nontraumatic hemoperitoneum in the dog: a retrospective  analysis of 60 cases (2003-2006).
588,PubMed,19208319,,2009,iqbal,,J Coll Physicians Surg Pak,Torsion of a wandering spleen presenting as a case of acute abdomen.
589,PubMed,19174088,,2008,menendez,10.1016/s0210-5705(08)75824-2,Gastroenterol Hepatol,[Ectopic or wandering spleen associated with leukopenia and thrombocytopenia].
590,PubMed,19081521,,2008,wani,10.1016/j.cgh.2008.06.005,Clin Gastroenterol Hepatol,Gastric variceal hemorrhage secondary to torsion of wandering spleen.
591,PubMed,18942912,,2008,martinez-ramos,10.4321/s1130-01082008000800019,Rev Esp Enferm Dig,[Volvulus of the splenic flexure of the colon].
592,PubMed,22334844,,2008,alshukry,,Oman Med J,Splenic torsion.
593,PubMed,18810347,,2008,cho,10.1007/s12098-008-0181-8,Indian J Pediatr,Wandering spleen presenting as recurrent abdominal pain in a young female.
594,PubMed,18799886,,2008,yilmaz,10.1159/000155899,Eur Surg Res,Unusual association of omphalocele and wandering spleen.
595,PubMed,18783625,,2008,feroci,10.1186/1757-1626-1-149,Cases J,The torsion of a wandering pelvic spleen: A case report.
596,PubMed,18765060,,2008,lebron,,JSLS,Wandering spleen presenting as recurrent pancreatitis.
597,PubMed,18669771,,2008,wallace,10.1097/aog.0b013e3181809671,Obstet Gynecol,A wandering spleen: unusual cause of a pelvic mass.
598,PubMed,18628325,,2008,demir,10.1259/bjr/95830827,Br J Radiol,Rare coincidence of congenital short and annular pancreas with gallbladder  agenesis and splenic malrotation.
599,PubMed,18597115,,2009,dijkman,10.1007/s00431-008-0752-8,Eur J Pediatr,Vanishing spleen after Nissen fundoplication: a case report.
600,PubMed,18534317,,2008,singla,10.1016/j.ajem.2007.10.026,Am J Emerg Med,Wandering spleen presenting as bleeding gastric varices.
601,PubMed,18485931,,2008,ben,10.1016/j.jpedsurg.2007.12.077,J Pediatr Surg,Familial wandering spleen: a first instance.
602,PubMed,18440937,,2008,sodhi,10.1259/bjr/30123041,Br J Radiol,Marfanoid hypermobility syndrome and skeletal abnormalities in a rare case of  torsion of wandering spleen.
603,PubMed,18434987,,2008,safarov,,Khirurgiia (Mosk),[Torsion of floating spleen].
604,PubMed,18421191,,2008,nakajima,10.2169/internalmedicine.47.0689,Intern Med,Intrahepatic splenosis with severe iron deposition presenting with atypical  magnetic resonance images.
605,PubMed,18405033,,2008,planelles,10.4321/s0004-06142008000100012,Arch Esp Urol,[Supernumerary spleen simulating a renal tumor. Case report].
606,PubMed,18378103,,2008,cherni,10.1016/j.gcb.2008.01.035,Gastroenterol Clin Biol,[Volvulus of the small intestine in adults: CT diagnostic of polysplenia  syndrome].
607,PubMed,18376777,,2007,jans,,JBR-BTR,Wandering spleen with torsion.
608,PubMed,18317717,,2008,golder,10.1007/s00117-008-1631-z,Radiologe,[Tortuosity and calcification of the splenic artery. More than an additional  finding].
609,PubMed,18283148,,2008,chen,10.1001/archsurg.2007.33-a,Arch Surg,Image of the month. Ectopic spleen in the pancreatic tail.
610,PubMed,18261615,,2008,sen-oran,10.1016/j.transproceed.2007.11.027,Transplant Proc,"Cadaveric liver transplantation in biliary atresia splenic malformation syndrome  with the absence of retrohepatic inferior vena cava, preduodenal portal vein, and intestinal malrotation: a case report."
611,PubMed,18167432,,2007,kim,,Korean J Gastroenterol,[Chronic recurrent volvulus of the colonic splenic flexure associated with the  eventration of left diaphragm].
612,PubMed,27303560,,2008,dejohn,10.2484/rcr.v3i4.229,Radiol Case Rep,Wandering Spleen: A Rare Diagnosis with Variable Presentation.
613,PubMed,18082687,,2007,basaklar,10.1016/j.jpedsurg.2007.08.055,J Pediatr Surg,"An unusual case: a giant paraesophageal hiatal hernia with intrathoracic spleen,  preduodenal portal vein, malrotation, and left inferior vena cava."
614,PubMed,18070724,,2008,misawa,10.1016/j.amjsurg.2006.08.083,Am J Surg,Wandering spleen with chronic torsion.
615,PubMed,18049417,,2007,barbaros,10.1097/sle.0b013e3180ca9b54,Surg Laparosc Endosc Percutan Tech,Laparoscopic treatment of a wandering spleen causing partial colonic obstruction:  report of a case.
616,PubMed,17893505,,2007,rescorla,10.1097/sla.0b013e318155abb9,Ann Surg,Laparoscopic splenic procedures in children: experience in 231 children.
617,PubMed,17848333,,2007,amer,10.1016/j.jmig.2007.04.016,J Minim Invasive Gynecol,Infarcted ectopic spleen presenting as retroperitoneal mass.
618,PubMed,17761090,,2007,palanivelu,,JSLS,Laparoscopic mesh splenopexy (sandwich technique) for wandering spleen.
619,PubMed,17706517,,2007,falchetti,10.1016/j.jpedsurg.2007.03.063,J Pediatr Surg,Splenic cyst in a wandering spleen: laparoscopic treatment with preservation of  splenic function.
620,PubMed,17629171,,2007,peitsidis,,Clin Exp Obstet Gynecol,Splenosis of the peritoneal cavity resembling an adnexal tumor: case report.
621,PubMed,17594676,,2007,zarrintan,,Folia Morphol (Warsz),A wandering spleen presenting as a pelvic mass: case report and review of the  literature.
622,PubMed,17570203,,2007,ng,10.1053/j.gastro.2007.04.055,Gastroenterology,Clinical challenges and images in GI.
623,PubMed,17502172,,2007,upadhyaya,10.1016/j.jpedsurg.2007.03.001,J Pediatr Surg,Laparoscopic splenopexy and cystectomy for an enlarged wandering spleen and  splenic cyst.
624,PubMed,17484662,,2007,lacreuse,10.1089/lap.2006.0005,J Laparoendosc Adv Surg Tech A,Laparoscopic splenopexy for a wandering spleen in a child.
625,PubMed,17464253,,2007,merran,10.1016/s0221-0363(07)89854-4,J Radiol,[CT anatomy of the normal spleen: variants and pitfalls].
626,PubMed,17398279,,2007,buckley,10.1016/j.crad.2006.11.018,Clin Radiol,MRI of the wandering spleen.
627,PubMed,17395571,,2007,hsueh,10.1016/s1607-551x(09)70400-0,Kaohsiung J Med Sci,Splenic flexure colonic volvulus: a pediatric case report.
628,PubMed,17384868,,2007,tan,,Singapore Med J,Recurrent abdominal pain in a woman with a wandering spleen.
629,PubMed,17376999,,2007,liu,10.2214/ajr.05.0672,AJR Am J Roentgenol,Wandering spleen: an unusual association with gastric volvulus.
630,PubMed,17342372,,2007,soleimani,10.1007/s00595-006-3389-0,Surg Today,Surgical treatment of patients with wandering spleen: report of six cases with a  review of the literature.
631,PubMed,17342279,,2007,mittal,,Singapore Med J,Primary splenic flexure volvulus.
632,PubMed,17337837,,2007,kulkarni,10.1007/s12098-007-0018-x,Indian J Pediatr,Eventration of the diaphragm and associations.
633,PubMed,17207485,,2007,pagoti,10.1016/j.ijgo.2006.09.036,Int J Gynaecol Obstet,Ectopic spleen presenting as a pelvic mass.
634,PubMed,17206307,,2007,safioleas,,Saudi Med J,Wandering spleen with torsion of the pedicle.
635,PubMed,17192227,,2006,castellon-pavon,10.1016/s0009-739x(06)70996-4,Cir Esp,[Laparoscopic splenectomy due to torsion of a wandering spleen].
636,PubMed,17175476,,2006,huang,10.1016/s1028-4559(09)60237-0,Taiwan J Obstet Gynecol,Postcesarean splenic torsion.
637,PubMed,17146281,,2002,qandali,10.5144/0256-4947.2002.412,Ann Saudi Med,Torsion of wandering spleen: case report and literature review.
638,PubMed,17123138,,2006,takayasu,10.1007/s00595-006-3303-9,Surg Today,Splenic autotransplantation for a congested and enlarged wandering spleen with  torsion: report of a case.
639,PubMed,17070922,,2007,hamlin,10.1016/j.pharmthera.2006.08.006,Pharmacol Ther,Animal models of ventricular arrhythmias.
640,PubMed,17058642,,2006,sarria,10.1016/s0033-8338(06)73149-6,Radiologia,[Wandering spleen associated to inflammatory pseudotumor].
641,PubMed,17048452,,2006,gayer,10.1053/j.sult.2006.06.002,Semin Ultrasound CT MR,Congenital anomalies of the spleen.
642,PubMed,17018308,,2006,ben,10.1016/j.crad.2006.06.007,Clin Radiol,The wandering spleen: CT findings and possible pitfalls in diagnosis.
643,PubMed,17016699,,2006,mendi,10.1007/s00247-006-0323-y,Pediatr Radiol,Evolution of the CT imaging findings of accessory spleen infarction.
644,PubMed,17009514,,2006,mai,10.1111/j.1740-8261.2006.00169.x,Vet Radiol Ultrasound,The hilar perivenous hyperechoic triangle as a sign of acute splenic torsion in  dogs.
645,PubMed,16944182,,2006,fukuzawa,10.1007/s00383-006-1760-2,Pediatr Surg Int,Laparoscopic splenopexy for wandering spleen: extraperitoneal pocket splenopexy.
646,PubMed,16941258,,2006,kayhan,,Turk J Gastroenterol,Hypoplastic pancreas and ectopic spleen as an abdominal mass: a case report.
647,PubMed,16937293,,2006,matsushima,10.1007/s00595-006-3262-1,Surg Today,Laparoscopic repair of gastric volvulus associated with wandering spleen in an  adult: report of a case.
648,PubMed,16933842,,2006,barisic-skok,,Acta Med Croatica,[Diagnostic methods in torsion of the spleen].
649,PubMed,16921709,,2006,plummer,10.1590/s0043-31442006000200013,West Indian Med J,Splenic flexure volvulus associated with systemic lupus erythematosus: A case  report.
650,PubMed,16910845,,2006,jaeger,10.2460/javma.229.4.501,J Am Vet Med Assoc,What is your diagnosis? Splenic torsion.
651,PubMed,16832673,,2006,osuka,10.1007/s00383-006-1716-6,Pediatr Surg Int,Splenic flexure volvulus in a child with chronic idiopathic intestinal  pseudo-obstruction syndrome.
652,PubMed,16808215,,2006,mazariegos,,Am Surg,Anguishing over a spleen.
653,PubMed,16796453,,2006,kleiner,10.1089/lap.2006.16.328,J Laparoendosc Adv Surg Tech A,Pediatric wandering spleen successfully treated by laparoscopic splenopexy.
654,PubMed,16784379,,2006,parton,10.2460/javma.228.12.1895,J Am Vet Med Assoc,Gastric ulceration subsequent to partial invagination of the stomach in a dog  with gastric dilatation-volvulus.
655,PubMed,16721152,,2006,borenstein,10.1097/01.mop.0000193313.75827.e9,Curr Opin Pediatr,Heterotaxia syndromes and their abdominal manifestations.
656,PubMed,16609899,,2006,sinha,10.1007/s00383-006-1673-0,Pediatr Surg Int,Splenoptosis complicated by a large splenic cyst: case report and discussion of  combined management.
657,PubMed,16534584,,2006,lachmann,10.1007/s00247-006-0111-8,Pediatr Radiol,Visceral heterotaxia with polysplenia syndrome and haemorrhagic splenic  infarction as a rare cause of the acute paediatric abdomen.
658,PubMed,16534164,,2006,lopez-tomassetti,,J Postgrad Med,An unusual case of hemoperitoneum owing to acute splenic torsion in a child with  immunoglobulin deficiency.
659,PubMed,16527098,,2006,prada,10.1157/13085518,An Pediatr (Barc),[Supernumerary intrascrotal ectopic spleen: discontinuous splenogonadal fusion].
660,PubMed,16515121,,2005,thambidorai,,Med J Malaysia,Torsion of a wandering spleen with whorled appearance of the splenic hilum in CT  scan.
661,PubMed,16435091,,2006,volk,10.1007/s00117-005-1333-8,Radiologe,[Diagnostic imaging of splenic disease].
662,PubMed,27407856,,2006,alam,10.1016/s0377-1237(06)80169-3,Med J Armed Forces India,Torsion of Wandering Spleen: Diagnosis using Magnetic Resonance Imaging.
663,PubMed,16385380,,2005,lin,,J Formos Med Assoc,Wandering spleen with torsion and gastric volvulus.
664,PubMed,16366881,,2005,hedeshian,10.1089/lap.2005.15.670,J Laparoendosc Adv Surg Tech A,Laparoscopic splenopexy of a pediatric wandering spleen by creation of a  retroperitoneal pocket.
665,PubMed,16365821,,2005,appu,10.1007/s00534-005-1011-2,J Hepatobiliary Pancreat Surg,"Peritoneal ""pillowcase"" for the displaced spleen post-distal pancreatectomy."
666,PubMed,16317489,,2006,grinbaum,10.1007/s00261-005-0042-0,Abdom Imaging,Torsion of an accessory spleen.
667,PubMed,16309003,,2005,sharon,,Isr Med Assoc J,Weird activity and the wandering spleen.
668,PubMed,16281274,,2005,karmazyn,10.1002/jcu.20165,J Clin Ultrasound,Wandering spleen--the challenge of ultrasound diagnosis: report of 7 cases.
669,PubMed,16249609,,2005,taori,10.1259/bjr/33073529,Br J Radiol,Pseudocyst formation: a rare complication of wandering spleen.
670,PubMed,16231828,,2005,puglisi,,Chir Ital,Wandering spleen as a cause of acute abdomen: a case report.
671,PubMed,16208194,,2005,hammerer,10.1016/s0761-8417(05)84826-6,Rev Pneumol Clin,[Duplication of the superior vena cava and other malformations discovered at  insertion of a port-a-cath].
672,PubMed,16117070,,2005,abutarbush,10.2460/javma.2005.227.603,J Am Vet Med Assoc,Comparison of surgical versus medical treatment of nephrosplenic entrapment of  the large colon in horses: 19 cases (1992-2002).
673,PubMed,16109253,,2005,burcharth,,Ugeskr Laeger,[Wandering spleen].
674,PubMed,16102952,,2005,mcheik,10.1016/j.arcped.2005.06.021,Arch Pediatr,[Torsion of the spleen in children].
675,PubMed,16044649,,2005,hernandez-siverio,,Cir Pediatr,[Wandering spleen torsion].
676,PubMed,15991744,,2005,hurme,,Duodecim,[Diagnosis and treatment of acute torsion and wandering spleen].
677,PubMed,15977700,,2005,awe,10.5144/0256-4947.2005.168,Ann Saudi Med,Wandering spleen associated with a splenic cyst.
678,PubMed,15937839,,2005,martinez-ferro,10.1016/j.jpedsurg.2005.02.009,J Pediatr Surg,Laparoscopic pocket splenopexy for wandering spleen: a case report.
679,PubMed,15884278,,2004,befikadu,,Ethiop Med J,Torsion of a pelvic wandering spleen as a cause of acute abdomen in a woman: a  case report and review of the literature.
680,PubMed,15847092,,2005,marinaccio,,G Chir,[Uncommon etiology of acute abdomen in pediatric age: the torsion of spleen].
681,PubMed,15803335,,2005,esposito,10.1007/s00383-005-1403-z,Pediatr Surg Int,Enlarged wandering spleen treated with hemisplenectomy and fixation of the  residual spleen.
682,PubMed,15794055,,2004,colovic,10.2298/sarh0410327c,Srp Arh Celok Lek,[Floating spleen with chronic torsion of the pedicle causing splenomegaly and  secondary hypersplenism].
683,PubMed,15793739,,2005,schaarschmidt,10.1016/j.jpedsurg.2004.11.020,J Pediatr Surg,The technique of laparoscopic retroperitoneal splenopexy for symptomatic  wandering spleen in childhood.
684,PubMed,15723851,,2005,yilmaz,10.7863/jum.2005.24.3.379,J Ultrasound Med,Torsion of a wandering spleen associated with portal vein thrombosis.
685,PubMed,15720589,,2005,smith,10.1111/j.1532-950x.2005.00001.x,Vet Surg,Splenic torsion in an alpaca.
686,PubMed,15717114,,2005,breisch,10.1007/s10024-004-7082-2,Pediatr Dev Pathol,Autoinfarcted wandering spleen and fatal pneumococcal sepsis in an infant.
687,PubMed,15674217,,2005,saxena,10.1016/j.surg.2004.06.002,Surgery,Torsion of a wandering spleen with stomach volvulus and nonrotation:  extraperitoneal pocket splenopexy.
688,PubMed,15632981,,2004,parvaiz,10.1100/tsw.2004.208,ScientificWorldJournal,Torted and ruptured wandering spleen presenting as a surgical emergency in  pregnancy.
689,PubMed,15573637,,2003,mackintosh,,Surgeon,"Re: ""Wandering spleen: case report and literature review"" Satyadas et al. J R  Coll Edinb 2002; 47: 512-514."
690,PubMed,15573636,,2003,lane,,Surgeon,"Re: ""Wandering spleen: case report and literature review"" Satyadas et al. J R  Coll Edinb 2002; 47: 512-514."
691,PubMed,15571023,,2004,melissas,10.1080/00015458.2004.11679614,Acta Chir Belg,Experience with benign splenic disease.
692,PubMed,15449161,,2004,tobinaga,10.1007/s00595-004-2808-3,Surg Today,Transverse to descending colon volvulus and megacolon with mesenterium commune:  report of a case.
693,PubMed,15345161,,2004,cavazos,10.1089/lap.2004.14.227,J Laparoendosc Adv Surg Tech A,Laparoscopic management of the wandering spleen.
694,PubMed,15321044,,2004,hussain,,J Coll Physicians Surg Pak,Pelvic spleen with uterovaginal prolapse.
695,PubMed,15219495,,2004,tucker,10.1016/j.amjsurg.2003.11.042,Am J Surg,Recurrent torsion of a wandering spleen.
696,PubMed,15213902,,2004,hosgor,10.1016/j.jpedsurg.2004.03.050,J Pediatr Surg,Associated malformations in delayed presentation of congenital diaphragmatic  hernia.
697,PubMed,15185033,,2004,bakir,10.1007/s00261-004-0174-7,Abdom Imaging,Acute torsion of a wandering spleen: imaging findings.
698,PubMed,15174805,,2004,arda,,JBR-BTR,Intermittent torsion of a wandering spleen in a child: the role of MRI in  diagnosis.
699,PubMed,15154585,,2004,alimoglu,10.1080/00015458.2004.11679541,Acta Chir Belg,Torsion of a wandering spleen presenting with acute abdomen: a case report.
700,PubMed,15150027,,2004,deux,10.2214/ajr.182.6.1821607,AJR Am J Roentgenol,Acute torsion of wandering spleen: MRI findings.
701,PubMed,15115016,,2004,corcione,10.1007/s00464-003-4254-5,Surg Endosc,Laparoscopic splenectomy for the treatment of wandering spleen.
702,PubMed,15114488,,2004,qazi,10.1007/s00383-004-1157-z,Pediatr Surg Int,Wandering spleen: a rare cause of mesenteroaxial gastric volvulus.
703,PubMed,15024517,,2004,taori,10.1007/s00261-003-0142-7,Abdom Imaging,Wandering spleen with torsion of vascular pedicle: early diagnosis with  multiplaner reformation technique of multislice spiral CT.
704,PubMed,14972263,,2003,moran,10.1016/s0149-7944(02)00737-7,Curr Surg,Spontaneous rupture of a wandering spleen: case report and literature review.
705,PubMed,14966761,,2004,fearne,10.1016/j.jpedsurg.2003.10.033,J Pediatr Surg,Avulsion of wandering spleen after traumatic torsion.
706,PubMed,14966753,,2004,balliu,10.1016/j.jpedsurg.2003.10.025,J Pediatr Surg,Splenic haemorrhage in a newborn as the first manifestation of wandering spleen  syndrome.
707,PubMed,14963701,,2004,ajello,10.1007/s00431-003-1322-8,Eur J Pediatr,The wandering spleen: something to bear in mind in the presence of a mobile  abdominal mass.
708,PubMed,14960990,,2004,lu,10.1097/01.ta.0000033501.57290.ad,J Trauma,Wandering spleen presenting as gastric outlet obstruction after repair of  traumatic diaphragmatic hernia.
709,PubMed,14758498,,2004,vazquez,10.1007/s00383-003-1110-6,Pediatr Surg Int,Acute torsion of the spleen: diagnosis and management.
710,PubMed,14758389,,2004,al-mashat,,Saudi Med J,Wandering spleen.
711,PubMed,14752628,,2004,edwin,10.1007/s00464-003-9007-y,Surg Endosc,Laparoscopic resection of the pancreas: a feasibility study of the short-term  outcome.
712,PubMed,14710296,,2003,abba,,Saudi Med J,Wandering spleen.
713,PubMed,19861821,,2004,qazi,,Saudi J Gastroenterol,Wandering spleen.
714,PubMed,14676491,,2003,romero,10.1097/01.pec.0000101582.65509.cc,Pediatr Emerg Care,Wandering spleen: a rare cause of abdominal pain.
715,PubMed,14673541,,2003,weiand,10.1007/s00104-003-0714-7,Chirurg,"[Accessory spleen in the pancreatic tail -- a neglected entity? A contribution to  embryology, topography and pathology of ectopic splenic tissue]."
716,PubMed,14661306,,2003,baykara,,Tani Girisim Radyol,[Case report: Acute abdomen and pelvic mass due to torsion of a wandering  spleen].
717,PubMed,14644294,,2003,beutler,10.1016/j.jamcollsurg.2003.05.002,J Am Coll Surg,Splenic volvulus.
718,PubMed,14618529,,2003,estevao-costa,10.1055/s-2003-43579,Eur J Pediatr Surg,Neonatal splenic necrosis not related to wandering spleen.
719,PubMed,14614725,,2003,brown,10.1016/s0022-3468(03)00582-7,J Pediatr Surg,Wandering spleen and its complications in children: a case series and review of  the literature.
720,PubMed,14599168,,2003,gaschen,10.1111/j.1740-8261.2003.tb00506.x,Vet Radiol Ultrasound,Imaging diagnosis: the abdominal air-vasculogram in a dog with splenic torsion  and clostridial infection.
721,PubMed,12962451,,2003,dutta,,Indian J Gastroenterol,Wandering spleen.
722,PubMed,12901997,,2003,sodhi,10.1016/s0736-4679(03)00160-4,J Emerg Med,Torsion of a wandering spleen: acute abdominal presentation.
723,PubMed,12823635,,2003,jeneby,10.1034/j.1600-0684.2003.00001.x,J Med Primatol,Ectopic splenic nodules in the olive baboon (Papio cynocephalus anubis).
724,PubMed,12751865,,2003,kessler,10.7863/jum.2003.22.5.527,J Ultrasound Med,Mass at the splenic hilum: a clue to torsion of a wandering spleen located in a  normal left upper quadrant position.
725,PubMed,12744100,,2003,benfatto,,Chir Ital,Acute abdomen due to wandering spleen infarction: a case report.
726,PubMed,12738116,,2003,dalpe,10.1016/s0029-7844(02)02618-2,Obstet Gynecol,Wandering spleen as an asymptomatic pelvic mass.
727,PubMed,12738115,,2003,gilman,10.1016/s0029-7844(02)02617-0,Obstet Gynecol,Wandering spleen presenting as acute pancreatitis in pregnancy.
728,PubMed,12731249,,2002,almas,,Chirurgia (Bucur),[Volvulus of the wandering spleen].
729,PubMed,12714140,,2003,granel,10.1016/s0002-9343(03)00060-3,Am J Med,Splenic volvulus in a young woman.
730,PubMed,12685091,,2003,pasnik,10.7589/0090-3558-39.1.238,J Wildl Dis,Gastrointestinal torsion in a channel catfish (Ictalurus punctatus).
731,PubMed,12677580,,2003,kim,10.1053/jpsu.2003.50136,J Pediatr Surg,Avulsion of wandering spleen after traumatic torsion.
732,PubMed,12640148,,2003,chawla,10.1148/rg.232025110,Radiographics,Splenic torsion.
733,PubMed,12638849,,2002,githaiga,10.4314/eamj.v79i8.8834,East Afr Med J,Wandering spleen presenting as a right hypochondrial mass and intestinal  obstruction.
734,PubMed,12631009,,2003,chang,10.1034/j.1600-0455.2003.00001.x,Acta Radiol,Multidetector-row CT appearance of acute torsion of wandering spleen in a child.
735,PubMed,12587452,,2002,radevic,10.2298/aci0203067r,Acta Chir Iugosl,[Partial resection of the spleen in the treatment of benign and traumatic  lesions].
736,PubMed,12515009,,2002,priborsky,,Rozhl Chir,[Torsion of the spleen--an unusual cause of sudden acute abdomen].
737,PubMed,12493961,,2003,jain,10.1097/00003072-200301000-00011,Clin Nucl Med,An incidental pelvic spleen and splenule appearance on liver-spleen imaging.
738,PubMed,12448175,,2002,pereira,10.1016/s0210-4806(02)72830-1,Actas Urol Esp,[Infrequent left renal pseudomass: ectopic spleen].
739,PubMed,12440089,,2002,chan,,J Formos Med Assoc,Acute abdomen due to torsion of a pelvic wandering spleen.
740,PubMed,12420770,,2002,king,10.2460/javma.2002.220.973,J Am Vet Med Assoc,What is your diagnosis? Splenic torsion.
741,PubMed,12378476,,2002,steinberg,10.1053/jpsu.2002.35443,J Pediatr Surg,Clinical presentation of wandering spleen.
742,PubMed,12356230,,2002,kanmaz,10.1007/bf02722716,Indian J Pediatr,The split notochord syndrome with dorsal enteric fistula.
743,PubMed,12324776,,2002,sayeed,10.1067/msy.2002.119494,Surgery,Torsion of a wandering spleen.
744,PubMed,12197093,,2002,miele,,Pediatr Med Chir,[Torsion of a wandering spleen: ultrasonography and computer tomography in  conservative treatment. A case report].
745,PubMed,12192943,,2002,bombardieri,,Chir Ital,[Wandering spleen with torsion of the pedicle. A case report and review of the  literature].
746,PubMed,12183881,,2002,gayer,,Isr Med Assoc J,Torsion of a wandering spleen.
747,PubMed,12165835,,2002,rosin,10.1007/s00464-001-0078-3,Surg Endosc,Laparoscopic splenectomy for torsion of wandering spleen associated with celiac  axis occlusion.
748,PubMed,12045854,,2002,benevento,10.1007/s00464-002-4213-6,Surg Endosc,"Emergency laparoscopic splenectomy for ""wandering"" (pelvic) spleen: case report  and review of the literature on laparoscopic approach to splenic diseases."
749,PubMed,12018698,,2002,satyadas,,J R Coll Surg Edinb,Wandering spleen: case report and literature review.
750,PubMed,11918980,,2002,teomete,10.1016/s0895-6111(01)00037-4,Comput Med Imaging Graph,Ectopic spleen and left-sided vena cava in Beckwith-Wiedemann syndrome.
751,PubMed,11904097,,2002,hamel,10.1016/s0001-706x(02)00025-6,Acta Trop,Nonoperative treatment of splenic rupture in malaria tropica: review of  literature and case report.
752,PubMed,11870427,,2002,karantanas,10.1007/s003300100984,Eur Radiol,The value of MR angiography in predicting the risk of torsion of a pelvic spleen  during pregnancy.
753,PubMed,11846716,,2001,matorras,10.1034/j.1600-0412.2001.801215.x,Acta Obstet Gynecol Scand,Pelvic spleen: a very rare entity not to be misdiagnosed by the laparoscopic  surgeon.
754,PubMed,11770276,,2001,d'halluin,10.1016/s1297-9589(01)00226-0,Gynecol Obstet Fertil,[Torsion of the accessory spleen: an atypical etiology for acute abdomen].
755,PubMed,11760582,,2001,habib,10.1016/s0003-3944(01)00623-x,Ann Chir,[Hematemesis revealing chronic volvulus of a wandering spleen].
756,PubMed,11592523,,2001,reisli,,Turk J Pediatr,A case of osteopetrosis with pelvic ectopic spleen: an unusual association.
757,PubMed,11589600,,2000,andley,,Int Surg,Internal herniation of wandering spleen--a rare cause of recurrent abdominal  pain.
758,PubMed,11578071,,2001,wen,10.1007/s005350170051,J Gastroenterol,Sonographic findings of wandering spleen.
759,PubMed,11547636,,2001,ibanez,,Cir Pediatr,[Acute gastric volvulus secondary to asplenia in a child with Smith-Lemli-Opitz  syndrome].
760,PubMed,11528630,,2001,tashjian,10.1016/s0022-3468(01)70004-8,J Pediatr Surg,"Re: ""Gastric volvulus associated with wandering spleen in a child""."
761,PubMed,11519393,,2001,dweck,,Isr Med Assoc J,Wandering spleen in a young girl with Gaucher disease.
762,PubMed,11511506,,2001,gayer,10.1259/bjr.74.884.740767,Br J Radiol,CT findings in congenital anomalies of the spleen.
763,PubMed,11433685,,2001,bittar,,Presse Med,[Volvulus of the mobile spleen. Conservative laparoscopic treatment].
764,PubMed,11433574,,2001,resiere,10.1016/s0248-8663(01)00395-2,Rev Med Interne,"[""Wandering"" spleen revealed by hematemesis]."
765,PubMed,11429960,,2001,pelizzo,10.1007/s002610000171,Abdom Imaging,"Gastric volvulus associated with congenital diaphragmatic hernia, wandering  spleen, and intrathoracic left kidney: CT findings."
766,PubMed,11405265,,2001,patsikas,10.1111/j.1740-8261.2001.tb00931.x,Vet Radiol Ultrasound,Computed tomography diagnosis of isolated splenic torsion in a dog.
767,PubMed,11402963,,2001,zaccheo,,Radiol Med,[Wandering spleen: unusual case of pelvic mass].
768,PubMed,11395827,,2001,peitgen,10.1007/s004640040043,Surg Endosc,"Laparoscopic splenopexy by peritoneal and omental pouch construction for  intermittent splenic torsion (""wandering spleen"")."
769,PubMed,11380975,,2001,cobellis,10.1046/j.1469-0705.2001.00403.x,Ultrasound Obstet Gynecol,Ultrasound diagnosis and Doppler monitoring of a pelvic spleen in pregnancy.
770,PubMed,11321748,,2001,kao,10.1007/s002470000413,Pediatr Radiol,99mTc-sulphur-colloid and heat-denatured 99mTc-labelled red cell scans  demonstrating a giant intrapelvic spleen in a girl after splenectomy.
771,PubMed,11291719,,2001,ratan,10.1007/s005950170209,Surg Today,Left diaphragmatic eventration with a suprapubic spleen: report of a case.
772,PubMed,11288861,,2001,perez,10.1007/s003300000547,Eur Radiol,"Accessory spleen torsion: US, CT and MR findings."
773,PubMed,11255975,,2001,farthouat,10.1016/s0003-3944(00)00460-0,Ann Chir,[Unusual testicular tumor: an ectopic spleen].
774,PubMed,11202393,,2000,hardy,10.1111/j.2042-3306.2000.tb05342.x,Equine Vet J Suppl,Nephrosplenic entrapment in the horse: a retrospective study of 174 cases.
775,PubMed,11194924,,2001,aoun,10.1007/s003300000545,Eur Radiol,Left-sided omental torsion: CT appearance.
776,PubMed,11180188,,2001,bhasin,10.1002/1097-0096(200101)29:1<60::aid-jcu11>3.0.co;2-o,J Clin Ultrasound,Value of power Doppler sonography in the evaluation of torsion in a wandering  spleen.
777,PubMed,11167584,,2000,zimmermann,10.1046/j.1440-1622.2000.02008.x,Aust N Z J Surg,Wandering spleen presenting as an asymptomatic mass.
778,PubMed,11149406,,2000,emir,10.1007/s003830000353,Pediatr Surg Int,A case of wandering spleen causing urinary symptoms after correction of a  posterolateral diaphragmatic hernia.
779,PubMed,11083221,,2000,nomura,,Surg Laparosc Endosc Percutan Tech,Laparoscopic splenopexy for adult wandering spleen: sandwich method with two  sheets of absorbable knitted mesh.
780,PubMed,11051164,,2000,nawaz,10.1053/jpsu.2000.16427,J Pediatr Surg,Intrauterine torsion of a wandering spleen presenting as an abdominal cystic  swelling.
781,PubMed,11014490,,2000,szatmari,10.1136/vr.147.9.247,Vet Rec,Spontaneous resolution of splenic torsion in a dog.
782,PubMed,10997513,,2000,weber,10.5326/15473317-36-5-390,J Am Anim Hosp Assoc,Chronic primary splenic torsion with peritoneal adhesions in a dog: case report  and literature review.
783,PubMed,10983773,,2000,ratani,10.1097/00003072-200009000-00025,Clin Nucl Med,An intrathoracic wandering spleen in a patient with Ehlers-Danlos syndrome and  diaphragmatic hernia.
784,PubMed,10965321,,2000,ugolini,10.1067/msy.2000.104121,Surgery,Gastric outlet obstruction secondary to wandering spleen.
785,PubMed,10914241,,1999,ravid,,Harefuah,"[The ""wandering spleen"" syndrome]."
786,PubMed,10800003,,2000,danaci,10.1002/(sici)1097-0096(200006)28:5<246::aid-jcu6>3.0.co;2-#,J Clin Ultrasound,Power Doppler sonographic diagnosis of torsion in a wandering spleen.
787,PubMed,10799223,,2000,sirikci,,J Urol,Thoracic kidney associated with superior ectopic spleen.
788,PubMed,10770692,,1999,dindar,,Turk J Pediatr,"The split notochord syndrome with dorsal enteric fistula, meningomyelocele and  imperforate anus."
789,PubMed,10770406,,2000,spector,10.1053/jpsu.2000.0350641,J Pediatr Surg,Gastric volvulus associated with wandering spleen in a child.
790,PubMed,10692797,,1999,lo,,Ann Ital Chir,[Splenic infarction caused by vascular pedicle torsion].
791,PubMed,10574027,,1999,dinter,,Rontgenpraxis,"[Wandering spleen: detection with ultrasound, CT, MR(A) and 99mTc scintigraphy  with altered erythrocytes]."
792,PubMed,10555669,,1999,paterson,10.1148/radiographics.19.6.g99no231465,Radiographics,A pattern-oriented approach to splenic imaging in infants and children.
793,PubMed,10525216,,1999,vural,10.1002/(sici)1097-0096(199911/12)27:9<534::aid-jcu8>3.0.co;2-x,J Clin Ultrasound,Symptomatic wandering accessory spleen in the pelvis: sonographic findings.
794,PubMed,10488833,,1999,haj,10.1089/lap.1999.9.357,J Laparoendosc Adv Surg Tech A,Laparoscopic splenopexy of a wandering spleen.
795,PubMed,10486101,,1999,kapellerova,10.1007/s004310051229,Eur J Pediatr,Enuresis as a rare symptom of the dystopic spleen in a child.
796,PubMed,10452449,,1999,padilla,10.1016/s0735-6757(99)90103-1,Am J Emerg Med,Acute abdomen due to spontaneous torsion of an accessory spleen.
797,PubMed,10450220,,1999,lane,10.1177/014107689909200211,J R Soc Med,Management of a wandering spleen.
798,PubMed,10434461,,1999,catani,,Ann Ital Chir,[Laparoscopy in an abdominal emergency: the diagnosis and therapy in 3 clinical  cases of acute abdomen].
799,PubMed,10429869,,1999,blanc,,Gastroenterol Clin Biol,[Splenic infarction by torsion of its pedicle: the wandering spleen syndrome].
800,PubMed,10404483,,1999,baines,,J Small Anim Pract,What is your diagnosis?Splenic torsion.
801,PubMed,10361952,,1999,ohta,10.1097/00003072-199906000-00023,Clin Nucl Med,Tc-99m phytate images in a patient with a wandering spleen.
802,PubMed,10341802,,1999,fasse,,Rofo,[The wandering spleen--a rare differential diagnosis of acute abdomen].
803,PubMed,10203439,,1999,kanthan,10.1155/1999/828742,Can J Gastroenterol,The 'true' splenic wanderer.
804,PubMed,10050522,,1999,kurguzov,,Khirurgiia (Mosk),[Mobile spleen].
805,PubMed,9973913,,1999,kaniklides,10.1080/02841859909174413,Acta Radiol,Accessory wandering spleen associated with short pancreas. A pediatric case  report.
806,PubMed,9951938,,1998,benoist,,Hepatogastroenterology,Reversible hypersplenism after splenopexy for wandering spleen.
807,PubMed,9931595,,1998,doede,,Langenbecks Arch Chir Suppl Kongressbd,[Laparoscopy in the newborn infant--indications and procedure].
808,PubMed,9919346,,1998,khalid,,Ann Acad Med Singap,Pelvic spleen masquerading as an ovarian neoplasm.
809,PubMed,9880716,,1998,baglaj,10.1007/s003830050454,Pediatr Surg Int,Epidermoid cyst in a wandering spleen.
810,PubMed,9864785,,1998,kerleau,10.1016/s0248-8663(98)80391-3,Rev Med Interne,[Splenic volvulus or the syndrome of the wandering spleen].
811,PubMed,9856181,,1998,weijmer,,Ned Tijdschr Geneeskd,[A wandering spleen].
812,PubMed,9853224,,1998,raissaki,10.1007/s003300050562,Eur Radiol,Acute abdomen due to torsion of wandering spleen: CT diagnosis.
813,PubMed,9805807,,1998,etienne,,Ann Chir,[The wandering spleen caught in the net. Apropos of a case].
814,PubMed,9802819,,1998,hirose,10.1016/s0022-3468(98)90503-6,J Pediatr Surg,Laparoscopic splenopexy for pediatric wandering spleen.
815,PubMed,9799146,,1998,gurski,,Surg Laparosc Endosc,Laparoscopic approach to wandering spleen: a case report and an update to the  question.
816,PubMed,9786291,,1998,majeski,10.1097/00007611-199810000-00010,South Med J,Splenic artery tortuosity simulating a splenic artery aneurysm.
817,PubMed,9752476,,1998,benammar,,Ann Chir,[Torsion of a supernumerary spleen. Case report].
818,PubMed,9727262,,1998,hon,10.1111/j.1440-1673.1998.tb00513.x,Australas Radiol,Torsion of the wandering spleen.
819,PubMed,9721997,,1998,idowu,10.1016/s0022-3468(98)90161-0,J Pediatr Surg,Partial splenectomy in children under 4 years of age with hemoglobinopathy.
820,PubMed,9710140,,1998,saunders,10.1111/j.1740-8261.1998.tb01619.x,Vet Radiol Ultrasound,B-mode and Doppler ultrasound imaging of the spleen with canine splenic torsion:  a retrospective evaluation.
821,PubMed,9703603,,1998,cohen,,Surg Laparosc Endosc,Laparoscopic splenopexy for wandering (pelvic) spleen.
822,PubMed,9672348,,1998,uc,10.1111/j.1572-0241.1998.00349.x,Am J Gastroenterol,Gastric volvulus and wandering spleen.
823,PubMed,9639635,,1998,boschert,10.1007/s003830050357,Pediatr Surg Int,Splenic torsion in the presence of renal agenesis.
824,PubMed,9636743,,1998,belet,,Radiol Med,Torsion of a wandering spleen. Radiologic assessment in one case.
825,PubMed,9563230,,1998,moorthy,,Indian J Gastroenterol,Wandering spleen causing splenic flexure volvulus and obstruction.
826,PubMed,9563059,,1998,zivkovic,10.1007/s003830050300,Pediatr Surg Int,"Sutureless ""button and hole"" splenopexy."
827,PubMed,9518230,,1998,saadaoui,10.1016/s0720-048x(96)01121-7,Eur J Radiol,Acute torsion of a wandering spleen in a child: preoperative diagnosis by  ultrasonography and computed tomography.
828,PubMed,9516515,,1998,valls,10.1007/s002619900321,Abdom Imaging,Torsion of a wandering accessory spleen: CT findings.
829,PubMed,9434030,,1997,ng,10.1016/s0022-3468(97)90537-6,J Pediatr Surg,Wandering spleen presenting as duodenal obstruction after repair of congenital  diaphragmatic hernia.
830,PubMed,9420118,,1997,walcher,10.1097/00005373-199712000-00024,J Trauma,Torsion of a wandering spleen after blunt abdominal trauma.
831,PubMed,9400054,,1997,jans,,J Belge Radiol,"Torsion of accessory spleen in an adult patient: imaging findings at CT, MRI and  angiography."
832,PubMed,9322177,,1997,neath,10.1111/j.1748-5827.1997.tb03491.x,J Small Anim Pract,Retrospective analysis of 19 cases of isolated torsion of the splenic pedicle in  dogs.
833,PubMed,9499013,,1997,adamski,,Ginekol Pol,[Tumor in the minor pelvis--ectopic spleen. Case report].
834,PubMed,9324928,,1997,janthur,,Berl Munch Tierarztl Wochenschr,[Isolated splenic torsion in dogs with special emphasis on B-mode and color  doppler sonography].
835,PubMed,9378826,,1997,davidson,10.1136/jcp.50.6.532,J Clin Pathol,Intrahepatic splenic tissue.
836,PubMed,9216221,,1997,nakazawa,,Nihon Shokakibyo Gakkai Zasshi,[Torsion of an accessory spleen].
837,PubMed,9165468,,1997,ando,10.1016/s0022-3468(97)90023-3,J Pediatr Surg,Torsion of autotransplanted splenic tissue in Gaucher disease.
838,PubMed,10740719,,1997,karande,,J Postgrad Med,Gastric volvulus in childhood.
839,PubMed,9170226,,1997,martin,,Tech Urol,"Laparoscopic evaluation and management of a child with ambiguous genitalia,  ectopic spleen, and Meckel's diverticulum."
840,PubMed,9147471,,1997,barrios,,Cir Pediatr,[Wandering spleen syndrome in childhood].
841,PubMed,9114840,,1997,desai,10.1097/00007611-199704000-00017,South Med J,Wandering spleen: a challenging diagnosis.
842,PubMed,9682765,,1997,grumillier,,J Chir (Paris),[Splenic volvulus on a mobile spleen].
843,PubMed,9413067,,1997,sarimurat,10.1007/bf02385795,Surg Today,Wandering spleen in childhood: a report of three cases.
844,PubMed,9297864,,1997,benoit,,Ann Chir,[Acute intra-abdominal gastric volvulus in adults. Defect of dorsal mesogastrium  fusion].
845,PubMed,9083748,,1997,laszewicz,10.1055/s-2007-1004072,Endoscopy,Upper gastrointestinal hemorrhage secondary to ectopic spleen.
846,PubMed,9021579,,1997,nakada,10.1016/s0022-3468(97)90103-2,J Pediatr Surg,Digestive tract disorders associated with asplenia/polysplenia syndrome.
847,PubMed,8948667,,1996,moll,10.1002/(sici)1096-8652(199612)53:4<259::aid-ajh11>3.0.co;2-7,Am J Hematol,Thrombocytopenia in association with a wandering spleen.
848,PubMed,8911189,,1996,papadopoulou,10.2214/ajr.167.5.8911189,AJR Am J Roentgenol,Distal ileocolic intussusception: another cause of inversion of superior  mesenteric vessels in infants.
849,PubMed,8906486,,1996,koda,10.1002/(sici)1097-0096(199611/12)24:9<528::aid-jcu7>3.0.co;2-p,J Clin Ultrasound,The wandering spleen with collateral vessels containing gastric varices: color  Doppler ultrasound imaging.
850,PubMed,9011948,,1996,machart,,Rozhl Chir,[Chronic torsion of an ectopic spleen in the differential diagnosis of abdominal  pain in a child. Case report].
851,PubMed,8760550,,1996,horwitz,10.1097/00005373-199608000-00027,J Trauma,Traumatic rupture of a wandering spleen in a child: case report and literature  review.
852,PubMed,8881184,,1996,bonnet,10.1016/0929-693x(96)87094-1,Arch Pediatr,[Intrathoracic volvulus of the spleen revealing left posterolateral diaphragmatic  hernia].
853,PubMed,8689225,,1996,ellis,10.1002/bjs.1800830536,Br J Surg,Wandering spleen: a rare emergency condition.
854,PubMed,8633547,,1996,choi,,Am J Gastroenterol,"Recurrent acute pancreatitis: an additional manifestation of the ""wandering  spleen"" syndrome""."
855,PubMed,8925608,,1996,posillico,10.1097/00003072-199604000-00004,Clin Nucl Med,A wandering spleen. Detection by In-111 leukocyte imaging.
856,PubMed,8830147,,1996,chateil,,J Radiol,[Acute torsion of an accessory spleen].
857,PubMed,8787434,,1996,maxwell-armstrong,10.1136/adc.74.3.247,Arch Dis Child,The wandering spleen.
858,PubMed,8883242,,1996,calik,10.1007/bf00312088,Surg Today,Intestinal obstruction caused by splenic volvulus: report of a case.
859,PubMed,8653932,,1996,pizzo,,Clin Exp Obstet Gynecol,Acute abdomen from pedicle torsion ectopic pelvic spleen. A case report and  review of the literature.
860,PubMed,8653362,,1996,papakyriacou,10.1002/bjs.1800830115,Br J Surg,Wandering spleen: a rare emergency condition.
861,PubMed,8850498,,1995,lopez,10.1016/0720-048x(95)00671-c,Eur J Radiol,The wandering spleen.
862,PubMed,8536527,,1995,mcfee,10.1007/bf02220456,Dig Dis Sci,Wandering spleen with torsion in a geriatric patient. Report of an unusual case  with a brief review of the clinical picture and management.
863,PubMed,8740672,,1995,gigot,,Int Surg,Is laparoscopic splenectomy a justified approach in hematologic disorders?  Preliminary results of a prospective multicenter study. Belgian Group for Endoscopic Surgery.
864,PubMed,8583757,,1995,day,10.1111/j.1748-5827.1995.tb02769.x,J Small Anim Pract,A review of pathological diagnoses made from 87 canine splenic biopsies.
865,PubMed,8534588,,1995,shimizu,10.1007/bf03165042,Ann Nucl Med,The value of combined 99mTc-Sn-colloid and 99mTc-RBC scintigraphy in the  evaluation of a wandering spleen.
866,PubMed,8519878,,1995,dahlin,,Eur J Surg,Torsion of an accessory spleen in an adult. Case report.
867,PubMed,7628930,,1995,millis,,J Am Vet Med Assoc,Gastric dilatation-volvulus after splenic torsion in two dogs.
868,PubMed,7674215,,1995,hardie,10.1111/j.1939-1676.1995.tb03287.x,J Vet Intern Med,Splenic infarction in 16 dogs: a retrospective study.
869,PubMed,7704177,,1995,murray,10.1001/archpedi.1995.02170160114018,Arch Pediatr Adolesc Med,Radiological case of the month. Pancreatitis associated with a wandering spleen.
870,PubMed,7889709,,1995,walsh,10.1016/s0009-9260(05)83051-x,Clin Radiol,Congenital anomalies of the portal venous system--CT appearances with  embryological considerations.
871,PubMed,7756237,,1995,melikoglu,10.1055/s-2008-1066163,Eur J Pediatr Surg,Two unusual cases of wandering spleen requiring splenectomy.
872,PubMed,8975528,,1995,popovic,,Acta Chir Iugosl,[Ectopic spleen--2 case reports].
873,PubMed,7822555,,1995,fujiwara,10.1097/00004728-199501000-00016,J Comput Assist Tomogr,Torsion of the wandering spleen: CT and angiographic appearance.
874,PubMed,7802574,,1995,liu,10.1001/archsurg.1995.01430010035007,Arch Surg,Allotransplantation of whole spleen in patients with hepatic malignant tumors or  hemophilia A. Operative technique and preliminary results.
875,PubMed,7727607,,1995,peitgen,,Eur J Surg,"Management of intermittent splenic torsion (""wandering spleen""): a review."
876,PubMed,7838416,,1994,grismondi,,Minerva Ginecol,[Emergency surgical indications in pregnancy (3 rarely encountered cases)].
877,PubMed,7950828,,1994,berkenblit,10.1007/bf00206940,Abdom Imaging,Wandering spleen with torsion: appearance on CT and ultrasound.
878,PubMed,7845284,,1994,wong,,Med J Malaysia,A case of torsion of the spleen presenting as an acute abdomen.
879,PubMed,7805988,,1994,khalil,10.1016/0020-7292(94)90313-1,Int J Gynaecol Obstet,Conservative management of pelvic spleen.
880,PubMed,8010910,,1994,dawson,10.1111/j.1445-2197.1994.tb02249.x,Aust N Z J Surg,Management of the wandering spleen.
881,PubMed,8071787,,1994,murray,10.1097/00005176-199405000-00016,J Pediatr Gastroenterol Nutr,Pancreatitis caused by a wandering spleen.
882,PubMed,8067617,,1994,wilson,,Am J Vet Res,"Histologic and ultrastructural changes after large-colon torsion, with and  without use of a specific platelet-activating factor antagonist (WEB 2086), in ponies."
883,PubMed,8014820,,1994,greig,10.1016/0022-3468(94)90096-5,J Pediatr Surg,"Splenic torsion in a wandering spleen, presenting as an acute abdominal mass."
884,PubMed,8191668,,1994,marino,10.1111/j.1532-950x.1994.tb00453.x,Vet Surg,Ventricular arrhythmias in dogs undergoing splenectomy: a prospective study.
885,PubMed,7709535,,1994,bazhenov,,Vestn Khir Im I I Grek,[Splenic torsion in a child].
886,PubMed,8132792,,1994,masamune,10.1002/jcu.1870220211,J Clin Ultrasound,Ultrasonic diagnosis of torsion of the wandering spleen.
887,PubMed,8137592,,1994,goldwag,10.1097/00003072-199401000-00020,Clin Nucl Med,"The ""pseudo-pseudoaneurysm"". Left ventricular pseudoaneurysm mimicked by ectopic  spleen."
888,PubMed,8078724,,1994,phillpott,10.1007/bf02020181,Pediatr Radiol,Torsion of the spleen: an unusual presentation of congenital diaphragmatic  hernia.
889,PubMed,7885796,,1994,garcia,10.1007/bf02015024,Pediatr Radiol,Wandering spleen and gastric volvulus.
890,PubMed,7885795,,1994,seo,10.1007/bf02015022,Pediatr Radiol,"Torsion of an accessory spleen presenting as an acute abdomen with an  inflammatory mass. US, CT, and MRI findings."
891,PubMed,7800462,,1994,de,10.1007/bf02015468,Pediatr Radiol,Late-onset Bochdalek hernia with a rare postoperative complication: case report.
892,PubMed,7800451,,1994,newman,10.1007/bf02015456,Pediatr Radiol,"Recognition of malposition of the liver and spleen: CT, MRI, nuclear scan and  fluoroscopic imaging."
893,PubMed,7602924,,1994,raichuk,,Klin Khir (1962),[Torsion of accessory spleen].
894,PubMed,8306862,,1993,maderbacher,,Dtsch Tierarztl Wochenschr,[Causes of mortality in a swine breeding establishment].
895,PubMed,8213112,,1993,azar,10.3109/00016349309058171,Acta Obstet Gynecol Scand,Accessory spleen presenting as adnexal mass.
896,PubMed,8412427,,1993,christensen,,Lakartidningen,[A case report. Floating spleen with chronic torsion].
897,PubMed,8212481,,1993,robinson,10.1136/vr.133.2.48,Vet Rec,Splenic torsion in dogs.
898,PubMed,8353120,,1993,balik,10.1055/s-2008-1063537,Eur J Pediatr Surg,Splenoptosis (wandering spleen).
899,PubMed,8316667,,1993,freeman,10.1148/radiographics.13.3.8316667,Radiographics,CT of congenital and acquired abnormalities of the spleen.
900,PubMed,7690532,,1993,lee,,Ann Acad Med Singap,Histogenesis of true splenic cysts: a histological and immunohistochemical study.
901,PubMed,8266166,,1993,kum,,Singapore Med J,A rare wandering splenic cyst removed with laparoscopic assistance.
902,PubMed,8102549,,1993,balm,,Eur J Surg,Torsion of a wandering spleen.
903,PubMed,8462934,,1993,cainzos,,Hepatogastroenterology,Acute abdomen caused by torsion of the pedicle in a wandering spleen.
904,PubMed,8443301,,1993,zingman,10.1093/clind/16.2.223,Clin Infect Dis,Splenic complications in malaria: case report and review.
905,PubMed,8506473,,1993,hani,,Schweiz Arch Tierheilkd,"[The ""hemorrhagic bowel syndrome"" of swine: clinical, pathologo-anatomic and  etiopathogenic aspects]."
906,PubMed,8468733,,1993,chen,,Gaoxiong Yi Xue Ke Xue Za Zhi,Giant ectopic pelvic spleen: report of a case and review of the literature.
907,PubMed,8428305,,1993,gunning,10.1002/bjs.1800800130,Br J Surg,Symptomatic wandering spleen.
908,PubMed,8326810,,1993,lamesch,10.1007/bf00184468,Langenbecks Arch Chir,Anomalies of the position of the spleen in the child. Case report and review of  the literature from 1896 to 1990.
909,PubMed,8255657,,1993,swischuk,10.1007/bf02012458,Pediatr Radiol,Torsion of wandering spleen: the whorled appearance of the splenic pedicle on CT.
910,PubMed,1300478,,1992,perinotti,,Minerva Med,[Wandering spleen. Considerations on 2 clinical cases].
911,PubMed,1411739,,1992,allen,10.1097/00007611-199210000-00011,South Med J,Wandering spleen: anatomic and radiologic considerations.
912,PubMed,1411897,,1992,buehner,,Surg Gynecol Obstet,The wandering spleen.
913,PubMed,1392027,,1992,dal,,Ital J Gastroenterol,Splenic torsion: a rare cause of splenomegaly.
914,PubMed,1403532,,1992,schmidt,10.1016/0022-3468(92)90555-l,J Pediatr Surg,The splenic snood: an improved approach for the management of the wandering  spleen.
915,PubMed,1305134,,1992,cendrowski,,Ginekol Pol,[Ectopic spleen in pelvis minor--a case report].
916,PubMed,1582095,,1992,rodkey,10.1177/000992289203100505,Clin Pediatr (Phila),Pediatric wandering spleen: case report and review of literature.
917,PubMed,1302934,,1992,konstantinov,,Vestn Khir Im I I Grek,[Splenic torsion in a 6-month-old child].
918,PubMed,1595386,,1992,risques,,Acta Med Port,[Torsion of wandering spleen. An unusual case of abdominal pain].
919,PubMed,1471446,,1992,diel,,Zentralbl Chir,"[Pedicle torsion of the accessory spleen within the scope of the  ""polysplenia-asplenia complex"" as a rare differential diagnosis of acute abdomen]."
920,PubMed,1339897,,1992,sayad,,J Med Liban,[Volvulus of a wandering spleen on the 2nd day after birth].
921,PubMed,1802270,,1991,wrigley,,Probl Vet Med,Ultrasonography of the spleen. Life-threatening splenic disorders.
922,PubMed,1796291,,1991,diel,10.1055/s-2007-1005948,Ultraschall Med,[Acute abdomen in hemorrhage into a twisted pedicled ectopic second spleen in the  right mesogastrum].
923,PubMed,1853811,,1991,nemcek,10.2214/ajr.157.2.1853811,AJR Am J Roentgenol,Acute torsion of a wandering spleen: diagnosis by CT and duplex Doppler and color  flow sonography.
924,PubMed,1873727,,1991,jones,10.1002/bjs.1800780737,Br J Surg,Torsion of the spleen managed by splenopexy.
925,PubMed,1742531,,1991,gupta,,Ital J Gastroenterol,Wandering spleen presenting as an evanescent abdominal mass.
926,PubMed,1883116,,1991,marco,,An Esp Pediatr,[Ectopic spleen. Apropos of a case].
927,PubMed,2054084,,1991,flores-rivera,,Bol Med Hosp Infant Mex,[Prenatal testicular torsion. Presentation of a case and review of the  literature].
928,PubMed,1898552,,1991,herman,10.2214/ajr.156.1.1898552,AJR Am J Roentgenol,CT of acute splenic torsion in children with wandering spleen.
929,PubMed,1749683,,1991,herman,10.1007/bf02026685,Pediatr Radiol,"Torsion of a wandering spleen in a one month old, with a confusing ultrasound  examination."
930,PubMed,2278783,,1990,alerci,,Acta Radiol,Computed tomography of cystic lymphangioma in a wandering spleen.
931,PubMed,2099424,,1990,hems,10.1136/pgmj.66.780.838,Postgrad Med J,Torsion of an accessory spleen in an elderly patient.
932,PubMed,2264450,,1990,vassilopoulos,,Acta Chir Scand,Ectopic spleen in the retroperitoneum. Case report.
933,PubMed,2170460,,1990,kinare,10.1002/jcu.1870180712,J Clin Ultrasound,Sonographic diagnosis of splenic torsion in a spleen situated in the left upper  quadrant.
934,PubMed,2176394,,1990,abdulzhavadov,,Vestn Khir Im I I Grek,[Torsion of the spleen in pregnancy].
935,PubMed,2162860,,1990,bollinger,10.1002/jcu.1870180610,J Clin Ultrasound,Torsion of a wandering spleen: ultrasonographic findings.
936,PubMed,2223255,,1990,marchena,,Rev Esp Enferm Dig,[Torsion of an ectopic spleen as a cause of acute abdomen].
937,PubMed,2221633,,1990,villanueva,,An Esp Pediatr,[Splenic torsion in a patient with prune belly].
938,PubMed,2303996,,1990,seashore,10.1016/0022-3468(90)90438-f,J Pediatr Surg,Elective splenopexy for wandering spleen.
939,PubMed,2201144,,1990,knipping,,Zentralbl Chir,[Splenopexy of a floating spleen].
940,PubMed,2638785,,1989,naumenko,,Vestn Khir Im I I Grek,[Floating spleen simulating abdominal tumor in a child].
941,PubMed,2519380,,1989,etcheverry,,Rev Med Chil,"[Ectopic or migrating spleen and supernumerary spleens: detection and  identification with 99mTc, 51Cr and 113In radioisotopes]."
942,PubMed,2584491,,1989,dautenhahn,10.1097/00004728-198911000-00027,J Comput Assist Tomogr,Lymphoma in a pelvic spleen: CT features.
943,PubMed,2602223,,1989,tonello,10.1016/s0344-0338(89)80080-9,Pathol Res Pract,Twisting of the spleen observed in a case of polysplenic disorder associated with  situs viscerum inversus and Kartagener's syndrome.
944,PubMed,2593561,,1989,liubarskii,,Khirurgiia (Mosk),[Torsion of the accessory spleen simulating acute appendicitis].
945,PubMed,2805544,,1989,savolaine,10.1097/00003072-198908000-00014,Clin Nucl Med,Wandering spleen presenting as a pediatric pelvic mass.
946,PubMed,2792945,,1989,lifschitz,,Harefuah,[Ectopic spleen syndrome].
947,PubMed,2699379,,1989,schettini,,AMB Rev Assoc Med Bras,[Wandering spleen in children: report of 4 cases].
948,PubMed,2661792,,1989,allen,10.1016/s0022-3468(89)80395-1,J Pediatr Surg,Pediatric wandering spleen--the case for splenopexy: review of 35 reported cases  in the literature.
949,PubMed,2807461,,1989,el-mauhoub,10.1007/bf02726632,Indian J Pediatr,Wandering spleen in an infant.
950,PubMed,2709433,,1989,aquino,,J Natl Med Assoc,Wandering spleen presenting as an adnexal mass.
951,PubMed,2914775,,1989,stickle,,J Am Vet Med Assoc,Radiographic signs of isolated splenic torsion in dogs: eight cases (1980-1987).
952,PubMed,2771493,,1989,shiels,10.1007/bf02387660,Pediatr Radiol,Chronic torsion of the wandering spleen.
953,PubMed,2680129,,1989,scheye,,Chir Pediatr,[Intermittent volvulus of the spleen. Importance of splenopexy in children].
954,PubMed,3155168,,1988,codacci-pisanelli,,G Chir,[Torsion of wandering spleen. Considerations on a clinical case].
955,PubMed,3063960,,1988,robinson,,Mt Sinai J Med,Wandering spleen: case report and review.
956,PubMed,3054266,,1988,muller,10.1055/s-2008-1033745,Klin Padiatr,"[Accessory spleen torsion. Clinical picture, sonographic diagnosis and  differential diagnosis]."
957,PubMed,2971064,,1988,franic,,Can Assoc Radiol J,Torsion of a wandering spleen.
958,PubMed,3390253,,1988,huang,10.1016/0735-6757(88)90154-4,Am J Emerg Med,Hematometra presenting as acute appendicitis: a case report.
959,PubMed,3285257,,1988,denehy,,Obstet Gynecol Surv,Splenic torsion and rupture in pregnancy.
960,PubMed,3415597,,1988,steele,10.1111/j.1445-2197.1988.tb01027.x,Aust N Z J Surg,A torted pelvic spleen.
961,PubMed,3279223,,1988,kinori,10.7863/jum.1988.7.2.101,J Ultrasound Med,A truly wandering spleen.
962,PubMed,3408373,,1988,volobuev,,Arkh Patol,[A rare complication of splenic torsion in a child].
963,PubMed,3349707,,1988,bajakian,10.1097/00003072-198801000-00022,Clin Nucl Med,Wandering spleen. The use of decubitus views during hepatic imaging.
964,PubMed,3184649,,1988,kononuchenko,,Klin Khir (1962),[Splenic torsion in a 9-year-old child].
965,PubMed,3072753,,1988,nino-murcia,10.1007/bf02926568,Urol Radiol,Imaging the effects of an ectopic spleen on the urinary tract.
966,PubMed,3067882,,1988,mendes,,Chir Pediatr,[Torsion of the spleen].
967,PubMed,3686249,,1987,sustr,,Rozhl Chir,[Torsion of the spleen in children].
968,PubMed,3448037,,1987,brasch,,Int Surg,Unusual presentation on the right side of ectopic testicular spleen.
969,PubMed,3323485,,1987,grenier,,J Radiol,[Chronic volvulus of an ectopic spleen with subcapsular hematoma. CT x-ray  aspect].
970,PubMed,3320068,,1987,azoulay,,J Chir (Paris),[Volvulus of a mobile spleen. Apropos of a case diagnosed in the preoperative  period by ultrasonography].
971,PubMed,3134450,,1987,siniluoto,10.1002/jcu.1870150709,J Clin Ultrasound,A multicystic wandering spleen.
972,PubMed,3608340,,1987,sawaf,10.1097/00003072-198707000-00019,Clin Nucl Med,Wandering spleen and advanced age.
973,PubMed,3134441,,1987,williams,10.1002/jcu.1870150611,J Clin Ultrasound,Omphalocele and ectopic spleen.
974,PubMed,3586160,,1987,wood,10.1016/s0022-5347(17)44458-2,J Urol,Urological accessory splenic tissue.
975,PubMed,3601125,,1987,marsetti,,Minerva Chir,[Recurrent torsion of ectopic accessory spleen in a patient with agenesis of the  gallbladder].
976,PubMed,3815017,,1987,phillips,10.1259/0007-1285-60-710-188,Br J Radiol,Wandering spleen.
977,PubMed,3818247,,1987,mccormack,,Iowa Med,Wandering spleen in a child.
978,PubMed,3622569,,1987,park,10.1007/bf00256494,Eur J Nucl Med,Unusual case of an ectopic spleen.
979,PubMed,3548519,,1987,plaja,,An Esp Pediatr,[Wandering spleen. Discussion apropos of a case].
980,PubMed,3438105,,1987,valla,,Pediatrie,[Non-traumatic surgical pathology of the spleen in children (excluding acute  injuries)].
981,PubMed,3327197,,1987,wendt,,Tierarztl Prax,[Stomach torsion in swine].
982,PubMed,3544686,,1986,smevik,10.1177/028418518602700617,Acta Radiol Diagn (Stockh),Torsion of a wandering spleen in an infant. Report of a case and a brief review  of the literature.
983,PubMed,3783517,,1986,caracciolo,,J R Coll Surg Edinb,Wandering spleen: treatment with colonic displacement.
984,PubMed,3761933,,1986,kushch,,Khirurgiia (Mosk),[Diagnosis and treatment of splenic dystopia and torsion in children].
985,PubMed,3746608,,1986,thorup,10.1016/s0022-3468(86)80396-7,J Pediatr Surg,Late return of function after intrathoracic torsion of the spleen in congenital  diaphragmatic hernia.
986,PubMed,3749920,,1986,moreno,10.1016/s0001-2998(86)80041-1,Semin Nucl Med,The displaced spleen.
987,PubMed,3518976,,1986,scicolone,,Chir Ital,"[""Wandering spleen"": preoperative diagnosis by echotomography of the abdomen  (review of the literature and report of a case)]."
988,PubMed,3943244,,1986,groshar,10.1097/00003072-198601000-00015,Clin Nucl Med,The value of scintigraphy in the evaluation of a wandering spleen.
989,PubMed,3836170,,1985,weisbord,,Harefuah,[The clinical spectrum of wandering spleen].
990,PubMed,4024388,,1985,firor,,Urol Clin North Am,Pediatric surgical intraoperative consultations.
991,PubMed,4050251,,1985,mukendi,,Acta Chir Belg,"[Occlusive syndrome, ectopic spleen and malaria. Apropos of a case report]."
992,PubMed,4035834,,1985,constantine,,Urologe A,[Fusion of an ectopic spleen with the left kidney. Preoperative diagnosis:  adenocarcinoma of the kidney].
993,PubMed,3898381,,1985,sty,10.1016/s0001-2998(85)80005-2,Semin Nucl Med,The spleen: development and functional evaluation.
994,PubMed,3894372,,1985,liu,,J Can Assoc Radiol,Unusual position of the spleen--a report of two patients.
995,PubMed,3892271,,1985,riebel,,Monatsschr Kinderheilkd,[Torsion of a wandering spleen].
996,PubMed,3987949,,1985,samuel,10.1016/0028-2243(85)90027-9,Eur J Obstet Gynecol Reprod Biol,Acute urinary retention as presenting symptom of torsion of a wandering spleen.
997,PubMed,3983052,,1985,witz,10.1136/pgmj.61.712.181,Postgrad Med J,Torsion of a wandering spleen.
998,PubMed,3920273,,1985,agee,10.1002/jcu.1870130215,J Clin Ultrasound,Wandering pelvic spleen.
999,PubMed,3920272,,1985,tait,10.1002/jcu.1870130214,J Clin Ultrasound,The wandering spleen: an ultrasonic diagnosis.
1000,PubMed,3999893,,1985,lambrecht,10.1007/bf01262500,Langenbecks Arch Chir,[Organ preserving spleen surgery in childhood].
1001,PubMed,3971790,,1985,fuchs,,Chirurg,[Acute abdomen in congenital wandering spleen with complete pedicle torsion in  childhood. Case report].
1002,PubMed,3880638,,1985,pundaleeka,10.1016/s0196-0644(85)80738-1,Ann Emerg Med,Splenic torsion presenting as a twisted hemorrhagic ovarian cyst.
1003,PubMed,6596079,,1984,griffiths,10.1111/j.1445-2197.1984.tb05449.x,Aust N Z J Surg,Torsion of the spleen in the polysplenia syndrome.
1004,PubMed,6389625,,1984,parker,10.1097/00004728-198412000-00036,J Comput Assist Tomogr,Torsion of a wandering spleen: CT appearance.
1005,PubMed,6333975,,1984,angeras,10.1007/bf01317093,Dig Dis Sci,Acute gastric hemorrhage secondary to wandering spleen.
1006,PubMed,6527327,,1984,lau,,J R Coll Surg Edinb,Torsion of the spleen.
1007,PubMed,6475896,,1984,barloon,,Am J Gastroenterol,Lymphoma presenting as an abdominal mass involving an ectopic spleen.
1008,PubMed,6468219,,1984,toback,10.1007/bf01318435,Dig Dis Sci,Splenic torsion. An unusual cause of splenomegaly.
1009,PubMed,6465461,,1984,ishchenko,,Akush Ginekol (Mosk),[Torsional floating spleen simulating ovarian tumor].
1010,PubMed,6471510,,1984,takahashi,,Rinsho Hoshasen,[Concurrent presence of wandering spleen and accessory spleen: report of a case].
1011,PubMed,6697094,,1984,barki,10.1259/0007-1285-57-675-267,Br J Radiol,Wandering spleen in two children--the role of ultrasonic diagnosis.
1012,PubMed,6721663,,1984,colnet,,Arch Fr Pediatr,[Wandering spleen. Apropos of a case in a 4-year-old girl].
1013,PubMed,6706545,,1984,siplovich,,Isr J Med Sci,Splenopexy for the wandering spleen.
1014,PubMed,6746566,,1984,leeman,,J Belge Radiol,Wandering spleen in supra-hepatic position.
1015,PubMed,6724242,,1984,salomonowitz,10.1007/bf01887802,Gastrointest Radiol,Radiologic diagnosis of wandering spleen complicated by splenic volvulus and  infarction.
1016,PubMed,6606938,,1984,sheflin,10.2214/ajr.142.1.100,AJR Am J Roentgenol,Torsion of wandering spleen and distal pancreas.
1017,PubMed,6645391,,1983,harleman,,Lab Anim Sci,Ectopic spleen tissue in the pancreas of Himalayan rabbits.
1018,PubMed,6638892,,1983,valleix,,Ann Chir,[Torsion of an accessory spleen].
1019,PubMed,6632598,,1983,khaimov,,Klin Khir (1962),[Torsion of the spleen peduncle].
1020,PubMed,6631794,,1983,zakaria,,J R Coll Surg Edinb,Wandering spleen.
1021,PubMed,6623812,,1983,gainanov,,Vestn Khir Im I I Grek,[Torsion and rupture of floating spleen in combination with destructive  appendicitis in a 13-year-old girl].
1022,PubMed,6884386,,1983,vermylen,10.1007/bf00441655,Eur J Pediatr,The wandering spleen.
1023,PubMed,6615583,,1983,zhalelov,,Vestn Khir Im I I Grek,[Floating spleen in a 5-year-old girl].
1024,PubMed,6836157,,1983,brambilla,,Radiol Med,"[Voluminous ""wandering spleen"" with thromboses of the splenic vein: preoperative  diagnosis with angiography]."
1025,PubMed,6634437,,1983,andermarcher,,Pediatr Med Chir,[Wandering spleen with acute torsion of the pedicle].
1026,PubMed,6845569,,1983,bolgov,,Vestn Khir Im I I Grek,[Torsion of the spleen simulating abdominal tumor in a child].
1027,PubMed,6218853,,1983,cox,10.1259/0007-1285-56-662-145-c,Br J Radiol,The wandering spleen syndrome?
1028,PubMed,7174493,,1982,allen,,J Am Vet Med Assoc,Radioisotope imaging for detection of an ectopic spleen in a macaque.
1029,PubMed,7146415,,1982,rao,10.1148/radiology.145.3.7146415,Radiology,Dual radiopharmaceutical imaging in congenital asplenia syndrome.
1030,PubMed,7120005,,1982,stringel,10.1016/s0022-3468(82)80492-2,J Pediatr Surg,Torsion of the wandering spleen: splenectomy or splenopexy.
1031,PubMed,7089667,,1982,ackerman,10.1097/00007611-198207000-00043,South Med J,Splenic torsion in the polysplenia syndrome.
1032,PubMed,7075098,,1982,kelly,10.1177/000992288202100608,Clin Pediatr (Phila),Splenic torsion in an infant associated with secondary disseminated Hemophilus  influenzae infection.
1033,PubMed,7125393,,1982,ros,,An Esp Pediatr,[Torsion of the spleen].
1034,PubMed,7110767,,1982,setiawan,10.1007/bf00971806,Pediatr Radiol,Ectopic spleen. A sonographic diagnosis.
1035,PubMed,7297000,,1981,barnett,10.1097/00003072-198111000-00005,Clin Nucl Med,Sequential liver-spleen scanning for documentation of wandering spleen.
1036,PubMed,7298737,,1981,koumare,,J Chir (Paris),[Ectopic spleens. About a spleen of the right iliac fossa (author's transl)].
1037,PubMed,7303422,,1981,gadziev,,Vestn Khir Im I I Grek,[Torsion of the spleen].
1038,PubMed,7336159,,1981,nielsen,10.1111/j.1600-0609.1981.tb00451.x,Scand J Haematol,Detection of splenosis and ectopic spleens with 99mTc-labelled heat damaged  autologous erythrocytes in 90 splenectomized patients.
1039,PubMed,7269132,,1981,leont'ev,,Vestn Khir Im I I Grek,[Torsion of the pathologically mobile spleen in a 9-year-old child].
1040,PubMed,7268588,,1981,vlcek,,Rozhl Chir,[Acute abdomen after jumping into water].
1041,PubMed,7263209,,1981,grunspan,,Isr J Med Sci,Torsion of an accessory spleen simulating acute appendicitis.
1042,PubMed,7259040,,1981,dettori,,Ann Chir,[One case of recurrent torsion of a visceroptosed spleen (author's transl)].
1043,PubMed,7247110,,1981,lewis,,Am Surg,Wandering spleen.
1044,PubMed,7282038,,1981,van,10.1055/s-2008-1063242,Z Kinderchir,Splenopexy in a case of wandering spleen.
1045,PubMed,7230075,,1981,koppikar,,J Postgrad Med,Wandering spleen.
1046,PubMed,6450279,,1981,teramoto,10.1016/s0022-3476(81)80548-3,J Pediatr,Splenic torsion with prune belly syndrome.
1047,PubMed,7449592,,1980,davidson,10.1007/bf01308048,Dig Dis Sci,Epidermoid splenic cyst occurring in an intrapancreatic accessory spleen.
1048,PubMed,7412841,,1980,van,10.1056/nejm198010233031714,N Engl J Med,Bowel obstruction due to torsion of the spleen.
1049,PubMed,7450581,,1980,yanay,,Harefuah,[Acute abdomen due to torsion of a wandering spleen].
1050,PubMed,6966594,,1980,daneshgar,,Gastroenterology,Bleeding gastric varices and gastric torsion secondary to a wandering spleen.
1051,PubMed,7405229,,1980,symonowicz,,Wiad Lek,[Splenomegaly caused by splenic pedicle torsion].
1052,PubMed,7357776,,1980,thompson,10.1177/000992288001900309,Clin Pediatr (Phila),The wandering spleen in infancy and childhood.
1053,PubMed,7358247,,1980,sorgen,10.1007/bf01888595,Gastrointest Radiol,Bleeding gastric varices secondary to wandering spleen.
1054,PubMed,7189456,,1980,tsyrlova,,Dokl Akad Nauk SSSR,[Establishment of erythropoiesis and antibody formation in ectopic spleen  transplants].
1055,PubMed,517482,,1979,zarinjooee,10.1001/archpedi.1979.02130120074016,Am J Dis Child,Splenic torsion in a child.
1056,PubMed,514704,,1979,gruner-zarnoch,,Pediatr Pol,[Chronic torsion of wandering spleen in an infant].
1057,PubMed,483454,,1979,lindhardt,,Ugeskr Laeger,[Torsion of the peduncle in wandering spleen].
1058,PubMed,485538,,1979,coutifaris,,Arch Gynecol,[Pregnancy following pelvic spleen exstirpation with urogenital abnormalities].
1059,PubMed,547374,,1979,bonnin,,Rev Interam Radiol,[Segmental portal hypertension caused by volvulus of the spleen].
1060,PubMed,450285,,1979,beluffi,,Minerva Med,[A case of splenic torsion in a child].
1061,PubMed,463004,,1979,bienkowski,,Wiad Lek,[Case of torsion of spleen displaced below the right costal arch].
1062,PubMed,758872,,1979,lee,10.1001/archsurg.1979.01370250015002,Arch Surg,Ultrasound demonstration of wandering spleen.
1063,PubMed,422342,,1979,fried,,Isr J Med Sci,Torsion of the spleen in a five-and-a-half-month-old infant.
1064,PubMed,581564,,1978,waldman,10.1097/00003072-197811000-00001,Clin Nucl Med,Lymphosarcoma in an ectopic pelvic spleen.
1065,PubMed,757911,,1978,heij,,Med J Zambia,Torsion of the spleen.
1066,PubMed,103907,,1978,fried,10.1002/jcu.1870060518,J Clin Ultrasound,Pelvic spleen in the nullipara.
1067,PubMed,707467,,1978,keidar,,Am J Gastroenterol,Intestinal obstruction due to a wandering spleen.
1068,PubMed,675612,,1978,westvik,,Tidsskr Nor Laegeforen,[Circulatory disturbances in a wandering spleen].
1069,PubMed,150053,,1978,heydenrych,,S Afr Med J,Torsion of the spleen and associated 'prune belly syndrome'. A case report and  review of the literature.
1070,PubMed,650359,,1978,muckmel,10.1016/s0022-3468(78)80003-7,J Pediatr Surg,Wandering spleen with torsion of pedicle in a child presenting as an  intermittently-appearing abdominal mass.
1071,PubMed,643349,,1978,broker,10.1007/bf00975539,Pediatr Radiol,Wandering spleen in three children.
1072,PubMed,606747,,1977,lernau,,J Nucl Med,Torsion of the spleen with incomplete infarction: case report.
1073,PubMed,410267,,1977,hunter,10.2214/ajr.129.5.925,AJR Am J Roentgenol,Sonographic diagnosis of a wandering spleen.
1074,PubMed,897185,,1977,gordon,10.1148/125.1.39,Radiology,Wandering spleen--the radiological and clinical spectrum.
1075,PubMed,919228,,1977,ievlev,,Vestn Khir Im I I Grek,[Torsion of a dytopic spleen in a child].
1076,PubMed,864801,,1977,jacobson,10.1097/00005373-197706000-00010,J Trauma,Splenic injury due to indirect torsion.
1077,PubMed,865690,,1977,parravicini,,Minerva Chir,[A case of simulation of ovarian cyst in volvulus of an ectopic spleen].
1078,PubMed,867699,,1977,nazarov,,Vestn Khir Im I I Grek,[Torsion of the spleen].
1079,PubMed,847169,,1977,isikoff,10.1148/123.1.36,Radiology,Torsion of the wandering spleen seen as a migratory abdominal mass.
1080,PubMed,576270,,1977,pollak,,JAMA,Volvulus of the spleen.
1081,PubMed,830520,,1977,wenz,10.1055/s-0028-1104835,Dtsch Med Wochenschr,[Upside-down spleen (author's transl)].
1082,PubMed,836721,,1977,peniche,,Bol Med Hosp Infant Mex,[Torsion and infarct of the spleen with benign lymphoid hyperplasia of the  colon].
1083,PubMed,830634,,1977,,,J Am Vet Med Assoc,Clinico-pathologic conference.
1084,PubMed,1000173,,1976,dublin,10.1259/0007-1285-49-588-1045,Br J Radiol,Diagnosis of splenic torsion: a combined radiographic approach.
1085,PubMed,1049480,,1976,iverson,,Vet Med Small Anim Clin,Torsion of the splenic pedicle and complete splenic separation in a St. Bernard.
1086,PubMed,937848,,1976,collins,,Am Surg,Chronic torsion of the spleen.
1087,PubMed,1267614,,1976,hatfield,10.1001/archsurg.1976.01360230103022,Arch Surg,Ectopic pelvic spleen.
1088,PubMed,1249450,,1976,caterine,,J Iowa Med Soc,Wandering spleen in the child: a case study.
1089,PubMed,1247005,,1976,shende,10.1001/archpedi.1976.02120020090019,Am J Dis Child,Torsion of a visceroptosed spleen.
1090,PubMed,1202176,,1975,broker,10.1016/s0022-3468(75)80095-9,J Pediatr Surg,Splenic torsion and accessory spleen: a scintigraphic demonstration.
1091,PubMed,829532,,1975,miller,10.1002/jcu.1870030409,J Clin Ultrasound,Wandering spleen and pregnancy: case report.
1092,PubMed,1204540,,1975,colin,,East Afr Med J,Torsion of the spleen in a two-year-old boy. Case report.
1093,PubMed,1107595,,1975,ducassou,,J Urol Nephrol (Paris),[Exceptional retroperitoneal tumor. Ectopic spleen].
1094,PubMed,1040426,,1975,howenstein,,Vet Med Small Anim Clin,Torsion of the splenic pedicle in a St. Bernard.
1095,PubMed,1168412,,1975,smulewicz,10.1007/bf01070730,Am J Dig Dis,Torsion of the wandering spleen.
1096,PubMed,1154971,,1975,wilander,,Acta Chir Scand,Splenic-gonadal fusion. A case report.
1097,PubMed,133129,,1975,gaujoux,,J Gynecol Obstet Biol Reprod (Paris),[Incidents and accidents in laparoscopy. (Apropos of 2335 cases)].
1098,PubMed,4479502,,1974,weinreb,,JAMA,Torsion of the spleen as a rare cause of hypersplenism.
1099,PubMed,4412798,,1974,cross,10.1136/bmj.3.5930.564,Br Med J,Diagnostic clue to acute splenic torsion in the tropics.
1100,PubMed,4857805,,1974,kipnis,,J Am Vet Med Assoc,Torsion of the splenic pedicle and gastric volvulus in a dog.
1101,PubMed,4835204,,1974,carswell,10.1002/bjs.1800610620,Br J Surg,Wandering spleen: 11 cases from Uganda.
1102,PubMed,4832074,,1974,brodie,10.1136/vr.94.14.322,Vet Rec,Splenic torsion in the dog.
1103,PubMed,4427317,,1974,menanteau,,J Radiol Electrol Med Nucl,[Proceedings: Angiographic aspect of the ectopic spleen].
1104,PubMed,4812242,,1974,babcock,10.1016/0002-9610(74)90044-0,Am J Surg,Infarction of an accessory spleen causing an acute abdomen.
1105,PubMed,4810157,,1974,rosenthall,10.1148/110.2.427,Radiology,A nucleographic and radioangiographic study of a patient with torsion of the  spleen.
1106,PubMed,4813546,,1974,may,10.1016/s0022-5347(17)59904-8,J Urol,Ectopic spleen in the scrotum: report of 2 cases.
1107,PubMed,4758149,,1973,debartolo,,Mayo Clin Proc,Torsion of the spleen; a case report.
1108,PubMed,4366827,,1973,levasseur,,Sem Hop,[Splenomegaly and ectopic spleen].
1109,PubMed,4773415,,1973,khokholia,,Vestn Khir Im I I Grek,[Torsion of the spleen in a 13-year-old child].
1110,PubMed,4773414,,1973,sevast'ianov,,Vestn Khir Im I I Grek,[Torsion of the spleen in a 5-year-old child].
1111,PubMed,5048559,,1972,pribyl,,Rozhl Chir,[Torsion of the spleen in situs viscerum inversus].
1112,PubMed,5016937,,1972,orman,,J Am Vet Med Assoc,Torsion of the splenic pedicle in a dog.
1113,PubMed,5008070,,1972,minhas,10.1136/bmj.1.5798.509,Br Med J,Wandering spleen with complete procidentia.
1114,PubMed,5316176,,1971,boscaino,,Policlinico Chir,[A case of ectopic spleen in the stomach revealed by grave gastric hemorrhage].
1115,PubMed,4996266,,1971,iancu,10.1111/j.1651-2227.1971.tb06671.x,Acta Paediatr Scand,Ectopic spleen in an Rh incompatible infant.
1116,PubMed,5540737,,1971,gottlob,,Dtsch Med Wochenschr,"[Splenopexy with ""grid adhesives"". A new method for the formation of anastomoses  between portal and systemic circulation]."
1117,PubMed,5148609,,1971,opanov,,Khirurgiia (Sofiia),[Splenic torsion].
1118,PubMed,5103913,,1971,gottlob,,Ger Med Mon,Splenopexy by grid adhesion. A new method for producing anastomoses between the  portal and systemic circulations.
1119,PubMed,5533661,,1970,maxie,,Can Vet J,Case report. Splenic torsion in three great danes.
1120,PubMed,5489195,,1970,kompacheva,,Vestn Khir Im I I Grek,[Torsion of the spleen].
1121,PubMed,5426638,,1970,soleto,,Int Surg,[Volvulus of the ectopic spleen].
1122,PubMed,5436056,,1970,burns,,Ohio State Med J,Wandering spleen--an unusual complication of infectious mononucleosis. Report of  a case.
1123,PubMed,5419224,,1970,pietri,,Arch Fr Mal App Dig,[Ectopic spleen. A case diagnosed by means of splenic scintiscanning].
1124,PubMed,5513309,,1970,courbil,,Bull Soc Med Afr Noire Lang Fr,[2 cases of pedicular torsion of ectopic spleens].
1125,PubMed,5410865,,1970,font,10.1007/bf02239346,Am J Dig Dis,Ectopic spleen mimicking an intrinsic fundal lesion of the stomach.
1126,PubMed,5347768,,1969,mendez,10.1016/s0022-5347(17)62208-0,J Urol,Ectopic spleen simulating testicular tumor.
1127,PubMed,5368531,,1969,junemann,,Zentralbl Chir,[Dystopic spleen and wandering spleen with twisted pedicle in males].
1128,PubMed,5805944,,1969,darle,,Acta Chir Scand,Torsion of the spleen imitating acute cholecystitis. Report of a case.
1129,PubMed,5762896,,1969,crosett,,Johns Hopkins Med J,Wandering spleen.
1130,PubMed,5407330,,1969,sitkovskii,,Pediatr Akus Ginekol,"[Wandering spleen in a girl with acquired hemolytic anemia, simulating mesenteric  cyst of the small intestine]."
1131,PubMed,5201615,,1969,todorovic,,Srp Arh Celok Lek,[Mobile spleen].
1132,PubMed,5719059,,1968,choksey,,J Indian Med Assoc,Wandering spleen with torsion of the pedicle.
1133,PubMed,5745321,,1968,mensi,,Minerva Nipiol,[Acute abdomen caused by torsion of a dystopic spleen].
1134,PubMed,5643197,,1968,bookstaver,10.1016/s0002-9378(15)33421-9,Am J Obstet Gynecol,Postpartum torsion of the spleen causing intestinal obstruction.
1135,PubMed,5746979,,1968,oganesian,,Klin Med (Mosk),[2 cases of wandering spleen].
1136,PubMed,5732609,,1968,oganesian,,Klin Khir (1962),[2 cases of floating spleen].
1137,PubMed,5727677,,1968,ferri,,Arch Ital Chir,[Clinical contribution to knowledge of torsion of the spleen].
1138,PubMed,6060776,,1967,woodward,10.1016/0002-9610(67)90424-2,Am J Surg,Torsion of the spleen.
1139,PubMed,6058605,,1967,bass,10.1056/nejm196711302772207,N Engl J Med,Torsion of an accessory spleen of the cecum presenting as acute appendicitis.
1140,PubMed,5618344,,1967,bourrel,,Ann Chir,[3 male cases of ectopic spleen].
1141,PubMed,4382954,,1967,evans,,Ohio State Med J,Wandering spleen with torsion of pedicle. Report of a case with multiple  congenital anomalies.
1142,PubMed,6056458,,1967,knopinski,,Przegl Lek,[Torsion of a floating spleen in a 13-year-old girl].
1143,PubMed,6068048,,1967,mcnish,10.1136/vr.80.17.518,Vet Rec,A case of torsion of the spleen in a dog.
1144,PubMed,6021025,,1967,mcclain,,Obstet Gynecol,Radiographic evidence of splenic torsion; report of a case.
1145,PubMed,5612738,,1967,klassen,,Vestn Khir Im I I Grek,[Wandering spleen associated with a non-parasitic cyst].
1146,PubMed,6082832,,1967,berchtold,,Helv Chir Acta,[On the clarification of the so-called hemodynamic spleen decompensation].
1147,PubMed,6016757,,1967,binns,10.1002/bjs.1800540119,Br J Surg,Wandering spleen associated with enlargement of the left kidney.
1148,PubMed,5923576,,1966,switkiewicz,,Pol Przegl Chir,[Torsion of the migrating spleen].
1149,PubMed,5905370,,1966,perrine,,Int Surg,Torsion of the accessory splenic pedicle. A case report.
1150,PubMed,5942855,,1966,tudzinski,,Pol Przegl Chir,[Torsion of the peduncle of one of the 2 excessively mobile spleens].
1151,PubMed,5906440,,1966,auvert,,Ann Chir Thorac Cardiovasc,[Therapeutic possibilities of intra-pulmonary splenopexy in certain cases of  portal hypertension].
1152,PubMed,5855638,,1965,essomba,,Bull Mem Soc Chir Paris,[Apropos of a pelvic spleen: splenectomy and death].
1153,PubMed,5852629,,1965,lombardi,,Minerva Chir,[Hypoplastic kidney associated with ectopic spleen].
1154,PubMed,5180774,,1965,de,,Chir Ital,[On a semiological finding in a case of ptotic spleen twisted on its pedicle].
1155,PubMed,5847584,,1965,dellepiane,,Prensa Med Argent,[Floating spleen].
1156,PubMed,5843671,,1965,martin,,Ann Chir Infant,[A case of acute torsion of the spleen in a 6-month-old infant].
1157,PubMed,14286978,,1965,simpson,10.1002/bjs.1800520506,Br J Surg,TORSION OF WANDERING SPLEEN.
1158,PubMed,14286977,,1965,anand,10.1002/bjs.1800520505,Br J Surg,SURGERY OF THE SPLEEN IN NIGERIA.
1159,PubMed,14210827,,1965,clifford,,J Int Coll Surg,ACCESSORY WANDERING SPLEEN CAUSING INTESTINAL OBSTRUCTION IN PREGNANCY. A CASE  REPORT.
1160,PubMed,5835607,,1965,doganov,,Akush Ginekol (Sofiia),[On a case of an exceptionally movable spleen].
1161,PubMed,14216386,,1964,rappel,,J Am Osteopath Assoc,VOLVULUS OF THE STOMACH: CASE REPORT.
1162,PubMed,14201747,,1964,tranier,,Med Trop (Mars),[APROPOS OF A CASE OF ACUTE VOLVULUS OF THE SPLEEN].
1163,PubMed,14153403,,1964,pearson,10.1002/bjs.1800510530,Br J Surg,TORSION OF THE SPLEEN ASSOCIATED WITH CONGENITAL ABSENCE OF THE LEFT KIDNEY.
1164,PubMed,14108477,,1964,seah,10.1136/bmj.1.5389.1028,Br Med J,TORSION OF SPLEEN WITH SPONTANEOUS RUPTURE OF SPLENIC VEIN PRESENTING AS A CASE  OF ACCIDENTAL HAEMORRHAGE.
1165,PubMed,14167331,,1964,maleki,,Ann Radiol (Paris),[A PELVIC SPLEEN].
1166,PubMed,14162750,,1964,korotkov,,Vestn Khir Im I I Grek,[ON SPLENIC TORSION].
1167,PubMed,14177601,,1963,cerra,,Gazz Int Med Chir,[A CASE OF ENLARGED ECTOPIC SPLEEN IN A SUBUMBILICAL SITE].
1168,PubMed,13958916,,1963,foti,,Minerva Chir,[Acute abdomen caused by torsion of an abdominal ectopic spleen; mesenteric  accessory spleen].
1169,PubMed,14066809,,1963,dimitrov,,Khirurgiia (Sofiia),[A CASE OF PELVIC SPLEEN DYSTOPY].
1170,PubMed,13942829,,1963,petkov,,Khirurgiia (Sofiia),[Features of a case of torsion of the spleen].
1171,PubMed,14034399,,1962,kollegova,,Khirurgiia (Mosk),[A case of acute gastrointestinal obstruction on the basis of torsion of the  splenic pedicle].
1172,PubMed,13985251,,1962,todd,,N Y State J Med,Volvulus of the splenic flexure and tension pneumoperitoneum complicating routine  cesarean section.
1173,PubMed,14017784,,1962,calabrese,,Arch De Vecchi Anat Patol,[Rare cases of splenic pathology. 1. Ptosic spleen twisted on its peduncle. 2.  Accessory spleen in an undescended testicle].
1174,PubMed,17421519,,1962,graham,,Can Vet J,A Comparison of Gastric Torsion with Torsion of the Splenic Pedicle.
1175,PubMed,13970226,,1962,bedurishvili,,Vestn Khir Im I I Grek,[On splenic torsion].
1176,PubMed,14470065,,1962,marks,,Calif Med,Surprises in operations on the inguinal area in young children.
1177,PubMed,14464853,,1962,lewis,10.1136/bmj.1.5277.527,Br Med J,Torsion of the spleen in pregnancy.
1178,PubMed,13907512,,1961,hinck,,Northwest Med,Wandering spleen.
1179,PubMed,13861641,,1961,anikandrov,,Novyi Khirurgicheskii Arkhiv,[On wandering spleen and torsion of its pedicle].
1180,PubMed,13697498,,1960,ets,,Vestn Khir Im I I Grek,[Torsion of the spleen].
1181,PubMed,13777471,,1960,torchiana,,Acta Chir Ital,[On a case of splenic volvulus in a newborn infant].
1182,PubMed,13830203,,1960,guimaraes,,Rev Paul Med,[Subcutaneous splenopexy for the study of the splenoporto-hepatic system in dogs:  experimental hepatic fibrosis].
1183,PubMed,13828057,,1960,giordano,,Friuli Med,[A case of torsion of the spleen on its pedicle].
1184,PubMed,14445342,,1959,shabanov,,Vestn Khir Im I I Grek,[Torsion of the spleen].
1185,PubMed,13629699,,1959,tosovsky,,Cesk Pediatr,Torsion of the spleen.
1186,PubMed,13633308,,1959,sertoli,,Osp Maggiore,[Torsion of the peduncle of a migrating spleen in right iliac site].
1187,PubMed,13629003,,1958,blumberg,10.1002/bjs.18004619720,Br J Surg,Volvulus of the splenic flexure; report of a case with a review of the  literature.
1188,PubMed,13614662,,1958,balestra,,Radiol Med,[Splenic dystopia; with special reference to relations of the ectopic spleen to  the stomach & to gastrodiaphragmatic interposition of the spleen].
1189,PubMed,13573435,,1958,wilson,,Cent Afr J Med,Torsion of a wandering spleen; report of a case.
1190,PubMed,13553635,,1958,ingelrans,,Pediatrie,[Floating spleen with infarction in a newborn infant].
1191,PubMed,13474453,,1957,billich,,Gynaecologia,[Differential diagnosis of genital tumors & floating spleens].
1192,PubMed,13474440,,1957,neimeier,,Gynaecologia,[Gynecologic errors in diagnosis of dystopic spleen].
1193,PubMed,13466116,,1957,familiari,,Rass Int Clin Ter,[Torsion of the spleen].
1194,PubMed,13526982,,1957,lago,,Pathologica,Value of splenopexy with magnesium trisilicate in portal hypertension.
1195,PubMed,13432713,,1957,rossetti,,Schweiz Med Wochenschr,[Isolated intrathoracic spleen displacement in diaphragmatic hernia].
1196,PubMed,13443108,,1957,lazarev,,Vestn Khir Im I I Grek,[Splenectomy in enlarged twisted spleen].
1197,PubMed,13384180,,1956,van,,Doc Med Geogr Trop,A case of splenoptosis.
1198,PubMed,13377141,,1956,,,J Mt Sinai Hosp N Y,CASE OF volvulus of the splenic flexure.
1199,PubMed,13354610,,1956,abrams,10.1007/bf02233468,Am J Dig Dis,Volvulus of the splenic flexure.
1200,PubMed,13363635,,1956,tortora,,Arch Ostet Ginecol,[Unsuspected finding of floating spleen and gastric volvulus].
1201,PubMed,13333687,,1956,maynadier,,Mem Acad Chir (Paris),[Acute torsion of the spleen in a 12 year old child].
1202,PubMed,13308548,,1956,bellmaine,,Med J Aust,Splenoptosis in infancy: two cases.
1203,PubMed,13306740,,1956,thompson,,J Christ Med Assoc India,Torsion of the splenic pedicle as a complication of pneumoperitoneum; a case  report.
1204,PubMed,13284852,,1955,moudry,,Cesk Gynekol,[Dystopic spleen in the small pelvis simulating ovarian tumor].
1205,PubMed,13328608,,1955,hossne,,Arq Cir Clin Exp,[Torsion of pedicle in the floating spleen].
1206,PubMed,14373324,,1955,young,,Surgery,Coexistent volvulus of the splenic flexure and cecum.
1207,PubMed,13273833,,1955,weinreich,,Rev Belg Pathol Med Exp,[Bone marrow inhibition of splenic origin in a case of movable spleen].
1208,PubMed,13274993,,1955,blanke,,Zentralbl Chir,[Extremely misplaced floating spleen with the report of a personal case which  simulated uterine tumor].
1209,PubMed,13175460,,1954,michaels,10.1016/s0140-6736(54)90008-2,Lancet,Spontaneous torsion of spleen involving tail of pancreas.
1210,PubMed,13158827,,1954,falor,10.1164/art.1954.70.1.166,Am Rev Tuberc,Torsion of the spleen associated with pneumoperitoneum.
1211,PubMed,13114513,,1954,buenger,,Am J Roentgenol Radium Ther Nucl Med,Volvulus of the splenic flexure of the colon.
1212,PubMed,13122243,,1953,stein,,S Afr Med J,A case of ectopic spleen.
1213,PubMed,13056999,,1953,fisher,10.1016/s0041-3879(53)80065-6,Tubercle,"A patient with torsion of the spleen, complicating pneumoperitoneum treatment."
1214,PubMed,13062436,,1953,lazarev,,Khirurgiia (Mosk),[Torsion of the spleen in splenomegaly].
1215,PubMed,13081340,,1953,settimi,,Arch Ital Chir,[Torsion of the spleen].
1216,PubMed,14916213,,1952,hall,10.1136/bmj.1.4765.957,Br Med J,Wandering spleen during first decade of life.
1217,PubMed,12983962,,1952,ricci-oddi,,Riv Anat Patol Oncol,[Hemoperitoneum with volvulus of the spleen; case report and etiopathogenic  considerations].
1218,PubMed,14927945,,1952,ferraz,,J Int Coll Surg,Blood cyst in a wandering spleen; report of a case.
1219,PubMed,14874077,,1951,neibrief,,J Med Soc N J,Wandering spleen with torsion of pedicle.
1220,PubMed,14864307,,1951,martinez,,Prensa Med Argent,[Splenoptosis with pedicular torsion; presentation of a case].
1221,PubMed,14852360,,1951,lopez-porrua,,Medicina (Madr),[Chronic pedicular torsion in a case of splenoptosis].
1222,PubMed,14830499,,1951,silvestri,,Arch Sci Med (Torino),[The importance of congenital factors in ptosis and torsion of the spleen].
1223,PubMed,14801820,,1950,lan,,Chin Med J,Wandering spleen with torsion of the pedicle.
1224,PubMed,14771454,,1950,middleton,10.1164/art.1950.62.4.439,Am Rev Tuberc,Torsion of the spleen associated with pneumoperitoneum.
1225,PubMed,14781627,,1950,lorizio,,Riforma Med,[Mechanical intestinal occlusion due to ectopic spleen twisted on the peduncle].
1226,PubMed,15428690,,1950,anton,,J Int Coll Surg,Ectopic spleen with twisted pedicle; report of a case.
1227,PubMed,15438732,,1950,bachy,,Mem Acad Chir (Paris),[Supernumerary spleen with twisted pedicle].
1228,PubMed,15402424,,1949,santi,,Minerva Med,[Voluminous migrating spleen in the course of Malta fever: effects of  splenectomy].
1229,PubMed,18145420,,1949,lombardi,,Riforma Med,[On a Case of Spleen Twisted On the Peduncle].
1230,PubMed,17859322,,1949,dowidar,10.1097/00000658-194903000-00014,Ann Surg,Wandering Spleen: Report of a Case Complicated by a Traumatic Cyst.
1231,PubMed,18143686,,1949,lotfy,,J Egypt Med Assoc,Wandering spleen.
1232,PubMed,18123787,,1949,krontiris,,J Int Coll Surg,Total necrosis of ectopic spleen following chronic torsion of the splenic  pedicle.
1233,PubMed,18104777,,1948,martinez,,Galicia Clin,[Modest fourth with swords on splenoptosis and belly bands].
1234,PubMed,18905742,,1948,schiff,,Am J Clin Pathol,Aberrant spleen with torsion of pedicle.
1235,PubMed,18878290,,1948,bignami,,Ann Radiol Diagn (Bologna),[Diaphragmatic hernia and splenic ectopia].
1236,PubMed,18867828,,1948,ferriere,10.1080/17843286.1948.11716454,Acta Clin Belg,[Congestive splenomy with diaphragmatic deviation and gastric volvulus].
1237,PubMed,18100331,,1948,stefanik,,Cesk Gynekol,[Torsion of the spleen during pregnancy].
1238,PubMed,20271247,,1947,cunningham,10.5694/j.1326-5377.1947.tb70367.x,Med J Aust,Splenoptosis and transposition of the colon.
1239,PubMed,20246490,,1947,charleux,,J Med Lyon,[Acute torsion of an ectopic spleen].
1240,PubMed,20340726,,1947,barone,,Ginecologia,"[Observations of a large ectopic spleen, seat partially pelvic arteriovenous with  complete thrombosis]."
1241,PubMed,20282243,,1946,zuckermann,,Rev Mex Cir Ginecol Cancer,[Leukemic spleen with twisted pedicle that simulated gynecological disease;  splenectomy required].
1242,PubMed,20996860,,1946,daumerie,,Acta Gastroenterol Belg,[About a case of torsion of the spleen].
1243,PubMed,20343396,,1946,dardill,,Mem Acad Chir (Paris),"[Pedicular torsion of a large malarial spleen, with anemia and leukopenia]."
1244,PubMed,17858221,,1943,emmett,10.1097/00000658-194305000-00013,Ann Surg,ACCESSORY SPLEEN IN THE SCROTUM: REVIEW OF LITERATURE ON ECTOPIC SPLEENS AND  THEIR ASSOCIATED SURGICAL SIGNIFICANCE.
1245,PubMed,17857547,,1940,bohrer,10.1097/00000658-194003000-00008,Ann Surg,TORSION OF A WANDERING SPLEEN: COMPLICATED BY DIAPHRAGMATIC HERNIA.
1246,PubMed,17857187,,1938,adkins,10.1097/00000658-193805000-00020,Ann Surg,PTOSED SPLEEN WITH TORSION OF PEDICLE.
1247,PubMed,17867068,,1933,abell,10.1097/00000658-193310000-00020,Ann Surg,WANDERING SPLEEN WITH TORSION OF THE PEDICLE.
1248,PubMed,17866359,,1930,salvin,10.1097/00000658-193008000-00011,Ann Surg,ECTOPIC SPLEEN CAUSING INTESTINAL OBSTRUCTION.
1249,PubMed,29011632,,1928,vaidya,,Ind Med Gaz,Floating Spleen: Splenectomy: Recovery.
1250,PubMed,29011143,,1926,vaidya,,Ind Med Gaz,A Case of Wandering Spleen-Splenectomy.
1251,PubMed,29010467,,1925,sen,,Ind Med Gaz,An Enlarged Wandering Spleen Mistaken for an Ovarian Tumour. Splenectomy and  Recovery.
1252,PubMed,17865307,,1925,sutton,10.1097/00000658-192508000-00008,Ann Surg,WANDERING SPLEEN WITH TORSION OF ITS PEDICLE.
1253,PubMed,19977511,,1914,leslie,10.1177/003591571400700256,Proc R Soc Med,Enlarged Movable Spleen (Splenoptosis) in a Case of Early Graves's Disease.
1254,PubMed,17862761,,1911,lahey,10.1097/00000658-191111000-00006,Ann Surg,VI. Prolapsed Spleen with Acute Torsion; Splenopexy: With Table of Unreported  Cases to Date.
1255,PubMed,17862543,,1910,maclaren,10.1097/00000658-191006000-00009,Ann Surg,"IX. Wandering Spleen: Report of a Case with Twisted Pedicle, Producing a Tumor in  the Pelvis."
1256,PubMed,20763184,,1907,meek,10.1136/bmj.1.2416.928,Br Med J,DISLOCATED SPLEEN WITH TORSION OF PEDICLE COMPLICATING PREGNANCY: REMOVAL OF  SPLEEN: DELIVERY AT TERM.
1257,PubMed,20762437,,1905,childe,10.1136/bmj.2.2347.1631,Br Med J,WANDERING SPLEEN: HAEMORRHAGE WITHIN THE CAPSULE: SPLENECTOMY: RECOVERY.
1258,PubMed,17861270,,1903,hall,,Ann Surg,I. Splenopexy for Wandering Spleen: With Report of a Case.
1259,PubMed,20759267,,1900,power,10.1136/bmj.2.2081.1428,Br Med J,Successful Removal of an Enlarged and Displaced Spleen.
1260,PubMed,17860751,,1899,stone,10.1097/00000658-189907000-00027,Ann Surg,"VII. Splenectomy for Floating Spleen, with Twisted Pedicle."
1261,PubMed,20756735,,1897,sutton,10.1136/bmj.1.1881.132,Br Med J,Remarks on Wandering Spleens: A Paper read before the Medical Society of London.
1262,PubMed,29001651,,1894,drury,,Ind Med Gaz,Pathology and Bacteriology-Non-Alcoholic Cirrhosis of the Liver by  Auto-Intoxication of Gastro - Intestinal Origin - Floating Spleen with Twisted Pedicle-Influence of Atmospheric Pressure on the Prevalence of Pneumonia - Bacteriology of Diphtheria.
1263,PubMed,29000518,,1890,fink,,Ind Med Gaz,Hypertrophied Wandering Spleen with Ascites. Treatment. Recovery.
817,WoS,WOS:000073532600015,T3 similar title+author+year,1998,benammar,,ANNALES DE CHIRURGIE,Torsion of a supernumerary spleen. A case report.
714,WoS,WOS:000187393200007,T1 DOI,2003,romero,10.1097/01.pec.0000101582.65509.cc,PEDIATRIC EMERGENCY CARE,Wandering spleen: A rare cause of abdominal pain
32,WoS,WOS:001634409300001,T1 DOI,2026,aggarwal,10.1007/s00261-025-05322-y,ABDOMINAL RADIOLOGY,Whirl sign in splenic torsion: an uncommon complication of wandering spleen
244,WoS,WOS:000579180600032,T1 DOI,2020,wang,10.1097/md.0000000000022063,MEDICINE,Wandering spleen with splenic torsion in a toddler A case report and literature review
1264,WoS,WOS:000221201200002,,2004,steffl,,TIERARZTLICHE UMSCHAU,Splenic torsion and chronic splenic necrosis in a Bernese mountain dog
55,WoS,WOS:001521767800001,T1 DOI,2025,di,10.3389/fsurg.2025.1586986,FRONTIERS IN SURGERY,Ultrasonographic diagnosis of splenic torsion: a case report
163,WoS,WOS:000860280300001,T1 DOI,2022,zhao,10.3389/fsurg.2022.916426,FRONTIERS IN SURGERY,A case report of wandering spleen with pedicle torsion and splenic infarction being misdiagnosed as organ inversion complicated with acute appendicitis
685,WoS,WOS:000228051900001,T1 DOI,2005,smith,10.1111/j.1532-950x.2005.00001.x,VETERINARY SURGERY,Splenic torsion in an alpaca
820,WoS,WOS:000075042800012,T1 DOI,1998,saunders,10.1111/j.1740-8261.1998.tb01619.x,VETERINARY RADIOLOGY & ULTRASOUND,B-mode and Doppler ultrasound imaging of the spleen with canine splenic torsion: A retrospective evaluation
564,WoS,WOS:000272660300020,T1 DOI,2009,ohta,10.1292/jvms.001533,JOURNAL OF VETERINARY MEDICAL SCIENCE,Primary Splenic Torsion in a Boston Terrier
1265,WoS,WOS:001639213100018,,2024,panhwer,10.37184/lnjpc.2707-3521.6.10,LIAQUAT NATIONAL JOURNAL OF PRIMARY CARE,Wandering Spleen: A Rare Condition with Splenic Torsion and Infarction in an Elderly Patient
766,WoS,WOS:000169077200006,T1 DOI,2001,patsikas,10.1111/j.1740-8261.2001.tb00931.x,VETERINARY RADIOLOGY & ULTRASOUND,Computed tomography diagnosis of isolated splenic torsion in a dog
74,WoS,WOS:001436168900001,T1 DOI,2025,bond,10.1136/bcr-2023-259196,BMJ CASE REPORTS,Postpartum splenic torsion in a patient with a wandering spleen and splenomegaly
197,WoS,WOS:000722950200058,T1 DOI,2021,hashiguchi,10.1002/ccr3.5051,CLINICAL CASE REPORTS,Wandering spleen with splenic arteriovenous torsion
1266,WoS,WOS:001283041200458,,2024,samant,,AMERICAN JOURNAL OF THE MEDICAL SCIENCES,"Oh spleen, where are you? A case report of a wandering spleen and splenic torsion"
1267,WoS,WOS:000609013500020,,2021,aaqib,10.1016/j.epsc.2020.101756,JOURNAL OF PEDIATRIC SURGERY CASE REPORTS,Wandering spleen with torsion of splenic vein and gastric varicies
534,WoS,WOS:000301503700014,T1 DOI,2012,romero,10.1016/j.ciresp.2010.10.015,CIRUGIA ESPANOLA,Splenic torsion in a patient with ectopic spleen
498,WoS,WOS:000323052400021,T1 DOI,2013,priyadarshi,10.1007/s00261-012-9944-9,ABDOMINAL IMAGING,Torsion in wandering spleen: CT demonstration of whirl sign
92,WoS,WOS:001321398600001,T1 DOI,2024,cui,10.3389/fped.2024.1429490,FRONTIERS IN PEDIATRICS,Wandering spleen combined with pedicle torsion and splenic infarction: a rare case report and literature review
1268,WoS,WOS:001468860800001,,2025,stillman,10.1002/vrc2.70060,VETERINARY RECORD CASE REPORTS,Primary splenic torsion and subsequent avulsion in an English bulldog (Canis lupus familiaris)
533,WoS,WOS:000288183200015,T2 title+author+year,2011,ityel,,ISRAEL MEDICAL ASSOCIATION JOURNAL,Splenic Torsion of a Wandering Spleen
119,WoS,WOS:001154356000001,T1 DOI,2024,bucknoff,10.1177/20551169231216405,JOURNAL OF FELINE MEDICINE AND SURGERY OPEN REPORTS,Splenic torsion in a cat with chronic anemia
173,WoS,WOS:000828651900002,T1 DOI,2022,wang,10.1186/s12887-022-03484-y,BMC PEDIATRICS,Diagnosis and treatment of splenic torsion in children: preoperative thrombocytosis predicts splenic infarction
245,WoS,WOS:000805525400061,T1 DOI,2022,safaya,10.1177/0003134820945288,AMERICAN SURGEON,Wandering Spleen With Splenic Torsion and Pancreatitis: Spleen Preserving Management
93,WoS,WOS:001294052700001,T1 DOI,2024,hiraba,10.1111/ped.15810,PEDIATRICS INTERNATIONAL,Two cases of pediatric splenic torsion as a possible late complication of laparoscopic fundoplication
265,WoS,WOS:000514458600001,T1 DOI,2020,hughes,10.1111/vru.12844,VETERINARY RADIOLOGY & ULTRASOUND,CT characteristics of primary splenic torsion in eight dogs
1269,WoS,WOS:A1997XV09800006,,1997,janthur,,BERLINER UND MUNCHENER TIERARZTLICHE WOCHENSCHRIFT,Splenic torsion in the dog with special emphasis on B-Mode and Color Doppler Imaging
823,WoS,WOS:000074737200031,T1 DOI,1998,boschert,10.1007/s003830050357,PEDIATRIC SURGERY INTERNATIONAL,Splenic torsion in the presence of renal agenesis
535,WoS,WOS:000300131700017,T1 DOI,2012,gine,10.1016/j.ciresp.2010.12.016,CIRUGIA ESPANOLA,Laparoscopy of acute abdomen due to splenic torsion
1270,WoS,WOS:000237634300008,,2006,stoneham,10.1111/j.1476-4431.2005.00164.x,JOURNAL OF VETERINARY EMERGENCY AND CRITICAL CARE,Resolution of severe thrombocytopenia in two standard Poodles with surgical correction of splenic torsion
482,WoS,WOS:000314882800009,T1 DOI,2013,tran,10.1016/j.jpedsurg.2012.11.043,JOURNAL OF PEDIATRIC SURGERY,"Prune belly syndrome, splenic torsion, and malrotation: A case report"
109,WoS,WOS:001201489000001,T1 DOI,2024,ahmed,10.1186/s13256-024-04502-6,JOURNAL OF MEDICAL CASE REPORTS,Splenic torsion mistaken for an ovarian cyst: a case report
644,WoS,WOS:000239978900012,T1 DOI,2006,mai,10.1111/j.1740-8261.2006.00169.x,VETERINARY RADIOLOGY & ULTRASOUND,The hilar perivenous hyperechoic triangle as a sign of acute splenic torsion in dogs
732,WoS,WOS:000181617100002,T1 DOI,2003,chawla,10.1148/rg.232025110,RADIOGRAPHICS,Splenic torsion
166,WoS,WOS:000863207500023,T1 DOI,2022,senturk,10.14744/tjtes.2021.34288,ULUSAL TRAVMA VE ACIL CERRAHI DERGISI-TURKISH JOURNAL OF TRAUMA & EMERGENCY SURGERY,"Wandering spleen, which is torsioned with the distal pancreas"
1271,WoS,WOS:000087196800003,,2000,putcuyps,,VLAAMS DIERGENEESKUNDIG TIJDSCHRIFT,Primary splenic torsion in the dog: Case report and literature review
218,WoS,WOS:000637790700001,T1 DOI,2021,rooney,10.1111/jsap.13341,JOURNAL OF SMALL ANIMAL PRACTICE,Diagnosis and surgical treatment of a primary splenic torsion in a domestic ferret (Mustela putorius furo)
300,WoS,WOS:000459796600011,T1 DOI,2019,fujiwara,10.1111/ped.13760,PEDIATRICS INTERNATIONAL,Splenic torsion and polysplenia syndrome in a 10-year-old girl
1272,WoS,WOS:000542317200217,,2020,cosariu,,BRITISH JOURNAL OF SURGERY,Splenic Infarction Due to Torsion of the Splenic Pedicle in the Postpartum Period: A Case Report
53,WoS,WOS:001535782000001,T1 DOI,2025,arkuszewski,10.3390/jcm14145107,JOURNAL OF CLINICAL MEDICINE,Splenic Torsion Following Blunt Abdominal Trauma
105,WoS,WOS:001339023100011,T1 DOI,2024,beeston,10.2460/javma.24.03.0148,JAVMA-JOURNAL OF THE AMERICAN VETERINARY MEDICAL ASSOCIATION,Spherocytosis as an indicator of fragmentation injury in dogs with splenic torsion
1273,WoS,WOS:000729961700016,,2021,kennedy,10.1016/j.epsc.2021.102070,JOURNAL OF PEDIATRIC SURGERY CASE REPORTS,Splenic torsion in the setting of polysplenia syndrome
1274,WoS,WOS:000071311900003,,1997,zonderland,,ANNALES DE MEDECINE VETERINAIRE,Torsion of the splenic pedicle in a dog
72,WoS,WOS:001453104900001,T1 DOI,2025,melkamu,10.1016/j.ijscr.2025.111144,INTERNATIONAL JOURNAL OF SURGERY CASE REPORTS,"Torsion of a wandering spleen, a rare cause of acute abdomen: A case report"
1275,WoS,WOS:001329289500013,,2024,timbo,10.5935/1981-2965.20240005,BRAZILIAN JOURNAL OF HYGIENE AND ANIMAL SANITY,Surgical and anesthetic approach to primary splenic torsion in a dog: case report
1276,WoS,WOS:000185225400011,,2003,pepperl,10.1007/s00112-002-0531-y,MONATSSCHRIFT KINDERHEILKUNDE,Splenic torsion in a child with situd ambiguus and polysplenism. A rare differential diagnosis of the abdominal pain in childhood
210,WoS,WOS:000670880900001,T1 DOI,2022,battiato,10.1111/vru.13007,VETERINARY RADIOLOGY & ULTRASOUND,Ultrasonographic and CT diagnosis of a complete splenic duplication with right splenic torsion and presumed regional splenic vein hypertension in a dog
132,WoS,WOS:001091702700001,T1 DOI,2023,wu,10.1016/j.jemermed.2023.06.003,JOURNAL OF EMERGENCY MEDICINE,IMAGING MANIFESTATIONS OF WANDERING SPLEEN WITH TORSION
33,WoS,WOS:001619256400001,T1 DOI,2025,kishida,10.70352/scrj.cr.25-0380,SURGICAL CASE REPORTS,Splenic Torsion in a Patient with Polysplenia Syndrome and Dorsal Pancreatic Agenesis: A Case Report
549,WoS,WOS:000278132500014,T2 title+author+year,2010,schnier,,CANADIAN VETERINARY JOURNAL-REVUE VETERINAIRE CANADIENNE,A case of splenic torsion with progressive anemia and thrombocytopenia
231,WoS,WOS:000608403500042,T1 DOI,2021,virani,10.1016/j.ijscr.2020.12.039,INTERNATIONAL JOURNAL OF SURGERY CASE REPORTS,Wandering spleen with splenic torsion: Report of two cases
84,WoS,WOS:001371656900001,T1 DOI,2024,calatayud,10.1136/bcr-2024-263013,BMJ CASE REPORTS,Splenic torsion in a patient with paraplegia: considerations for evaluation and management
127,WoS,WOS:001101354800036,T1 DOI,2023,zhu,10.12998/wjcc.v11.i28.6955,WORLD JOURNAL OF CLINICAL CASES,Wandering spleen torsion with portal vein thrombosis: A case report
1277,WoS,WOS:001538408200001,,2025,souza,10.21897/rmvz.3685,REVISTA MVZ CORDOBA,Partial splenic torsion with spontaneous resolution in a dog
1278,WoS,WOS:000418208400002,,2017,wiebogen,10.2377/0023-2076-62-679,KLEINTIERPRAXIS,Acute primary splenic torsion in a French bulldogg
159,WoS,WOS:000906397600020,T1 DOI,2022,demir,10.14744/semb.2021.64872,MEDICAL BULLETIN OF SISLI ETFAL HOSPITAL,The Cause of an Unusual Abdominal Pain in Children: Splenic Torsiyon - Three Case Report
622,WoS,WOS:000247146900009,T1 DOI,2007,ng,10.1053/j.gastro.2007.04.055,GASTROENTEROLOGY,Clinical challenges and images in GI
494,WoS,WOS:000307316100034,T1 DOI,2012,le,10.4293/108680812x13291597716861,JSLS-JOURNAL OF THE SOCIETY OF LAPAROENDOSCOPIC SURGEONS,Splenic Torsion Requiring Splenectomy Six Years Following Laparoscopic Nissen Fundoplication
56,WoS,WOS:001521141700001,T1 DOI,2025,hernandez,10.3389/fvets.2025.1596698,FRONTIERS IN VETERINARY SCIENCE,Case Report: Acute primary splenic torsion in a maned wolf (Chrysocyon brachyurus)
782,WoS,WOS:000089340200004,T1 DOI,2000,weber,10.5326/15473317-36-5-390,JOURNAL OF THE AMERICAN ANIMAL HOSPITAL ASSOCIATION,Chronic primary splenic torsion with peritoneal adhesions in a dog: Case report and literature review
1279,WoS,WOS:000424144900017,,2017,salgueiro,,ACTA SCIENTIAE VETERINARIAE,Sonographic Aspects of Splenic Torsion Due to Abdominal Eventration in a Dog
1280,WoS,WOS:001650329500001,,2025,gandhi,10.1093/bjs/znaf270.063,BJS-BRITISH JOURNAL OF SURGERY,Acute Splenic Torsion of Wandering Spleen in Association with Intestinal Nonrotation and Situs Inversus
106,WoS,WOS:001238929800001,T1 DOI,2024,chekol,10.1016/j.ijscr.2024.109721,INTERNATIONAL JOURNAL OF SURGERY CASE REPORTS,Torsion of a wandering spleen in a pregnant patient presented with acute abdomen: A case report
1281,WoS,WOS:000296315700007,,2011,azevedo,,REVISTA BRASILEIRA DE MEDICINA VETERINARIA,PRIMARY SPLENIC TORSION IN DOGS - CASE REPORT
637,WoS,WOS:000181601000040,T1 DOI,2002,qandali,10.5144/0256-4947.2002.412,ANNALS OF SAUDI MEDICINE,Torsion of wandering spleen: Case report and literature review
832,WoS,WOS:A1997XZ86700003,T1 DOI,1997,neath,10.1111/j.1748-5827.1997.tb03491.x,JOURNAL OF SMALL ANIMAL PRACTICE,Retrospective analysis of 19 cases of isolated torsion of the splenic pedicle in dogs
740,WoS,WOS:000174738600017,T1 DOI,2002,king,10.2460/javma.2002.220.973,JOURNAL OF THE AMERICAN VETERINARY MEDICAL ASSOCIATION,What is your diagnosis? Radiographic diagnosis - Soft-tissue opacity containing numerous gas pockets in the right cranioventral abdominal region
1282,WoS,WOS:000606326600062,,2018,marinho,,ACTA SCIENTIAE VETERINARIAE,Primary Splenic Torsion in Dog as a Cause of Atypical Acute Abdomen
1283,WoS,WOS:000287264500007,,2011,yakan,10.1177/102490791101800107,HONG KONG JOURNAL OF EMERGENCY MEDICINE,Acute torsion of a wandering spleen causing acute abdomen
474,WoS,WOS:000316470100008,T1 DOI,2013,mehta,10.1016/j.jpedsurg.2013.01.003,JOURNAL OF PEDIATRIC SURGERY,Splenic torsion after congenital diaphragmatic hernia repair: Case report and review of the literature
88,WoS,WOS:001317923000010,T1 DOI,2024,hernandez,10.7759/cureus.69369,CUREUS JOURNAL OF MEDICAL SCIENCE,Splenic Torsion From a Wandering Spleen
1284,WoS,WOS:000239223500014,,2006,fernandez,,JOURNAL OF POSTGRADUATE MEDICINE,An unusual case of hemoperitoneum owing to acute splenic torsion in a child with immunoglobulin deficiency
650,WoS,WOS:000239748400014,T1 DOI,2006,jaeger,10.2460/javma.229.4.501,JAVMA-JOURNAL OF THE AMERICAN VETERINARY MEDICAL ASSOCIATION,What is your diagnosis?
38,WoS,WOS:001591098500001,T1 DOI,2025,yambah,10.1002/ccr3.71204,CLINICAL CASE REPORTS,"Wandering Spleen, A Rare Cause of Acute Abdomen: A Case Report"
771,WoS,WOS:000167355600020,T1 DOI,2001,ratan,10.1007/s005950170209,SURGERY TODAY-THE JAPANESE JOURNAL OF SURGERY,Left diaphragmatic eventuation with a suprapubic spleen: Report of a case
43,WoS,WOS:001571168100001,T1 DOI,2025,innami,10.70352/scrj.cr.25-0111,SURGICAL CASE REPORTS,Detorsion of Wandering Spleen Causes Significant Hypersplenism Resulting in Thrombocytopenia and Spinal Cord Injury: A Case Report
39,WoS,WOS:001586212600001,T1 DOI,2025,alaraby,10.1093/jscr/rjaf771,JOURNAL OF SURGICAL CASE REPORTS,Splenic torsion in polysplenia syndrome: a rare cause of acute abdomen in a paediatric patient
192,WoS,WOS:000900080000005,T2 title+author+year,2022,mergl,,CANADIAN VETERINARY JOURNAL-REVUE VETERINAIRE CANADIENNE,Chronic splenic torsion in a dog with an accessory spleen
781,WoS,WOS:000089241700011,T1 DOI,2000,szatmari,10.1136/vr.147.9.247,VETERINARY RECORD,Spontaneous resolution of splenic torsion in a dog
19,WoS,WOS:001733158700001,T1 DOI,2026,elshabrawi,10.1002/ccr3.72385,CLINICAL CASE REPORTS,Elective Robotic Splenectomy for Wandering Spleen-Associated Pancreatitis: A Novel Case Report
1285,WoS,WOS:001866596600001,,2026,khan,10.1016/j.epsc.2026.103340,JOURNAL OF PEDIATRIC SURGERY CASE REPORTS,Splenic torsion of a wandering spleen and polysplenia syndrome in a 10-year-old boy with cyanotic congenital heart disease: A case report
208,WoS,WOS:000683002700006,T1 DOI,2021,jha,10.4254/wjh.v13.i7.774,WORLD JOURNAL OF HEPATOLOGY,Torsion of spleen and portal hypertension: Pathophysiology and clinical implications
1286,WoS,WOS:000088198700017,,2000,bhadwal,,INDIAN VETERINARY JOURNAL,Clinico-pathological studies on experimentally induced torsion of spleen in dogs
201,WoS,WOS:000883045600010,T1 DOI,2022,bough,10.1016/j.surge.2021.08.006,SURGEON-JOURNAL OF THE ROYAL COLLEGES OF SURGEONS OF EDINBURGH AND IRELAND,"Diagnosis, management and outcome of splenic torsion; a systematic review of published studies"
1287,WoS,WOS:000087250000010,,2000,bhadwal,,INDIAN VETERINARY JOURNAL,Haematological changes following splenic torsion in dogs
1288,WoS,WOS:000439259006225,,2017,uy,10.14309/00000434-201710001-02622,AMERICAN JOURNAL OF GASTROENTEROLOGY,Torsion of a Wandering Spleen With Splenic and Gastric Varices Presenting as Abdominal Pain
1289,WoS,WOS:000511110100099,,2019,dos,10.22456/1679-9216.97394,ACTA SCIENTIAE VETERINARIAE,Primary Splenic Torsion Associated with Accessory Spleen in a Dog
1290,WoS,WOS:001190409900366,,2023,nebo,10.1093/bjs/znad258.365,BRITISH JOURNAL OF SURGERY,The Acute Abdomen: Have You Ruled Out Splenic Torsion?
130,WoS,WOS:001086602500001,T1 DOI,2023,subunca,10.1016/j.ijscr.2023.108898,INTERNATIONAL JOURNAL OF SURGERY CASE REPORTS,"Splenic torsion, a challenging diagnosis in an adult presenting with acute abdomen"
227,WoS,WOS:000661574500036,T1 DOI,2021,shen,10.1136/bcr-2020-235918,BMJ CASE REPORTS,Wandering spleen leading to splenic torsion with gastric and pancreatic volvulus
553,WoS,WOS:000285153000045,T1 DOI,2010,sanchez,10.1007/s00247-010-1756-x,PEDIATRIC RADIOLOGY,Wandering spleen causing gastric outlet obstruction and pancreatitis
1291,WoS,WOS:000600790400023,,2021,alsaleh,10.1016/j.epsc.2020.101702,JOURNAL OF PEDIATRIC SURGERY CASE REPORTS,Splenic infarction: Torsion of a wandering spleen in a child
479,WoS,WOS:000320167400015,T1 DOI,2013,kargl,10.1136/archdischild-2012-303481,ARCHIVES OF DISEASE IN CHILDHOOD,Acute abdomen due to splenic torsion
1292,WoS,WOS:000227074500020,,2005,patsikas,,AUSTRALIAN VETERINARY JOURNAL,"Depression, anorexia and abdominal pain in a young dog with an abdominal mass"
1293,WoS,WOS:000351754600036,,2014,ul,,JCPSP-JOURNAL OF THE COLLEGE OF PHYSICIANS AND SURGEONS PAKISTAN,Torsion of a Wandering Spleen: An Unusual Abdominal Catastrophe
47,WoS,WOS:001545123900001,T1 DOI,2025,sawaftah,10.1155/crpe/9927034,CASE REPORTS IN PEDIATRICS,Massively Enlarged Wandering Spleen With Torsion and Infarction in a 10-Year-Old: Case Report and Comprehensive Literature Review
91,WoS,WOS:001398437100013,T2 title+author+year,2024,vaitkus,,CANADIAN VETERINARY JOURNAL-REVUE VETERINAIRE CANADIENNE,Emphysematous splenic torsion in a German shepherd dog
154,WoS,WOS:000923176500001,T1 DOI,2022,cheang,10.3390/diagnostics12122920,DIAGNOSTICS,Splenic Torsion in Heterotaxy Syndrome with Left Isomerism: A Case Report and Literature Review
167,WoS,WOS:000898849400017,T1 DOI,2022,antona,10.1016/j.jpeds.2022.08.021,JOURNAL OF PEDIATRICS,Pediatric Splenic Torsion in an Orthotopic Spleen without Fixation Elements
720,WoS,WOS:000185872400009,T1 DOI,2003,gaschen,10.1111/j.1740-8261.2003.tb00506.x,VETERINARY RADIOLOGY & ULTRASOUND,Imaging diagnosis: The abdominal air-vasculogram in a dog with splenic torsion and clostridial infection
124,WoS,WOS:001165333700001,T2 title+author+year,2024,lajusticia,10.1016/j.anpedi.2023.08.010,ANALES DE PEDIATRIA,Splenic torsion as a cause of acute abdomen
587,WoS,WOS:000263847600003,T1 DOI,2009,aronsohn,10.5326/0450072,JOURNAL OF THE AMERICAN ANIMAL HOSPITAL ASSOCIATION,Prognosis for Acute Nontraumatic Hemoperitoneum in the Dog: A Retrospective Analysis of 60 Cases (2003-2006)
42,WoS,WOS:001559221200001,T1 DOI,2025,liu,10.3389/fmed.2025.1646831,FRONTIERS IN MEDICINE,Splenectomy for wandering spleen with pedicle torsion in a 17-year-old: a case report
216,WoS,WOS:000764078200089,T1 DOI,2021,gordon,10.1136/bcr-2020-239520,BMJ CASE REPORTS,Challenge of diagnosing splenic torsion in a paediatric patient with gastroschisis
247,WoS,WOS:000592422600008,T1 DOI,2020,martins-bessa,10.1016/j.tcam.2020.100459,TOPICS IN COMPANION ANIMAL MEDICINE,Simultaneous Torsion of a Uterine Horn and Spleen in a Pregnant Two-Year-Old Crossbreed Bitch: A Case Report
1294,WoS,WOS:000171898800008,,2001,szatmari,,MAGYAR ALLATORVOSOK LAPJA,"Bi-directional stagnant (""to-and-fro"") flow in the parenchymal splenic veins of a dog with splenic torsion detected by Doppler ultrasonography -: Case report"
821,WoS,WOS:000075090600010,T2 title+author+year,1998,cohen,10.1097/00019509-199808000-00010,SURGICAL LAPAROSCOPY & ENDOSCOPY,Laparoscopic splenopexy for wandering (pelvic) spleen
1295,WoS,WOS:000540951900002,,2021,freesmeyer,10.1007/s00259-020-04899-4,EUROPEAN JOURNAL OF NUCLEAR MEDICINE AND MOLECULAR IMAGING,PET/CT with [68Ga]gallium-oxine-labeled heat-denatured red blood cells for detection of dystopic splenic tissue
85,WoS,WOS:001415713400001,T1 DOI,2025,aregawi,10.1016/j.ijscr.2024.110678,INTERNATIONAL JOURNAL OF SURGERY CASE REPORTS,Wandering spleen with torsion causing an acute abdomen: A case report
517,WoS,WOS:000301316000016,T1 DOI,2012,chen,10.7863/jum.2012.31.3.483,JOURNAL OF ULTRASOUND IN MEDICINE,Sonographic Diagnosis of a Subclinical Wandering Spleen Role of the Decubitus Position
1296,WoS,WOS:001521619700001,,2025,amine,10.1016/j.epsc.2025.103046,JOURNAL OF PEDIATRIC SURGERY CASE REPORTS,Wandering spleen and intestinal malrotation in a 14-year-old female: a case report
1297,WoS,WOS:000086794200001,,2000,frese,,TIERARZTLICHE UMSCHAU,Lung lobe and splenic torsion in an Irish Wolfshound
841,WoS,WOS:A1997WU96800017,T1 DOI,1997,desai,10.1097/00007611-199704000-00017,SOUTHERN MEDICAL JOURNAL,Wandering spleen: A challenging diagnosis
407,WoS,WOS:000357677000009,T1 DOI,2015,reinhart,10.5326/jaaha-ms-6129,JOURNAL OF THE AMERICAN ANIMAL HOSPITAL ASSOCIATION,Chronic Splenic Torsion in Two Dogs
1298,WoS,WOS:000387657100014,,2016,ortiz,10.1590/1678-4162-8817,ARQUIVO BRASILEIRO DE MEDICINA VETERINARIA E ZOOTECNIA,Primary splenic torsion in a dog: case report
446,WoS,WOS:000330221200083,T1 DOI,2013,dash,10.1007/s12262-012-0668-4,INDIAN JOURNAL OF SURGERY,Splenic Torsion in a Child with Polysplenia and Situs Inversus: A Very Rare Presentation
229,WoS,WOS:000606252300003,T1 DOI,2021,thomas,10.1007/s10140-020-01895-x,EMERGENCY RADIOLOGY,The likely association between wandering spleen and absent left kidney
82,WoS,WOS:001376273600001,T1 DOI,2025,hosoi,10.1007/s12328-024-02082-y,CLINICAL JOURNAL OF GASTROENTEROLOGY,Torsion of the wandering spleen with intestinal obstruction
1299,WoS,WOS:000182691500003,,2003,bischoff,10.1016/1096-2867(03)90021-1,CLINICAL TECHNIQUES IN SMALL ANIMAL PRACTICE,Radiographic techniques and interpretation of the acute abdomen
449,WoS,WOS:000332460900007,T1 DOI,2014,lombardi,10.1007/s00247-013-2851-6,PEDIATRIC RADIOLOGY,Wandering spleen in children: a report of 3 cases and a brief literature review underlining the importance of diagnostic imaging
843,WoS,WOS:A1997YD39700022,T1 DOI,1997,sarimurat,10.1007/bf02385795,SURGERY TODAY,Wandering spleen in childhood: A report of three cases
1300,WoS,WOS:000257677100013,,2007,kisli,,TRAKYA UNIVERSITESI TIP FAKULTESI DERGISI,Torsion of wandering spleen as a rare cause of acute abdomen:: A case report
1301,WoS,WOS:000282917700771,,2010,sharma,10.14309/00000434-201010001-00777,AMERICAN JOURNAL OF GASTROENTEROLOGY,Recurrent Abdominal Pain and Gastrointestinal Bleeding due to Splenic Torsion in a Young Male
1302,WoS,WOS:001817055600001,,2026,carmichael,10.1093/bjs/znag063.356,BJS-BRITISH JOURNAL OF SURGERY,Wandering Spleen with Torsion and Coexisting Splenic Cyst: A Rare Triple Pathology in a Single Case
7,WoS,WOS:001842911000001,T1 DOI,2026,nomiya,10.1007/s12328-026-02415-z,CLINICAL JOURNAL OF GASTROENTEROLOGY,Mesenteroaxial gastric volvulus associated with a wandering spleen in an older woman treated with anterior gastropexy and splenectomy: a case report
165,WoS,WOS:000854557300001,T1 DOI,2022,van,10.1111/jvim.16527,JOURNAL OF VETERINARY INTERNAL MEDICINE,Suspected spontaneous early hemorrhagic transformation of multiple ischemic strokes secondary to primary splenic torsion in a German Shepherd dog
342,WoS,WOS:000417069800064,T1 DOI,2017,morgan,10.1007/s00464-017-5630-x,SURGICAL ENDOSCOPY AND OTHER INTERVENTIONAL TECHNIQUES,"Laparoscopic splenopexy for wandering spleen, a video demonstration of technique by encircling the spleen with polyglactin 910 woven mesh"
242,WoS,WOS:000621956700065,T1 DOI,2021,schaeffer,10.1016/j.ajem.2020.08.048,AMERICAN JOURNAL OF EMERGENCY MEDICINE,Splenic volvulus of a wandering spleen
1303,WoS,WOS:001199811000001,,2024,hummel,10.1002/vrc2.866,VETERINARY RECORD CASE REPORTS,Ultrasonographic findings of a rare case of splenic rupture and torsion in a dog
1304,WoS,WOS:000085267000005,,2000,janthur,,TIERARZTLICHE PRAXIS AUSGABE KLEINTIERE HEIMTIERE,Use of abdominal color Doppler ultrasonography in dogs and cats
122,WoS,WOS:001108950500001,T1 DOI,2023,ghasemi,10.1002/ccr3.8270,CLINICAL CASE REPORTS,Wandering spleen; a rare clinical presentation of chronic pain with acute torsion
67,WoS,WOS:001492926500001,T1 DOI,2025,aljuba,10.1016/j.ijscr.2025.111421,INTERNATIONAL JOURNAL OF SURGERY CASE REPORTS,A case of torsed wandering spleen presenting as perforated acute appendicitis: A case report and literature review
1305,WoS,WOS:000299139400005,,2011,cizmic,,PAEDIATRIA CROATICA,ECTOPIC SPLEEN WITH TORSION OF THE VESSELS
630,WoS,WOS:000244753100020,T1 DOI,2007,soleimani,10.1007/s00595-006-3389-0,SURGERY TODAY,Surgical treatment of patients with wandering spleen:: Report of six cases with a review of the literature
222,WoS,WOS:000636680400019,T1 DOI,2021,hamdy,10.1308/rcsann.2020.7144,ANNALS OF THE ROYAL COLLEGE OF SURGEONS OF ENGLAND,An infarcted wandering spleen leading to a sigmoid volvulus presenting with acute large bowel obstruction: a case report
1306,WoS,WOS:001632544500001,,2025,mantawil,10.5348/100108z04am2025ra,INTERNATIONAL JOURNAL OF HEPATOBILIARY AND PANCREATIC DISEASES,Splenic torsion with partial colonic obstruction caused by a wandering spleen in a teenager: A case report
1307,WoS,WOS:000875905500001,,2022,guzman,10.1016/j.epsc.2022.102452,JOURNAL OF PEDIATRIC SURGERY CASE REPORTS,Symptomatic splenogonadal fusion with splenic torsion in an adolescent female
263,WoS,WOS:000595633700011,T1 DOI,2020,reyes,10.1016/j.ciresp.2020.02.001,CIRUGIA ESPANOLA,Massive splenic infarction in a wandering spleen: A rare indication for emergency splenectomy
140,WoS,WOS:001007573800029,T1 DOI,2023,cakmak,10.7759/cureus.38643,CUREUS JOURNAL OF MEDICAL SCIENCE,Torsion of the Accessory Spleen in a Child With Acute Abdomen
1308,WoS,WOS:001848832600023,,2026,elkaffas,10.21608/ejsur.2025.442435.1660,EGYPTIAN JOURNAL OF SURGERY,Splenic Torsion in a Patient with Cerebral Palsy: A Rare Surgical Emergency and Case Report
837,WoS,WOS:A1997WZ80300024,T1 DOI,1997,ando,10.1016/s0022-3468(97)90023-3,JOURNAL OF PEDIATRIC SURGERY,Torsion of autotransplanted splenic tissue in Gaucher disease
26,WoS,WOS:001679911000006,T1 DOI,2026,jin,10.1097/md.0000000000047197,MEDICINE,Recurrent gastric variceal bleeding due to wandering spleen - complete resolution following laparoscopic splenectomy: A case report
1309,WoS,WOS:000166136300013,,2000,ameh,,EAST AFRICAN MEDICAL JOURNAL,Management of the wandering spleen in childhood: Report of two cases
176,WoS,WOS:001078318400003,T1 DOI,2022,bairwa,10.22551/2022.35.0902.10204,ARCHIVE OF CLINICAL CASES,Wandering spleen with torsion: a rare cause of acute abdomen in a 14-year-old girl
812,WoS,WOS:000076240800016,T1 DOI,1998,raissaki,10.1007/s003300050562,EUROPEAN RADIOLOGY,Acute abdomen due to torsion of wandering spleen: CT diagnosis
645,WoS,WOS:000241521500011,T1 DOI,2006,fukuzawa,10.1007/s00383-006-1760-2,PEDIATRIC SURGERY INTERNATIONAL,Laparoscopic splenopexy for wandering spleen: extraperitoneal pocket splenopexy
543,WoS,WOS:000281760700013,T3 similar title+author+year,2010,fagarasanu,,CHIRURGIA,Torsion of the splenic pedicle
1310,WoS,WOS:000370168800034,,2016,jara,,BRITISH JOURNAL OF SURGERY,TORSION OF THE SPLENIC PEDICLE AND DISTAL PANCREAS
803,WoS,WOS:000079751400015,T1 DOI,1999,kanthan,10.1155/1999/828742,CANADIAN JOURNAL OF GASTROENTEROLOGY,The 'true' splenic wanderer
799,WoS,WOS:000081689900024,T2 title+author+year,1999,blanc,,GASTROENTEROLOGIE CLINIQUE ET BIOLOGIQUE,Splenic infarction by torsion of its pedicle: the wandering spleen syndrome
779,WoS,WOS:000089804000015,T2 title+author+year,2000,nomura,10.1097/00019509-200010000-00016,SURGICAL LAPAROSCOPY ENDOSCOPY & PERCUTANEOUS TECHNIQUES,Laparoscopic splenopexy for adult wandering spleen: Sandwich method with two sheets of absorbable knitted mesh
719,WoS,WOS:000186565200025,T1 DOI,2003,brown,10.1016/s0022-3468(03)00582-7,JOURNAL OF PEDIATRIC SURGERY,Wandering spleen and its complications in children: A case series and review of the literature
709,WoS,WOS:000220459300022,T1 DOI,2004,vazquez,10.1007/s00383-003-1110-6,PEDIATRIC SURGERY INTERNATIONAL,Acute torsion of the spleen:: diagnosis and management
1311,WoS,WOS:000281760700014,,2010,constantinescu,,CHIRURGIA,Torsion of the splenic pedicle
355,WoS,WOS:000396164700022,T1 DOI,2017,yilmaz,10.4103/1119-3077.201431,NIGERIAN JOURNAL OF CLINICAL PRACTICE,Portal Venous Thrombosis Developing after Torsion of a Wandering Spleen
614,WoS,WOS:000254806300017,T1 DOI,2008,misawa,10.1016/j.amjsurg.2006.08.083,AMERICAN JOURNAL OF SURGERY,Wandering spleen with chronic torsion
128,WoS,WOS:001083388700001,T1 DOI,2023,lakmal,10.1177/2050313x231205812,SAGE OPEN MEDICAL CASE REPORTS,Volvulus of a wandering enlarged pelvic spleen involving pancreatic tail: A case report
1,WoS,WOS:001884581300001,T1 DOI,2026,awwad,10.1002/ccr3.73607,CLINICAL CASE REPORTS,Laparoscopic Splenectomy for a Completely Infarcted Wandering Spleen After Prolonged Positional Abdominal Pain: A Case Report and Focused Literature Review
392,WoS,WOS:000357672700017,T1 DOI,2015,karaosmanoglu,10.1007/s10396-015-0622-8,JOURNAL OF MEDICAL ULTRASONICS,Wandering spleen with volvulus of pancreas
125,WoS,WOS:001124095400035,T1 DOI,2024,cagliyan,10.1097/rlu.0000000000004949,CLINICAL NUCLEAR MEDICINE,"""Wandering Spleen"" With Lymphomatous Involvement"
1312,WoS,WOS:000273580400010,,2009,biondi,,ANNALI ITALIANI DI CHIRURGIA,"Splenomegaly in the pelvis. Spleen ptosica, migrant or accessory?"
415,WoS,WOS:000347621900003,T1 DOI,2014,ho,10.11622/smedj.2014185,SINGAPORE MEDICAL JOURNAL,Wandering spleen with chronic torsion in a patient with thalassaemia
634,WoS,WOS:000244212000026,T2 title+author+year,2007,safioleas,,SAUDI MEDICAL JOURNAL,Wandering spleen with torsion of the pedicle
1313,WoS,WOS:000391248200004,,2016,jakus,,MAGYAR ALLATORVOSOK LAPJA,Torsion of the abdominal parenchymal organs in dogs
68,WoS,WOS:001485003100002,T1 DOI,2025,elnour,10.1016/j.ijscr.2025.111391,INTERNATIONAL JOURNAL OF SURGERY CASE REPORTS,A painful twist: Wandering spleen with torsion and infarction: A case report
724,WoS,WOS:000182565600012,T1 DOI,2003,kessler,10.7863/jum.2003.22.5.527,JOURNAL OF ULTRASOUND IN MEDICINE,Mass at the splenic hilum - A clue to torsion of a wandering spleen located in a normal left upper quadrant position
596,WoS,WOS:000258833000019,T2 title+author+year,2008,lebron,,JSLS-JOURNAL OF THE SOCIETY OF LAPAROENDOSCOPIC SURGEONS,Wandering spleen presenting as recurrent pancreatitis
1314,WoS,WOS:001784058300001,,2026,misagh,10.1002/ccr3.72788,CLINICAL CASE REPORTS,Wandering Spleen Torsion as A Rare Cause of Acute Abdomen: A Case Report
699,WoS,WOS:000221542200021,T1 DOI,2004,alimoglu,10.1080/00015458.2004.11679541,ACTA CHIRURGICA BELGICA,Torsion of a wandering spleen presenting with acute abdomen: A case report
341,WoS,WOS:000406382700025,T1 DOI,2017,hinton,10.1638/2016-0112r.1,JOURNAL OF ZOO AND WILDLIFE MEDICINE,GASTRIC DILATATION VOLVULUS IN ADULT MANED WOLVES (CHRYSOCYON BRACHYURUS)
529,WoS,WOS:000296488400017,T1 DOI,2011,chu,10.1258/ar.2011.100504,ACTA RADIOLOGICA,Wandering spleen with torsion and complete infarction
814,WoS,WOS:000076492500030,T1 DOI,1998,hirose,10.1016/s0022-3468(98)90503-6,JOURNAL OF PEDIATRIC SURGERY,Laparoscopic splenopexy for pediatric wandering spleen
179,WoS,WOS:000805665800001,T1 DOI,2023,miyamura,10.1017/s1047951122001755,CARDIOLOGY IN THE YOUNG,Torsion of wandering spleen after Fontan operation in a patient with situs inversus: a rare complication
693,WoS,WOS:000223572700008,T1 DOI,2004,cavazos,10.1089/lap.2004.14.227,JOURNAL OF LAPAROENDOSCOPIC & ADVANCED SURGICAL TECHNIQUES-PART A,Laparoscopic management of the wandering spleen
1315,WoS,WOS:001206724300001,,2024,rahimi,10.1016/j.epsc.2024.102793,JOURNAL OF PEDIATRIC SURGERY CASE REPORTS,Splenic infarction following recurrent torsion of a wandering spleen: A case report
642,WoS,WOS:000241713300008,T1 DOI,2006,ben,10.1016/j.crad.2006.06.007,CLINICAL RADIOLOGY,The wandering spleen: CT findings and possible pitfalls in diagnosis
319,WoS,WOS:000474220900010,T1 DOI,2019,barabino,10.23736/s0026-4733.18.07841-0,MINERVA CHIRURGICA,"""Wandering spleen"" as a rare cause of recurrent abdominal pain: a systematic review"
156,WoS,WOS:000882121900001,T1 DOI,2022,ahmed,10.2147/imcrj.s388271,INTERNATIONAL MEDICAL CASE REPORTS JOURNAL,Wandering Spleen with Splenic Torsion: Unusual Cause of Acute Abdomen
755,WoS,WOS:000172335100011,T1 DOI,2001,habib,10.1016/s0003-3944(01)00623-x,ANNALES DE CHIRURGIE,Haematemesis revealing the chronic volvulus of a wandering spleen.
162,WoS,WOS:000868946700001,T1 DOI,2022,cartesegna,10.12659/ajcr.936964,AMERICAN JOURNAL OF CASE REPORTS,Laparoscopic Splenectomy of a Wandering Pelvic Splenomegaly in a Young Woman Treated in Childhood with Surgery for Diaphragmatic Hernia and Adhesiolysis for Intestinal Obstruction
770,WoS,WOS:000167836900013,T1 DOI,2001,kao,10.1007/s002470000413,PEDIATRIC RADIOLOGY,99mTc-sulphur-colloid and heat-denatured 99mTc-labelled red cell scans demonstrating a giant intrapelvic spleen in a girl after splenectomy
547,WoS,WOS:000311034400008,T1 DOI,2012,kapan,10.1016/j.jemermed.2010.06.029,JOURNAL OF EMERGENCY MEDICINE,A WANDERING SPLEEN PRESENTING AS AN ACUTE ABDOMEN: CASE REPORT
400,WoS,WOS:000407804300012,T1 DOI,2017,puranik,10.1093/gastro/gov034,GASTROENTEROLOGY REPORT,Wandering spleen: a surgical enigma
674,WoS,WOS:000233213900010,T1 DOI,2005,mcheik,10.1016/j.arcped.2005.06.021,ARCHIVES DE PEDIATRIE,Torsion of the spleen in children
70,WoS,WOS:001458536600001,T1 DOI,2025,feleke,10.1093/jscr/rjaf182,JOURNAL OF SURGICAL CASE REPORTS,Ectopic splenic torsion-a challenging diagnosis in a resource-limited setting mimicking a gynecologic emergency: a case report
619,WoS,WOS:000249718300030,T1 DOI,2007,falchetti,10.1016/j.jpedsurg.2007.03.063,JOURNAL OF PEDIATRIC SURGERY,Splenic cyst in a wandering spleen: laparoscopic treatment with preservation of splenic function
678,WoS,WOS:000229652200031,T1 DOI,2005,martinez-ferro,10.1016/j.jpedsurg.2005.02.009,JOURNAL OF PEDIATRIC SURGERY,Laparoscopic pocket splenopexy for wandering spleen -: A case report
44,WoS,WOS:001553252400001,T1 DOI,2025,al,10.1186/s12887-025-06005-9,BMC PEDIATRICS,The enigmatic wandering spleen: managing three cases in a tertiary setting
54,WoS,WOS:001531146300001,T1 DOI,2025,vassallo,10.1186/s13052-025-02059-8,ITALIAN JOURNAL OF PEDIATRICS,Acute splenic torsion in an adolescent with polysplenia syndrome: case report
653,WoS,WOS:000238670100022,T1 DOI,2006,kleiner,10.1089/lap.2006.16.328,JOURNAL OF LAPAROENDOSCOPIC & ADVANCED SURGICAL TECHNIQUES,Pediatric wandering spleen successfully treated by laparoscopic splenopexy
234,WoS,WOS:000598909500001,T1 DOI,2021,battiato,10.1111/vru.12941,VETERINARY RADIOLOGY & ULTRASOUND,Spontaneous emphysematous splenitis: Radiographic and ultrasonographic findings in three Golden Retriever dogs
460,WoS,WOS:000323130400001,T1 DOI,2013,leci-tahiri,10.1186/1749-7922-8-30,WORLD JOURNAL OF EMERGENCY SURGERY,Acute abdomen due to torsion of the wandering spleen in a patient with Marfan Syndrome
260,WoS,WOS:000533590700016,T1 DOI,2020,chang,10.12998/wjcc.v8.i8.1502,WORLD JOURNAL OF CLINICAL CASES,Unusual association of Axenfeld-Rieger syndrome and wandering spleen: A case report
683,WoS,WOS:000228487900022,T1 DOI,2005,schaarschmidt,10.1016/j.jpedsurg.2004.11.020,JOURNAL OF PEDIATRIC SURGERY,The technique of laparoscopic retroperitoneal splenopexy for symptomatic wandering spleen in childhood
200,WoS,WOS:000701753900015,T1 DOI,2021,vlastarakos,10.7759/cureus.18231,CUREUS JOURNAL OF MEDICAL SCIENCE,Wandering Spleen: A Rare Case of an Adnexal Lesion
114,WoS,WOS:001166598900004,T1 DOI,2024,eleiwi,10.7759/cureus.53552,CUREUS JOURNAL OF MEDICAL SCIENCE,Wandering Spleen Torsion: A Diagnostic Challenge
1316,WoS,WOS:001388885600006,,2024,moraes,10.22456/1679-9216.139193,ACTA SCIENTIAE VETERINARIAE,Primary Splenic Torsion in Lesser Grison ( Galictis cuja)
752,WoS,WOS:000174127700007,T1 DOI,2002,karantanas,10.1007/s003300100984,EUROPEAN RADIOLOGY,The value of MR angiography in predicting the risk of torsion of a pelvic spleen during pregnancy
668,WoS,WOS:000233580200001,T1 DOI,2005,karmazyn,10.1002/jcu.20165,JOURNAL OF CLINICAL ULTRASOUND,Wandering spleen - the challenge of ultrasound diagnosis: Report of 7 cases
205,WoS,WOS:000685288500016,T1 DOI,2021,petroianu,10.1016/j.ijscr.2021.106273,INTERNATIONAL JOURNAL OF SURGERY CASE REPORTS,Wandering splenomegaly reduction after splenopexy
1317,WoS,WOS:000252931900004,,2008,herold,10.1111/j.1476-4431.2007.00265.x,JOURNAL OF VETERINARY EMERGENCY AND CRITICAL CARE,Clinical evaluation and management of hemoperitoneum in dogs
287,WoS,WOS:000492844000015,T1 DOI,2019,kim,10.1292/jvms.19-0258,JOURNAL OF VETERINARY MEDICAL SCIENCE,A case of acute splenic vein thrombosis in a dog
1318,WoS,WOS:000223360000010,,2004,lecoeur,,POINT VETERINAIRE,Splenic masses in dogs and cats
228,WoS,WOS:000607587000001,T1 DOI,2021,ganarin,10.1089/lap.2020.0759,JOURNAL OF LAPAROENDOSCOPIC & ADVANCED SURGICAL TECHNIQUES,Surgical Approach of Wandering Spleen in Infants and Children: A Systematic Review
375,WoS,WOS:000373216200030,T1 DOI,2016,degroot,10.2460/javma.248.6.661,JAVMA-JOURNAL OF THE AMERICAN VETERINARY MEDICAL ASSOCIATION,Primary splenic torsion in dogs: 102 cases (1992-2014)
336,WoS,WOS:000436178400029,T1 DOI,2018,lian,10.5603/fm.a2017.0097,FOLIA MORPHOLOGICA,Wandering spleen: a unique cause of acute abdomen
780,WoS,WOS:000089701200026,T1 DOI,2000,nawaz,10.1053/jpsu.2000.16427,JOURNAL OF PEDIATRIC SURGERY,Intrauterine torsion of a wandering spleen presenting as an abdominal cystic swelling
532,WoS,WOS:000289710100018,T1 DOI,2011,irak,10.4318/tjg.2011.0165,TURKISH JOURNAL OF GASTROENTEROLOGY,A case of torsion of the wandering spleen presenting as hypersplenism and gastric fundal varices
226,WoS,WOS:000661575500119,T1 DOI,2021,midha,10.1136/bcr-2020-238647,BMJ CASE REPORTS,"'Wandering spleen with acute torsion' : a rare indication for splenectomy in an adult, complicated by postoperative splanchnic venous thrombosis and intestinal gangrene"
191,WoS,WOS:000760612000001,T1 DOI,2022,bourusly,10.3389/fped.2021.791932,FRONTIERS IN PEDIATRICS,Case Report: Conservative Non-operative Management of a Neonate With Torted Wandering Spleen
511,WoS,WOS:000302592600014,T2 title+author+year,2012,lam,,HONG KONG MEDICAL JOURNAL,Acute torsion of a wandering spleen
654,WoS,WOS:000238170200022,T1 DOI,2006,parton,10.2460/javma.228.12.1895,JAVMA-JOURNAL OF THE AMERICAN VETERINARY MEDICAL ASSOCIATION,Gastric ulceration subsequent to partial invagination of the stomach in a dog with gastric dilatation-volvulus
184,WoS,WOS:000793402300001,T1 DOI,2022,maienza,10.1155/2022/8696492,CASE REPORTS IN SURGERY,Surgical Management of a Volvulus of a Wandering Spleen Associated with a Volvulus of the Small Intestine
422,WoS,WOS:000348437400049,T1 DOI,2014,piccoli,10.4293/jsls.2014.00278,JSLS-JOURNAL OF THE SOCIETY OF LAPAROENDOSCOPIC SURGEONS,Laparoscopic Transperitoneal Left Adrenalectomy and Wandering Spleen Risk
633,WoS,WOS:000244165000031,T1 DOI,2007,pagoti,10.1016/j.ijgo.2006.09.036,INTERNATIONAL JOURNAL OF GYNECOLOGY & OBSTETRICS,Ectopic spleen presenting as a pelvic mass
809,WoS,WOS:000077362000034,T1 DOI,1998,baglaj,10.1007/s003830050454,PEDIATRIC SURGERY INTERNATIONAL,Epidermoid cyst in a wandering spleen
663,WoS,WOS:000235640000010,T2 title+author+year,2005,lin,,JOURNAL OF THE FORMOSAN MEDICAL ASSOCIATION,Wandering spleen with torsion and gastric volvulus
189,WoS,WOS:000819831500002,T1 DOI,2022,sumer,10.7759/cureus.22597,CUREUS JOURNAL OF MEDICAL SCIENCE,Laparoscopic Splenopexy Due to Wandering Spleen: Feasible Technique
447,WoS,WOS:000315620400016,T1 DOI,2013,bhanumathi,10.1007/s12262-012-0433-8,INDIAN JOURNAL OF SURGERY,Torsion of Wandering Spleen in a Woman Presenting as Emergency
174,WoS,WOS:000827684600001,T1 DOI,2022,schultz,10.1111/vsu.13858,VETERINARY SURGERY,Treatment and outcomes of two pigs treated for hemoabdomen secondary to splenic disease
753,WoS,WOS:000173282600015,T1 DOI,2001,matorras,10.1034/j.1600-0412.2001.801215.x,ACTA OBSTETRICIA ET GYNECOLOGICA SCANDINAVICA,Pelvic spleen: a very rare entity not to be misdiagnosed by the laparoscopic surgeon
481,WoS,WOS:000306687500013,T2 title+author+year,2012,de,,CIRUGIA Y CIRUJANOS,Acute torsion of wandering spleen: a rare cause of acute abdomen
786,WoS,WOS:000087053200006,T1 DOI,2000,danaci,10.1002/(sici)1097-0096(200006)28:5<246::aid-jcu6>3.0.co;2-#,JOURNAL OF CLINICAL ULTRASOUND,Power Doppler sonographic diagnosis of torsion in a wandering spleen
243,WoS,WOS:000573604700001,T1 DOI,2020,specchi,10.1111/vru.12914,VETERINARY RADIOLOGY & ULTRASOUND,CT angiography identifies collaterals in dogs with splenic vein obstruction and presumed regional splenic vein hypertension
52,WoS,WOS:001323706800001,T1 DOI,2024,inggriani,10.3390/reports7030073,REPORTS,"Wandering Spleen Complicated by Thrombocytopenia, Acute Appendicitis, and Sepsis: A Case Report and Literature Review"
321,WoS,WOS:000438481800005,T2 title+author+year,2018,cohen,10.1073/pnas.1719264115,ISRAEL MEDICAL ASSOCIATION JOURNAL,Emergencies in the Treatment of Wandering Spleen
233,WoS,WOS:000648723200008,T1 DOI,2021,giraud,10.1016/j.revmed.2020.11.010,REVUE DE MEDECINE INTERNE,A case report of wandering spleen
324,WoS,WOS:000461543300001,T1 DOI,2019,alqadi,10.4103/jmas.jmas_14_18,JOURNAL OF MINIMAL ACCESS SURGERY,Is laparoscopic approach for wandering spleen in children an option?
394,WoS,WOS:000428994400032,T1 DOI,2018,urbonas,10.1111/ans.13372,ANZ JOURNAL OF SURGERY,Torsion of an ectopic spleen: a possible late complication of paraoesophageal hernia repair
256,WoS,WOS:000536696000001,T1 DOI,2020,simon,10.3389/fped.2020.00220,FRONTIERS IN PEDIATRICS,Torsion of an Accessory Spleen in a Child With Biliary Atresia Splenic Malformation Syndrome
102,WoS,WOS:001249075300001,T1 DOI,2024,nhungo,10.1016/j.ijscr.2024.109834,INTERNATIONAL JOURNAL OF SURGERY CASE REPORTS,Wandering Spleen in a 47-year-old female treated by non-operative conservative management. Case report and literature review
1319,WoS,WOS:000079903300017,,1998,moger,10.1139/cjz-76-10-1957,CANADIAN JOURNAL OF ZOOLOGY-REVUE CANADIENNE DE ZOOLOGIE,Elevated urinary cortisol in a timber wolf (Canis lupus):: a result of social behaviour or adrenal pathology?
701,WoS,WOS:000222826500043,T1 DOI,2004,corcione,10.1007/s00464-003-4254-5,SURGICAL ENDOSCOPY AND OTHER INTERVENTIONAL TECHNIQUES,Laparoscopic splenectomy for the treatment of wandering spleen
1320,WoS,WOS:000184705900017,,2003,biricik,,TURKISH JOURNAL OF VETERINARY & ANIMAL SCIENCES,Color-coded duplex sonography of abdominal blood vessels in dogs
1321,WoS,WOS:000252331800005,,2008,heng,10.1111/j.1740-8261.2007.00312.x,VETERINARY RADIOLOGY & ULTRASOUND,Postmortem abdominal radiographic findings in feline cadavers
94,WoS,WOS:001286706300008,T1 DOI,2024,zayed,10.1093/jscr/rjae499,JOURNAL OF SURGICAL CASE REPORTS,Delayed presentation of splenic laceration in a postpartum patient: a case of wandering spleen
1322,WoS,WOS:000494649200003,,2019,specchi,10.1111/vru.12780,VETERINARY RADIOLOGY & ULTRASOUND,Diagnostic imaging for the assessment of acquired abdominal vascular diseases in small animals: A pictorial review
710,WoS,WOS:000189278600021,T2 title+author+year,2004,al-mashat,,SAUDI MEDICAL JOURNAL,Wandering spleen
12,WoS,WOS:001776682400001,T1 DOI,2026,parker,10.1155/crh/8172177,CASE REPORTS IN HEMATOLOGY,Wandering Lymphoma: A Case of Wandering Spleen Secondary to Splenic Marginal Zone Lymphoma
516,WoS,WOS:000313755200009,T1 DOI,2013,fonseca,10.1016/j.jemermed.2011.06.146,JOURNAL OF EMERGENCY MEDICINE,TORSION OF A WANDERING SPLEEN TREATED WITH PARTIAL SPLENECTOMY AND SPLENOPEXY
1323,WoS,WOS:001628945500016,,2025,serra,10.1111/vru.70104,VETERINARY RADIOLOGY & ULTRASOUND,Diagnosis and Treatment of Renal Torsion in a Dog
116,WoS,WOS:001217779800001,T1 DOI,2024,gebretsion,10.1016/j.ajem.2024.02.027,AMERICAN JOURNAL OF EMERGENCY MEDICINE,Spleno-Sigmoid Knotting - An Unfamiliar Cause of Intestinal Obstruction
1324,WoS,WOS:000572317000001,,2020,white,10.1111/jsap.13234,JOURNAL OF SMALL ANIMAL PRACTICE,CT findings in dogs with gastric malposition: 6 cases (2016-2019)
749,WoS,WOS:000175357600011,T2 title+author+year,2002,satyadas,,JOURNAL OF THE ROYAL COLLEGE OF SURGEONS OF EDINBURGH,Wandering spleen: case report and literature review
1325,WoS,WOS:000582334700019,,2020,ozer,10.9775/kvfd.2020.24000,KAFKAS UNIVERSITESI VETERINER FAKULTESI DERGISI,An Overlooked Entities in Small Animal Surgery: Splenic Disorders
1326,WoS,WOS:001678831200001,,2026,nascimben,10.1016/j.epsc.2026.103194,JOURNAL OF PEDIATRIC SURGERY CASE REPORTS,Wandering spleen in a Cornelia De Lange young woman: a case report
89,WoS,WOS:001340204800001,T2 title+author+year,2024,nelson,,RADIOGRAPHICS,Spectrum of Heterotopic and Ectopic Splenic Conditions
164,WoS,WOS:000857099700003,T1 DOI,2022,oyachi,10.1186/s40792-022-01537-z,SURGICAL CASE REPORTS,Volvulus of the stomach and wandering spleen after repair of congenital diaphragmatic hernia: unexpected manifestations in a neonate
347,WoS,WOS:000425603500004,T1 DOI,2018,varga,10.1007/s00276-017-1893-0,SURGICAL AND RADIOLOGIC ANATOMY,"Anatomic variations of the spleen: current state of terminology, classification, and embryological background"
623,WoS,WOS:000247010500041,T1 DOI,2007,upadhyaya,10.1016/j.jpedsurg.2007.03.001,JOURNAL OF PEDIATRIC SURGERY,Laparoscopic splenopexy and cystectomy for an enlarged wandering spleen and splenic cyst
107,WoS,WOS:001209380600013,T1 DOI,2024,rasheed,10.1097/ms9.0000000000001960,ANNALS OF MEDICINE AND SURGERY,Wandering spleen in a postpartum female: a case report
213,WoS,WOS:000659508300001,T1 DOI,2021,masroor,10.1186/s12893-021-01289-x,BMC SURGERY,Torsion of the wandering spleen as an abdominal emergency: a case report
506,WoS,WOS:000318897200018,T1 DOI,2013,perez-legaz,10.1016/j.ciresp.2011.10.011,CIRUGIA ESPANOLA,Ectopic spleen. Urgent or elective surgery?
20,WoS,WOS:001865167100008,T2 title+author+year,2026,depoix,,CANADIAN VETERINARY JOURNAL-REVUE VETERINAIRE CANADIENNE,Multifocal costal osseous pneumatosis and osteomyelitis secondary to Clostridium botulinum in a dog
253,WoS,WOS:000542578900001,T1 DOI,2020,abaszadeh,10.2147/ijgm.s248259,INTERNATIONAL JOURNAL OF GENERAL MEDICINE,Torsion of Wandering Spleen Attached to the Omentum: A Rare Case Report from Iran
527,WoS,WOS:000298138800015,T1 DOI,2011,garrett,10.1089/lap.2011.0148,JOURNAL OF LAPAROENDOSCOPIC & ADVANCED SURGICAL TECHNIQUES,Single-Incision Laparoscopic Approach to Management of Splenic Pathology in Children: An Early Experience
120,WoS,WOS:001397183800014,T1 DOI,2025,merchant,10.4103/jmas.jmas_212_23,JOURNAL OF MINIMAL ACCESS SURGERY,Totally laparoscopic partial splenectomy and gastropexy for a splenic cyst in a wandering spleen
199,WoS,WOS:000749647500019,T1 DOI,2021,sun,10.12998/wjcc.v9.i29.8812,WORLD JOURNAL OF CLINICAL CASES,Successful treatment of floating splenic volvulus: Two case reports and a literature review
374,WoS,WOS:000374472800010,T1 DOI,2016,makhlouf,10.1016/j.ajg.2016.03.003,ARAB JOURNAL OF GASTROENTEROLOGY,Wandering spleen in the pelvic region in an adult man with symptoms of acute abdomen
1327,WoS,WOS:001720895100007,,2026,alabdulrahim,10.7860/jcdr/2026/80490.22698,JOURNAL OF CLINICAL AND DIAGNOSTIC RESEARCH,Non-surgical Management of Splenic Volvulus and Infarction of Ectopic Spleen in an Adult Female: A Case Report
444,WoS,WOS:000338133100022,T1 DOI,2014,tchidjou,10.1097/mbc.0000000000000081,BLOOD COAGULATION & FIBRINOLYSIS,Wandering spleen: 'presentation in adolescent with high thrombotic risk'
1328,WoS,WOS:001495479000001,,2025,galvani,10.1002/vrc2.70101,VETERINARY RECORD CASE REPORTS,Gastric dilatation secondary to incarceration through a gastrosplenic omental rent in a dog
1329,WoS,WOS:000273633500002,,2010,goldhammer,10.1111/j.1748-5827.2009.00844.x,JOURNAL OF SMALL ANIMAL PRACTICE,Assessment of the incidence of GDV following splenectomy in dogs
513,WoS,WOS:000303076500023,T1 DOI,2012,kocak,10.1016/j.crohns.2011.12.012,JOURNAL OF CROHNS & COLITIS,Ectopic spleen presenting as an abdominal mass in a patient with Crohn's disease
152,WoS,WOS:000916272500001,T1 DOI,2023,salvador,10.1016/j.ijscr.2022.107863,INTERNATIONAL JOURNAL OF SURGERY CASE REPORTS,Wandering spleen: An unsuspected presentation at a general hospital in Uganda
268,WoS,WOS:000505777700011,T1 DOI,2020,cetinoglu,10.2174/1573405614666181009142322,CURRENT MEDICAL IMAGING,Torsion of Wandering Spleen: Importance of Splenic Density and Liver-to-Spleen Attenuation Ratio on CT
679,WoS,WOS:000221024800009,T2 title+author+year,2004,befikadu,,ETHIOPIAN MEDICAL JOURNAL,Torsion of a pelvic wandering spleen as a cause of acute abdomen in a woman: A case report and review of the literature
639,WoS,WOS:000244408500004,T1 DOI,2007,hamlin,10.1016/j.pharmthera.2006.08.006,PHARMACOLOGY & THERAPEUTICS,Animal models of ventricular arrhythmias
1330,WoS,WOS:001274669800001,,2023,unterkofler,10.3390/parasitologia3010008,PARASITOLOGIA,Case Report of a Fatal Babesia vulpes Infection in a Splenectomised Dog
417,WoS,WOS:000346884200006,T1 DOI,2014,allen,10.1053/j.tcam.2014.09.001,TOPICS IN COMPANION ANIMAL MEDICINE,Gastropexy for Prevention of Gastric Dilatation-Volvulus in Dogs: History and Techniques
1331,WoS,WOS:000235613200003,,2005,klopper,,PRAKTISCHE TIERARZT,Acute primary torsion of the spleen in dogs
566,WoS,WOS:000270191900030,T2 title+author+year,2009,darius,,ACTA CHIRURGICA BELGICA,"A True Ectopic, Locally Vascularized Spleen : a Very Rare Anomaly"
578,WoS,WOS:000271543400015,T1 DOI,2009,trotta,10.1016/j.vetpar.2009.07.022,VETERINARY PARASITOLOGY,"Clinicopathological findings, molecular detection and characterization of Babesia gibsoni infection in a sick dog from Italy"
514,WoS,WOS:000208903200012,T2 title+author+year,2012,ayaz,,MEDICAL ULTRASONOGRAPHY,Wandering spleen in a child with symptoms of acute abdomen: ultrasonographic diagnosis. Case report
1332,WoS,WOS:000310961100002,,2012,shanaman,10.1111/j.1740-8261.2012.01973.x,VETERINARY RADIOLOGY & ULTRASOUND,FEASIBILITY FOR USING DUAL-PHASE CONTRAST-ENHANCED MULTI-DETECTOR HELICAL COMPUTED TOMOGRAPHY TO EVALUATE AWAKE AND SEDATED DOGS WITH ACUTE ABDOMINAL SIGNS
13,WoS,WOS:001749850900001,T1 DOI,2026,rybicki,10.3390/jcm15082842,JOURNAL OF CLINICAL MEDICINE,Rare and Unusual Consequences of Blunt Abdominal Trauma-The Significance of Anatomical Anomalies
80,WoS,WOS:001412452000002,T1 DOI,2025,wubie,10.1186/s13256-024-05003-2,JOURNAL OF MEDICAL CASE REPORTS,Splenic infarction following torsion of wandering spleen involving pancreatic tail successfully managed in resource limited setting: a case report
1333,WoS,WOS:000076013000014,,1998,etienne,,ANNALES DE CHIRURGIE,Mobile spleen caught in the net. A case report.
144,WoS,WOS:000977734000001,T1 DOI,2023,xu,10.3390/medicina59040807,MEDICINA-LITHUANIA,Radiologic Findings of Single Accessory Splenic Infarction in a Patient with Accessory Spleens in the Abdominal Cavity: A Case Report
842,WoS,WOS:000072246100021,T2 title+author+year,1997,grumillier,,JOURNAL DE CHIRURGIE,Splenic volvulus on a mobile spleen.
30,WoS,WOS:001649154500001,T1 DOI,2026,waldron,10.1007/s00261-025-05346-4,ABDOMINAL RADIOLOGY,Twisting in the abdomen and pelvis: a review of organ torsions
552,WoS,WOS:000282127600023,T1 DOI,2010,okazaki,10.1007/s00383-010-2657-7,PEDIATRIC SURGERY INTERNATIONAL,Laparoscopic splenopexy and gastropexy for wandering spleen associated with gastric volvulus
1334,WoS,WOS:000267329200003,,2008,zandi,,IRANIAN JOURNAL OF RADIOLOGY,Wandering Spleen Presenting as an Asymptomatic Pelvic Mass: A Case Report
193,WoS,WOS:000753929900041,T1 DOI,2022,petroianu,10.1093/jscr/rjab558,JOURNAL OF SURGICAL CASE REPORTS,Dwarfism associated with wandering splenomegaly
101,WoS,WOS:001262273400004,T1 DOI,2024,ronaky,10.1556/650.2024.33054,ORVOSI HETILAP,Torsion of the wandering spleen in childhood - report of 3 cases
691,WoS,WOS:000225102400012,T1 DOI,2004,melissas,10.1080/00015458.2004.11679614,ACTA CHIRURGICA BELGICA,Experience with benign splenic disease
826,WoS,WOS:000073015400050,T1 DOI,1998,zivkovic,10.1007/s003830050300,PEDIATRIC SURGERY INTERNATIONAL,"Sutureless ""button and hole"" splenopexy"
149,WoS,WOS:000994537300029,T1 DOI,2023,jawad,10.7759/cureus.33246,CUREUS JOURNAL OF MEDICAL SCIENCE,Wandering Spleen: A Rare Case From the Emergency Department
1335,WoS,WOS:001286316500008,,2024,fairfield,10.2460/javma.23.11.0616,JAVMA-JOURNAL OF THE AMERICAN VETERINARY MEDICAL ASSOCIATION,Minimally invasive splenectomy is associated with a low perioperative complication rate and short operative time in cats
28,WoS,WOS:001656937700001,T1 DOI,2026,youssef,10.1155/cris/6307093,CASE REPORTS IN SURGERY,Acute Abdominal Pain in Pregnancy Revealing a Wandering Spleen With Infarction: A Case Report
115,WoS,WOS:001167667100008,T1 DOI,2024,lieb,10.1093/jscr/rjae088,JOURNAL OF SURGICAL CASE REPORTS,Iatrogenic wandering spleen causing gastric outlet obstruction and perforation
395,WoS,WOS:000358815000014,T2 title+author+year,2015,singh,,JOURNAL OF REPRODUCTIVE MEDICINE,Wandering Spleen A Case of Spontaneous Hemoperitoneum in an HIV-positive Patient with Recurrent Tuboovarian Abscess
113,WoS,WOS:001189659800001,T1 DOI,2024,xiao,10.3389/fonc.2024.1310394,FRONTIERS IN ONCOLOGY,The imaging features of ectopic spleen: which modality is more consistent? A cases series report and literature reviews
1336,WoS,WOS:000245112500001,,2006,gradner,,WIENER TIERARZTLICHE MONATSSCHRIFT,Intra-abdominal testicular torsion in a cryptorchid dog
99,WoS,WOS:001246640700001,T1 DOI,2024,hanifa,10.1177/2050313x241262141,SAGE OPEN MEDICAL CASE REPORTS,Gastric volvulus with necrosis and gangrene associated with wandering spleen: A rare case report from Syria
763,WoS,WOS:000169419200003,T2 title+author+year,2001,bittar,,PRESSE MEDICALE,Volvulus of the mobile spleen: conservative laparoscopic treatment
1337,WoS,WOS:000754470800003,,2023,aleksandra,10.1007/s12262-022-03309-3,INDIAN JOURNAL OF SURGERY,Unusual Presentation of Wandering Spleen Mimicking Pelvic Mass
806,WoS,WOS:000078380700099,T2 title+author+year,1998,benoist,,HEPATO-GASTROENTEROLOGY,Reversible hypersplenism after splenopexy for wandering spleen
24,WoS,WOS:001693459200001,T1 DOI,2026,fujita,10.2169/internalmedicine.6440-25,INTERNAL MEDICINE,Gastric volvulus complicated with a wandering spleen
489,WoS,WOS:000317359100010,T1 DOI,2013,magowska,10.1007/s00268-012-1880-x,WORLD JOURNAL OF SURGERY,"Wandering Spleen: A Medical Enigma, Its Natural History and Rationalization"
497,WoS,WOS:000307367200012,T1 DOI,2012,grange,10.2460/javma.241.4.461,JAVMA-JOURNAL OF THE AMERICAN VETERINARY MEDICAL ASSOCIATION,Evaluation of splenectomy as a risk factor for gastric dilatation-volvulus
617,WoS,WOS:000249767300026,T1 DOI,2007,amer,10.1016/j.jmig.2007.04.016,JOURNAL OF MINIMALLY INVASIVE GYNECOLOGY,Infarcted ectopic spleen presenting as retroperitoneal mass
769,WoS,WOS:000168941600018,T1 DOI,2001,cobellis,10.1046/j.1469-0705.2001.00403.x,ULTRASOUND IN OBSTETRICS & GYNECOLOGY,Ultrasound diagnosis and Doppler monitoring of a pelvic spleen in pregnancy
761,WoS,WOS:000171334800018,T2 title+author+year,2001,dweck,,ISRAEL MEDICAL ASSOCIATION JOURNAL,Wandering spleen in a young girl with Gaucher disease
160,WoS,WOS:000870815900006,T1 DOI,2022,ikeda,10.1093/jscr/rjac483,JOURNAL OF SURGICAL CASE REPORTS,Successful laparoscopic-assisted partial splenectomy and splenopexy with umbilical approach to wandering spleen with an enlarged cyst in a pediatric patient
588,WoS,WOS:000264859100014,T2 title+author+year,2009,iqbal,,JCPSP-JOURNAL OF THE COLLEGE OF PHYSICIANS AND SURGEONS PAKISTAN,Torsion of a Wandering Spleen Presenting as a Case of Acute Abdomen
638,WoS,WOS:000242300500009,T1 DOI,2006,takayasu,10.1007/s00595-006-3303-9,SURGERY TODAY,Splenic autotransplantation for a congested and enlarged wandering spleen with torsion: Report of a case
686,WoS,WOS:000227809600020,T1 DOI,2005,breisch,10.1007/s10024-004-7082-2,PEDIATRIC AND DEVELOPMENTAL PATHOLOGY,Autoinfarcted wandering spleen and fatal pneumococcal sepsis in an infant
551,WoS,WOS:000279765500010,T1 DOI,2010,arleo,10.1016/j.clinimag.2009.09.001,CLINICAL IMAGING,Multimodality imaging of a neonatal wandering spleen
202,WoS,WOS:000724731500027,T1 DOI,2021,yuki,10.1002/ccr3.4891,CLINICAL CASE REPORTS,Subclinical wandering spleen in a cat with gastrointestinal lymphoma
1338,WoS,WOS:A1997WW35400005,,1997,germann,10.1007/s001120050120,MONATSSCHRIFT KINDERHEILKUNDE,Typical cases of congenital wandering spleen
427,WoS,WOS:000340470000009,T1 DOI,2014,gorsi,10.4103/1319-3767.133026,SAUDI JOURNAL OF GASTROENTEROLOGY,Pancreatic Volvulus with Wandering Spleen and Gastric Volvulus: An Unusual Triad for Acute Abdomen in a Surgical Emergency
224,WoS,WOS:000618258900072,T1 DOI,2021,hayati,10.1111/ans.16380,ANZ JOURNAL OF SURGERY,Re: Rare case of wandering spleen causing intra-thoracic megacolon
542,WoS,WOS:000283486000010,T1 DOI,2010,montenovo,10.1097/sle.0b013e3181f69ce2,SURGICAL LAPAROSCOPY ENDOSCOPY & PERCUTANEOUS TECHNIQUES,Laparoscopic Splenopexy for Wandering Spleen: Case Report and Review of the Literature
1339,WoS,WOS:000863599700219,,2022,said,,HISTOPATHOLOGY,Intrapancreatic ectopic spleen: clinical-pathologic correlation of 56 cases
126,WoS,WOS:001090123400001,T1 DOI,2023,basu,10.2147/ceg.s428679,CLINICAL AND EXPERIMENTAL GASTROENTEROLOGY,Wandering Spleen and Acute Gastric Volvulus in an Elderly Woman with Acute Abdomen: A Case Report
1340,WoS,WOS:000178031900004,,2002,nautrup,,TIERARZTLICHE PRAXIS AUSGABE KLEINTIERE HEIMTIERE,"The normal blood flow of intrasplenic arteries and veins in adult dogs and cats, shown by colour coded and pulsed wave Doppler ultrasonography"
389,WoS,WOS:000368432200014,T1 DOI,2015,jude,10.15537/smj.2015.12.12363,SAUDI MEDICAL JOURNAL,Torsion of a wandering spleen A rare cause of acute abdomen
368,WoS,WOS:000384297300010,T1 DOI,2016,radillo,10.1097/pec.0000000000000642,PEDIATRIC EMERGENCY CARE,The Great Pretender: Pediatric Wandering Spleen: Two Case Reports and Review of the Literature
1341,WoS,WOS:001326562705077,,2024,thornhill,10.1016/j.chest.2024.06.3030,CHEST,ADULT PRESENTATION OF BOCHDALEK HERNIA: A RARE CASE OF GASTRIC VOLVULUS WITH WANDERING SPLEEN AND PANCREATIC INVOLVEMENT
10,WoS,WOS:001793220700001,T1 DOI,2026,zhang,10.21037/hbsn-2026-1-0077,HEPATOBILIARY SURGERY AND NUTRITION,Wandering spleen
333,WoS,WOS:000439705600008,T1 DOI,2018,taydas,10.1053/j.gastro.2017.11.288,GASTROENTEROLOGY,"A Multicystic, Malrotated Pancreas in a Patient With Wandering Spleen A Multicystic, Malrotated Pancreas in a PatientWith Wandering Spleen"
571,WoS,WOS:000269408600010,T1 DOI,2009,lien,10.1016/s1875-9572(09)60059-0,PEDIATRICS AND NEONATOLOGY,Acute Torsion of Wandering Spleen: Report of One Case
468,WoS,WOS:000320655100021,T1 DOI,2013,heydari,10.1016/j.ajem.2013.02.017,AMERICAN JOURNAL OF EMERGENCY MEDICINE,Wandering spleen presenting as small bowel obstruction
664,WoS,WOS:000234372400021,T1 DOI,2005,hedeshian,10.1089/lap.2005.15.670,JOURNAL OF LAPAROENDOSCOPIC & ADVANCED SURGICAL TECHNIQUES,Laparoscopic splenopexy of a pediatric wandering spleen by creation of a retroperitoneal pocket
574,WoS,WOS:000280026400009,T1 DOI,2010,legaz,10.1016/j.ciresp.2009.05.019,CIRUGIA ESPANOLA,Wandering spleen in an asymptomatic patient
1342,WoS,WOS:000541963200438,,2019,canty,10.1136/archdischild-2019-epa.437,ARCHIVES OF DISEASE IN CHILDHOOD,IN PURSUIT OF A WANDERING SPLEEN
337,WoS,WOS:000412650300029,T1 DOI,2017,ren,10.1097/md.0000000000008116,MEDICINE,Colonic obstruction caused by accessory spleen torsion A rare case report and literature review
1343,WoS,WOS:000644913200002,,2021,ilgar,10.33706/jemcr.811390,JOURNAL OF EMERGENCY MEDICINE CASE REPORTS,An Unexpected Acute Abdomen Case: Torsion of a Wandering Spleen Treated with Splenopexy
278,WoS,WOS:000495897500001,T1 DOI,2020,han,10.1111/ans.15542,ANZ JOURNAL OF SURGERY,Rare case of wandering spleen causing intra-thoracic megacolon
845,WoS,WOS:A1997WL45800024,T1 DOI,1997,laszewicz,10.1055/s-2007-1004072,ENDOSCOPY,Upper gastrointestinal hemorrhage secondary to ectopic spleen
556,WoS,WOS:000285754000048,T1 DOI,2011,cripps,10.1007/s00464-010-1120-0,SURGICAL ENDOSCOPY AND OTHER INTERVENTIONAL TECHNIQUES,Hand-assisted laparoscopy for wandering spleen
1344,WoS,WOS:001256293600001,,2024,annesi,10.1016/j.epsc.2024.102840,JOURNAL OF PEDIATRIC SURGERY CASE REPORTS,Wandering spleen resulting in gastric volvulus in a child with vanishing gastroschisis: A case report
171,WoS,WOS:000954502200001,T2 title+author+year,2023,ferrer-inaebnit,10.1016/j.ciresp.2022.06.017,CIRUGIA ESPANOLA,"Laparoscopic approach to accessory wandering spleen, an uncommon association"
677,WoS,WOS:000228826200019,T1 DOI,2005,awe,10.5144/0256-4947.2005.168,ANNALS OF SAUDI MEDICINE,Wandering spleen associated with a splenic cyst
1345,WoS,WOS:000860652400001,,2022,mehrnahad,10.30491/tm.2022.351616.1497,TRAUMA MONTHLY,Assessment of Two Cases with Wandering Spleen
1346,WoS,WOS:000598997300029,,2020,han,10.31083/j.ceog.2020.06.5498,CLINICAL AND EXPERIMENTAL OBSTETRICS & GYNECOLOGY,Wandering spleen in a postpartum female: a case report
75,WoS,WOS:001473171200021,T1 DOI,2025,li,10.11152/mu-4484,MEDICAL ULTRASONOGRAPHY,Torsion with necrosis of a wandering spleen in a child
1347,WoS,WOS:000449070100021,,2018,de,10.14715/cmb/2018.64.13.21,CELLULAR AND MOLECULAR BIOLOGY,Ectopic spleen mimicking hepatocellular carcinoma in the late post-operative period of bariatric surgery
238,WoS,WOS:000595304400014,T1 DOI,2020,wester,10.1056/nejmicm2003627,NEW ENGLAND JOURNAL OF MEDICINE,Wandering Spleen
500,WoS,WOS:000309517900019,T1 DOI,2012,fabiano,10.1016/j.ciresp.2012.04.006,CIRUGIA ESPANOLA,Laparoscopic splenectomy for torsion of a wandering spleen
737,WoS,WOS:000180495800011,T1 DOI,2003,jain,10.1097/00003072-200301000-00011,CLINICAL NUCLEAR MEDICINE,An incidental pelvic spleen and splenule appearance on liver-spleen imaging
525,WoS,WOS:000296373200005,T1 DOI,2011,inoue,10.1016/j.jpedsurg.2011.06.019,JOURNAL OF PEDIATRIC SURGERY,Laparoscopic detorsion and colopexy for splenic flexure volvulus in an infant
135,WoS,WOS:001051493000001,T1 DOI,2023,haidari,10.1016/j.ijscr.2023.108597,INTERNATIONAL JOURNAL OF SURGERY CASE REPORTS,"Huge accessory spleen with torsion, mimicking splenic lymphangioma: A case report and review of the literature"
364,WoS,WOS:000405286700002,T1 DOI,2017,kutara,10.1111/vru.12395,VETERINARY RADIOLOGY & ULTRASOUND,IMAGING DIAGNOSIS-ECTOPIC SPLEEN MIMICKING HEPATIC TUMOR WITH INTRA-ABDOMINAL METASTASES INVESTIGATED VIA TRIPLE-PHASE HELICAL COMPUTED TOMOGRAPHY IN A DOG
776,WoS,WOS:000166121200011,T2 title+author+year,2001,bhasin,,JOURNAL OF CLINICAL ULTRASOUND,Value of power Doppler sonography in the evaluation of torsion in a wandering spleen
794,WoS,WOS:000082244800010,T1 DOI,1999,haj,10.1089/lap.1999.9.357,JOURNAL OF LAPAROENDOSCOPIC & ADVANCED SURGICAL TECHNIQUES-PART A,Laparoscopic splenopexy of a wandering spleen
338,WoS,WOS:000426795800022,T1 DOI,2018,tagliabue,10.1007/s11605-017-3560-5,JOURNAL OF GASTROINTESTINAL SURGERY,The Wandering Spleen
158,WoS,WOS:000882019700001,T1 DOI,2022,lim,10.1002/ccr3.6559,CLINICAL CASE REPORTS,A congenital wandering spleen with a large epithelial cyst: A case report
689,WoS,WOS:000182512100016,T2 title+author+year,2003,mackintosh,10.1016/s1479-666x(03)80140-3,SURGEON JOURNAL OF THE ROYAL COLLEGES OF SURGEONS OF EDINBURGH AND IRELAND,"Re:: ""Wandering spleen:: case report and literature review"" Satyadas et al. J R Coll Edinb 2002; 47: 512-514"
805,WoS,WOS:000078263000018,T2 title+author+year,1999,kaniklides,,ACTA RADIOLOGICA,Accessory wandering spleen associated with short pancreas - A pediatric case report
6,WoS,WOS:001844226600001,T1 DOI,2026,mammadova,10.1111/jog.70458,JOURNAL OF OBSTETRICS AND GYNAECOLOGY RESEARCH,Pelvic Wandering Spleen Mimicking an Ovarian Germ Cell Tumor
690,WoS,WOS:000182512100015,T2 title+author+year,2003,lane,10.1016/s1479-666x(03)80139-7,SURGEON JOURNAL OF THE ROYAL COLLEGES OF SURGEONS OF EDINBURGH AND IRELAND,"Re:: ""Wandering spleen:: case report and literature review"" Satyadas et al. J R Coll Edinb 2002; 47: 512-514"
1348,WoS,WOS:000354593500007,,2015,rodriguez,,REVISTA ESPANOLA DE ENFERMEDADES DIGESTIVAS,Acute abdomen secondary to ectopic spleen torsion
801,WoS,WOS:000080409300023,T1 DOI,1999,ohta,10.1097/00003072-199906000-00023,CLINICAL NUCLEAR MEDICINE,Tc-99m phytate images in a patient with a wandering spleen
306,WoS,WOS:000453410200006,T1 DOI,2018,bernardes,10.1590/1806-9282.64.12.1075,REVISTA DA ASSOCIACAO MEDICA BRASILEIRA,An unusual cause of acute abdomen: wandering spleen with infarction
797,WoS,WOS:000084752500011,T1 DOI,1999,lane,10.1177/014107689909200211,JOURNAL OF THE ROYAL SOCIETY OF MEDICINE,Management of a wandering spleen
695,WoS,WOS:000222275400020,T1 DOI,2004,tucker,10.1016/j.amjsurg.2003.11.042,AMERICAN JOURNAL OF SURGERY,Recurrent torsion of a wandering spleen
168,WoS,WOS:000936566400001,T1 DOI,2023,liao,10.1016/j.asjsur.2022.08.031,ASIAN JOURNAL OF SURGERY,A new surgical approach for a child with acute torsion of the wandering spleen: A case report
729,WoS,WOS:000182436400019,T1 DOI,2003,granel,10.1016/s0002-9343(03)00060-3,AMERICAN JOURNAL OF MEDICINE,Splenic volvulus in a young woman
827,WoS,WOS:000071764300013,T1 DOI,1998,saadaoui,10.1016/s0720-048x(96)01121-7,EUROPEAN JOURNAL OF RADIOLOGY,Acute torsion of a wandering spleen in a child:: preoperative diagnosis by ultrasonography and computed tomography
1349,WoS,WOS:000074749500690,,1998,van,,BRITISH JOURNAL OF SURGERY,The laparoscopic extirpation of a wandering spleen
36,WoS,WOS:001594126600001,T1 DOI,2025,alsobyani,10.1093/jscr/rjaf808,JOURNAL OF SURGICAL CASE REPORTS,Gastric volvulus in an elderly male with a hiatal hernia and a wandering spleen: a case report
41,WoS,WOS:001563292400001,T1 DOI,2025,liu,10.1155/carm/4875687,CASE REPORTS IN MEDICINE,A Case of Ectopic Spleen Transplanted Into the Sigmoid Colon and Pelvic Peritoneum
1350,WoS,WOS:001539038500008,,2023,rowland,10.14309/01.ajg.0000958004.08164.44,AMERICAN JOURNAL OF GASTROENTEROLOGY,A Twisted Tale of Intractable Vomiting: The Wandering Spleen
103,WoS,WOS:001232492900001,T1 DOI,2024,shibiru,10.1186/s13256-024-04580-6,JOURNAL OF MEDICAL CASE REPORTS,Wandering spleen presenting in the form of right sided pelvic mass and pain in a patient with AD-PCKD: a case report and review of the literature
830,WoS,WOS:000071164700028,T1 DOI,1997,walcher,10.1097/00005373-199712000-00024,JOURNAL OF TRAUMA-INJURY INFECTION AND CRITICAL CARE,Torsion of a wandering spleen after blunt abdominal trauma
1351,WoS,WOS:000368130400477,,2015,braganza,,BRITISH JOURNAL OF SURGERY,Bockdalek Hernia with an Infarcted Torted Wandering Pelvic Spleen
569,WoS,WOS:000283605800018,T1 DOI,2009,parlakgumus,10.4318/tjg.2009.0018,TURKISH JOURNAL OF GASTROENTEROLOGY,Wandering spleen accompanied by hilar angiomatosis causing intestinal obstruction in a paraplegic patient
739,WoS,WOS:000179030500008,T2 title+author+year,2002,chan,,JOURNAL OF THE FORMOSAN MEDICAL ASSOCIATION,Acute abdomen due to torsion of a pelvic wandering spleen
581,WoS,WOS:000276726900012,T1 DOI,2010,yasuda,10.1055/s-0029-1220708,EUROPEAN JOURNAL OF PEDIATRIC SURGERY,Wandering Spleen Causing Intestinal Obstruction after Repair of Congenital Diaphragmatic Hernia
396,WoS,WOS:000361557500181,T2 title+author+year,2015,jiang,,INTERNATIONAL JOURNAL OF CLINICAL AND EXPERIMENTAL MEDICINE,Acute torsion of wandering spleen in a 17-year-old girl
1352,WoS,WOS:000607196707248,,2020,flores,,AMERICAN JOURNAL OF GASTROENTEROLOGY,"Ectopic Spleen Tissue Mimicking Gastrointestinal Stromal Tumor, a Case Report of a Gastric Subepithelial Lesion"
69,WoS,WOS:001468077600001,T1 DOI,2025,tang,10.1016/j.acepjo.2025.100105,JOURNAL OF THE AMERICAN COLLEGE OF EMERGENCY PHYSICIANS OPEN,An Unusual Cause of Pediatric Anemia and Jaundice
403,WoS,WOS:000373022200034,T1 DOI,2016,cianci,10.1007/s00464-015-4363-y,SURGICAL ENDOSCOPY AND OTHER INTERVENTIONAL TECHNIQUES,Spleen assessment after laparoscopic transperitoneal left adrenalectomy: preliminary results
259,WoS,WOS:000530372700001,T1 DOI,2020,mocanu,10.1111/ans.15966,ANZ JOURNAL OF SURGERY,Atypical mesenteroaxial gastric volvulus with wandering spleen as a late complication of vagotomy and pyloromyotomy for peptic duodenal ulcer
702,WoS,WOS:000226285200016,T1 DOI,2004,qazi,10.1007/s00383-004-1157-z,PEDIATRIC SURGERY INTERNATIONAL,Wandering spleen: a rare cause of mesenteroaxial gastric volvulus
438,WoS,WOS:000333661300020,T1 DOI,2014,richman,10.1016/j.surg.2012.11.015,SURGERY,Wandering spleen
758,WoS,WOS:000171105200011,T1 DOI,2001,wen,10.1007/s005350170051,JOURNAL OF GASTROENTEROLOGY,Sonographic findings of wandering spleen
577,WoS,WOS:000273470200018,T1 DOI,2010,dillman,10.1007/s00247-009-1376-5,PEDIATRIC RADIOLOGY,"The ""wandering"" spleen"
151,WoS,WOS:001064011200002,T1 DOI,2023,moore,10.1308/rcsann.2022.0149,ANNALS OF THE ROYAL COLLEGE OF SURGEONS OF ENGLAND,Gastric outlet obstruction secondary to a wandering spleen: systematic review and surgical management of a case
746,WoS,WOS:000182574500023,T2 title+author+year,2002,gayer,,ISRAEL MEDICAL ASSOCIATION JOURNAL,Torsion of a wandering spleen
311,WoS,WOS:000449243500016,T2 title+author+year,2018,vaynshtein,,ISRAEL MEDICAL ASSOCIATION JOURNAL,Wandering Spleen: Three Subsequent Cases in Young Women
647,WoS,WOS:000240097100017,T1 DOI,2006,matsushima,10.1007/s00595-006-3262-1,SURGERY TODAY,Laparoscopic repair of gastric volvulus associated with wandering spleen in an adult: Report of a case
255,WoS,WOS:000536020600023,T1 DOI,2020,karaisli,10.14744/tjtes.2019.91606,ULUSAL TRAVMA VE ACIL CERRAHI DERGISI-TURKISH JOURNAL OF TRAUMA & EMERGENCY SURGERY,Torsion of wandering spleen nine years after gastric volvulus: Effect of multiparity?
1353,WoS,WOS:000449266204049,,2018,oksuzoglu,,EUROPEAN JOURNAL OF NUCLEAR MEDICINE AND MOLECULAR IMAGING,Wandering spleen on FDG PET/CT
331,WoS,WOS:000427334300029,T1 DOI,2018,hallisey,10.1016/j.annemergmed.2017.09.030,ANNALS OF EMERGENCY MEDICINE,IMAGES IN EMERGENCY MEDICINE Wandering spleen
715,WoS,WOS:000188056700012,T1 DOI,2003,weiand,10.1007/s00104-003-0714-7,CHIRURG,"Accessory spleen of the pancreatic tail - a neglected entity? A contribution to embryology, topography and pathology of ectopic splenic tissue"
681,WoS,WOS:000229731500016,T1 DOI,2005,esposito,10.1007/s00383-005-1403-z,PEDIATRIC SURGERY INTERNATIONAL,Enlarged wandering spleen treated with hemisplenectomy and fixation of the residual spleen
784,WoS,WOS:000089154100014,T1 DOI,2000,ugolini,10.1067/msy.2000.104121,SURGERY,Gastric outlet obstruction secondary to wandering spleen
510,WoS,WOS:000302771700014,T1 DOI,2012,yucel,10.1097/sle.0b013e318246beb5,SURGICAL LAPAROSCOPY ENDOSCOPY & PERCUTANEOUS TECHNIQUES,Laparoscopic Splenectomy for the Treatment of Wandering Spleen in a Pregnant Woman: A Case Report
795,WoS,WOS:000082612000031,T1 DOI,1999,kapellerova,10.1007/s004310051229,EUROPEAN JOURNAL OF PEDIATRICS,Enuresis as a rare symptom of the dystopic spleen in a child
37,WoS,WOS:001597146100001,T1 DOI,2026,zhuo,10.1007/s10620-025-09482-1,DIGESTIVE DISEASES AND SCIENCES,Ectopic Spleen in the Gastric Fundus
1354,WoS,WOS:000317831500005,,2013,frank,10.1200/jco.2012.44.4877,JOURNAL OF CLINICAL ONCOLOGY,Rare Case of a Dislocated Spleen in a Patient With B-Cell Lymphoma
700,WoS,WOS:000221555900067,T1 DOI,2004,deux,10.2214/ajr.182.6.1821607,AMERICAN JOURNAL OF ROENTGENOLOGY,Acute torsion of wandering spleen: MRI findings
452,WoS,WOS:000332907900021,T1 DOI,2014,bouzaidi,10.1016/j.lpm.2013.04.022,PRESSE MEDICALE,Infarction of a wandering spleen - A case report
540,WoS,WOS:000289144800022,T1 DOI,2011,lips,10.1007/s00259-010-1714-8,EUROPEAN JOURNAL OF NUCLEAR MEDICINE AND MOLECULAR IMAGING,Wandering spleen on a 68Ga-DOTATOC-PET/CT scan
1355,WoS,WOS:000080152200013,,1999,fasse,,ROFO-FORTSCHRITTE AUF DEM GEBIET DER RONTGENSTRAHLEN UND DER BILDGEBENDEN VERFAHREN,Wandering spleen - An uncommon differential diagnosis of acute abdomen
1356,WoS,WOS:000272789800013,,2009,sharath,,IRANIAN JOURNAL OF RADIOLOGY,Torsion of a Wandering Spleen: A Pediatric Acute Abdominal Presentation
344,WoS,WOS:000406275100012,T1 DOI,2017,gungor,10.5152/tjg.2017.17035,TURKISH JOURNAL OF GASTROENTEROLOGY,Torsion of a wandering spleen in an adolescent with Gaucher disease
142,WoS,WOS:001011664500001,T1 DOI,2023,ahmad,10.1016/j.ijscr.2023.108319,INTERNATIONAL JOURNAL OF SURGERY CASE REPORTS,A wandering spleen with 720° torsion and persistent ascending and descending mesocolon in a 5-year-old Syrian male: A case report*
1357,WoS,WOS:000777353000001,,2022,muller,10.1007/s00104-022-01589-9,CHIRURGIE,A rare differential diagnosis of lower abdominal pain in pediatrics
281,WoS,WOS:000485192500025,T2 title+author+year,2019,ng,,AMERICAN SURGEON,Wandering Spleen with 720-degree Torsion Treated with Splenectomy and Distal Pancreatectomy
765,WoS,WOS:000168470500016,T1 DOI,2001,pelizzo,10.1007/s002610000171,ABDOMINAL IMAGING,"Gastric volvulus associated with congenital diaphragmatic hernia, wandering spleen, and intrathoracic left kidney: CT findings"
212,WoS,WOS:000668625100005,T1 DOI,2021,kataria,10.1136/bcr-2021-242441,BMJ CASE REPORTS,"Laparoscopic management of gastric volvulus, diaphragmatic eventration and wandering spleen in a child"
756,WoS,WOS:000171174700018,T2 title+author+year,2001,reisli,,TURKISH JOURNAL OF PEDIATRICS,A case of osteopetrosis with pelvic ectopic spleen:: an unusual association
773,WoS,WOS:000166844200011,T1 DOI,2001,farthouat,10.1016/s0003-3944(00)00460-0,ANNALES DE CHIRURGIE,Unusual tumor of the testis: an ectopic spleen
475,WoS,WOS:000316470100001,T1 DOI,2013,zarroug,10.1016/j.jpedsurg.2012.12.042,JOURNAL OF PEDIATRIC SURGERY,Wandering spleen as a cause of mesenteric and portal varices: A new etiology?
453,WoS,WOS:000209224700007,T2 title+author+year,2013,prosser,,CANADIAN VETERINARY JOURNAL-REVUE VETERINAIRE CANADIENNE,Ectopic spleen presenting with anemia and an abdominal mass in a dog
262,WoS,WOS:000565849600005,T1 DOI,2020,goksu,10.1016/j.jemermed.2020.01.012,JOURNAL OF EMERGENCY MEDICINE,TORSION OF WANDERING SPLEEN: A CASE REPORT
252,WoS,WOS:000634533500020,T1 DOI,2021,lebeul,10.1016/j.dld.2020.06.025,DIGESTIVE AND LIVER DISEASE,A wandering SPLEEN
624,WoS,WOS:000246005000024,T1 DOI,2007,lacreuse,10.1089/lap.2006.0005,JOURNAL OF LAPAROENDOSCOPIC & ADVANCED SURGICAL TECHNIQUES,Laparoscopic splenopexy for a wandering spleen in a child
332,WoS,WOS:000442351800040,T1 DOI,2018,zhang,10.1007/s00261-018-1488-1,ABDOMINAL RADIOLOGY,"A ""wandering spleen"""
133,WoS,WOS:001046805100023,T1 DOI,2023,deolikar,10.7759/cureus.41860,CUREUS JOURNAL OF MEDICAL SCIENCE,Situs Inversus Partialis With a Wandering Spleen Having a Single Atrium: A Rare Tale of Survival
772,WoS,WOS:000167273600023,T1 DOI,2001,fontan,10.1007/s003300000547,EUROPEAN RADIOLOGY,"Accessory spleen torsion:: US, CT and MR findings"
87,WoS,WOS:001357193700001,T1 DOI,2024,shale,10.1016/j.ijscr.2024.110517,INTERNATIONAL JOURNAL OF SURGERY CASE REPORTS,A rare case of wandering spleen with splenomegaly in a postpartum female patient: A case report and literature review
777,WoS,WOS:000165936000018,T1 DOI,2000,zimmermann,10.1046/j.1440-1622.2000.02008.x,AUSTRALIAN AND NEW ZEALAND JOURNAL OF SURGERY,Wandering spleen presenting as an asymptomatic mass
100,WoS,WOS:001385685100001,T1 DOI,2024,poirier,10.1016/j.jviscsurg.2024.05.005,JOURNAL OF VISCERAL SURGERY,Wandering spleen: Diagnosis and treatment
48,WoS,WOS:001549859200001,T1 DOI,2025,knight,10.1111/petr.70161,PEDIATRIC TRANSPLANTATION,Wandering Spleen in a Pediatric Lung Transplant Patient With Filamin A Deficiency: An Incidental Finding
667,WoS,WOS:000233377400016,T2 title+author+year,2005,sharon,,ISRAEL MEDICAL ASSOCIATION JOURNAL,Weird activity and the wandering spleen
712,WoS,WOS:000188701300027,T2 title+author+year,2003,abba,,SAUDI MEDICAL JOURNAL,Wandering spleen
467,WoS,WOS:000319344700010,T1 DOI,2013,zhang,10.3233/xst-130378,JOURNAL OF X-RAY SCIENCE AND TECHNOLOGY,X-ray computed tomography and sonography features of continuous splenogonadal fusion
211,WoS,WOS:000732049200054,T1 DOI,2021,alghamdi,10.1093/jscr/rjab277,JOURNAL OF SURGICAL CASE REPORTS,Infarcted wandering spleen: A case report from Saudi Arabia
117,WoS,WOS:001163463500007,T1 DOI,2024,rafei,10.1093/jscr/rjae059,JOURNAL OF SURGICAL CASE REPORTS,Laparoscopic exploration of a wandering spleen in a complex adolescent case with sigmoid volvulus and left-side portal hypertension: a case report
186,WoS,WOS:000779222800003,T1 DOI,2022,nakagawa,10.1007/s00383-022-05125-y,PEDIATRIC SURGERY INTERNATIONAL,Patients with gastric volvulus recurrence have high incidence of wandering spleen requiring laparoscopic gastropexy and splenopexy
559,WoS,WOS:000272667600013,T2 title+author+year,2009,dirican,,BRATISLAVA MEDICAL JOURNAL-BRATISLAVSKE LEKARSKE LISTY,Torsion of wandering spleen
656,WoS,WOS:000238683800007,T1 DOI,2006,sinha,10.1007/s00383-006-1673-0,PEDIATRIC SURGERY INTERNATIONAL,Splenoptosis complicated by a large splenic cyst: case report and discussion of combined management
137,WoS,WOS:001144420000001,T1 DOI,2024,chen,10.1016/j.gie.2023.07.005,GASTROINTESTINAL ENDOSCOPY,Isolated gastric varices resulting from a wandering spleen
134,WoS,WOS:001109670500001,T1 DOI,2023,zhou,10.1016/j.amjms.2023.08.005,AMERICAN JOURNAL OF THE MEDICAL SCIENCES,Torsion of pelvic wandering spleen with infarction
121,WoS,WOS:001127110900028,T1 DOI,2023,snyder,10.7759/cureus.50447,CUREUS JOURNAL OF MEDICAL SCIENCE,Wandering Spleen After Sleeve Gastrectomy as a Cause of Sigmoid Volvulus
277,WoS,WOS:000577182400013,T1 DOI,2020,valles,10.1016/j.ciresp.2019.09.009,CIRUGIA ESPANOLA,Torsion of a wandering spleen
626,WoS,WOS:000246266100017,T1 DOI,2007,buckley,10.1016/j.crad.2006.11.018,CLINICAL RADIOLOGY,MRI of the wandering spleen
1350,WoS,WOS:001091849304319,T2 title+author+year,2023,rowland,,AMERICAN JOURNAL OF GASTROENTEROLOGY,A Twisted Tale of Intractable Vomiting: The Wandering Spleen
290,WoS,WOS:000498848300005,T1 DOI,2019,de'ath,10.1053/j.gastro.2019.07.022,GASTROENTEROLOGY,Overeating and a Wandering Spleen: What Is the Link?
249,WoS,WOS:000561619100025,T2 title+author+year,2020,pouchot,,LANCET,"A wandering spleen, splenomegaly, hypersplenism, and iron deficiency anaemia"
570,WoS,WOS:000270078700010,T1 DOI,2009,tseng,10.1056/nejmicm0802024,NEW ENGLAND JOURNAL OF MEDICINE,Pelvic Spleen
477,WoS,WOS:000319293000015,T1 DOI,2013,gardner,10.1002/ajh.23425,AMERICAN JOURNAL OF HEMATOLOGY,Wandering spleen: A mobile target for radiotherapy
687,WoS,WOS:000226873700026,T1 DOI,2005,saxena,10.1016/j.surg.2004.06.002,SURGERY,Torsion of a wandering spleen with stomach volvulus and nonrotation: extraperitoneal pocket splenopexy
731,WoS,WOS:000182020600022,T1 DOI,2003,kim,10.1053/jpsu.2003.50136,JOURNAL OF PEDIATRIC SURGERY,Avulsion of wandering spleen after traumatic torsion
1358,WoS,WOS:000395764602098,,2016,ahmed,10.14309/00000434-201610001-01249,AMERICAN JOURNAL OF GASTROENTEROLOGY,Intrapancreatic Ectopic Spleen Mimicking a Pancreatic Tumor: A Case Report
697,WoS,WOS:000224199900015,T1 DOI,2004,bakir,10.1007/s00261-004-0174-7,ABDOMINAL IMAGING,Acute torsion of a wandering spleen: imaging findings
1359,WoS,WOS:001381351700001,,2024,yang,10.4103/singaporemedj.smj-2022-120,SINGAPORE MEDICAL JOURNAL,Clinics in diagnostic imaging (218)
71,WoS,WOS:001459726500001,T1 DOI,2025,cesana,10.1007/s13304-025-02181-6,UPDATES IN SURGERY,Case report: laparoscopic keyhole splenopexy with composite mesh for wandering spleen
783,WoS,WOS:000089040500025,T1 DOI,2000,ratani,10.1097/00003072-200009000-00025,CLINICAL NUCLEAR MEDICINE,An intrathoracic wandering spleen in a patient with Ehlers-Danlos syndrome and diaphragmatic hernia
305,WoS,WOS:000454105100001,T1 DOI,2018,niu,10.1186/s12893-018-0461-9,BMC SURGERY,Thoracic splenosis presenting as pulmonary space-occupying lesion
593,WoS,WOS:000263098900014,T1 DOI,2008,choh,10.1007/s12098-008-0181-8,INDIAN JOURNAL OF PEDIATRICS,Wandering Spleen Presenting as Recurrent Abdominal Pain in a Young Female
1360,WoS,WOS:000263430201452,,2008,fabio,,HAEMATOLOGICA-THE HEMATOLOGY JOURNAL,THE WANDERING SPLEEN: CASE REPORT AND REVIEW OF THE LITERATURE
708,WoS,WOS:000189215200034,T1 DOI,2004,lu,10.1097/01.ta.0000033501.57290.ad,JOURNAL OF TRAUMA-INJURY INFECTION AND CRITICAL CARE,Wandering spleen presenting as gastric outlet obstruction after repair of traumatic diaphragmatic hernia
734,WoS,WOS:000181509900021,T2 title+author+year,2003,chang,,ACTA RADIOLOGICA,Multidetector-row CT appearance of acute torsion of wandering spleen in a child
750,WoS,WOS:000175260100006,T1 DOI,2002,teomete,10.1016/s0895-6111(01)00037-4,COMPUTERIZED MEDICAL IMAGING AND GRAPHICS,Ectopic spleen and left-sided vena cava in Beckwith-Wiedemann syndrome
78,WoS,WOS:001484557800002,T1 DOI,2025,chen,10.1016/j.pedneo.2024.12.002,PEDIATRICS AND NEONATOLOGY,A case of mesenteroaxial gastric volvulus with wandering spleen in a 2-year-old boy
223,WoS,WOS:000661575500078,T1 DOI,2021,alfahad,10.1136/bcr-2020-237912,BMJ CASE REPORTS,Ectopic spleen presenting as a slowly enlarging lung nodule in the right lower lobe following gastric pull up operation
148,WoS,WOS:000934921700001,T1 DOI,2023,caruso,10.1007/s00261-022-03789-7,ABDOMINAL RADIOLOGY,"Wandering liver, spleen, and kidney: what the radiologist needs to know"
703,WoS,WOS:000222298400014,T1 DOI,2004,taori,10.1007/s00261-003-0142-7,ABDOMINAL IMAGING,Wandering spleen with torsion of vascular pedicle: early diagnosis with multiplaner reformation technique of multislice spiral CT
196,WoS,WOS:000829168800001,T1 DOI,2022,imawari,10.2169/internalmedicine.8391-21,INTERNAL MEDICINE,Splenectomy for Torsion of a Wandering Spleen in a Patient with Myeloproliferative Disease
815,WoS,WOS:000076221400009,T2 title+author+year,1998,gurski,10.1097/00019509-199810000-00009,SURGICAL LAPAROSCOPY & ENDOSCOPY,Laparoscopic approach to wandering spleen - A case report and an update to the question
1361,WoS,WOS:000074785600028,,1998,ue,,AMERICAN JOURNAL OF GASTROENTEROLOGY,Gastric volvulus and wandering spleen
360,WoS,WOS:000413600900001,T1 DOI,2016,hesse,10.1007/s00117-016-0164-0,RADIOLOGE,Acute Abdomen with undetermined abdominal Tumor with hemorrhagic Ascites and empty Spleen Box
718,WoS,WOS:000186734300014,T2 title+author+year,2003,estevao-costa,,EUROPEAN JOURNAL OF PEDIATRIC SURGERY,Neonatal splenic necrosis not related to wandering spleen
601,WoS,WOS:000256551300050,T1 DOI,2008,ben,10.1016/j.jpedsurg.2007.12.077,JOURNAL OF PEDIATRIC SURGERY,Familial wandering spleen: a first instance
230,WoS,WOS:000604992400026,T1 DOI,2021,kafadar,10.14744/tjtes.2020.00734,ULUSAL TRAVMA VE ACIL CERRAHI DERGISI-TURKISH JOURNAL OF TRAUMA & EMERGENCY SURGERY,Acute abdomen due to torsion of the wandering spleen: A rare clinical presentation
1362,WoS,WOS:000335085400048,,2014,ito,10.5754/hge13974,HEPATO-GASTROENTEROLOGY,Comparison of Standard Laparoscopic Distal Pancreatectomy with Minimally Invasive Distal Pancreatectomy Using the da Vinci S System
594,WoS,WOS:000260241500004,T1 DOI,2008,yilmaz,10.1159/000155899,EUROPEAN SURGICAL RESEARCH,Unusual Association of Omphalocele and Wandering Spleen
161,WoS,WOS:000870848900009,T1 DOI,2022,korbi,10.1016/j.ijscr.2022.107719,INTERNATIONAL JOURNAL OF SURGERY CASE REPORTS,Splenectomy for wandering splenomegaly in a patient with idiopathic thrombocytopenic purpura: A case report of a rare association
436,WoS,WOS:000336403200005,T1 DOI,2014,ihedioha,10.1177/0036933014530847,SCOTTISH MEDICAL JOURNAL,Conservative treatment of splenic infarction and intestinal obstruction caused by a wandering spleen
35,WoS,WOS:001596312500001,T1 DOI,2025,layegh,10.1002/ccr3.71007,CLINICAL CASE REPORTS,"Gastric Volvulus, Pancreatic Volvulus, and Wandering Spleen: A Rare Emergency Triad Behind Acute Abdomen"
339,WoS,WOS:000427818200009,T1 DOI,2018,ayyildiz,10.1016/j.ciresp.2017.05.011,CIRUGIA ESPANOLA,Wandering spleen
219,WoS,WOS:000714690000011,T2 title+author+year,2021,nel,10.17159/2078-5151/2021/v59n1a3531,SOUTH AFRICAN JOURNAL OF SURGERY,Laparoscopic splenopexy for wandering spleen with absorbable mesh fixation
819,WoS,WOS:000075365100014,T1 DOI,1998,idowu,10.1016/s0022-3468(98)90161-0,JOURNAL OF PEDIATRIC SURGERY,Partial splenectomy in children under 4 years of age with hemoglobinopathy
1363,WoS,WOS:000620662300014,,2021,mustafa,10.1016/j.epsc.2021.101785,JOURNAL OF PEDIATRIC SURGERY CASE REPORTS,Torsion of an accessory spleen
371,WoS,WOS:000385171000012,T1 DOI,2016,hartinger,10.1007/s00120-016-0092-7,UROLOGE,Big surprise in the lesser pelvis
1364,WoS,WOS:000184035000026,,2003,granel,10.1016/s0248-8663(03)80659-8,REVUE DE MEDECINE INTERNE,Wandering spleen
526,WoS,WOS:000208382600004,T2 title+author+year,2010,broadis,,MALAWI MEDICAL JOURNAL,Paediatric Wandering Spleens in Malawi
705,WoS,WOS:000189239000049,T1 DOI,2004,fearne,10.1016/j.jpedsurg.2003.10.033,JOURNAL OF PEDIATRIC SURGERY,Untitled
95,WoS,WOS:001289324600001,T1 DOI,2024,suliman,10.1016/j.ijscr.2024.110092,INTERNATIONAL JOURNAL OF SURGERY CASE REPORTS,Hidden for years: Torsion and infarction in the wandering spleen of a 45-year-old woman
615,WoS,WOS:000250420700026,T1 DOI,2007,barbaros,10.1097/sle.0b013e3180ca9b54,SURGICAL LAPAROSCOPY ENDOSCOPY & PERCUTANEOUS TECHNIQUES,Laparoscopic treatment of a wandering partial colonic obstruction -: Report of a case
743,WoS,WOS:000178378800024,T1 DOI,2002,sayeed,10.1067/msy.2002.119494,SURGERY,Torsion of a wandering spleen
448,WoS,WOS:000315620400014,T1 DOI,2013,misra,10.1007/s12262-012-0546-0,INDIAN JOURNAL OF SURGERY,Giant Cavernous Haemangioma of the Wandering Spleen
706,WoS,WOS:000189239000041,T1 DOI,2004,balliu,10.1016/j.jpedsurg.2003.10.025,JOURNAL OF PEDIATRIC SURGERY,Splenic haemorrhage in a newborn as the first manifestation of wandering spleen syndrome
96,WoS,WOS:001413788500001,,2025,lopez,10.1016/j.ciresp.2024.05.020,CIRUGIA ESPANOLA,Wandering spleen as a cause of acute abdomen
1365,WoS,WOS:000808040500003,,2022,huang,10.4103/fjs.fjs_85_21,FORMOSAN JOURNAL OF SURGERY,Pelvic splenosis in a patient with a 20-year history of splenectomy
1366,WoS,WOS:000178230400453,,2002,nguyen,10.1016/s0002-9270(02)04924-9,AMERICAN JOURNAL OF GASTROENTEROLOGY,"Gastric variceal bleed due to a ""wandering spleen"""
356,WoS,WOS:000397480700009,T2 title+author+year,2017,mattioni,,MEDICINA-BUENOS AIRES,Wandering spleen: an unusual cause of acute abdomen.
155,WoS,WOS:000990097500001,T1 DOI,2023,borsani,10.1016/j.cgh.2022.11.003,CLINICAL GASTROENTEROLOGY AND HEPATOLOGY,Wandering Spleen: An Unusual Cause of Recurrent Abdominal Pain
1367,WoS,WOS:000835293300015,,2022,sosa,10.4103/injms.injms_18_22,INDIAN JOURNAL OF MEDICAL SPECIALITIES,Wandering Spleen Torsion: A Rare Case of Acute Abdomen
221,WoS,WOS:000627809600001,T1 DOI,2021,kumarasamy,10.1111/ans.16733,ANZ JOURNAL OF SURGERY,Surgical abdominal emergency due to torsion of wandering spleen
457,WoS,WOS:000325299800005,T1 DOI,2013,king,10.1016/j.jmig.2013.02.007,JOURNAL OF MINIMALLY INVASIVE GYNECOLOGY,Pelvic Pain in the Presence of Wandering Spleen
810,WoS,WOS:000077226700011,T1 DOI,1998,kerleau,10.1016/s0248-8663(98)80391-3,REVUE DE MEDECINE INTERNE,Wandering spleen: a new case with original clinical feature and surgical treatment
65,WoS,WOS:001488824500001,T2 title+author+year,2025,garcia-hidalgo,10.1016/j.rx.2024.11.004,RADIOLOGIA,Acute abdomen secondary to torsion of a wandering spleen
524,WoS,WOS:000296767500026,T1 DOI,2011,somalwar,10.1016/s0140-6736(11)61183-5,LANCET,I wonder what the mobile mass is?
1368,WoS,WOS:000285080500013,,2010,hajirajabi,,IRANIAN RED CRESCENT MEDICAL JOURNAL,Torsion of Wandering Spleen and Resulting Rupture of Splenic Hilum with Whorled Sign in CT: A Case Report
1369,WoS,WOS:000669696900007,,2021,ioannis,10.1016/j.epsc.2021.101848,JOURNAL OF PEDIATRIC SURGERY CASE REPORTS,"Torsion of wandering spleen, splenectomy and autotransplantation of splenic slices"
1370,WoS,WOS:000797043900003,,2022,kumar,10.1016/j.clinimag.2022.04.005,CLINICAL IMAGING,Twists and turns in acute abdomen: imaging spectrum of torsions and volvulus
1371,WoS,WOS:A1997XY59800005,,1997,emery,,RADIOLOGIC CLINICS OF NORTH AMERICA,Splenic emergencies
726,WoS,WOS:000182562600020,T1 DOI,2003,dalpe,10.1016/s0029-7844(02)02618-2,OBSTETRICS AND GYNECOLOGY,Wandering spleen as an asymptomatic pelvic mass
787,WoS,WOS:000086984900113,T2 title+author+year,2000,sirikci,10.1016/s0022-5347(05)67592-1,JOURNAL OF UROLOGY,Thoracic kidney associated with superior ectopic spleen
829,WoS,WOS:000071051400036,T1 DOI,1997,ng,10.1016/s0022-3468(97)90537-6,JOURNAL OF PEDIATRIC SURGERY,Wandering spleen presenting as duodenal obstruction after repair of congenital diaphragmatic hernia
778,WoS,WOS:000165611700018,T1 DOI,2000,emir,10.1007/s003830000353,PEDIATRIC SURGERY INTERNATIONAL,A case of wandering spleen causing urinary symptoms after correction of a posterolateral diaphragmatic hernia
625,WoS,WOS:000246661900004,T1 DOI,2007,merran,10.1016/s0221-0363(07)89854-4,JOURNAL DE RADIOLOGIE,CT anatomy of the normal spleen: variants and pitfalls
764,WoS,WOS:000169396900020,T1 DOI,2001,resiere,10.1016/s0248-8663(01)00395-2,REVUE DE MEDECINE INTERNE,'Wandering spleen' revealed by hematemesis
643,WoS,WOS:000242831000014,T1 DOI,2006,mendi,10.1007/s00247-006-0323-y,PEDIATRIC RADIOLOGY,Evolution of the CT imaging findings of accessory spleen infarction
629,WoS,WOS:000245663700021,T1 DOI,2007,liu,10.2214/ajr.05.0672,AMERICAN JOURNAL OF ROENTGENOLOGY,Wandering spleen: An unusual association with gastric volvulus
669,WoS,WOS:000233256800014,T1 DOI,2005,taori,10.1259/bjr/33073529,BRITISH JOURNAL OF RADIOLOGY,Pseudocyst formation: a rare complication of wandering spleen
182,WoS,WOS:001003576600022,T1 DOI,2022,petroianu,10.1590/1677-5449.20210178,JORNAL VASCULAR BRASILEIRO,The left gastro-omental vessels are able to maintain the entire spleen blood supply
1372,WoS,WOS:001404927700001,,2025,andargie,10.1016/j.epsc.2025.102966,JOURNAL OF PEDIATRIC SURGERY CASE REPORTS,Torsion of accessory spleen mimicking acute appendicitis in a 4-year-old female: A case report
727,WoS,WOS:000182562600019,T1 DOI,2003,gilman,10.1016/s0029-7844(02)02617-0,OBSTETRICS AND GYNECOLOGY,Wandering spleen presenting as acute pancreatitis in pregnancy
609,WoS,WOS:000252927200023,T1 DOI,2008,chen,10.1001/archsurg.2007.33-a,ARCHIVES OF SURGERY,Image of the month - Ectopic spleen in the pancreatic tail
793,WoS,WOS:000083386300008,T2 title+author+year,1999,vural,10.1002/(sici)1097-0096(199911/12)27:9<534::aid-jcu8>3.3.co;2-o,JOURNAL OF CLINICAL ULTRASOUND,Symptomatic wandering accessory spleen in the pelvis: Sonographic findings
550,WoS,WOS:000280064100023,T1 DOI,2010,fiquet-francois,10.1016/j.jpedsurg.2010.03.003,JOURNAL OF PEDIATRIC SURGERY,Wandering spleen in children: multicenter retrospective study
1373,WoS,WOS:000273680400009,,2010,margi,10.1016/j.arcped.2009.10.001,ARCHIVES DE PEDIATRIE,Splenogonadal fusion: A case report
1374,WoS,WOS:001864779900020,,2026,shishir,10.7860/jcdr/2026/84868.24411,JOURNAL OF CLINICAL AND DIAGNOSTIC RESEARCH,"Wandering Spleen: A Narrative Review of Clinical Spectrum, Pathogenesis, Emerging Diagnostics, and Management Approaches"
1375,WoS,WOS:001497863100001,,2025,inggriani,10.1186/s43055-025-01488-z,EGYPTIAN JOURNAL OF RADIOLOGY AND NUCLEAR MEDICINE,Beyond the usual: three unique cases of wandering spleen in Indonesia
641,WoS,WOS:000241312600002,T1 DOI,2006,gayer,10.1053/j.sult.2006.06.002,SEMINARS IN ULTRASOUND CT AND MRI,Congenital anomalies of the spleen
1376,WoS,WOS:000907975400001,,2023,dillberger,10.1002/vrc2.564,VETERINARY RECORD CASE REPORTS,"Wandering, twisted spleen in a deerhound"
1377,WoS,WOS:001831120200010,,2026,holm,10.1111/vru.70192,VETERINARY RADIOLOGY & ULTRASOUND,Ultrasound Features of Pancreatic Torsion in a Young Dog
1378,WoS,WOS:000381729200101,,2016,tian,,INTERNATIONAL JOURNAL OF CLINICAL AND EXPERIMENTAL PATHOLOGY,Diagnosis of multiple splenosis in right thorax and retroperitoneum: a case report and literature review
31,WoS,WOS:001632668200001,T1 DOI,2025,vasta,10.3389/fped.2025.1705547,FRONTIERS IN PEDIATRICS,Gastric volvulus and wandering spleen in Pitt-Hopkins syndrome: first paediatric case report
762,WoS,WOS:000170612400018,T1 DOI,2001,gayer,10.1259/bjr.74.884.740767,BRITISH JOURNAL OF RADIOLOGY,CT findings in congenital anomalies of the spleen
66,WoS,WOS:001495368000001,T1 DOI,2025,guerra,10.1016/j.clinre.2025.102614,CLINICS AND RESEARCH IN HEPATOLOGY AND GASTROENTEROLOGY,A wandering spleen
1379,WoS,WOS:000230049100015,,2005,hizli,10.1111/j.1442-2042.2005.01104.x,INTERNATIONAL JOURNAL OF UROLOGY,Splenogonadal fusion:: Report of a case
299,WoS,WOS:000465167800002,T1 DOI,2019,karapolat,10.1016/j.amjms.2019.01.016,AMERICAN JOURNAL OF THE MEDICAL SCIENCES,Torsion of the Wandering Spleen
312,WoS,WOS:000462035900009,T1 DOI,2019,guvendi,10.1016/j.ciresp.2018.08.014,CIRUGIA ESPANOLA,Wandering spleen and intestinal malrotation
582,WoS,WOS:000271300000016,T1 DOI,2009,prieto-montano,10.1016/j.ciresp.2009.01.025,CIRUGIA ESPANOLA,Torsion of a wandering spleen
632,WoS,WOS:000249504500018,T1 DOI,2007,kulkarni,10.1007/s12098-007-0018-x,INDIAN JOURNAL OF PEDIATRICS,Eventration of the diaphragm and associations
1380,WoS,WOS:000257120100014,,2007,salvi,,ANNALI ITALIANI DI CHIRURGIA,"Splenic infarction, rare cause of acute abdomen, seldom requires splenectomy. Case report and review of the literature"
483,WoS,WOS:000317282000032,T1 DOI,2013,centonze,10.1016/j.jemermed.2012.05.038,JOURNAL OF EMERGENCY MEDICINE,ATYPICAL PRESENTATION OF A WANDERING SPLEEN IN NIEMANN-PICK DISEASE
567,WoS,WOS:000268958300018,T2 title+author+year,2009,liapis,,CLINICAL AND EXPERIMENTAL OBSTETRICS & GYNECOLOGY,Ectopic pelvic spleen. Presentation of two cases
568,WoS,WOS:000278427200011,T1 DOI,2010,tsitouridis,10.4261/1305-3825.dir.1855-08.1,DIAGNOSTIC AND INTERVENTIONAL RADIOLOGY,CT and MRI of intraperitoneal splenosis
251,WoS,WOS:000747812000017,T1 DOI,2021,perez-rosillo,10.1016/j.gastrohep.2020.05.013,GASTROENTEROLOGIA Y HEPATOLOGIA,Acute abdomen secondary to torsion and infarction of a wandering spleen
358,WoS,WOS:000388399600021,T1 DOI,2016,touarsa,10.1016/j.lpm.2016.06.005,PRESSE MEDICALE,Upper gastrointestinal bleeding in portal hypertensive gastropathy reveals a wandering spleen
1381,WoS,WOS:000554926800004,,2020,wilson,10.1016/j.surg.2020.04.022,SURGERY,Wandering spleen in a pediatric patient
548,WoS,WOS:000281252800016,T1 DOI,2010,saouab,10.1259/bjr/88857252,BRITISH JOURNAL OF RADIOLOGY,Post-traumatic acute abdominal pain
722,WoS,WOS:000184520700001,T1 DOI,2003,sodhi,10.1016/s0736-4679(03)00160-4,JOURNAL OF EMERGENCY MEDICINE,Torsion of a wandering spleen: Acute abdominal presentation
1382,WoS,WOS:000370888100176,,2016,lau,10.1016/j.ymgme.2015.12.333,MOLECULAR GENETICS AND METABOLISM,Wandering spleen in 2 Gaucher patients on enzyme replacement therapy: Diagnosis and management
580,WoS,WOS:000267939600027,T1 DOI,2009,di,10.1016/j.jpedsurg.2009.02.062,JOURNAL OF PEDIATRIC SURGERY,Abdominal pain and wandering spleen in young children: the importance of an early diagnosis
590,WoS,WOS:000261724300002,T1 DOI,2008,wani,10.1016/j.cgh.2008.06.005,CLINICAL GASTROENTEROLOGY AND HEPATOLOGY,Gastric Variceal Hemorrhage Secondary to Torsion of Wandering Spleen
1383,WoS,WOS:000074610100011,,1998,rickert,10.1097/00000478-199807000-00011,AMERICAN JOURNAL OF SURGICAL PATHOLOGY,A unique case of cerebral spleen
143,WoS,WOS:001120803200039,T1 DOI,2022,mirza,10.47391/jpma.4839,JOURNAL OF THE PAKISTAN MEDICAL ASSOCIATION,Gastric volvulus and wandering spleen; a life-threatening surgical emergency
455,WoS,WOS:000331063500013,T1 DOI,2014,polat,10.3109/08880018.2013.831150,PEDIATRIC HEMATOLOGY AND ONCOLOGY,Hereditary Spherocytosis and Wandering Spleen
789,WoS,WOS:000086203200030,T1 DOI,2000,spector,10.1053/jpsu.2000.0350641,JOURNAL OF PEDIATRIC SURGERY,Gastric volvulus associated with wandering spleen in a child
565,WoS,WOS:000273120300024,T2 title+author+year,2009,varga,,MEDICAL SCIENCE MONITOR,Congenital anomalies of the spleen from an embryological point of view
139,WoS,WOS:001003090100001,T1 DOI,2023,zhou,10.1002/ccr3.7264,CLINICAL CASE REPORTS,A case of splenogonadal fusion in the left testis
118,WoS,WOS:001178458100001,T1 DOI,2024,belayneh,10.1016/j.ijscr.2024.109338,INTERNATIONAL JOURNAL OF SURGERY CASE REPORTS,Gastric volvulus and splenopancreatic torsion with wandering spleen: A case report
1384,WoS,WOS:000323321500002,,2013,jayasundara,10.11622/smedj.2013096,SINGAPORE MEDICAL JOURNAL,A case of continuous-type splenogonadal fusion
537,WoS,WOS:000291382700016,T1 DOI,2011,magno,10.1089/lap.2010.0417,JOURNAL OF LAPAROENDOSCOPIC & ADVANCED SURGICAL TECHNIQUES,An Unusual Case of Acute Pancreatitis and Gastric Outlet Obstruction Associated with Wandering Spleen Treated by Laparoscopic Splenopexy
707,WoS,WOS:000220298900025,T1 DOI,2004,ajello,10.1007/s00431-003-1322-8,EUROPEAN JOURNAL OF PEDIATRICS,The wandering spleen: something to bear in mind in the presence of a mobile abdominal mass
194,WoS,WOS:000784047700001,T1 DOI,2022,wong,10.1016/j.crad.2021.12.014,CLINICAL RADIOLOGY,Multimodality imaging of developmental splenic anomalies: tips and pitfalls
597,WoS,WOS:000258237200025,T1 DOI,2008,wallace,10.1097/aog.0b013e3181809671,OBSTETRICS AND GYNECOLOGY,A wandering spleen - Unusual cause of a pelvic mass
141,WoS,WOS:001000702500025,T1 DOI,2023,bhambu,10.7759/cureus.38386,CUREUS JOURNAL OF MEDICAL SCIENCE,Acute Gastric Volvulus With Wandering Spleen in a Two-Year-Old Child: A Rare Association
1385,WoS,WOS:000224019900003,,2004,peddu,10.1016/j.crad.2004.01.007,CLINICAL RADIOLOGY,"Splenic abnormalities: a comparative review of ultrasound, microbubble-enhanced ultrasound and computed tomography"
1386,WoS,WOS:001598735900003,,2025,ali,10.14309/01.ajg.0001154072.04397.e7,AMERICAN JOURNAL OF GASTROENTEROLOGY,Rectal Mass or Something Else? A Rare Case of Ectopic Spleen in the Rectum and Diagnosed by Endoscopic Ultrasound
1387,WoS,WOS:000232694800020,,2005,kotobi,10.1007/s00383-005-1437-2,PEDIATRIC SURGERY INTERNATIONAL,Acute mesenteroaxial gastric volvulus and congenital diaphragmatic hernia
792,WoS,WOS:000083529800008,T1 DOI,1999,paterson,10.1148/radiographics.19.6.g99no231465,RADIOGRAPHICS,A pattern-oriented approach to splenic imaging in infants and children
1388,WoS,WOS:000336459500026,,2014,sountoulides,10.4103/0022-3859.132350,JOURNAL OF POSTGRADUATE MEDICINE,Splenogonadal fusion mimicking a testis tumor
466,WoS,WOS:000318731800001,T1 DOI,2013,yildiz,10.1155/2013/321810,SCIENTIFIC WORLD JOURNAL,"Splenic Anomalies of Shape, Size, and Location: Pictorial Essay"
530,WoS,WOS:000294165900001,T2 title+author+year,2011,noushif,,SINGAPORE MEDICAL JOURNAL,Splenic pseudocyst: a rare association with splenoptosis and vertebral segmentation anomalies
236,WoS,WOS:000594948600003,T1 DOI,2020,zheng,10.1186/s12876-020-01533-3,BMC GASTROENTEROLOGY,Endoscopic full-thickness resection of gastric ectopic splenic nodules
585,WoS,WOS:000265319500034,T1 DOI,2009,francois-fiquet,10.1089/lap.2008.0091.supp,JOURNAL OF LAPAROENDOSCOPIC & ADVANCED SURGICAL TECHNIQUES,Laparoscopic Gastropexy for the Treatment of Gastric Volvulus Associated with Wandering Spleen
488,WoS,WOS:000314377700005,T1 DOI,2012,tanaka,10.1016/j.cellimm.2012.11.007,CELLULAR IMMUNOLOGY,Characterization of PrPsc transmission from immune cells to neuronal cells
607,WoS,WOS:000260089600023,T2 title+author+year,2007,jans,,JBR-BTR,Wandering spleen with torsion
652,WoS,WOS:000238370400020,T2 title+author+year,2006,mazariegos,,AMERICAN SURGEON,Anguishing over a spleen
402,WoS,WOS:000361375800012,T1 DOI,2015,hao,10.1089/lap.2015.0260,JOURNAL OF LAPAROENDOSCOPIC & ADVANCED SURGICAL TECHNIQUES,Radiofrequency-Assisted Partial Splenectomy Plus Splenopexy-A Modified Surgical Procedure for Wandering Spleen: A Case Report
60,WoS,WOS:001513477500001,T1 DOI,2025,daniela,10.1007/s00404-025-08009-3,ARCHIVES OF GYNECOLOGY AND OBSTETRICS,About the management of patients with wandering spleen in pregnancy and postpartum
496,WoS,WOS:000307263200013,T1 DOI,2012,kocakoc,10.5334/jbr-btr.592,JBR-BTR,TORSION OF THE WANDERING SPLEEN
1389,WoS,WOS:A1997WU19400032,,1997,matsui,10.1016/s0022-3468(97)90732-6,JOURNAL OF PEDIATRIC SURGERY,Splenic infarction in a child with portal hypertension secondary to biliary atresia
665,WoS,WOS:000235770600008,T1 DOI,2005,appu,10.1007/s00534-005-1011-2,JOURNAL OF HEPATO-BILIARY-PANCREATIC SURGERY,"Peritoneal ""pillowcase"" for the displaced spleen post-digital pancreatectomy"
461,WoS,WOS:000327798800037,T1 DOI,2013,oegema,10.1002/ajmg.a.36109,AMERICAN JOURNAL OF MEDICAL GENETICS PART A,Novel No-Stop FLNA Mutation Causes Multi-Organ Involvement in Males
451,WoS,WOS:000330470900012,T2 title+author+year,2013,cotes,,PEDIATRIC EMERGENCY CARE,Left Upper Quadrant Pain Upside Down Spleen
684,WoS,WOS:000227413000014,T1 DOI,2005,yilmaz,10.7863/jum.2005.24.3.379,JOURNAL OF ULTRASOUND IN MEDICINE,Torsion of a wandering spleen associated with portal vein thrombosis
604,WoS,WOS:000258893800010,T1 DOI,2008,nakajima,10.2169/internalmedicine.47.0689,INTERNAL MEDICINE,Intrahepatic splenosis with severe iron deposition presenting with atypical magnetic resonance images
146,WoS,WOS:001163906600001,T1 DOI,2022,bako,10.11604/pamj.2022.43.144.32397,PAN AFRICAN MEDICAL JOURNAL,Situs inversusassociated with wandering spleen and common mesentery detected from medical imaging in Niamey (Niger): a case report
1390,WoS,WOS:001618237300001,,2025,cushing,10.1093/ajcp/aqaf121.194,AMERICAN JOURNAL OF CLINICAL PATHOLOGY,Ectopic Pregnancy Within an Ectopic Spleen: A Novel Case Report
757,WoS,WOS:000171003700011,T2 title+author+year,2000,andley,,INTERNATIONAL SURGERY,Internal herniation of wandering spleen - A rare cause of recurrent abdominal pain
1391,WoS,WOS:A1997YF78500017,,1997,mallmann,10.1007/s004310050737,EUROPEAN JOURNAL OF PEDIATRICS,A girl with congenital adrenal hyperplasia and recurrent abdominal pain
536,WoS,WOS:000290868800011,T1 DOI,2011,hasegawa,10.1111/j.1442-2042.2011.02746.x,INTERNATIONAL JOURNAL OF UROLOGY,Transverse testicular ectopia with splenogonadal fusion: A case report
1392,WoS,WOS:000454434000017,,2018,al-hammad,,KUWAIT MEDICAL JOURNAL,Wandering Spleen containing Mesothelial Cyst: A case report and review of literature
1393,WoS,WOS:000534349900021,,2020,luong,10.1097/rlu.0000000000002997,CLINICAL NUCLEAR MEDICINE,68Ga-Prostate-Specific Membrane Antigen Uptake in a Pancreatic Neuroendocrine Tumor
329,WoS,WOS:000429444200011,T1 DOI,2018,freund,10.1097/sle.0000000000000518,SURGICAL LAPAROSCOPY ENDOSCOPY & PERCUTANEOUS TECHNIQUES,Splenectomy in Gaucher Disease: A Call for Minimally Invasive Surgery
661,WoS,WOS:000237007700007,T1 DOI,2006,volk,10.1007/s00117-005-1333-8,RADIOLOGE,Diagnostic imaging of splenic disease
123,WoS,WOS:001124112200005,T1 DOI,2023,chopko,10.1136/bcr-2023-258235,BMJ CASE REPORTS,Mesenteroaxial volvulus due to wandering spleen: a unique repair via mesenteric splenopexy and gastropexy
220,WoS,WOS:000631127800001,T1 DOI,2021,guo,10.1177/03000605211000511,JOURNAL OF INTERNATIONAL MEDICAL RESEARCH,Abdominopelvic ectopic spleen with a comprehensive imaging examination: a case report
178,WoS,WOS:000800317900017,T1 DOI,2022,smith,10.7759/cureus.24677,CUREUS JOURNAL OF MEDICAL SCIENCE,Accessory Spleen Masquerading as an Intrapancreatic Tumor: A Case Report
1394,WoS,WOS:000079371700010,,1999,lauffer,10.1385/ijgc:25:1:65,INTERNATIONAL JOURNAL OF PANCREATOLOGY,Intrapancreatic accessory spleen -: A rare cause of a pancreatic mass
1395,WoS,WOS:000497516400007,,2019,haga,10.1097/pec.0000000000001150,PEDIATRIC EMERGENCY CARE,Acute Gastric Volvulus Successfully Treated by Endoscopic Reduction in a 6-Year-Old Girl and a Review of the Japanese Literature
1396,WoS,WOS:A1997WZ82600011,,1997,benoit,,ANNALES DE CHIRURGIE,Acute intra-abdominal gastric volvulus in adult patients. The absence of dorsal mesogastrium fusion.
751,WoS,WOS:000175126200001,T1 DOI,2002,hamel,10.1016/s0001-706x(02)00025-6,ACTA TROPICA,Nonoperative treatment of splenic rupture in malaria tropica: review of literature and case report
696,WoS,WOS:000222802700015,T1 DOI,2004,hosgor,10.1016/j.jpedsurg.2004.03.050,JOURNAL OF PEDIATRIC SURGERY,Associated malformations in delayed presentation of congenital diaphragmatic hernia
1397,WoS,WOS:001319116100001,,2024,sommer,10.1016/j.epsc.2024.102877,JOURNAL OF PEDIATRIC SURGERY CASE REPORTS,Recurrent splenic volvulus after splenopexy in an 11-year-old child: A case report
413,WoS,WOS:000350756800011,T2 title+author+year,2015,wu,10.1097/md.0000000000000536,MEDICINE,Solitary Perihepatic Splenosis Mimicking Liver Lesion A Case Report and Literature Review
383,WoS,WOS:000368531700119,T1 DOI,2015,koseoglu,10.1007/s12262-013-0993-2,INDIAN JOURNAL OF SURGERY,An Unusual Reason for Gastric Variceal Hemorrhage: Wandering Spleen
1398,WoS,WOS:000398850000001,,2017,williamson,10.1097/pai.0000000000000362,APPLIED IMMUNOHISTOCHEMISTRY & MOLECULAR MORPHOLOGY,Renal Splenosis: Renal Mass Biopsy Diagnosis of a Tumor Clinically Mimicking Renal Cell Carcinoma
365,WoS,WOS:000392046200009,T1 DOI,2017,serrano-vicente,10.1016/j.remn.2016.05.003,REVISTA ESPANOLA DE MEDICINA NUCLEAR E IMAGEN MOLECULAR,Pancreatic accessory spleen. False positive with 99mTc-Octreotide
620,WoS,WOS:000247160400017,T2 title+author+year,2007,peitsidis,,CLINICAL AND EXPERIMENTAL OBSTETRICS & GYNECOLOGY,Splenosis of the peritoneal cavity resembling an adnexal tumor: case report
1399,WoS,WOS:000253052500009,,2008,oh,10.1007/s00247-007-0709-5,PEDIATRIC RADIOLOGY,Gastric volvulus in children: the twists and turns of an unusual entity
1400,WoS,WOS:000365380400003,,2015,ecanow,10.1016/j.rcl.2015.06.003,RADIOLOGIC CLINICS OF NORTH AMERICA,Evaluating Patients with Left Upper Quadrant Pain
73,WoS,WOS:001440991500001,T1 DOI,2025,rad,10.1186/s12902-024-01829-5,BMC ENDOCRINE DISORDERS,Pheochromocytoma in a patient with heterotaxy syndrome: a case report
1401,WoS,WOS:000277931100014,,2010,senyuz,10.4274/tpa.45.53,TURK PEDIATRI ARSIVI-TURKISH ARCHIVES OF PEDIATRICS,Surgical disease of the spleen
554,WoS,WOS:000283045900038,T1 DOI,2010,maschio,10.1016/j.jpeds.2010.04.046,JOURNAL OF PEDIATRICS,Splenomegaly as Presentation of a Wandering Spleen
440,WoS,WOS:000362552000024,T1 DOI,2015,gu,10.1111/ans.12551,ANZ JOURNAL OF SURGERY,Acute torsion of a wandering spleen
507,WoS,WOS:000305658400009,T2 title+author+year,2012,szumilo,,FOLIA MORPHOLOGICA,Intrapancreatic accessory spleen
180,WoS,WOS:000864899100017,T1 DOI,2022,wen,10.1016/j.asjsur.2022.05.073,ASIAN JOURNAL OF SURGERY,Spontaneous reset of the wandering spleen with acute torsion
354,WoS,WOS:000449854400015,T1 DOI,2018,lai,10.1111/ans.13859,ANZ JOURNAL OF SURGERY,You wander ... you lose! Importance of surgical intervention in wandering spleen
1402,WoS,WOS:000180758300013,,2002,chan,,JOURNAL OF THE FORMOSAN MEDICAL ASSOCIATION,"Acute abdomen of a wandering spleen. (vol 101, pg 577, 2002)"
1403,WoS,WOS:000258822600084,,2008,cribbs,10.1542/peds.2007-3111,PEDIATRICS,Gastric volvulus in infants and children
175,WoS,WOS:000827676400001,T1 DOI,2022,giannattasio,10.1111/jpc.16124,JOURNAL OF PAEDIATRICS AND CHILD HEALTH,ACUTE ABDOMEN DUE TO TORSION OF A WANDERING SPLEEN IN A CHILD
267,WoS,WOS:000510785800001,T1 DOI,2020,chue,10.1111/ans.15737,ANZ JOURNAL OF SURGERY,Laparoscopic splenectomy for a wandering spleen with resultant splenomegaly and gastric varices
492,WoS,WOS:000311011500020,T1 DOI,2012,robbins,10.1016/j.gie.2012.07.011,GASTROINTESTINAL ENDOSCOPY,Ectopic spleen presenting as a gastric submucosal tumor
435,WoS,WOS:000348354400035,T1 DOI,2014,karakus,10.1007/s12098-014-1435-2,INDIAN JOURNAL OF PEDIATRICS,An Etiologic Dilemma of Wandering Spleen in Childhood: Is it Congenital or Acquired?
97,WoS,WOS:001266644500009,T1 DOI,2024,moldovan,10.21614/chirurgia.2024.v.119.i.3.p.330,CHIRURGIA,Ex-situ Open Approach Spleen Preserving Splenic Hilum Lymphadenectomy
723,WoS,WOS:000182663500008,T1 DOI,2003,jeneby,10.1034/j.1600-0684.2003.00001.x,JOURNAL OF MEDICAL PRIMATOLOGY,Ectopic splenic nodules in the olive baboon (Papio cynocephalus anubis)
788,WoS,WOS:000078958100020,T2 title+author+year,1999,dindar,,TURKISH JOURNAL OF PEDIATRICS,"The split notochord syndrome with dorsal enteric fistula, meningomyelocele and imperforate anus"
1404,WoS,WOS:001357328900001,,2024,lukasiewicz,10.1111/vec.13433,JOURNAL OF VETERINARY EMERGENCY AND CRITICAL CARE,Pancreatic torsion in a puppy with an acute abdomen
18,WoS,WOS:001734534800001,T1 DOI,2026,rumhumha,10.4102/sajr.v30i1.3366,SA JOURNAL OF RADIOLOGY,"Splenic pathologies: A pictorial review of common, wandering, twisting and rare presentations"
1405,WoS,WOS:000365417200003,,2015,de,,ACTA SCIENTIAE VETERINARIAE,Videolaparoscopic Splenectomy with Bipolar Electrosurgery in Dog with Splenic Mass
1406,WoS,WOS:000184781700009,,2003,anagnostara,10.1002/jcu.10182,JOURNAL OF CLINICAL ULTRASOUND,Chronic gastric volvulus and hypertrophic pyloric stenosis in an infant
1407,WoS,WOS:001217382100001,,2024,moses,10.1002/vms3.1467,VETERINARY MEDICINE AND SCIENCE,Successful surgical management of pancreatic torsion in a 3-month-old Bernese Mountain dog without evidence of long-term pancreatic dysfunction
616,WoS,WOS:000249753500020,T1 DOI,2007,rescorla,10.1097/sla.0b013e318155abb9,ANNALS OF SURGERY,Laparoscopic splenic procedures in children - Experience in 231 children
1408,WoS,WOS:000227447700010,,2005,kinkel,10.1007/s00108-004-1325-1,INTERNIST,Unspecific abdominal complaints: diagnosis with szintigraphy
1409,WoS,WOS:000291991200025,,2011,timpone,10.2214/ajr.11.6928,AMERICAN JOURNAL OF ROENTGENOLOGY,"Abdominal Twists and Turns: Part 2, Solid Visceral Torsions With Pathologic Correlation"
129,WoS,WOS:001097263300001,T1 DOI,2023,petrucciani,10.1016/j.ijscr.2023.108961,INTERNATIONAL JOURNAL OF SURGERY CASE REPORTS,Wandering spleen causing small bowel obstruction: Laparoscopic surgical treatment (with video)
387,WoS,WOS:000364889600056,T1 DOI,2015,zhang,10.3892/etm.2015.2732,EXPERIMENTAL AND THERAPEUTIC MEDICINE,Ectopic splenic autotransplantation following traumatic injury: A case report
1410,WoS,WOS:000242112800017,,2006,ando,10.1111/j.1442-2042.2006.01598.x,INTERNATIONAL JOURNAL OF UROLOGY,Splenogonadal fusion: Case report and review of published works
563,WoS,WOS:000275057800012,T1 DOI,2010,ozdil,10.3109/09537100903420285,PLATELETS,Recurrent hypersplenism caused by giant accessory spleen due to portal hypertension after splenectomia
254,WoS,WOS:000584413800003,T1 DOI,2020,el-helou,10.1308/rcsann.2020.0131,ANNALS OF THE ROYAL COLLEGE OF SURGEONS OF ENGLAND,Small bowel obstruction due to splenosis 30 years after splenectomy
304,WoS,WOS:000458498300021,T1 DOI,2019,baugh,10.1016/j.jss.2018.11.032,JOURNAL OF SURGICAL RESEARCH,Pancreatic Incidentalomas: A Management Algorithm for Identifying Ectopic Spleens
157,WoS,WOS:000884731600003,T1 DOI,2022,jiang,10.1186/s12894-022-01138-w,BMC UROLOGY,Pelvic mass causing hematospermia: splenosis
111,WoS,WOS:001193136200001,T1 DOI,2024,yun,10.1002/vms3.1431,VETERINARY MEDICINE AND SCIENCE,Atypically located accessory splenic hemangiosarcoma in a Dog: Diagnostic value of triple-phase computed tomography
351,WoS,WOS:000398677100010,T1 DOI,2017,zorron,10.4103/0972-9941.195567,JOURNAL OF MINIMAL ACCESS SURGERY,Single port laparoscopic splenectomy for wandering spleen with splenomegaly in a patient with Wolf-Hirschhorn syndrome
1411,WoS,WOS:001042386100001,,2023,dalrymple,10.1177/00258024231191828,MEDICINE SCIENCE AND THE LAW,Unexpected death involving the spleen - an overview
195,WoS,WOS:000740376700001,T1 DOI,2022,yokoyama,10.1007/s12328-021-01566-5,CLINICAL JOURNAL OF GASTROENTEROLOGY,Reduction of acute gastric volvulus in a 3-year-old using a balloon-attached endoscope combined with gel immersion endoscopy
16,WoS,WOS:001739667300001,T1 DOI,2026,liu,10.1007/s13304-026-02552-7,UPDATES IN SURGERY,Surgical management of pediatric primary splenic lesions: safety and feasibility of transumbilical single-port laparoscopic partial splenectomy
1412,WoS,WOS:000604246400001,,2021,bonney,10.1007/s00261-020-02868-x,ABDOMINAL RADIOLOGY,A comprehensive radiologic review of abdominal and pelvic torsions
835,WoS,WOS:A1997XK01600023,T1 DOI,1997,davidson,10.1136/jcp.50.6.532,JOURNAL OF CLINICAL PATHOLOGY,Intrahepatic splenic tissue
711,WoS,WOS:000222826500010,T1 DOI,2004,edwin,10.1007/s00464-003-9007-y,SURGICAL ENDOSCOPY AND OTHER INTERVENTIONAL TECHNIQUES,Laparoscopic resection of the pancreas - A feasibility study of the short-term outcome
269,WoS,WOS:000520946600023,T1 DOI,2020,zhao,10.1016/j.prp.2020.152818,PATHOLOGY RESEARCH AND PRACTICE,Incidental finding of abdominal splenosis with mononucleated cell infiltration leading to a diagnosis of acute myeloid leukemia
296,WoS,WOS:000490273800008,T1 DOI,2019,short,10.1002/bies.201800234,BIOESSAYS,Targeting the Spleen as an Alternative Site for Hematopoiesis
14,WoS,WOS:001750568700001,T1 DOI,2026,moller,10.3390/diagnostics16081169,DIAGNOSTICS,Splenoses and Other Ectopic and Heterotopic Splenic Tissue: The Use of Long-Lasting Enhancement in Contrast-Enhanced Ultrasound to Avoid Unnecessary Intervention
1413,WoS,WOS:000384771100012,,2016,marinkovic,10.1515/acve-2016-0036,ACTA VETERINARIA-BEOGRAD,GASTRIC DILATATION AND VOLVULUS IN BROWN BEAR (URSUS ARCTOS)
62,WoS,WOS:001505638200001,T1 DOI,2025,grochowska,10.3390/jcm14113901,JOURNAL OF CLINICAL MEDICINE,Wandering Accessory Spleen and Its Implications for Modern Clinical Practice
575,WoS,WOS:000268821600013,T1 DOI,2009,karabulut,10.1007/s12519-009-0043-0,WORLD JOURNAL OF PEDIATRICS,Delayed presentation of congenital diaphragmatic hernia with intrathoracic gastric volvulus
1414,WoS,WOS:A1997YF07900010,,1997,clauss,,PHYSICA MEDICA,A one hour rest-stress technetium-99m MIBI myocardial protocol
1415,WoS,WOS:000277008500003,,2010,ward,10.5334/jbr-btr.27,JBR-BTR,UNUSUAL LONG TERM COMPLICATIONS OF A SPLENIC CYST
34,WoS,WOS:001597613800001,T1 DOI,2025,aumeerally,10.1093/jscr/rjaf841,JOURNAL OF SURGICAL CASE REPORTS,A puzzling pelvic passenger: case report of a wandering splenunculus
1416,WoS,WOS:000254803500017,,2008,ayala,10.1016/j.jpedsurg.2007.11.015,JOURNAL OF PEDIATRIC SURGERY,Delayed presentation of congenital diaphragmatic hernia manifesting as combined-type acute gastric volvulus: a case report and review of the literature
1417,WoS,WOS:000296939100025,,2011,perloff,10.1016/j.amjcard.2011.06.055,AMERICAN JOURNAL OF CARDIOLOGY,The Cardiac Malpositions
1418,WoS,WOS:000473214900003,,2019,da,10.1007/s12519-019-00244-4,WORLD JOURNAL OF PEDIATRICS,Management and outcomes of gastric volvulus in children: a systematic review
112,WoS,WOS:001215274500001,T1 DOI,2024,li,10.3892/etm.2024.12474,EXPERIMENTAL AND THERAPEUTIC MEDICINE,A large gastric splenosis mimicking gastrointestinal stromal tumor: A case report and literature review
214,WoS,WOS:000668692600027,T1 DOI,2021,alberto,10.1016/j.ijscr.2021.105992,INTERNATIONAL JOURNAL OF SURGERY CASE REPORTS,Cecal splenosis mimicking gastrointestinal stroma tumor. Case report and review of the literature
258,WoS,WOS:000533591700022,T1 DOI,2020,ge,10.12998/wjcc.v8.i9.1729,WORLD JOURNAL OF CLINICAL CASES,Endoscopic ultrasonography elastography in the diagnosis of intrapancreatic ectopic spleen: A case report
1419,WoS,WOS:000855404300001,,2022,peschard,10.1177/20551169221116869,JOURNAL OF FELINE MEDICINE AND SURGERY OPEN REPORTS,Ultrasonographic and colour Doppler features of intrapancreatic splenic tissue in a cat
250,WoS,WOS:000561364500001,T1 DOI,2020,zhang,10.1177/0300060520935304,JOURNAL OF INTERNATIONAL MEDICAL RESEARCH,Accessory spleen originating from the intrinsic muscularis of the stomach misdiagnosed as gastrointestinal stromal tumor: a case report
1420,WoS,WOS:000559299500002,,2020,serra,10.1007/s40336-020-00383-z,CLINICAL AND TRANSLATIONAL IMAGING,Pancreatic nodule positive for 68-Ga-DOTAPEPTIDE-PET: NET or ectopic spleen? The importance of a good differential diagnosis
1421,WoS,WOS:000585087000016,,2020,milosavljevic,10.2298/sarh200223052m,SRPSKI ARHIV ZA CELOKUPNO LEKARSTVO,"Accessory spleen diagnostically hidden, laparoscopically removed - case report and review of the literature"
1422,WoS,WOS:000481622100002,,2019,costi,10.1016/j.jpedsurg.2018.11.010,JOURNAL OF PEDIATRIC SURGERY,"Partial splenectomy: Who, when and how. A systematic review of the 2130 published cases"
390,WoS,WOS:000370105300008,T1 DOI,2016,kaseta,10.1016/j.trim.2015.11.003,TRANSPLANT IMMUNOLOGY,Quantitative evaluation of the transplanted lin- hematopoietic cell migration kinetics
487,WoS,WOS:000325613200018,T1 DOI,2013,catalano,10.1007/s10120-012-0225-7,GASTRIC CANCER,Endoscopic submucosal dissection in the treatment of gastric submucosal tumors: results from a retrospective cohort study
343,WoS,WOS:000406477600043,T1 DOI,2017,baldolli,10.1097/md.0000000000007552,MEDICINE,Thoracic splenosis mimicking a pleuropneumonia A case report
485,WoS,WOS:000313748500016,T1 DOI,2013,lubner,10.1148/rg.331125016,RADIOGRAPHICS,Emergent and Nonemergent Nonbowel Torsion: Spectrum of Imaging and Clinical Findings
1423,WoS,WOS:000305447400072,,2012,ding,10.5754/hge12095,HEPATO-GASTROENTEROLOGY,Multi-Visceral Resection of Malignant Tumors with Left-Sided Portal Hypertension
439,WoS,WOS:000333551900019,T1 DOI,2014,knafo,10.2460/javma.244.7.844,JAVMA-JOURNAL OF THE AMERICAN VETERINARY MEDICAL ASSOCIATION,Diagnosis and treatment of mesenteric volvulus in a red kangaroo (Macropus rufus)
1424,WoS,WOS:000227632400321,,2005,kuykendall,,JOURNAL OF THE AMERICAN ACADEMY OF DERMATOLOGY,Cutaneous splenic ectopia presenting as pigmented lesion in a melanoma patient
717,WoS,WOS:000186917100020,T1 DOI,2003,beutler,10.1016/j.jamcollsurg.2003.05.002,JOURNAL OF THE AMERICAN COLLEGE OF SURGEONS,Splenic volvulus
215,WoS,WOS:000644375200003,T1 DOI,2021,labiad,10.1007/s11605-021-05013-1,JOURNAL OF GASTROINTESTINAL SURGERY,Splenic Volvulus and 2q37 Deletion Syndrome
1425,WoS,WOS:000179184802135,,2002,lobo,,BLOOD,Splenic ptosis corrected through videolaparoscopy in patients with Gaucher disease.
1426,WoS,WOS:000180587200007,,2002,bomassi,,PRATIQUE MEDICALE ET CHIRURGICALE DE L ANIMAL DE COMPAGNIE,Torsion of the spleen
153,WoS,WOS:000909578200001,T1 DOI,2023,kuroiwa,10.1016/j.ijscr.2022.107835,INTERNATIONAL JOURNAL OF SURGERY CASE REPORTS,Surgical resection for accessory spleen torsion: A case report
429,WoS,WOS:000367922900022,T1 DOI,2015,mocanu,10.1111/ans.12723,ANZ JOURNAL OF SURGERY,Accessory spleen torsion in a teenager
1427,WoS,WOS:000892593300013,,2022,verdecia,10.4103/injms.injms_24_22,INDIAN JOURNAL OF MEDICAL SPECIALITIES,Accessory Spleen Torsion Simulating Acute Appendicitis
546,WoS,WOS:000285153000044,T1 DOI,2010,gok,10.1007/s00247-010-1822-4,PEDIATRIC RADIOLOGY,Torsion of a splenule
456,WoS,WOS:000324964900011,T2 title+author+year,2013,scire,,MINERVA PEDIATRICA,Conservative management of accessory spleen torsion in children
51,WoS,WOS:001537439000001,T1 DOI,2025,greciano,10.1093/bjrcr/uaaf035,BJR CASE REPORTS,Accessory spleen torsion: a hidden etiology of acute abdominal emergency
584,WoS,WOS:000272375800014,T1 DOI,2009,hirota,10.1007/s00534-009-0113-7,JOURNAL OF HEPATO-BILIARY-PANCREATIC SURGERY,Spleen and gastrosplenic ligament preserving distal pancreatectomy under a minimum incision approach assisted by laparoscopy
1428,WoS,WOS:000532624900005,,2021,mladenovic,10.1007/s12262-020-02308-6,INDIAN JOURNAL OF SURGERY,Acute Gastric Volvulus in Eight-Year-Old Male
177,WoS,WOS:000812029100001,T1 DOI,2022,sergi,10.3389/fsurg.2022.888332,FRONTIERS IN SURGERY,Case Report: Splenic Ischemia Induced by Volvulus of Ileum
599,WoS,WOS:000262826600017,T1 DOI,2009,dijkman,10.1007/s00431-008-0752-8,EUROPEAN JOURNAL OF PEDIATRICS,Vanishing spleen after Nissen fundoplication: a case report
150,WoS,WOS:000920030600001,T1 DOI,2023,infantino,10.3389/fped.2022.936732,FRONTIERS IN PEDIATRICS,Case Report: Gut and spleen anomalies associated with DYRK1A syndrome
572,WoS,WOS:000270065100004,T1 DOI,2009,impellizzeri,10.1016/j.jpedsurg.2009.06.029,JOURNAL OF PEDIATRIC SURGERY,Accessory spleen torsion: rare cause of acute abdomen in children and review of literature
261,WoS,WOS:000523556500023,T1 DOI,2020,ciki,10.24953/turkjped.2020.01.024,TURKISH JOURNAL OF PEDIATRICS,A rare cause of acute abdominal pain in a patient with Primary ciliary dyskinesia with situs inversus totalis
1429,WoS,WOS:000235768900019,,2006,glinska,,MEDYCYNA WETERYNARYJNA-VETERINARY MEDICINE-SCIENCE AND PRACTICE,Torsion of the urinary bladder in dogs
206,WoS,WOS:000668250700009,T1 DOI,2021,yoshida,10.4103/jmu.jmu_35_20,JOURNAL OF MEDICAL ULTRASOUND,Preoperative Diagnosis of a Torsioned Accessory Spleen
442,WoS,WOS:000348141000014,T1 DOI,2015,lim,10.1177/0284185114524088,ACTA RADIOLOGICA,The role of US in finding intussusception and alternative diagnosis: a report of 100 pediatric cases
169,WoS,WOS:000861386000005,T1 DOI,2022,fontoura-andrade,10.1016/j.rvsc.2022.07.016,RESEARCH IN VETERINARY SCIENCE,Splenic diffuse heterogeneous hypoechogenicity pattern of dogs and cats: A systematic review
1430,WoS,WOS:001857266900001,,2026,wang,10.1002/advs.77358,ADVANCED SCIENCE,Intrasplenic Thymus Organogenesis from Injectable Tissue Fragments Restores Functional T-Cell Immunity
1431,WoS,WOS:001846912100001,,2026,augustin,10.3390/jcm15156082,JOURNAL OF CLINICAL MEDICINE,Primary Splenic Pregnancy: A Systematic Review of Published Case Reports
1432,WoS,WOS:001745079000001,,2026,xie,10.1007/s11845-026-04376-1,IRISH JOURNAL OF MEDICAL SCIENCE,Benign hepatocellular mass in the right atrium: a rare case of ectopic liver tissue and literature review
1433,WoS,WOS:001820506500001,,2026,fambrini,10.1155/crog/5344541,CASE REPORTS IN OBSTETRICS AND GYNECOLOGY,Primary Abdominal Ectopic Pregnancy Involving the Spleen: A Case Study
4,WoS,WOS:001856088500001,T1 DOI,2026,suzuki,10.70352/scrj.cr.26-0232,SURGICAL CASE REPORTS,Torsion and Rupture of a Wandering Pelvic Accessory Spleen Associated with Essential Thrombocythemia: A Case Report
29,WoS,WOS:001651944700001,T1 DOI,2026,caiaffa,10.1002/ijgo.70786,INTERNATIONAL JOURNAL OF GYNECOLOGY & OBSTETRICS,Wandering accessory paracervical spleen undergoing torsion in pregnancy: A challenging diagnosis and management
1434,WoS,WOS:001632787400001,,2025,yan,10.1016/j.asjsur.2025.06.043,ASIAN JOURNAL OF SURGERY,Ectopic pregnancy in the spleen: Report of a rare case
1435,WoS,WOS:001586201500001,,2026,stilz,10.1177/10406387251379922,JOURNAL OF VETERINARY DIAGNOSTIC INVESTIGATION,"Ectopic splenic tissue in 46 dogs, 2000-2024"
1436,WoS,WOS:001588750900005,,2025,edmonds,10.2108/zs240114,ZOOLOGICAL SCIENCE,Regulation of Reproduction and Swimming Ability in the Male Marsh Rice Rat (Oryzomys palustris)
1437,WoS,WOS:001492254700001,,2025,liao,10.1016/j.fsi.2025.110412,FISH & SHELLFISH IMMUNOLOGY,PTPN2 modulates antiviral immunity in grouper by promoting TBK1 degradation and suppressing interferon signaling
1438,WoS,WOS:001450872900001,,2025,zhu,10.1002/bmc.70026,BIOMEDICAL CHROMATOGRAPHY,Exploring the Mechanism of Action of Honeybran-Fried Cimicifuga Rhizoma in the Treatment of IBS-D Based on Metabolomics and Network Pharmacology
1439,WoS,WOS:001645235500015,,2025,czyzewski,10.5114/ms.2025.154526,MEDICAL STUDIES-STUDIA MEDYCZNE,Non-traumatic torsion of an accessory spleen as a cause of acute abdomen in adults
1440,WoS,WOS:001571409700001,,2025,gripp,10.1155/crip/6644516,CASE REPORTS IN PATHOLOGY,"""Sneaky Spleen"": Three Cases of Ectopic Splenic Tissue Mimicking Neoplasia"
98,WoS,WOS:001266950400001,T1 DOI,2024,farwati,10.1016/j.ijscr.2024.110006,INTERNATIONAL JOURNAL OF SURGERY CASE REPORTS,Bochdalek's hernia in adults: A unique case with gastric volvulus and intrathoracic kidney
1441,WoS,WOS:001389541400009,,2024,jacob,10.4103/jss.jss_109_24,JOURNAL OF THE SCIENTIFIC SOCIETY,Dual Heterotropic Tissue Associated with a Type IV A Choledochal Cyst: A Rare Case Report
1442,WoS,WOS:001255649400001,,2024,wang,10.1016/j.jhep.2024.01.005,JOURNAL OF HEPATOLOGY,Molecular force-induced liberation of transforming growth factor-beta remodels the spleen for ectopic liver regeneration
1443,WoS,WOS:001192591000001,,2024,straksyte,10.3390/medicina60030470,MEDICINA-LITHUANIA,Minimally Invasive Management and Diagnosis of Ectopic Splenic Pregnancy
1444,WoS,WOS:001106791200027,,2023,alansari,10.7759/cureus.48546,CUREUS JOURNAL OF MEDICAL SCIENCE,A Rare Twist: Spleen Rupture in Plasmodium vivax Malaria
136,WoS,WOS:001041298700021,T1 DOI,2023,miftari,10.7759/cureus.41118,CUREUS JOURNAL OF MEDICAL SCIENCE,Splenic Capsule Injury: A Rare Complication of Sigmoid Volvulus
1445,WoS,WOS:000979838800015,,2023,guo,10.12998/wjcc.v11.i10.2276,WORLD JOURNAL OF CLINICAL CASES,Primary intra-abdominal paraganglioma: A case report
1446,WoS,WOS:000756895600001,,2022,wee,10.1136/bcr-2021-247737,BMJ CASE REPORTS,Intrapancreatic accessory spleen with an epidermoid cyst: a malignant mimicry
190,WoS,WOS:000886951900009,T2 title+author+year,2022,gunes,,ANNALI ITALIANI DI CHIRURGIA,Splenic surgery: a ten years experience of a tertiary center in Turkey
1447,WoS,WOS:000717526104307,,2021,nguyen,,AMERICAN JOURNAL OF GASTROENTEROLOGY,A Wandering Accessory Spleen Mimicking a Pancreatic Tumor
1448,WoS,WOS:000596036400024,,2020,gomez-ramos,10.1097/pec.0000000000001520,PEDIATRIC EMERGENCY CARE,Adolescent With Spontaneous Splenic Rupture as a Cause of Hemoperitoneum in the Emergency Department Case Report and Literature Review
1449,WoS,WOS:000525755300039,,2020,ortega,,INTERNATIONAL JOURNAL OF MORPHOLOGY,Presence and Biometry of Accessory Spleen in Chile Individuals: Study by Computerized Tomography
1450,WoS,WOS:000530602100005,,2020,liu,10.1007/s12262-020-02155-5,INDIAN JOURNAL OF SURGERY,Spleen Rupture Caused by Ectopic Pregnancy in the Spleen: a Case Report
1451,WoS,WOS:000527389200089,,2020,luo,10.21037/atm.2020.03.79,ANNALS OF TRANSLATIONAL MEDICINE,Heterotopic accessory spleen with squamous epithelial cyst in pancreas mimicking other pancreatic tumor: a case report
1452,WoS,WOS:000525473700022,,2020,marshak-rothstein,10.1089/vim.2019.0191,VIRAL IMMUNOLOGY,Interplay of Cyclic GMP-AMP Synthase/Stimulator of IFN Genes and Toll-Like Receptor Nucleic Acid Sensing Pathways in Autoinflammation and Abnormal Bone Formation due to DNaseII-Deficiency
1453,WoS,WOS:000485207400028,,2019,karpathiou,10.1016/j.prp.2019.152546,PATHOLOGY RESEARCH AND PRACTICE,"Splenic tissue in the ovary: Splenosis, accessory spleen or spleno-gonadal fusion?"
1454,WoS,WOS:000471160500009,,2019,kresinsky,10.1038/s41388-019-0757-y,ONCOGENE,"Lack of CD45 in FLT3-ITD mice results in a myeloproliferative phenotype, cortical porosity, and ectopic bone formation"
1455,WoS,WOS:000440175700004,,2018,bedhiafi,10.1139/apnm-2017-0743,APPLIED PHYSIOLOGY NUTRITION AND METABOLISM,Supplementation of grape seed and skin extract to orlistat therapy prevents high-fat diet-induced murine spleen lipotoxicity
1456,WoS,WOS:000425386300005,,2017,yang,10.1097/md.0000000000009040,MEDICINE,Significance of imaging findings in the diagnosis of heterotopic spleenan intrapancreatic accessory spleen (IPAS): Case report
1457,WoS,WOS:000412599600013,,2017,tendler,10.1002/jcu.22448,JOURNAL OF CLINICAL ULTRASOUND,Symptomatic pelvic accessory spleen in a female adolescent: Case report
1458,WoS,WOS:000414326900016,,2017,wu,10.1111/jog.13440,JOURNAL OF OBSTETRICS AND GYNAECOLOGY RESEARCH,Case of spontaneous splenic rupture caused by ectopic pregnancy in the spleen
1459,WoS,WOS:000404745200009,,2017,hirabayashi,10.1007/s00428-017-2139-6,VIRCHOWS ARCHIV,Epidermoid cysts are a characteristic feature of intrapancreatic but not of extrapancreatic accessory spleens
1460,WoS,WOS:000380753700008,,2016,wataya,10.3171/2016.2.peds15598,JOURNAL OF NEUROSURGERY-PEDIATRICS,Thoracic meningocele in lumbo-costo-vertebral syndrome in a child: possible enlargement with repeated motion by anchoring to the diaphragm
1461,WoS,WOS:000372693800001,,2016,wang,10.1016/j.fsi.2016.01.016,FISH & SHELLFISH IMMUNOLOGY,Fish TRIM39 regulates cell cycle progression and exerts its antiviral function against iridovirus and nodavirus
1462,WoS,WOS:000374026900011,,2015,vander,10.5334/jbr-btr.857,JOURNAL OF THE BELGIAN SOCIETY OF RADIOLOGY,"The ""Jokari Sign"", An Imaging Feature Diagnostic of a Wandering Accessory Spleen"
1463,WoS,WOS:000330728900023,,2014,grinbaum,10.1007/s00261-011-9703-3,ABDOMINAL IMAGING,"Torsion of an accessory spleen (vol 31, pg 110, 2006)"
454,WoS,WOS:000325819400116,T1 DOI,2013,dakshinamoorthy,10.1371/journal.pone.0077394,PLOS ONE,Large Extracellular Loop of Tetraspanin as a Potential Vaccine Candidate for Filariasis
464,WoS,WOS:000324870500023,T1 DOI,2013,lhuaire,10.1007/s11605-013-2239-9,JOURNAL OF GASTROINTESTINAL SURGERY,A Rare Cause of Chronic Abdominal Pain: Recurrent Sub-torsions of an Accessory Spleen
1464,WoS,WOS:000313250800058,,2013,julania,10.1111/j.1447-0756.2012.01920.x,JOURNAL OF OBSTETRICS AND GYNAECOLOGY RESEARCH,Heterotopic simultaneous splenic and intrauterine pregnancy after spontaneous conception and review of literature
1465,WoS,WOS:000302949800001,,2012,chapard,10.1111/j.1600-0625.2012.01477.x,EXPERIMENTAL DERMATOLOGY,The role of the TRAF-interacting protein in proliferation and differentiation
501,WoS,WOS:000304738600001,T2 title+author+year,2012,romer,10.5334/jbr-btr.75,JBR-BTR,"THE ACCESSORY SPLEEN: PREVALENCE AND IMAGING FINDINGS IN 1,735 CONSECUTIVE PATIENTS EXAMINED BY MULTIDETECTOR COMPUTED TOMOGRAPHY"
1466,WoS,WOS:000291309700039,,2011,czompoly,10.4049/jimmunol.1003770,JOURNAL OF IMMUNOLOGY,Transcription Factor Nkx2-3 Controls the Vascular Identity and Lymphocyte Homing in the Spleen
1467,WoS,WOS:000286194200005,,2011,del,10.1016/j.jpedsurg.2010.09.008,JOURNAL OF PEDIATRIC SURGERY,Epithelial cyst of the spleen with foci of ectopic liver
1468,WoS,WOS:000283897500023,,2010,gang,10.1016/j.jmig.2010.07.004,JOURNAL OF MINIMALLY INVASIVE GYNECOLOGY,Successful Laparoscopic Management of Early Splenic Pregnancy: Case Report and Review of Literature
1469,WoS,WOS:000269388700026,,2009,belkhir,10.1097/rlu.0b013e3181b06b42,CLINICAL NUCLEAR MEDICINE,Intrapancreatic Accessory Spleen Diagnosed on Radionuclide Imaging
576,WoS,WOS:000268456900030,T1 DOI,2009,kim,10.1111/j.1440-1746.2009.05957.x,JOURNAL OF GASTROENTEROLOGY AND HEPATOLOGY,Hepatobiliary and pancreatic: Torsion of an accessory spleen
1470,WoS,WOS:000263569000008,,2009,liu,10.1080/10731190802663975,ARTIFICIAL CELLS BLOOD SUBSTITUTES AND BIOTECHNOLOGY,Preliminary Study on Intrasplenic Implantation of Artificial Cell Bioencapsulated Stem Cells to Increase the Survival of 90% Hepatectomized Rats
1471,WoS,WOS:000257190200013,,2008,yagmur,,JCPSP-JOURNAL OF THE COLLEGE OF PHYSICIANS AND SURGEONS PAKISTAN,Accessory spleen presenting as mass in the left upper abdomen
1472,WoS,WOS:000250668800016,,2007,kannu,10.1002/ajmg.a.31989,AMERICAN JOURNAL OF MEDICAL GENETICS PART A,An unclassifiable short rib-polydactyly syndrome with acromesomelic hypomineralization and campomelia in siblings
666,WoS,WOS:000234344200020,T1 DOI,2006,grinbaum,10.1007/s00261-005-0042-0,ABDOMINAL IMAGING,Torsion of an accessory spleen
1473,WoS,WOS:000231077700022,,2005,jung,10.1259/bjr/92427993,BRITISH JOURNAL OF RADIOLOGY,Case of the month - A patient with acute abdominal pain and a peritoneal mass on ultrasound and multidetector CT - The torsion of accessory spleen.
1474,WoS,WOS:000187789400008,,2003,kim,10.1007/s00330-003-1908-6,EUROPEAN RADIOLOGY,Hepatocellular carcinoma in an ectopic Liver: CT findings
1475,WoS,WOS:000179898900007,,2002,lehtolainen,10.1038/sj.gt.3301854,GENE THERAPY,Baculoviruses exhibit restricted cell type specificity in rat brain:: a comparison of baculovirus- and adenovirus-mediated intracerebral gene transfer in vivo
1476,WoS,WOS:000174221900009,,2002,mak,10.1046/j.1365-2257.2002.00424.x,CLINICAL AND LABORATORY HAEMATOLOGY,Idiopathic myelofibrosis with extramedullary haemopoiesis involving the urinary bladder in a Chinese lady
1477,WoS,WOS:000087884700009,,2000,heller,10.1007/s002470050771,PEDIATRIC RADIOLOGY,Two apparent suprarenal masses. Two cases in children: heterotaxy syndrome with spleen lying in suprarenal space and gastric duplication cyst lying in suprarenal space
1478,WoS,WOS:000087636500004,,2000,deconinck,,DEVELOPMENT,FOG acts as a repressor of red blood cell development in Xenopus
1479,WoS,WOS:000084350800004,,2000,miyagishi,,INTERNATIONAL JOURNAL OF MOLECULAR MEDICINE,"Molecular characterization of mesoderm-restricted basic helix-loop-helix protein, POD-1/Capsulin"
1480,WoS,WOS:000084157400011,,1999,bhadwal,,INDIAN VETERINARY JOURNAL,Morphological study of spleen following its torsion in dogs
1480,WoS,WOS:000084157400012,T2 title+author+year,1999,bhadwal,,INDIAN VETERINARY JOURNAL,Morphological study of spleen following its torsion in dogs
796,WoS,WOS:000081837100026,T1 DOI,1999,padilla,10.1016/s0735-6757(99)90103-1,AMERICAN JOURNAL OF EMERGENCY MEDICINE,Acute abdomen due to spontaneous torsion of an accessory spleen
1481,WoS,WOS:000081718000007,,1999,niemann,10.1023/a:1008999622117,TRANSGENIC RESEARCH,Expression of human blood clotting factor VIII in the mammary gland of transgenic sheep
1482,WoS,WOS:000073205200005,,1998,rinck,10.1007/bf02239883,ZEITSCHRIFT FUR JAGDWISSENSCHAFT,Presentation of a twisted stomach in Dingo (Canis familiaris dingo)
828,WoS,WOS:000072255000021,T1 DOI,1998,valls,10.1007/s002619900321,ABDOMINAL IMAGING,Torsion of a wandering accessory spleen: CT findings
1483,WoS,WOS:000071891400014,,1998,foley,10.1093/emboj/17.3.774,EMBO JOURNAL,Targeted disruption of the MYC antagonist MAD1 inhibits cell cycle exit during granulocyte differentiation
1484,WoS,WOS:A1997XB68200015,,1997,paul,10.1007/s001200050102,UROLOGE A,Accessory spleen of the spermatic cord
307,Scopus,85057472490,T1 DOI,2019,bellantoni,10.1016/j.ensci.2018.11.021,eNeurologicalSci,Simple schwannomatosis or an incomplete Coffin-Siris? Report of a particular case
321,Scopus,85050131441,T2 title+author+year,2018,cohen,,Israel Medical Association Journal,Emergencies in the treatment of wandering spleen
26,Scopus,105028138036,T1 DOI,2026,jin,10.1097/md.0000000000047197,Medicine (United States),Recurrent gastric variceal bleeding due to wandering spleen – complete resolution following laparoscopic splenectomy: A case report
1485,Scopus,85159165580,,2022,lessin,10.1007/978-3-030-96542-6_57,Pediatric Surgery: Diagnosis and Treatment,Non-malignant splenic disorders
1486,Scopus,85074247563,,2019,que,10.1155/2019/4283183,Gastroenterology Research and Practice,The Application of Spleen-Preserving Splenic Regional Laparoscopic Lymphadenectomy with Spleen Kept in Situ and Laparotomy with Spleen Lifted out of the Abdomen for Locally Advanced Proximal Gastric Cancer: A Retrospective Study
109,Scopus,85190374127,T1 DOI,2024,ahmed,10.1186/s13256-024-04502-6,Journal of Medical Case Reports,Splenic torsion mistaken for an ovarian cyst: a case report
1487,Scopus,85048928659,,2018,matarazzo,10.1016/j.jpeds.2018.05.039,Journal of Pediatrics,"Wandering Liver, Wondering Doctors!"
1430,Scopus,105048101439,T1 DOI,2026,wang,10.1002/advs.77358,Advanced Science,Intrasplenic Thymus Organogenesis from Injectable Tissue Fragments Restores Functional T-Cell Immunity
42,Scopus,105014248038,T1 DOI,2025,liu,10.3389/fmed.2025.1646831,Frontiers in Medicine,Splenectomy for wandering spleen with pedicle torsion in a 17-year-old: a case report
1488,Scopus,85197699929,,2024,hare,10.1136/bcr-2024-260253,BMJ Case Reports,Acute idiopathic mesenteroaxial gastric volvulus managed laparoscopically
1370,Scopus,85129285078,T1 DOI,2022,kumar,10.1016/j.clinimag.2022.04.005,Clinical Imaging,Twists and turns in acute abdomen: imaging spectrum of torsions and volvulus
37,Scopus,105019225174,T1 DOI,2026,zhuo,10.1007/s10620-025-09482-1,Digestive Diseases and Sciences,Ectopic Spleen in the Gastric Fundus
1435,Scopus,105017541307,T1 DOI,2026,stilz,10.1177/10406387251379922,Journal of Veterinary Diagnostic Investigation,"Ectopic splenic tissue in 46 dogs, 2000–2024"
343,Scopus,85026349486,T1 DOI,2017,baldolli,10.1097/md.0000000000007552,Medicine (United States),Thoracic splenosis mimicking a pleuropneumonia
1489,Scopus,85159739780,,2023,xiao,10.12659/ajcr.939324,American Journal of Case Reports,Challenging Diagnosis of Intrapancreatic Accessory Spleen in the Tail of the Pancreas: A Case Report
1490,Scopus,85168318788,,2023,cheng,10.1016/j.annemergmed.2023.03.008,Annals of Emergency Medicine,Woman With Scooter Injury
165,Scopus,85137919525,T1 DOI,2022,van,10.1111/jvim.16527,Journal of Veterinary Internal Medicine,Suspected spontaneous early hemorrhagic transformation of multiple ischemic strokes secondary to primary splenic torsion in a German Shepherd dog
300,Scopus,85062059522,T1 DOI,2019,fujiwara,10.1111/ped.13760,Pediatrics International,Splenic torsion and polysplenia syndrome in a 10-year-old girl
225,Scopus,85101029759,T2 title+author+year,2020,dibonova,,Ceska Gynekologie,Coincidental finding of pelvic splenosis during gynecological surgery
333,Scopus,85049317709,T1 DOI,2018,taydas,10.1053/j.gastro.2017.11.288,Gastroenterology,"A Multicystic, Malrotated Pancreas in a Patient With Wandering Spleen"
222,Scopus,85103803362,T1 DOI,2021,hamdy,10.1308/rcsann.2020.7144,Annals of the Royal College of Surgeons of England,An infarcted wandering spleen leading to a sigmoid volvulus presenting with acute large bowel obstruction: a case report
156,Scopus,85141421815,T1 DOI,2022,ahmed,10.2147/imcrj.s388271,International Medical Case Reports Journal,Wandering Spleen with Splenic Torsion: Unusual Cause of Acute Abdomen
1491,Scopus,85111060795,,2021,sule,10.4103/smj.smj_13_20,Sahel Medical Journal,Dextrocardia with situs inversus: An incidental finding in a 9-year-old child
287,Scopus,85074119142,T1 DOI,2019,kim,10.1292/jvms.19-0258,Journal of Veterinary Medical Science,A case of acute splenic vein thrombosis in a dog
1365,Scopus,85129309475,T1 DOI,2022,huang,10.4103/fjs.fjs_85_21,Formosan Journal of Surgery,Pelvic splenosis in a patient with a 20-year history of splenectomy
1492,Scopus,85140343345,,2022,tikvica,10.1016/j.ejogrb.2022.09.017,European Journal of Obstetrics and Gynecology and Reproductive Biology,Letter to the editor: Laparoendoscopy in diagnostic and treatment of a rare case of pelveoperitoneal splenosis mimicking adnexal tumors
1493,Scopus,105037981331,,2026,callier,10.1016/b978-0-443-12431-0.00046-2,Holcomb and Ashcraft's Pediatric Surgery,Splenic Conditions
74,Scopus,86000278168,T1 DOI,2025,bond,10.1136/bcr-2023-259196,BMJ Case Reports,Postpartum splenic torsion in a patient with a wandering spleen and splenomegaly
1494,Scopus,85096904332,,2020,bouchentouf,10.35687/s2452-45492020004778,Revista de Cirugia,The wandering spleen associated with organoaxial gastric volvulus
328,Scopus,85043380997,T1 DOI,2018,viana,10.1016/j.ijscr.2018.02.032,International Journal of Surgery Case Reports,"Splenic torsion, a challenging diagnosis: Case report and review of literature"
1285,Scopus,105048786250,T1 DOI,2026,khan,10.1016/j.epsc.2026.103340,Journal of Pediatric Surgery Case Reports,Splenic torsion of a wandering spleen and polysplenia syndrome in a 10-year-old boy with cyanotic congenital heart disease: A case report
1495,Scopus,85198137237,,2024,an,10.17555/jvc.2024.41.1.30,Journal of Veterinary Clinics,Concurrent Torsion of the Caudate Liver Lobe and Spleen in a German Shepherd Dog
1434,Scopus,105010358530,T1 DOI,2025,yan,10.1016/j.asjsur.2025.06.043,Asian Journal of Surgery,Ectopic pregnancy in the spleen: Report of a rare case
1496,Scopus,85174542922,,2022,dinesh,10.29005/ijcp.2022.14.2.131-133,Indian Journal of Canine Practice,SPLEENECTOMY AND GASTROPEXY FOR MANAGING GASTRIC DILATATION VOLVULUS COMPLICATED WITH SPLENIC TORSION IN A DOG
155,Scopus,85150028275,T1 DOI,2023,borsani,10.1016/j.cgh.2022.11.003,Clinical Gastroenterology and Hepatology,Wandering Spleen: An Unusual Cause of Recurrent Abdominal Pain
1497,Scopus,85073427744,,2019,rathore,10.5146/tjpath.2017.01403,Turk Patoloji Dergisi,Primary splenic pregnancy- a rare but imperative cause of hemoperitoneum - case report and review of literature
197,Scopus,85120179772,T1 DOI,2021,hashiguchi,10.1002/ccr3.5051,Clinical Case Reports,Wandering spleen with splenic arteriovenous torsion
1498,Scopus,85056100100,,2018,holzgreve,10.1007/s15006-018-1082-z,MMW-Fortschritte der Medizin,Wandering spleen
1499,Scopus,85149341326,,2023,vasilatis,10.1111/vcp.13203,Veterinary Clinical Pathology,Amikacin disaggregates platelet clumps in EDTA blood samples from cats and dogs when added postcollection
341,Scopus,85026499579,T1 DOI,2017,hinton,10.1638/2016-0112r.1,Journal of Zoo and Wildlife Medicine,GASTRIC DILATATION VOLVULUS in ADULT MANED WOLVES (CHRYSOCYON BRACHYURUS)
1500,Scopus,85038129421,,2017,santos,10.1590/s1679-45082017rc3942,"Einstein (Sao Paulo, Brazil)",Intrapancreatic accessory spleen
344,Scopus,85021920089,T1 DOI,2017,gungor,10.5152/tjg.2017.17035,Turkish Journal of Gastroenterology,Torsion of a wandering spleen in an adolescent with Gaucher disease
1460,Scopus,84983001505,T1 DOI,2016,wataya,10.3171/2016.2.peds15598,Journal of Neurosurgery: Pediatrics,Thoracic meningocele in lumbo-costo-vertebral syndrome in a child: Possible enlargement with repeated motion by anchoring to the diaphragm
1501,Scopus,85170541349,,2022,xue,10.3760/cma.j.cn101441-20210903-00386,Chinese Journal of Reproduction and Contraception,Clinical analysis of massive intraperitoneal hemorrhagic shock in early pregnancy complicated with myoma caused by mifepristone
1428,Scopus,85084863005,T1 DOI,2021,mladenovic,10.1007/s12262-020-02308-6,Indian Journal of Surgery,Acute Gastric Volvulus in Eight-Year-Old Male
296,Scopus,85064907924,T1 DOI,2019,short,10.1002/bies.201800234,BioEssays,Targeting the Spleen as an Alternative Site for Hematopoiesis
337,Scopus,85030776248,T1 DOI,2017,ren,10.1097/md.0000000000008116,Medicine (United States),Colonic obstruction caused by accessory spleen torsion: A rare case report and literature review
230,Scopus,85099427956,T1 DOI,2021,kafadar,10.14744/tjtes.2020.00734,Ulusal Travma ve Acil Cerrahi Dergisi,Acute abdomen due to torsion of the wandering spleen: A rare clinical presentation
1450,Scopus,85085077429,T1 DOI,2020,liu,10.1007/s12262-020-02155-5,Indian Journal of Surgery,Spleen Rupture Caused by Ectopic Pregnancy in the Spleen: a Case Report
201,Scopus,85117385662,T1 DOI,2022,bough,10.1016/j.surge.2021.08.006,Surgeon,"Diagnosis, management and outcome of splenic torsion; a systematic review of published studies"
1325,Scopus,85093831584,T2 title+author+year,2020,ozer,10.9775/kvfd.2020.24551,Kafkas Universitesi Veteriner Fakultesi Dergisi,An overlooked entities in small animal surgery: Splenic disorders
1502,Scopus,85011964910,,2016,tsai,,Chinese Journal of Radiology (Taiwan),Wandering spleen in a child with atypical abdominal pain
267,Scopus,85079051596,T1 DOI,2020,chue,10.1111/ans.15737,ANZ Journal of Surgery,Laparoscopic splenectomy for a wandering spleen with resultant splenomegaly and gastric varices
1503,Scopus,85179668711,,2023,oshiba,10.1186/s13256-023-04241-0,Journal of Medical Case Reports,Splenogonadal fusion: a case report
1504,Scopus,85180348812,,2023,albes,,Gynakologische Praxis,Which abdominal organs can torque in women?
1453,Scopus,85070764384,T1 DOI,2019,karpathiou,10.1016/j.prp.2019.152546,Pathology Research and Practice,"Splenic tissue in the ovary: Splenosis, accessory spleen or spleno-gonadal fusion?"
1505,Scopus,105024993425,,2025,gulla,10.14309/01.ajg.0001154068.48444.24,American Journal of Gastroenterology,S6402 A Case of Juvenile Polyposis Syndrome Diagnosed by Genetic Testing Despite Hyperplastic Polyps and No Active Bleeding
347,Scopus,85021064414,T1 DOI,2018,varga,10.1007/s00276-017-1893-0,Surgical and Radiologic Anatomy,"Anatomic variations of the spleen: current state of terminology, classification, and embryological background"
1420,Scopus,85089371361,T1 DOI,2020,serra,10.1007/s40336-020-00383-z,Clinical and Translational Imaging,Pancreatic nodule positive for 68-Ga-DOTAPEPTIDE-PET: NET or ectopic spleen? The importance of a good differential diagnosis
1506,Scopus,85048319687,,2018,davies,10.1136/bmj.k2324,BMJ (Online),A wanderer returns
82,Scopus,85211628719,T1 DOI,2025,hosoi,10.1007/s12328-024-02082-y,Clinical Journal of Gastroenterology,Torsion of the wandering spleen with intestinal obstruction
1507,Scopus,105011018778,,2016,watanabe,10.1002/9781118430309.ch110,Bergman's Comprehensive Encyclopedia of Human Anatomic Variation,Spleen
1508,Scopus,85147182654,,2023,vorontsov,10.17116/endoskop20232901148,Endoscopic Surgery,Intrapancreatic ectopic spleen: difficulties in differential diagnosis
1509,Scopus,105009163522,,2019,abdel-latif,10.1007/978-3-319-26158-4_40,Clinical Embryology: An Atlas of Congenital Malformations,Spleen
185,Scopus,85128178361,T1 DOI,2022,ouazzani,10.1016/j.radcr.2022.03.045,Radiology Case Reports,Splenic volvulus on ectopic spleen in adults: A case report
1510,Scopus,85150574613,,2021,barsness,10.1007/978-3-662-43559-5_115,"Pediatric Surgery: General Pediatric Surgery, Tumors, Trauma and Transplantation",Splenic Disorders
1511,Scopus,85055486439,,2018,cieslak,,Connecticut Medicine,A case of torsion of a “wandering spleen” in a 29-year-old female with left-upper quadrant abdominal pain diagnosed on contrast-enhanced CT of the abdomen
77,Scopus,85214888227,T1 DOI,2025,mandarano,10.4103/jiaps.jiaps_122_24,Journal of Indian Association of Pediatric Surgeons,Acute Gastric Volvulus Associated with Wandering Spleen and Diaphragmatic Eventration in a 5‑month‑old Girl
31,Scopus,105024189174,T1 DOI,2025,vasta,10.3389/fped.2025.1705547,Frontiers in Pediatrics,Gastric volvulus and wandering spleen in Pitt–Hopkins syndrome: first paediatric case report
336,Scopus,85048399330,T1 DOI,2018,lian,10.5603/fm.a2017.0097,Folia Morphologica (Poland),Wandering spleen: A unique cause of acute abdomen
1512,Scopus,105000090749,,2018,lynch,10.1002/9781119028994.ch85,Textbook of Small Animal Emergency Medicine,Splenic Disease
99,Scopus,85196047044,T1 DOI,2024,hanifa,10.1177/2050313x241262141,SAGE Open Medical Case Reports,Gastric volvulus with necrosis and gangrene associated with wandering spleen: A rare case report from Syria
148,Scopus,85147700878,T1 DOI,2023,caruso,10.1007/s00261-022-03789-7,Abdominal Radiology,"Wandering liver, spleen, and kidney: what the radiologist needs to know"
113,Scopus,85188415644,T1 DOI,2024,xiao,10.3389/fonc.2024.1310394,Frontiers in Oncology,The imaging features of ectopic spleen: which modality is more consistent? A cases series report and literature reviews
1513,Scopus,85218491945,,2025,long,10.1038/s41467-025-57048-6,Nature Communications,Identification of splenic IRF7 as a nanotherapy target for tele-conditioning myocardial reperfusion injury
1459,Scopus,85019567725,T1 DOI,2017,hirabayashi,10.1007/s00428-017-2139-6,Virchows Archiv,Epidermoid cysts are a characteristic feature of intrapancreatic but not of extrapancreatic accessory spleens
320,Scopus,85049210667,T1 DOI,2018,anand,10.1136/bcr-2018-225496,BMJ Case Reports,Acute torsion of a wandering spleen: A paediatric emergency
1514,Scopus,85183979522,,2021,zashev,,Rentgenologiya i Radiologiya,Post traumatic abdominal splenosis
123,Scopus,85178497059,T1 DOI,2023,chopko,10.1136/bcr-2023-258235,BMJ Case Reports,Mesenteroaxial volvulus due to wandering spleen: A unique repair via mesenteric splenopexy and gastropexy
1515,Scopus,85021258673,,2017,masui,10.1016/j.epsc.2017.06.003,Journal of Pediatric Surgery Case Reports,Wandering spleen associated with omphalocele in a neonate: An unusual case with non-operative management
272,Scopus,85076277369,T2 title+author+year,2019,lim,,South Dakota medicine : the journal of the South Dakota State Medical Association,Wandering Spleen in a 1-Year-Old Girl: An Enigmatic Journey to Find the Hiding Necrotic Spleen
32,Scopus,105024763396,T1 DOI,2026,aggarwal,10.1007/s00261-025-05322-y,Abdominal Radiology,Whirl sign in splenic torsion: an uncommon complication of wandering spleen
303,Scopus,85063300357,T1 DOI,2019,trinci,10.1007/s40477-019-00359-4,Journal of Ultrasound,A rare case of accessory spleen torsion in a child diagnosed by ultrasound (US) and contrast-enhanced ultrasound (CEUS)
1433,Scopus,105044656337,T1 DOI,2026,fambrini,10.1155/crog/5344541,Case Reports in Obstetrics and Gynecology,Primary Abdominal Ectopic Pregnancy Involving the Spleen: A Case Study
1337,Scopus,85124761886,T1 DOI,2023,aleksandra,10.1007/s12262-022-03309-3,Indian Journal of Surgery,Unusual Presentation of Wandering Spleen Mimicking Pelvic Mass
65,Scopus,105003583447,T1 DOI,2025,garcia-hidalgo,10.1016/j.rx.2024.11.004,Radiologia,Acute abdomen secondary to torsion of a wandering spleen
115,Scopus,85186084221,T1 DOI,2024,lieb,10.1093/jscr/rjae088,Journal of Surgical Case Reports,Iatrogenic wandering spleen causing gastric outlet obstruction and perforation
338,Scopus,85029000442,T1 DOI,2018,tagliabue,10.1007/s11605-017-3560-5,Journal of gastrointestinal surgery : official journal of the Society for Surgery of the Alimentary Tract,The Wandering Spleen
1516,Scopus,85062668863,,2018,hanine,10.11604/pamj.2018.29.124.14250,Pan African Medical Journal,Gonado-splenic fusion: About an uncommon case
371,Scopus,84964454375,T1 DOI,2016,hartinger,10.1007/s00120-016-0092-7,Urologe,Big surprise in the lesser pelvis
292,Scopus,85067926129,T1 DOI,2019,asafu,10.1016/j.radcr.2019.05.018,Radiology Case Reports,"Concurrent occurrence of a wandering spleen, organoaxial gastric volvulus, pancreatic volvulus, and cholestasis – A rare cause of an acute abdomen"
1517,Scopus,105004895374,,2025,,10.13929/j.issn.1003-3289.2025.04.045,Chinese Journal of Medical Imaging Technology,CT and MRI findings of intrahepatic ectopic spieen: Case report
1413,Scopus,84992179605,T1 DOI,2016,darko,10.1515/acve-2016-0036,Acta Veterinaria,Gastric dilatation and volvulus in brown bear (URSUS ARCTOS)
250,Scopus,85089186686,T1 DOI,2020,zhang,10.1177/0300060520935304,Journal of International Medical Research,Accessory spleen originating from the intrinsic muscularis of the stomach misdiagnosed as gastrointestinal stromal tumor: a case report
360,Scopus,84988446533,T1 DOI,2016,hesse,10.1007/s00117-016-0164-0,Radiologe,Acute abdomen with abdominal mass and missing spleen
1518,Scopus,105016704691,,2025,lourenco,10.26605/medvet-v19n2-7231,Medicina Veterinaria (Brazil),Primary splenic torsion in a dog: case report
282,Scopus,85074032877,T1 DOI,2020,renno,10.1007/s12328-019-01045-y,Clinical Journal of Gastroenterology,Diagnosis of intrapancreatic accessory spleen by endoscopic ultrasound-guided fine-needle aspiration mimicking a pancreatic neoplasm: a case report and review of literature
1519,Scopus,105028479068,,2026,farhat,10.12890/2025_005988,European Journal of Case Reports in Internal Medicine,A RARE CASE OF SPLENUNCULUS BURIED WITHIN THE STOMACH
174,Scopus,85135127355,T1 DOI,2022,schultz,10.1111/vsu.13858,Veterinary Surgery,Treatment and outcomes of two pigs treated for hemoabdomen secondary to splenic disease
254,Scopus,85094983258,T1 DOI,2020,el-helou,10.1308/rcsann.2020.0131,Annals of the Royal College of Surgeons of England,Small bowel obstruction due to splenosis 30 years after splenectomy
193,Scopus,85141967617,T1 DOI,2022,petroianu,10.1093/jscr/rjab558,Journal of Surgical Case Reports,Dwarfism associated with wandering splenomegaly
117,Scopus,85185793508,T1 DOI,2024,rafei,10.1093/jscr/rjae059,Journal of Surgical Case Reports,Laparoscopic exploration of a wandering spleen in a complex adolescent case with sigmoid volvulus and left-side portal hypertension: a case report
210,Scopus,85109692173,T1 DOI,2022,battiato,10.1111/vru.13007,Veterinary Radiology and Ultrasound,Ultrasonographic and CT diagnosis of a complete splenic duplication with right splenic torsion and presumed regional splenic vein hypertension in a dog
299,Scopus,85063949842,T1 DOI,2019,karapolat,10.1016/j.amjms.2019.01.016,American Journal of the Medical Sciences,Torsion of the Wandering Spleen
1291,Scopus,85096184947,T1 DOI,2021,alsaleh,10.1016/j.epsc.2020.101702,Journal of Pediatric Surgery Case Reports,Splenic infarction: Torsion of a wandering spleen in a child
85,Scopus,85210536271,T1 DOI,2025,aregawi,10.1016/j.ijscr.2024.110678,International Journal of Surgery Case Reports,Wandering spleen with torsion causing an acute abdomen: A case report
1520,Scopus,85010441799,,2017,flippin,10.1016/j.epsc.2016.04.024,Journal of Pediatric Surgery Case Reports,Splenic torsion presenting as splenic vein thrombosis
1521,Scopus,85171176357,,2023,li,10.3760/cma.j.cn101785-202202018-016,Journal of Clinical Pediatric Surgery,Absence of splenic ligament and in situ splenic torsion in a child： One case report with a literature review
1522,Scopus,85055129078,,2018,yokus,10.5505/ejm.2018.63634,Eastern Journal of Medicine,Acute abdominal pain due to wandering spleen torsion: A case report
180,Scopus,85139056654,T1 DOI,2022,wen,10.1016/j.asjsur.2022.05.073,Asian Journal of Surgery,Spontaneous reset of the wandering spleen with acute torsion
1523,Scopus,85136676960,,2022,hou,10.3760/cma.j.cn113884-20220210-00055,Chinese Journal of Hepatobiliary Surgery,Intrahepatic ectopic splenic implantation misdiagnosed as hepatocellular carcinoma: a case report
24,Scopus,105050400232,T1 DOI,2026,fujita,10.2169/internalmedicine.6440-25,Internal Medicine,Gastric Volvulus Complicated with a Wandering Spleen
209,Scopus,85107217639,T2 title+author+year,2021,schrijver,,Nederlands Tijdschrift voor Geneeskunde,Acute abdomen based on a wandering spleen
62,Scopus,105007661825,T1 DOI,2025,grochowska,10.3390/jcm14113901,Journal of Clinical Medicine,Wandering Accessory Spleen and Its Implications for Modern Clinical Practice
67,Scopus,105004429845,T1 DOI,2025,aljuba,10.1016/j.ijscr.2025.111421,International Journal of Surgery Case Reports,A case of torsed wandering spleen presenting as perforated acute appendicitis: A case report and literature review
332,Scopus,85042107111,T1 DOI,2018,zhang,10.1007/s00261-018-1488-1,Abdominal Radiology,A “wandering spleen”
207,Scopus,85111046685,T1 DOI,2021,sawhney,10.1016/j.radcr.2021.06.069,Radiology Case Reports,Post-traumatic intrathoracic splenosis and role of Tc-99m Sulfur colloid scintigraphy in confirmation
1524,Scopus,84992125484,,2016,chandra,10.12659/ajcr.898165,American Journal of Case Reports,Jarcho-levin syndrome with splenic herniation: A rare presentation
101,Scopus,85195000217,T1 DOI,2024,ronaky,10.1556/650.2024.33054,Orvosi hetilap,Torsion of the wandering spleen in childhood - report of 3 cases
261,Scopus,85083201234,T1 DOI,2020,cıkı,10.24953/turkjped.2020.01.024,Turkish Journal of Pediatrics,A rare cause of acute abdominal pain in a patient with primary ciliary dyskinesia with situs inversus totalis
322,Scopus,85048590613,T1 DOI,2018,spears,10.2460/javma.252.12.1463,Journal of the American Veterinary Medical Association,What is your diagnosis?
1525,Scopus,105007566041,,2025,adrejiya,10.7326/aimcc.2024.1294,Annals of Internal Medicine Clinical Cases,Cytomegalovirus-Related Splenic Infarcts: Viral Twist and a Vascular Phenomenon
1347,Scopus,85056391599,T1 DOI,2018,de,10.14715/cmb/2018.64.13.21,Cellular and Molecular Biology,Ectopic spleen mimicking hepatocellular carcinoma in the late post-operative period of bariatric surgery
1395,Scopus,85019573887,T1 DOI,2019,haga,10.1097/pec.0000000000001150,Pediatric Emergency Care,Acute Gastric Volvulus Successfully Treated by Endoscopic Reduction in a 6-Year-Old Girl and a Review of the Japanese Literature
1282,Scopus,85077540782,T2 title+author+year,2018,marinho,10.22456/1679-9216.87332,Acta Scientiae Veterinariae,Primary splenic torsion in dog as a cause of atypical acute abdomen
354,Scopus,85014477152,T1 DOI,2018,lai,10.1111/ans.13859,ANZ journal of surgery,You wander… you lose! Importance of surgical intervention in wandering spleen
275,Scopus,85073821836,T1 DOI,2019,degheili,10.1002/ccr3.2419,Clinical Case Reports,Pelvic splenosis—A rare cause of pelvic mass
312,Scopus,85054173961,T1 DOI,2019,guvendi,10.1016/j.ciresp.2018.08.014,Cirugia Espanola,Wandering spleen and intestinal malrotation
144,Scopus,85156162994,T1 DOI,2023,xu,10.3390/medicina59040807,Medicina (Lithuania),Radiologic Findings of Single Accessory Splenic Infarction in a Patient with Accessory Spleens in the Abdominal Cavity: A Case Report
173,Scopus,85134565863,T1 DOI,2022,wang,10.1186/s12887-022-03484-y,BMC Pediatrics,Diagnosis and treatment of splenic torsion in children: preoperative thrombocytosis predicts splenic infarction
352,Scopus,85005950466,T1 DOI,2018,bacha,10.1016/j.revmed.2016.09.008,Revue de Medecine Interne,Pulmonary opacity
163,Scopus,85138231590,T1 DOI,2022,zhao,10.3389/fsurg.2022.916426,Frontiers in Surgery,A case report of wandering spleen with pedicle torsion and splenic infarction being misdiagnosed as organ inversion complicated with acute appendicitis
146,Scopus,85146479400,T1 DOI,2022,bako,10.11604/pamj.2022.43.144.32397,Pan African Medical Journal,Situs inversusassociated with wandering spleen and common mesentery detected from medical imaging in Niamey (Niger): a case report
220,Scopus,85102757447,T1 DOI,2021,guo,10.1177/03000605211000511,Journal of International Medical Research,Abdominopelvic ectopic spleen with a comprehensive imaging examination: a case report
199,Scopus,85119211030,T1 DOI,2021,sun,10.12998/wjcc.v9.i29.8812,World Journal of Clinical Cases,Successful treatment of floating splenic volvulus: Two case reports and a literature review
1526,Scopus,85115006549,,2021,lisciandro,10.1002/9781119461005.ch9,Point-of-Care Ultrasound Techniques for the Small Animal Practitioner,POCUS: SPLEEN
206,Scopus,85108815625,T1 DOI,2021,yoshida,10.4103/jmu.jmu_35_20,Journal of Medical Ultrasound,Preoperative diagnosis of a torsioned accessory spleen
1316,Scopus,85214087190,T1 DOI,2024,moraes,10.22456/1679-9216.139193,Acta Scientiae Veterinariae,Primary Splenic Torsion in Lesser Grison (Galictis cuja)
356,Scopus,85016211250,T2 title+author+year,2017,mattioni,,Medicina (Argentina),Wandering spleen: An unusual cause of acute abdomen
252,Scopus,85087430195,T1 DOI,2021,lebeul,10.1016/j.dld.2020.06.025,Digestive and Liver Disease,A wandering SPLEEN
1446,Scopus,85124803741,T1 DOI,2022,wee,10.1136/bcr-2021-247737,BMJ Case Reports,Intrapancreatic accessory spleen with an epidermoid cyst: A malignant mimicry
289,Scopus,85069715242,T1 DOI,2019,nastiti,10.1016/j.ijscr.2019.07.021,International Journal of Surgery Case Reports,Emergency laparoscopic splenectomy for torsion of wandering spleen in a geriatric patient: A case report
1437,Scopus,105004706011,T1 DOI,2025,liao,10.1016/j.fsi.2025.110412,Fish and Shellfish Immunology,PTPN2 modulates antiviral immunity in grouper by promoting TBK1 degradation and suppressing interferon signaling
345,Scopus,85059796765,T2 title+author+year,2017,demirel,,Ugeskrift for laeger,Wandering spleen in a patient hospitalized with acute abdomen
236,Scopus,85096317888,T1 DOI,2020,zheng,10.1186/s12876-020-01533-3,BMC Gastroenterology,Endoscopic full-thickness resection of gastric ectopic splenic nodules
1527,Scopus,85202513564,,2024,locurto,10.5005/jp-journals-10033-1631,World Journal of Laparoscopic Surgery,Wandering Accessory Spleen: Laparoscopic Approach for an Extremely Rare Condition: A Case Report
29,Scopus,105026995678,T1 DOI,2026,caiaffa,10.1002/ijgo.70786,International Journal of Gynecology and Obstetrics,Wandering accessory paracervical spleen undergoing torsion in pregnancy: A challenging diagnosis and management
1528,Scopus,105010767446,,2025,alghasab,10.37616/2212-5043.1438,Journal of the Saudi Heart Association,"Incidence, Associated Abnormalities, and Outcomes of Dextrocardia: A Registry-based Study in Saudi Arabia"
1392,Scopus,85059596312,T2 title+author+year,2018,al-hammad,,Kuwait Medical Journal,Wandering spleen containing mesothelial cyst: A case report and review of literature
108,Scopus,85191016691,T1 DOI,2024,ferrara,10.1016/j.radcr.2024.03.004,Radiology Case Reports,Volvulus of a wandering spleen in a pediatric patient
1529,Scopus,85178613826,,2023,wu,10.3233/thc-220475,Technology and Health Care,The use of fluorescence laparoscopy in the resection of splenic tissue replantation in the right lobe of the liver: A case report and literature review
1530,Scopus,85135091358,,2022,rentiya,10.1016/j.radcr.2022.06.005,Radiology Case Reports,Removal of an atypical ovarian dermoid cyst: a case report
1531,Scopus,105018053725,,2025,rybalchenko,10.15574/ps.2025.2(87).94102,Paediatric Surgery (Ukraine),Additional spleens in children. Literature review and own clinical observations
223,Scopus,85101546539,T1 DOI,2021,alfahad,10.1136/bcr-2020-237912,BMJ Case Reports,Ectopic spleen presenting as a slowly enlarging lung nodule in the right lower lobe following gastric pull up operation
1532,Scopus,105009125593,,2017,elmalik,10.1007/978-3-662-53085-6_25,"Color Atlas of Pediatric Anatomy, Laparoscopy, and Thoracoscopy",Laparoscopic Splenectomy
247,Scopus,85087739834,T1 DOI,2020,martins-bessa,10.1016/j.tcam.2020.100459,Topics in Companion Animal Medicine,Simultaneous Torsion of a Uterine Horn and Spleen in a Pregnant Two-Year-Old Crossbreed Bitch: A Case Report
49,Scopus,105012373843,T1 DOI,2025,zhao,10.3760/cma.j.cn112137-20250227-00466,National Medical Journal of China,Ultrasonic manifestations of splenic torsion in children
366,Scopus,84971260303,T1 DOI,2016,iorio,10.1007/s40477-015-0178-x,Journal of Ultrasound,Locally vascularized pelvic accessory spleen
394,Scopus,84951004949,T1 DOI,2018,urbonas,10.1111/ans.13372,ANZ Journal of Surgery,Torsion of an ectopic spleen: a possible late complication of paraoesophageal hernia repair
7,Scopus,105046734141,T1 DOI,2026,nomiya,10.1007/s12328-026-02415-z,Clinical Journal of Gastroenterology,Mesenteroaxial gastric volvulus associated with a wandering spleen in an older woman treated with anterior gastropexy and splenectomy: a case report
153,Scopus,85144522036,T1 DOI,2023,kuroiwa,10.1016/j.ijscr.2022.107835,International Journal of Surgery Case Reports,Surgical resection for accessory spleen torsion: A case report
224,Scopus,85100873697,T1 DOI,2021,hayati,10.1111/ans.16380,ANZ Journal of Surgery,Re: Rare case of wandering spleen causing intra-thoracic megacolon
229,Scopus,85098939108,T1 DOI,2021,thomas,10.1007/s10140-020-01895-x,Emergency Radiology,The likely association between wandering spleen and absent left kidney
1533,Scopus,85085092484,,2020,ma,10.11855/j.issn.0577-7402.2020.03.16,Medical Journal of Chinese People's Liberation Army,Clinical and pathological characteristics of abdominal ectopic spleen: 13 cases report
27,Scopus,105027135760,T1 DOI,2026,zangari,10.7417/ct.2026.1986,Clinica Terapeutica,Rare causes of acute abdomen in a paediatric surgery department: a 5-years review
1534,Scopus,105034640277,,2026,zhang,10.1016/j.asjsur.2026.02.220,Asian Journal of Surgery,Splenic torsion secondary to a pelvic wandering spleen
327,Scopus,85034641413,T1 DOI,2017,correia,10.1016/j.ijscr.2017.11.011,International Journal of Surgery Case Reports,Partial Splenectomy in the treatment of an adult with β thalassemia intermedia: A case report
235,Scopus,85095126167,T1 DOI,2021,kaur,10.4103/ijri.ijri_46_20,Indian Journal of Radiology and Imaging,Wandering spleen: A rare entity and a diagnostic dilemma
102,Scopus,85194537257,T1 DOI,2024,nhungo,10.1016/j.ijscr.2024.109834,International Journal of Surgery Case Reports,Wandering Spleen in a 47-year-old female treated by non-operative conservative management. Case report and literature review
226,Scopus,85101276791,T1 DOI,2021,midha,10.1136/bcr-2020-238647,BMJ Case Reports,"'Wandering spleen with acute torsion': a rare indication for splenectomy in an adult, complicated by postoperative splanchnic venous thrombosis and intestinal gangrene"
97,Scopus,85198457611,T1 DOI,2024,moldovan,10.21614/chirurgia.2024.v.119.i.3.p.330,Chirurgia (Romania),Ex-situ Open Approach Spleen Preserving Splenic Hilum Lymphadenectomy
212,Scopus,85108657460,T1 DOI,2021,kataria,10.1136/bcr-2021-242441,BMJ Case Reports,"Laparoscopic management of gastric volvulus, diaphragmatic eventration and wandering spleen in a child"
1535,Scopus,85054808059,,2019,taher,10.1016/j.epsc.2018.10.001,Journal of Pediatric Surgery Case Reports,Torsion of wandering spleen in an infant associated with hamartomatous vascular malformation
1315,Scopus,85187558070,T1 DOI,2024,rahimi,10.1016/j.epsc.2024.102793,Journal of Pediatric Surgery Case Reports,Splenic infarction following recurrent torsion of a wandering spleen: A case report
1536,Scopus,85123342281,,2022,chonmaitree,10.35755/jmedassocthai.2022.s01.00033,Journal of the Medical Association of Thailand,Wandering Spleen in Young Adult: A Case Report
353,Scopus,85046869550,T2 title+author+year,2017,barra,,Annali italiani di chirurgia,Bilobate wandering spleen with doble torsion of the vascular pedicle. A case report
305,Scopus,85058918817,T1 DOI,2018,niu,10.1186/s12893-018-0461-9,BMC Surgery,Thoracic splenosis presenting as pulmonary space-occupying lesion
1298,Scopus,84999007074,T1 DOI,2016,ortiz,10.1590/1678-4162-8817,Arquivo Brasileiro de Medicina Veterinaria e Zootecnia,Primary splenic torsion in a dog: Case report
290,Scopus,85075198789,T1 DOI,2019,de'ath,10.1053/j.gastro.2019.07.022,Gastroenterology,Overeating and a Wandering Spleen: What Is the Link?
1537,Scopus,105027678592,,2026,humeau,10.1111/vru.70136,Veterinary Radiology and Ultrasound,Imaging Diagnosis—Peritoneal Splenosis in a Dog: Computed Tomographic Findings
94,Scopus,85201045373,T1 DOI,2024,zayed,10.1093/jscr/rjae499,Journal of Surgical Case Reports,Delayed presentation of splenic laceration in a postpartum patient: a case of wandering spleen
1538,Scopus,85042430478,,2018,kitagawa,10.5833/jjgs.2017.0058,Japanese Journal of Gastroenterological Surgery,A scheduled elective partial splenectomy and splenopexy for wandering spleen with an enlarged cyst
259,Scopus,85085131422,T1 DOI,2020,mocanu,10.1111/ans.15966,ANZ Journal of Surgery,Atypical mesenteroaxial gastric volvulus with wandering spleen as a late complication of vagotomy and pyloromyotomy for peptic duodenal ulcer
89,Scopus,85206061915,T1 DOI,2024,nelson,10.1148/rg.240004,Radiographics,Spectrum of Heterotopic and Ectopic Splenic Conditions
285,Scopus,85070833353,T1 DOI,2019,awan,10.1016/j.ijscr.2019.06.040,International Journal of Surgery Case Reports,Torsion of wandering spleen treated by laparoscopic splenopexy: A case report
1539,Scopus,85087549721,,2020,karvountzis,10.1136/vetreccr-2020-001135,Veterinary Record Case Reports,Splenoptosis in a dairy cow and endoscopic correction of left displacement of abomasum
1386,Scopus,105025008411,T1 DOI,2025,ali,10.14309/01.ajg.0001154072.04397.e7,American Journal of Gastroenterology,S6403 Rectal Mass or Something Else? A Rare Case of Ectopic Spleen in the Rectum and Diagnosed by Endoscopic Ultrasound
125,Scopus,85180010712,T1 DOI,2024,cagliyan,10.1097/rlu.0000000000004949,Clinical Nuclear Medicine,“Wandering Spleen” With Lymphomatous Involvement
1330,Scopus,85168381835,T1 DOI,2023,unterkofler,10.3390/parasitologia3010008,Parasitologia,Case Report of a Fatal Babesia vulpes Infection in a Splenectomised Dog
171,Scopus,85148768876,T1 DOI,2023,ferrer-inaebnit,10.1016/j.ciresp.2022.06.017,Cirugia Espanola,"Laparoscopic approach to accessory wandering spleen, an uncommon association"
255,Scopus,85085156833,T1 DOI,2020,karaisli,10.14744/tjtes.2019.91606,Ulusal Travma ve Acil Cerrahi Dergisi,Torsion of wandering spleen nine years after gastric volvulus: Effect of multiparity?
1540,Scopus,85167693508,,2023,chen,10.3760/cma.j.cn421158-20220128-00060,Chinese Journal of Pediatric Surgery,Accessory spleen torsion in children; a report of 3 cases and literature review
349,Scopus,85017354978,T1 DOI,2018,reisner,10.1067/j.cpradiol.2017.02.007,Current Problems in Diagnostic Radiology,Wandering Spleen: An Overview
150,Scopus,85147200325,T1 DOI,2023,infantino,10.3389/fped.2022.936732,Frontiers in Pediatrics,Case Report: Gut and spleen anomalies associated with DYRK1A syndrome
1497,Scopus,85190319449,T1 DOI,2017,rathore,10.5146/tjpath.2017.01403,Turk patoloji dergisi,Primary Splenic Pregnancy- A Rare but Imperative Cause of Hemoperitoneum - Case Report and Review of Literature
175,Scopus,85134246340,T1 DOI,2022,giannattasio,10.1111/jpc.16124,Journal of Paediatrics and Child Health,Acute Abdomen Due to Torsion of a Wandering Spleen in a Child
256,Scopus,85085066093,T1 DOI,2020,simon,10.3389/fped.2020.00220,Frontiers in Pediatrics,Torsion of an Accessory Spleen in a Child With Biliary Atresia Splenic Malformation Syndrome
1541,Scopus,85199421618,,2024,atamanalp,10.1016/j.ajem.2024.07.016,American Journal of Emergency Medicine,Comments on “Spleno-sigmoid knotting – An unfamiliar cause of intestinal obstruction”
364,Scopus,84978027737,T1 DOI,2017,kutara,10.1111/vru.12395,Veterinary Radiology and Ultrasound,IMAGING DIAGNOSIS—ECTOPIC SPLEEN MIMICKING HEPATIC TUMOR WITH INTRA-ABDOMINAL METASTASES INVESTIGATED VIA TRIPLE-PHASE HELICAL COMPUTED TOMOGRAPHY IN A DOG
1542,Scopus,84969811712,,2016,ahoury,10.1007/s12157-016-0667-3,Journal Africain d'Hepato-Gastroenterologie,Diagnosis of wandering spleen by computed tomography multislice
1345,Scopus,85138759539,T1 DOI,2022,mehrnahad,10.30491/tm.2022.351616.1497,Trauma Monthly,Assessment of Two Cases with Wandering Spleen
73,Scopus,86000724097,T1 DOI,2025,rad,10.1186/s12902-024-01829-5,BMC Endocrine Disorders,Pheochromocytoma in a patient with heterotaxy syndrome: a case report
1543,Scopus,85078515107,,2020,najid,,Malaysian Journal of Medicine and Health Sciences,Wandering spleen as a cause of acute abdomen: A surgical conundrum from acute appendicitis to splenic torsion and ischemic small bowel volvulus
339,Scopus,85026372347,T1 DOI,2018,ayyildiz,10.1016/j.ciresp.2017.05.011,Cirugia Espanola,Wandering spleen
75,Scopus,86000279175,T1 DOI,2025,li,10.11152/mu-4484,Medical Ultrasonography,Torsion with necrosis of a wandering spleen in a child
1544,Scopus,85089146186,,2020,liang,10.1016/j.tria.2020.100082,Translational Research in Anatomy,Torsion of abdominal and pelvic organs: A review
280,Scopus,85072924384,T1 DOI,2019,sammartano,10.23750/abm.v90i3.7767,Acta Biomedica,Validation of in vitro labeling method for human use of heat-damage red blood cells to detect splenic tissue and hemocateretic function
1545,Scopus,85192246437,,2023,butt,10.1016/j.gpeds.2023.100090,Global Pediatrics,Surgical crossroads: Unravelling mesenteroaxial volvulus and diaphragmatic eventration
269,Scopus,85077916947,T1 DOI,2020,zhao,10.1016/j.prp.2020.152818,Pathology Research and Practice,Incidental finding of abdominal splenosis with mononucleated cell infiltration leading to a diagnosis of acute myeloid leukemia
288,Scopus,85070972562,T1 DOI,2019,matsuyama,10.12659/ajcr.916845,American Journal of Case Reports,A case of small intestinal ileus due to wandering spleen with a large cyst
6,Scopus,105046733221,T1 DOI,2026,mammadova,10.1111/jog.70458,Journal of Obstetrics and Gynaecology Research,Pelvic Wandering Spleen Mimicking an Ovarian Germ Cell Tumor
324,Scopus,85063189102,T1 DOI,2019,alqadi,10.4103/jmas.jmas_14_18,Journal of Minimal Access Surgery,Is laparoscopic approach for wandering spleen in children an option?
1546,Scopus,85195196242,,2025,oyebola,10.1111/bju.16435,BJU International,"Case of the Month from Northampton General Hospital, Northampton, UK: renal accessory spleen"
168,Scopus,85147536561,T1 DOI,2023,liao,10.1016/j.asjsur.2022.08.031,Asian Journal of Surgery,A new surgical approach for a child with acute torsion of the wandering spleen: A case report
340,Scopus,85026410691,T1 DOI,2017,termos,10.1016/j.ijscr.2017.07.037,International Journal of Surgery Case Reports,Torsion of huge wandering accessory spleen. Case report and review of literature
1547,Scopus,85169332575,,2023,vengjer,10.48193/revistamexicanadeurologa.v83i3.943,Revista Mexicana de Urologia,Ectopic spleen in testicular parenchyma: case report
1303,Scopus,85190464192,T1 DOI,2024,hummel,10.1002/vrc2.866,Veterinary Record Case Reports,Ultrasonographic findings of a rare case of splenic rupture and torsion in a dog
380,Scopus,84961741459,T1 DOI,2016,unal,10.1007/s13244-016-0467-8,Insights into Imaging,Imaging findings of splenic emergencies: a pictorial review
1548,Scopus,105005760906,,2025,qin,10.13444/j.cnki.zgzyykzz.2025.01.014,China Jounal Of Chinese Ophthalmology,Analysis of Combining Nazhi Method with Conventional Acupoint Puncture in Treating Ptosis Due to Spleen Qi Deficiency
1549,Scopus,85104950062,,2021,lobaton,10.1093/jscr/rjaa604,Journal of Surgical Case Reports,Unusual case of delayed congenital diaphragmatic hernia in Loeys-Dietz syndrome: A case report
1452,Scopus,85083361488,T1 DOI,2020,marshak-rothstein,10.1089/vim.2019.0191,Viral Immunology,Interplay of cyclic GMP-AMP synthase/stimulator of IFN genes and toll-like receptor nucleic acid sensing pathways in autoinflammation and abnormal bone formation due to DNaseII-deficiency
1443,Scopus,85188945325,T1 DOI,2024,straksyte,10.3390/medicina60030470,Medicina (Lithuania),Minimally Invasive Management and Diagnosis of Ectopic Splenic Pregnancy
154,Scopus,85144858068,T1 DOI,2022,cheang,10.3390/diagnostics12122920,Diagnostics,Splenic Torsion in Heterotaxy Syndrome with Left Isomerism: A Case Report and Literature Review
221,Scopus,85102622909,T1 DOI,2021,kumarasamy,10.1111/ans.16733,ANZ Journal of Surgery,Surgical abdominal emergency due to torsion of wandering spleen
375,Scopus,84960155047,T1 DOI,2016,degroot,10.2460/javma.248.6.661,Journal of the American Veterinary Medical Association,Primary splenic torsion in dogs: 102 cases (1992–2014)
1442,Scopus,85186085963,T1 DOI,2024,wang,10.1016/j.jhep.2024.01.005,Journal of Hepatology,Molecular force-induced liberation of transforming growth factor-beta remodels the spleen for ectopic liver regeneration
124,Scopus,85174469014,T1 DOI,2024,lajusticia,10.1016/j.anpedi.2023.08.010,Anales de Pediatria,Splenic torsion as a cause of acute abdomen
295,Scopus,85063930854,T1 DOI,2019,zugail,10.4103/ua.ua_47_18,Urology Annals,Splenorenal fusion mimicking renal cancer: One case report and literature review
1550,Scopus,105008481187,,2025,kaba,10.1016/j.annemergmed.2025.01.020,Annals of Emergency Medicine,Acute-Onset Left Upper Quadrant Pain in a Young Woman
194,Scopus,85122450870,T1 DOI,2022,wong,10.1016/j.crad.2021.12.014,Clinical Radiology,Multimodality imaging of developmental splenic anomalies: tips and pitfalls
41,Scopus,105014590885,T1 DOI,2025,liu,10.1155/carm/4875687,Case Reports in Medicine,A Case of Ectopic Spleen Transplanted Into the Sigmoid Colon and Pelvic Peritoneum
1551,Scopus,85214421830,,2024,david,,Chirurgische Praxis,Which female abdominal organs can torque? Results from the literature
162,Scopus,85139175776,T1 DOI,2022,cartesegna,10.12659/ajcr.936964,American Journal of Case Reports,Laparoscopic Splenectomy of a Wandering Pelvic Splenomegaly in a Young Woman Treated in Childhood with Surgery for Diaphragmatic Hernia and Adhesiolysis for Intestinal Obstruction
182,Scopus,85129807338,T1 DOI,2022,petroianu,10.1590/1677-5449.20210178,Jornal Vascular Brasileiro,The left gastro-omental vessels are able to maintain the entspleen blood supply
181,Scopus,85129973806,T1 DOI,2022,stephenson,10.1016/j.radcr.2022.04.030,Radiology Case Reports,Preoperative angioembolisation of a mediastinal accessory ectopic spleen: A case report and review of the literature
131,Scopus,85169929612,T1 DOI,2023,khan,10.1016/j.radcr.2023.08.069,Radiology Case Reports,Wandering spleen with acute torsion mimicking an adnexal mass
1552,Scopus,85012096229,,2016,liao,10.13929/j.1672-8475.2016.09.016,Chinese Journal of Interventional Imaging and Therapy,Transvaginal sonography misdiagnosed ectopic spleen: Case report
1553,Scopus,85165389590,,2023,oliveira,10.1002/9781119533221.ch24,Atlas of Small Animal Diagnostic Imaging,Spleen
1363,Scopus,85099627795,T1 DOI,2021,mustafa,10.1016/j.epsc.2021.101785,Journal of Pediatric Surgery Case Reports,Torsion of an accessory spleen
1554,Scopus,85045054368,,2018,souche,10.1007/s00464-018-6080-9,Surgical Endoscopy,Robotic versus laparoscopic distal pancreatectomy: a French prospective single-center experience and cost-effectiveness analysis
1431,Scopus,105046992713,T1 DOI,2026,augustin,10.3390/jcm15156082,Journal of Clinical Medicine,Primary Splenic Pregnancy: A Systematic Review of Published Case Reports
196,Scopus,85134348077,T1 DOI,2022,imawari,10.2169/internalmedicine.8391-21,Internal Medicine,Splenectomy for Torsion of a Wandering Spleen in a Patient with Myeloproliferative Disease
111,Scopus,85188945569,T1 DOI,2024,yun,10.1002/vms3.1431,Veterinary Medicine and Science,Atypically located accessory splenic hemangiosarcoma in a Dog: Diagnostic value of triple-phase computed tomography
258,Scopus,85086894254,T1 DOI,2020,ge,10.12998/wjcc.v8.i9.1729,World Journal of Clinical Cases,Endoscopic ultrasonography elastography in the diagnosis of intrapancreatic ectopic spleen: A case report
152,Scopus,85145685220,T1 DOI,2023,salvador,10.1016/j.ijscr.2022.107863,International Journal of Surgery Case Reports,Wandering spleen: An unsuspected presentation at a general hospital in Uganda
1555,Scopus,105044366909,,2026,bilhalva,10.1111/vru.70222,Veterinary Radiology and Ultrasound,Ectopic Splenic Tissue Mimicking Malignant Neoplasia in a Dog
1556,Scopus,85063303806,,2019,di,10.1007/s40477-018-0341-2,Journal of Ultrasound,Ultrasonography of the pediatric spleen: a pictorial essay
390,Scopus,84959145203,T1 DOI,2016,kaseta,10.1016/j.trim.2015.11.003,Transplant Immunology,Quantitative evaluation of the transplanted lin- hematopoietic cell migration kinetics
1397,Scopus,85204080322,T1 DOI,2024,sommer,10.1016/j.epsc.2024.102877,Journal of Pediatric Surgery Case Reports,Recurrent splenic volvulus after splenopexy in an 11-year-old child: A case report
331,Scopus,85042148586,T1 DOI,2018,hallisey,10.1016/j.annemergmed.2017.09.030,Annals of Emergency Medicine,Man With Abdominal Pain
1557,Scopus,85148723931,,2023,ghandeali,10.22038/ijogi.2023.21638,"Iranian Journal of Obstetrics, Gynecology and Infertility",Hematometra and Endometrioma accompanying with cervical agenesis and unicornuate uterus
1558,Scopus,85188903665,,2020,kebede,,Ethiopian Medical Journal,WANDERING SPLEEN WITH TORSION: A RARE CAUSE ACUTE ABDOMEN IN CHILDREN
1559,Scopus,105010915639,,2025,aoun,10.4103/jmas.jmas_202_24,Journal of Minimal Access Surgery,Minimally invasive surgery for giant splenic cysts
96,Scopus,85199963660,T1 DOI,2025,abellan,10.1016/j.ciresp.2024.05.020,Cirugia Espanola,Wandering spleen as a cause of acute abdomen
68,Scopus,105003589990,T1 DOI,2025,elnour,10.1016/j.ijscr.2025.111391,International Journal of Surgery Case Reports,A painful twist: Wandering spleen with torsion and infarction: A case report
100,Scopus,85195086988,T1 DOI,2024,poirier,10.1016/j.jviscsurg.2024.05.005,Journal of Visceral Surgery,Wandering spleen: Diagnosis and treatment
1560,Scopus,85162673356,,2022,tivers,10.1002/9781118487181.ch8,"Small Animal Surgical Emergencies, Second Edition",Gastric Dilatation and Volvulus
286,Scopus,85073705357,T1 DOI,2019,taylor,10.1016/j.radcr.2019.06.018,Radiology Case Reports,Wandering spleen with splenic torsion in a child with DiGeorge syndrome
1561,Scopus,85026858039,,2017,eamer,10.1016/j.epsc.2017.08.002,Journal of Pediatric Surgery Case Reports,Splenic and pancreatic torsion after giant omphalocele repair
5,Scopus,105047160799,T1 DOI,2026,aydogmus,10.14744/tjtes.2025.11568,Ulusal Travma ve Acil Cerrahi Dergisi,Retroperitoneal ectopic spleen identified during emergency laparotomy
1562,Scopus,85207933395,,2024,andrea,10.31688/abmu.2024.59.3.06,Archives of the Balkan Medical Union,AN INCOMPLETE TORSION OF THE WANDERING ENLARGED SPLEEN: A CASE REPORT
283,Scopus,85072302882,T1 DOI,2019,sahoo,10.5152/tjg.2019.18657,Turkish Journal of Gastroenterology,What is a disappearing intra-abdominal mass?
1346,Scopus,85099134896,T1 DOI,2020,han,10.31083/j.ceog.2020.06.5498,Clinical and Experimental Obstetrics and Gynecology,Wandering spleen in a postpartum female: A case report
311,Scopus,85054890541,T2 title+author+year,2018,vaynshtein,,Israel Medical Association Journal,Wandering spleen: Three subsequent cases in young women
78,Scopus,85216858478,T1 DOI,2025,chen,10.1016/j.pedneo.2024.12.002,Pediatrics and Neonatology,A case of mesenteroaxial gastric volvulus with wandering spleen in a 2-year-old boy
243,Scopus,85091683604,T1 DOI,2020,specchi,10.1111/vru.12914,Veterinary Radiology and Ultrasound,CT angiography identifies collaterals in dogs with splenic vein obstruction and presumed regional splenic vein hypertension
1563,Scopus,85197056397,,2023,peng,10.1007/978-981-99-2750-0_35,Natural Orifice Specimen Extraction Surgery,Laparoscopic Splenectomy with Transvaginal Specimen Extraction
103,Scopus,85194219944,T1 DOI,2024,shibiru,10.1186/s13256-024-04580-6,Journal of Medical Case Reports,Wandering spleen presenting in the form of right sided pelvic mass and pain in a patient with AD-PCKD: a case report and review of the literature
166,Scopus,85137135514,T1 DOI,2022,senturk,10.14744/tjtes.2021.34288,Ulusal Travma ve Acil Cerrahi Dergisi,"Wandering spleen, which is torsioned with the distal pancreas"
1457,Scopus,85013025538,T1 DOI,2017,tendler,10.1002/jcu.22448,Journal of Clinical Ultrasound,Symptomatic pelvic accessory spleen in a female adolescent: Case report
1564,Scopus,85026852509,,2017,back,10.1007/s00247-017-3869-y,Pediatric Radiology,"Ultrasound of congenital and inherited disorders of the pediatric hepatobiliary system, pancreas and spleen"
1565,Scopus,105023901113,,2020,bravo-tsri,10.1016/j.jidi.2020.05.013,Journal d'imagerie Diagnostique et Interventionnelle,Infarction of the spleen and tail of the pancreas on wandering spleen
1566,Scopus,105026584464,,2025,kherajani,10.14309/01.ajg.0001153768.82486.8f,American Journal of Gastroenterology,S6327 Ectopic Splenic Tissue Masquerading as Gastric Tumor
205,Scopus,85111824953,T1 DOI,2021,petroianu,10.1016/j.ijscr.2021.106273,International Journal of Surgery Case Reports,Wandering splenomegaly reduction after splenopexy
284,Scopus,85071896806,T1 DOI,2019,manoharan,10.1136/bcr-2019-229948,BMJ Case Reports,Unusual pseudocyst in a wandering spleen
314,Scopus,85051795552,T1 DOI,2018,kariya,10.1136/bcr-2018-224917,BMJ Case Reports,Wandering spleen caused by subcapsular haemorrhage
1296,Scopus,105008819713,T1 DOI,2025,amine,10.1016/j.epsc.2025.103046,Journal of Pediatric Surgery Case Reports,Wandering spleen and intestinal malrotation in a 14-year-old female: a case report
151,Scopus,85164232084,T1 DOI,2023,moore,10.1308/rcsann.2022.0149,Annals of the Royal College of Surgeons of England,Gastric outlet obstruction secondary to a wandering spleen: systematic review and surgical management of a case
241,Scopus,85090688666,T1 DOI,2020,gulati,10.3941/jrcr.v14i7.3752,Journal of Radiology Case Reports,Torsion of wandering spleen and its adherence to the right ovary-an unusual cause of recurrent pain abdomen
239,Scopus,85096225730,T1 DOI,2020,el-helou,10.1016/j.ijscr.2020.11.001,International Journal of Surgery Case Reports,"Splenoptosis in young female, case report"
172,Scopus,85134501939,T1 DOI,2022,lugo-fagundo,10.1016/j.radcr.2022.06.073,Radiology Case Reports,Wandering spleen with torsion and infarction: A case report
105,Scopus,85201726729,T1 DOI,2024,beeston,10.2460/javma.24.03.0148,Journal of the American Veterinary Medical Association,Spherocytosis as an indicator of fragmentation injury in dogs with splenic torsion
1567,Scopus,85130123422,,2022,kryvchenia,10.15574/ps.2022.74.20,Paediatric Surgery (Ukraine),The main risk factors for reoperations in children with congenital diaphragmatic hernias
1568,Scopus,85130122573,,2020,kryvchenia,10.15574/ps.2020.67.22,Paediatric Surgery (Ukraine),Hypermobile spleen in congenital diaphragmatic hernia. Prevention and correction of complications
95,Scopus,85200257188,T1 DOI,2024,suliman,10.1016/j.ijscr.2024.110092,International Journal of Surgery Case Reports,Hidden for years: Torsion and infarction in the wandering spleen of a 45-year-old woman
198,Scopus,85119114776,T1 DOI,2021,saldivar-martinez,10.24875/ciru.20000813,Cirugia y Cirujanos (English Edition),Infarcted wandering spleen and pancreatic volvulus in a patient with concomitant Grynfelt-Lesshaft haernia
245,Scopus,85111752314,T1 DOI,2022,safaya,10.1177/0003134820945288,American Surgeon,Wandering Spleen With Splenic Torsion and Pancreatitis: Spleen Preserving Management
253,Scopus,85086841065,T1 DOI,2020,abaszadeh,10.2147/ijgm.s248259,International Journal of General Medicine,Torsion of wandering spleen attached to the omentum: A rare case report from Iran
161,Scopus,85139327989,T1 DOI,2022,korbi,10.1016/j.ijscr.2022.107719,International Journal of Surgery Case Reports,Splenectomy for wandering splenomegaly in a patient with idiopathic thrombocytopenic purpura: A case report of a rare association
1569,Scopus,84971516720,,2016,jia,10.15605/jafes.031.01.08,Journal of the ASEAN Federation of Endocrine Societies,Torsion of the wandering spleen and pancreatic tail precipitating diabetic ketoacidosis in a patient with prader willi syndrome: A case report
1376,Scopus,85145701090,T1 DOI,2023,dillberger,10.1002/vrc2.564,Veterinary Record Case Reports,"Wandering, twisted spleen in a deerhound"
1570,Scopus,85127731322,,2022,choi,10.14366/usg.21189,Ultrasonography,Ultrasonographic atlas of splenic lesions
69,Scopus,105001037238,T1 DOI,2025,tang,10.1016/j.acepjo.2025.100105,JACEP Open,An Unusual Cause of Pediatric Anemia and Jaundice
186,Scopus,85127651443,T1 DOI,2022,nakagawa,10.1007/s00383-022-05125-y,Pediatric Surgery International,Patients with gastric volvulus recurrence have high incidence of wandering spleen requiring laparoscopic gastropexy and splenopexy
106,Scopus,85192177947,T1 DOI,2024,chekol,10.1016/j.ijscr.2024.109721,International Journal of Surgery Case Reports,Torsion of a wandering spleen in a pregnant patient presented with acute abdomen: A case report
237,Scopus,85111789830,T1 DOI,2021,umeda,10.1111/ases.12894,Asian Journal of Endoscopic Surgery,Laparoscopic retroperitoneal splenopexy for wandering spleen: A novel technique using a three-incision retroperitoneal pouch
319,Scopus,85068860522,T1 DOI,2019,barabino,10.23736/s0026-4733.18.07841-0,Minerva Chirurgica,“Wandering spleen” as a rare cause of recurrent abdominal pain: A systematic review
70,Scopus,105002136644,T1 DOI,2025,feleke,10.1093/jscr/rjaf182,Journal of Surgical Case Reports,Ectopic splenic torsion—a challenging diagnosis in a resource-limited setting mimicking a gynecologic emergency: a case report
1307,Scopus,85138757763,T1 DOI,2022,guzman,10.1016/j.epsc.2022.102452,Journal of Pediatric Surgery Case Reports,Symptomatic splenogonadal fusion with splenic torsion in an adolescent female
132,Scopus,85171268752,T1 DOI,2023,wu,10.1016/j.jemermed.2023.06.003,Journal of Emergency Medicine,IMAGING MANIFESTATIONS OF WANDERING SPLEEN WITH TORSION
294,Scopus,85065917834,T1 DOI,2019,molina,10.1136/bcr-2018-228425,BMJ Case Reports,Splenic infarction from vascular torsion in a child with normal splenic anatomy
219,Scopus,85103608922,T1 DOI,2021,nel,10.17159/2078-5151/2021/v59n1a3531,South African Journal of Surgery,Laparoscopic splenopexy for wandering spleen with absorbable mesh fixation
1375,Scopus,105006757181,T1 DOI,2025,inggriani,10.1186/s43055-025-01488-z,Egyptian Journal of Radiology and Nuclear Medicine,Beyond the usual: three unique cases of wandering spleen in Indonesia
30,Scopus,105026277524,T1 DOI,2026,waldron,10.1007/s00261-025-05346-4,Abdominal Radiology,Twisting in the abdomen and pelvis: a review of organ torsions
84,Scopus,85211688510,T1 DOI,2024,calatayud,10.1136/bcr-2024-263013,BMJ Case Reports,Splenic torsion in a patient with paraplegia: Considerations for evaluation and management
126,Scopus,85175254945,T1 DOI,2023,basu,10.2147/ceg.s428679,Clinical and Experimental Gastroenterology,Wandering Spleen and Acute Gastric Volvulus in an Elderly Woman with Acute Abdomen: A Case Report
80,Scopus,85217485585,T1 DOI,2025,gashaw,10.1186/s13256-024-05003-2,Journal of Medical Case Reports,Splenic infarction following torsion of wandering spleen involving pancreatic tail successfully managed in resource limited setting: a case report
1295,Scopus,85086592308,T1 DOI,2021,freesmeyer,10.1007/s00259-020-04899-4,European Journal of Nuclear Medicine and Molecular Imaging,PET/CT with [68Ga]gallium-oxine-labeled heat-denatured red blood cells for detection of dystopic splenic tissue
1571,Scopus,85058325614,,2018,prajapati,10.1136/bcr-2018-227288,BMJ Case Reports,Acute subretinal abscess in Staphylococcus aureus septicaemia with endophthalmitis showcased by multimodal retinal imaging and with 2-year follow-up
1277,Scopus,105007996668,T1 DOI,2025,souza,10.21897/rmvz.3685,Revista MVZ Cordoba,Partial splenic torsion with spontaneous resolution in a dog
120,Scopus,85200536452,T1 DOI,2025,merchant,10.4103/jmas.jmas_212_23,Journal of Minimal Access Surgery,Totally laparoscopic partial splenectomy and gastropexy for a splenic cyst in a wandering spleen
1455,Scopus,85051016882,T1 DOI,2018,bedhiafi,10.1139/apnm-2017-0743,"Applied Physiology, Nutrition and Metabolism",Supplementation of grape seed and skin extract to orlistat therapy prevents high-fat diet-induced murine spleen lipotoxicity
1572,Scopus,85015754052,,2017,lin,10.1016/j.visj.2017.01.024,Visual Journal of Emergency Medicine,Wandering spleen with torsion of vascular pedicle
218,Scopus,85104022590,T1 DOI,2021,rooney,10.1111/jsap.13341,Journal of Small Animal Practice,Diagnosis and surgical treatment of a primary splenic torsion in a domestic ferret (Mustela putorius furo)
1273,Scopus,85116877287,T1 DOI,2021,kennedy,10.1016/j.epsc.2021.102070,Journal of Pediatric Surgery Case Reports,Splenic torsion in the setting of polysplenia syndrome
240,Scopus,85094582713,T1 DOI,2020,dangen,10.1016/j.ijscr.2020.10.049,International Journal of Surgery Case Reports,Treatment of a congenital diaphragmatic hernia with associated wandering spleen: Case report of a 17-year-old girl
137,Scopus,85176138266,T1 DOI,2024,chen,10.1016/j.gie.2023.07.005,Gastrointestinal Endoscopy,Isolated gastric varices resulting from a wandering spleen
249,Scopus,85089003811,T1 DOI,2020,pouchot,10.1016/s0140-6736(20)31552-x,The Lancet,"A wandering spleen, splenomegaly, hypersplenism, and iron deficiency anaemia"
1573,Scopus,85065101855,,2018,,10.13929/j.1003-3289.201803054,Chinese Journal of Medical Imaging Technology,Splenic torsion: Case report
215,Scopus,85105376839,T1 DOI,2021,labiad,10.1007/s11605-021-05013-1,Journal of Gastrointestinal Surgery,Splenic Volvulus and 2q37 Deletion Syndrome
1574,Scopus,105040514467,,2026,zheng,10.1016/j.asjsur.2026.04.197,Asian Journal of Surgery,Gastric ectopic accessory spleen: Report of a rare case with a CT enhancement pattern as diagnostic key for small submucosal lesions
1575,Scopus,85205364443,,2025,lee,10.1177/10668969241283484,International Journal of Surgical Pathology,"Symptomatic, Massive Right-Sided Splenic Heterotopia Masquerading as a Renal Cell Carcinoma With Metastasis"
1576,Scopus,85074713422,,2019,hung,10.4103/fjs.fjs_1_19,Formosan Journal of Surgery,Acute gastric volvulus in children: A systematic review
53,Scopus,105011726806,T1 DOI,2025,arkuszewski,10.3390/jcm14145107,Journal of Clinical Medicine,Splenic Torsion Following Blunt Abdominal Trauma
177,Scopus,85132836947,T1 DOI,2022,sergi,10.3389/fsurg.2022.888332,Frontiers in Surgery,Case Report: Splenic Ischemia Induced by Volvulus of Ileum
1344,Scopus,85196043112,T1 DOI,2024,annesi,10.1016/j.epsc.2024.102840,Journal of Pediatric Surgery Case Reports,Wandering spleen resulting in gastric volvulus in a child with vanishing gastroschisis: A case report
202,Scopus,85120382980,T1 DOI,2021,yuki,10.1002/ccr3.4891,Clinical Case Reports,Subclinical wandering spleen in a cat with gastrointestinal lymphoma
365,Scopus,84977473040,T1 DOI,2017,serrano-vicente,10.1016/j.remn.2016.05.003,Revista Espanola de Medicina Nuclear e Imagen Molecular,Pancreatic accessory spleen. False positive with 99mTc-Octreotide
13,Scopus,105037086850,T1 DOI,2026,rybicki,10.3390/jcm15082842,Journal of Clinical Medicine,Rare and Unusual Consequences of Blunt Abdominal Trauma—The Significance of Anatomical Anomalies
91,Scopus,85205527544,T2 title+author+year,2024,vaitkus,,The Canadian veterinary journal = La revue veterinaire canadienne,Emphysematous splenic torsion in a German shepherd dog
316,Scopus,85048681549,T1 DOI,2018,bayramoglu,10.4103/jmu.jmu_25_18,Journal of Medical Ultrasound,Partial splenic torsion in situ: Revealed by ultrasound and computed tomography
211,Scopus,85126763681,T1 DOI,2021,alghamdi,10.1093/jscr/rjab277,Journal of Surgical Case Reports,Infarcted wandering spleen: A case report from Saudi Arabia
118,Scopus,85184035425,T1 DOI,2024,belayneh,10.1016/j.ijscr.2024.109338,International Journal of Surgery Case Reports,Gastric volvulus and splenopancreatic torsion with wandering spleen: A case report
335,Scopus,85037714474,T1 DOI,2017,danse,10.1136/bcr-2017-222214,BMJ Case Reports,Volvulus of a wandering pelvic spleen: CT diagnosis with 3D reformatted illustration
14,Scopus,105037047537,T1 DOI,2026,moller,10.3390/diagnostics16081169,Diagnostics,Splenoses and Other Ectopic and Heterotopic Splenic Tissue: The Use of Long-Lasting Enhancement in Contrast-Enhanced Ultrasound to Avoid Unnecessary Intervention
273,Scopus,85076272226,T1 DOI,2019,camarillo,10.1136/bcr-2019-232494,BMJ Case Reports,Wandering spleen: A rare complication of sleeve gastrectomy
1577,Scopus,85179977579,,2023,,10.13929/j.issn.1003-3289.2023.11.028,Chinese Journal of Medical Imaging Technology,Simple torsion of splenic pedicle: Case report
157,Scopus,85142130988,T1 DOI,2022,jiang,10.1186/s12894-022-01138-w,BMC Urology,Pelvic mass causing hematospermia: splenosis
1372,Scopus,85215408693,T1 DOI,2025,andargie,10.1016/j.epsc.2025.102966,Journal of Pediatric Surgery Case Reports,Torsion of accessory spleen mimicking acute appendicitis in a 4-year-old female: A case report
1578,Scopus,85126519020,,2022,yeh,10.1016/j.pedneo.2021.11.007,Pediatrics and Neonatology,Gastric volvulus presented with an upside-down stomach
277,Scopus,85074139586,T1 DOI,2020,rey,10.1016/j.ciresp.2019.09.009,Cirugia Espanola,Torsion of a wandering spleen
1579,Scopus,105027535965,,2026,artemova,10.1096/fba.2025-00254,FASEB BioAdvances,The Impact of Heterotopic Spleen Regeneration on Tumor Growth
1393,Scopus,85083041785,T1 DOI,2020,luong,10.1097/rlu.0000000000002997,Clinical Nuclear Medicine,Ga-Prostate-Specific Membrane Antigen Uptake in a Pancreatic Neuroendocrine Tumor
51,Scopus,105047770800,T1 DOI,2025,sanabria,10.1093/bjrcr/uaaf035,BJR Case Reports,Accessory spleen torsion: a hidden etiology of acute abdominal emergency
315,Scopus,85050929669,T1 DOI,2019,rodriguez,10.1016/j.rx.2018.07.002,Radiologia,Diagnostic imaging of abnormalities in the number and location of the spleen
1580,Scopus,105050553079,,2026,sau,10.1201/b23323-51,Advanced Pediatric Surgery: Passing the specialist surgical exams,Surgical Disorders of the Spleen
214,Scopus,85107029884,T1 DOI,2021,alberto,10.1016/j.ijscr.2021.105992,International Journal of Surgery Case Reports,Cecal splenosis mimicking gastrointestinal stroma tumor. Case report and review of the literature
1581,Scopus,85171467045,,2023,tonglei,10.3760/cma.j.cn101785-202203071-016,Journal of Clinical Pediatric Surgery,Giant accessory splenic torsion in children: One case report
116,Scopus,85188214378,T1 DOI,2024,gebretsion,10.1016/j.ajem.2024.02.027,American Journal of Emergency Medicine,Spleno-Sigmoid Knotting - An Unfamiliar Cause of Intestinal Obstruction
270,Scopus,85078610913,T1 DOI,2019,frybova,10.33699/pis.2019.98.12.509-512,Rozhledy v chirurgii : mesicnik Ceskoslovenske chirurgicke spolecnosti,Extraperitoneal pocket splenopexy is a suitable solution for wandering spleen in children and adolescents - case report
1436,Scopus,105018268905,T1 DOI,2025,edmonds,10.2108/zs240114,Zoological Science,Regulation of Reproduction and Swimming Ability in the Male Marsh Rice Rat (Oryzomys palustris)
262,Scopus,85081967072,T1 DOI,2020,goksu,10.1016/j.jemermed.2020.01.012,Journal of Emergency Medicine,Torsion of Wandering Spleen: A Case Report
87,Scopus,85208814744,T1 DOI,2024,shale,10.1016/j.ijscr.2024.110517,International Journal of Surgery Case Reports,A rare case of wandering spleen with splenomegaly in a postpartum female patient: A case report and literature review
1582,Scopus,105046581728,,2026,zhou,10.3389/fonc.2026.1871126,Frontiers in Oncology,Giant solid pseudopapillary neoplasm of the pancreas in an adolescent girl: a case report with narrative review
1583,Scopus,85200925479,,2024,hany,10.1007/s11695-024-07433-9,Obesity Surgery,The Role of Preoperative Abdominal Ultrasound in the Preparation of Patients Undergoing Primary Metabolic and Bariatric Surgery: A Machine Learning Algorithm on 4418 Patients’ Records
1584,Scopus,85123475519,,2022,smoot,10.1007/s00261-021-03402-3,Abdominal Radiology,"Abdominal and pelvic splenosis: atypical findings, pitfalls, and mimics"
1585,Scopus,85008395111,,2017,walsh,10.1038/ejhg.2016.156,European Journal of Human Genetics,Update on a previously reported male with a FLNA missense mutation
1586,Scopus,85070199533,,2019,bond,10.1016/j.epsc.2019.101267,Journal of Pediatric Surgery Case Reports,Acute presentation of pediatric splenic torsion
233,Scopus,85097756800,T1 DOI,2021,giraud,10.1016/j.revmed.2020.11.010,Revue de Medecine Interne,A case report of wandering spleen
1421,Scopus,85096128120,T1 DOI,2020,milosavljevic,10.2298/sarh200223052m,Srpski Arhiv za Celokupno Lekarstvo,"Accessory spleen diagnostically hidden, laparoscopically removed – case report and review of the literature"
130,Scopus,85172886113,T1 DOI,2023,subunca,10.1016/j.ijscr.2023.108898,International Journal of Surgery Case Reports,"Splenic torsion, a challenging diagnosis in an adult presenting with acute abdomen"
179,Scopus,85193506475,T1 DOI,2023,miyamura,10.1017/s1047951122001755,Cardiology in the Young,Torsion of wandering spleen after Fontan operation in a patient with situs inversus: a rare complication
1587,Scopus,105025040057,,2025,harb,10.14309/01.ajg.0001154064.23458.50,American Journal of Gastroenterology,S6401 Radioembolization Gone Rogue: 90Y Microspheres Causing Rapid Gastric Ulceration Requiring Gastrectomy and Gastrojejunostomy
257,Scopus,85084972865,T1 DOI,2020,parada,10.1007/s10140-020-01786-1,Emergency Radiology,Torsion of wandering spleen: radiological findings
39,Scopus,105017579773,T1 DOI,2025,alaraby,10.1093/jscr/rjaf771,Journal of Surgical Case Reports,Splenic torsion in polysplenia syndrome: A rare cause of acute abdomen in a paediatric patient
129,Scopus,85173933827,T1 DOI,2023,petrucciani,10.1016/j.ijscr.2023.108961,International Journal of Surgery Case Reports,Wandering spleen causing small bowel obstruction: Laparoscopic surgical treatment (with video)
1588,Scopus,85133675207,,2022,tana,10.3760/cma.j.cn113884-20220111-00017,Chinese Journal of Hepatobiliary Surgery,Two cases of ectopic spleen with different causes
56,Scopus,105009621823,T1 DOI,2025,hernandez,10.3389/fvets.2025.1596698,Frontiers in Veterinary Science,Case Report: Acute primary splenic torsion in a maned wolf (Chrysocyon brachyurus)
18,Scopus,105050229923,T1 DOI,2026,rumhumha,10.4102/sajr.v30i1.3366,South African Journal of Radiology,"Splenic pathologies: A pictorial review of common, wandering, twisting and rare presentations"
203,Scopus,85115739771,T1 DOI,2021,rudenko,10.17116/hirurgia2021091100,Pirogov Russian Journal of Surgery,Post-traumatic thoracic splenosis
1589,Scopus,85097069201,,2019,maestre,10.4067/s2452-45492019000300257,Revista de Cirugia,Giant wandering spleen with torsion of the pedicle and splenic infarction: A case report
342,Scopus,85025480934,T1 DOI,2017,morgan,10.1007/s00464-017-5630-x,Surgical Endoscopy,"Laparoscopic splenopexy for wandering spleen, a video demonstration of technique by encircling the spleen with polyglactin 910 woven mesh"
1590,Scopus,85058656654,,2019,marwah,10.1016/j.epsc.2018.12.009,Journal of Pediatric Surgery Case Reports,Accessory spleen within the scrotum
1591,Scopus,85014106262,,2017,rbihat,,Rawal Medical Journal,Torsion of enlarged spleen in a pregnant lady: Case report with review of literature
1592,Scopus,85184938694,,2024,liu,10.1002/emp2.13124,JACEP Open,Unusual gastric distention in a 1-year-old infant
1593,Scopus,85028986347,,2017,buracco,10.1002/9781119421344.ch56,Complications in Small Animal Surgery,Splenectomy
234,Scopus,85097538520,T1 DOI,2021,battiato,10.1111/vru.12941,Veterinary Radiology and Ultrasound,Spontaneous emphysematous splenitis: Radiographic and ultrasonographic findings in three Golden Retriever dogs
1594,Scopus,105026472466,,2025,cantika,10.32771/inajog.v13i4.2241,Indonesian Journal of Obstetrics and Gynecology,Incidental Finding of Wandering Spleen
313,Scopus,85065490738,T2 title+author+year,2018,pasten,,Cirugia pediatrica : organo oficial de la Sociedad Espanola de Cirugia Pediatrica,Endoscopic management of gastric volvulus in a 8-years old girl
216,Scopus,85104850157,T1 DOI,2021,gordon,10.1136/bcr-2020-239520,BMJ Case Reports,Challenge of diagnosing splenic torsion in a paediatric patient with gastroschisis
1595,Scopus,85086459504,,2020,bhutani,10.1016/j.epsc.2020.101514,Journal of Pediatric Surgery Case Reports,Splenogonadal fusion
143,Scopus,85143506165,T1 DOI,2022,mirza,10.47391/jpma.4839,Journal of the Pakistan Medical Association,Gastric volvulus and wandering spleen; a life-threatening surgical emergency
372,Scopus,84964330629,T1 DOI,2016,shi,10.1136/bcr-2016-214839,BMJ Case Reports,Torsion of the normally positioned spleen
1596,Scopus,105032989692,,2020,standring,10.1016/b978-0-7020-7705-0.00069-0,Gray's Anatomy: The Anatomical Basis of Clinical Practice,Spleen
71,Scopus,105002131131,T1 DOI,2025,cesana,10.1007/s13304-025-02181-6,Updates in Surgery,Case report: laparoscopic keyhole splenopexy with composite mesh for wandering spleen
1438,Scopus,105000923255,T1 DOI,2025,zhu,10.1002/bmc.70026,Biomedical Chromatography,Exploring the Mechanism of Action of Honeybran-Fried Cimicifuga Rhizoma in the Treatment of IBS-D Based on Metabolomics and Network Pharmacology
1597,Scopus,105014980495,,2025,ogоrоdnikоva,10.14300/mnnc.2025.20040,Medical News of North Caucasus,CLINICAL CASE OF COMBINATION OF ACUTE APPENDICITIS WITH SPLEEN TORSION IN A CHILD
160,Scopus,85144775603,T1 DOI,2022,ikeda,10.1093/jscr/rjac483,Journal of Surgical Case Reports,Successful laparoscopic-Assisted partial splenectomy and splenopexy with umbilical approach to wandering spleen with an enlarged cyst in a pediatric patient
98,Scopus,85197543313,T1 DOI,2024,farwati,10.1016/j.ijscr.2024.110006,International Journal of Surgery Case Reports,Bochdalek's hernia in adults: A unique case with gastric volvulus and intrathoracic kidney
191,Scopus,85124630641,T1 DOI,2022,bourusly,10.3389/fped.2021.791932,Frontiers in Pediatrics,Case Report: Conservative Non-operative Management of a Neonate With Torted Wandering Spleen
187,Scopus,85126939392,T2 title+author+year,2021,naseri,,Tanaffos,Ectopic Intrathoracic Kidney Associated with Ipsilateral Ectopic Spleen and Diaphragmatic Hernia in a Pediatric Patient: A Case Report
326,Scopus,85044460660,T1 DOI,2018,than,10.1016/j.ijscr.2018.03.028,International Journal of Surgery Case Reports,Wandering spleen with horseshoe kidney a rare occurrence
266,Scopus,85076831918,T1 DOI,2020,colombo,10.1016/j.amsu.2019.12.001,Annals of Medicine and Surgery,Torsion of wandering spleen involving the pancreatic tail
1326,Scopus,105028488794,T1 DOI,2026,nascimben,10.1016/j.epsc.2026.103194,Journal of Pediatric Surgery Case Reports,Wandering spleen in a Cornelia De Lange young woman: a case report
1359,Scopus,85182091718,T1 DOI,2024,yang,10.4103/singaporemedj.smj-2022-120,Singapore Medical Journal,Clinics in diagnostic imaging (218)
60,Scopus,105008770639,T1 DOI,2025,daniela,10.1007/s00404-025-08009-3,Archives of Gynecology and Obstetrics,About the management of patients with wandering spleen in pregnancy and postpartum
265,Scopus,85079869201,T1 DOI,2020,hughes,10.1111/vru.12844,Veterinary Radiology and Ultrasound,CT characteristics of primary splenic torsion in eight dogs
208,Scopus,85111761574,T1 DOI,2021,jha,10.4254/wjh.v13.i7.774,World Journal of Hepatology,Torsion of spleen and portal hypertension: Pathophysiology and clinical implications
1598,Scopus,84976497745,,2016,morgado,10.1016/j.epsc.2016.04.018,Journal of Pediatric Surgery Case Reports,Splenogonadal fusion - Rare etiology testicular mass
1458,Scopus,85026508425,T1 DOI,2017,wu,10.1111/jog.13440,Journal of Obstetrics and Gynaecology Research,Case of spontaneous splenic rupture caused by ectopic pregnancy in the spleen
329,Scopus,85045180860,T1 DOI,2018,freund,10.1097/sle.0000000000000518,"Surgical Laparoscopy, Endoscopy and Percutaneous Techniques",Splenectomy in gaucher disease: A call for minimally invasive surgery
400,Scopus,85047571550,T1 DOI,2017,puranik,10.1093/gastro/gov034,Gastroenterology Report,Wandering spleen: A surgical enigma
1599,Scopus,85019297323,,2016,bugiantella,,Annali italiani di chirurgia,Thoracic splenosis. Report of a case and review of the diagnostic workup
1600,Scopus,85074683043,,2019,elhady,10.4103/fjs.fjs_34_19,Formosan Journal of Surgery,Recurrent abdominal pain with thrombocytosis:A presentation of wandering spleen
1289,Scopus,85077639969,T1 DOI,2019,dos,10.22456/1679-9216.97394,Acta Scientiae Veterinariae,Primary splenic torsion associated with accessory spleen in a dog
1601,Scopus,85088857532,,2020,angelou,10.1136/vetreccr-2020-001153,Veterinary Record Case Reports,Omental torsion associated with splenic torsion in a dog
1602,Scopus,105008245390,,2025,glagolev,10.17116/endoskop20253103163,Endoscopic Surgery,Laparoscopic treatment of a patient with torsion of the wandering spleen
135,Scopus,85166646601,T1 DOI,2023,haidari,10.1016/j.ijscr.2023.108597,International Journal of Surgery Case Reports,"Huge accessory spleen with torsion, mimicking splenic lymphangioma: A case report and review of the literature"
1603,Scopus,85165213480,,2023,delgado,,Revista Cubana de Pediatria,Splenic Torsion
1604,Scopus,85071175659,,2019,tsukayama,10.5833/jjgs.2018.0107,Japanese Journal of Gastroenterological Surgery,Torsion of wandering spleen in a patient with acute thrombocytopenia after splenopexy
1449,Scopus,85083801130,T2 title+author+year,2020,ortega,10.4067/s0717-95022020000300787,International Journal of Morphology,Presence and biometry of accessory spleen in Chile individuals: Study by computerized tomography
1268,Scopus,105002727492,T1 DOI,2025,stillman,10.1002/vrc2.70060,Veterinary Record Case Reports,Primary splenic torsion and subsequent avulsion in an English bulldog (Canis lupus familiaris)
1605,Scopus,85069817627,,2019,yuan,10.3760/cma.j.issn.1005-1201.2019.05.009,Chinese Journal of Radiology (China),Radiological features of follicular dendritic cell tumor of spleen
16,Scopus,105035669471,T1 DOI,2026,liu,10.1007/s13304-026-02552-7,Updates in Surgery,Surgical management of pediatric primary splenic lesions: safety and feasibility of transumbilical single-port laparoscopic partial splenectomy
1456,Scopus,85039414721,T1 DOI,2017,yang,10.1097/md.0000000000009040,Medicine (United States),Significance of imaging findings in the diagnosis of heterotopic spleen - An intrapancreatic accessory spleen (IPAS)
355,Scopus,85015244635,T1 DOI,2017,yilmaz,10.4103/1119-3077.201431,Nigerian Journal of Clinical Practice,Portal venous thrombosis developing after torsion of a wandering spleen
54,Scopus,105010893810,T1 DOI,2025,vassallo,10.1186/s13052-025-02059-8,Italian Journal of Pediatrics,Acute splenic torsion in an adolescent with polysplenia syndrome: case report
119,Scopus,85184169355,T1 DOI,2024,bucknoff,10.1177/20551169231216405,Journal of Feline Medicine and Surgery Open Reports,Splenic torsion in a cat with chronic anemia
268,Scopus,85078264683,T1 DOI,2020,cetinoglu,10.2174/1573405614666181009142322,Current Medical Imaging,Torsion of wandering spleen: Importance of splenic density and liver-to-spleen attenuation ratio on CT
1606,Scopus,105001485626,,2025,zhou,10.1007/s00464-025-11686-5,Surgical Endoscopy,Robotic distal pancreatectomy using the Warshaw technique demonstrated superior short-term prognosis compared to the laparoscopic approach: propensity-matched cohort study
36,Scopus,105019357471,T1 DOI,2025,alsobyani,10.1093/jscr/rjaf808,Journal of Surgical Case Reports,Gastric volvulus in an elderly male with a hiatal hernia and a wandering spleen: a case report
228,Scopus,85103817145,T1 DOI,2021,ganarin,10.1089/lap.2020.0759,Journal of Laparoendoscopic and Advanced Surgical Techniques,Surgical Approach of Wandering Spleen in Infants and Children: A Systematic Review
308,Scopus,85056694032,T2 title+author+year,2018,hurtig,,Lakartidningen,Torsion of wandering spleen – unusual cause to acute abdominal pain in pediatric patients
1607,Scopus,85083526941,,2020,li,10.13929/j.issn.1003-3289.2020.01.020,Chinese Journal of Medical Imaging Technology,Ectopic spleenimplanted in gastric fundus: Case report
251,Scopus,85088554679,T1 DOI,2021,perez-rosillo,10.1016/j.gastrohep.2020.05.013,Gastroenterologia y Hepatologia,Acute abdomen secondary to torsion and infarction of a wandering spleen
55,Scopus,105009838065,T1 DOI,2025,di,10.3389/fsurg.2025.1586986,Frontiers in Surgery,Ultrasonographic diagnosis of splenic torsion: a case report
238,Scopus,85096407930,T1 DOI,2020,wester,10.1056/nejmicm2003627,New England Journal of Medicine,Wandering spleen
330,Scopus,85042383072,T1 DOI,2018,rizzuto,10.1016/j.ijscr.2018.01.017,International Journal of Surgery Case Reports,Laparoscopic splenectomy for a simultaneous wandering spleen along with an ectopic accessory spleen. Case report and review of the literature
1265,Scopus,85194583191,T1 DOI,2024,panhwer,10.37184/lnjpc.2707-3521.6.10,Liaquat National Journal of Primary Care,Wandering Spleen: A Rare Condition with Splenic Torsion and Infarction in an Elderly Patient
188,Scopus,85127085049,T1 DOI,2022,tang,10.1016/j.radcr.2022.03.017,Radiology Case Reports,Torsed wandering spleen as a cause of recurrent abdominal pain in a child
1608,Scopus,84995404787,,2016,hornez,10.1016/j.jchirv.2016.06.003,Journal de Chirurgie Viscerale,A wandering spleen
1609,Scopus,85112384278,,2021,kumar,,Journal of the Indian Medical Association,Vomiting in children: How to identify the surgical masqueraders ?
244,Scopus,85091053105,T1 DOI,2020,wang,10.1097/md.0000000000022063,Medicine (United States),Wandering spleen with splenic torsion in a toddler: A case report and literature review
1610,Scopus,85197618089,,2024,johan,10.4274/gulhane.galenos.2023.72677,Gulhane Medical Journal,Massively enlarged wandering spleen with ruptured epidermoid cyst
1611,Scopus,85072563080,,2019,theophilus,,Indian Veterinary Journal,Volvulus in a Pigeon (Columba livia)*
260,Scopus,85086900189,T1 DOI,2020,chang,10.12998/wjcc.v8.i8.1502,World Journal of Clinical Cases,Unusual association of Axenfeld-Rieger syndrome and wandering spleen: A case report
304,Scopus,85058488630,T1 DOI,2019,baugh,10.1016/j.jss.2018.11.032,Journal of Surgical Research,Pancreatic Incidentalomas: A Management Algorithm for Identifying Ectopic Spleens
318,Scopus,85050504100,T1 DOI,2018,mohseni,10.1136/bcr-2018-224952,BMJ Case Reports,Splenic torsion: A rare cause of abdominal pain
1412,Scopus,85098527349,T1 DOI,2021,bonney,10.1007/s00261-020-02868-x,Abdominal Radiology,A comprehensive radiologic review of abdominal and pelvic torsions
1612,Scopus,84978628977,,2016,landmann,10.1016/j.epsc.2016.05.011,Journal of Pediatric Surgery Case Reports,Accessory spleen presenting as acute abdomen: A case report and operative management
1613,Scopus,85106630358,,2021,chen,10.11964/jfc.20190911983,Journal of Fisheries of China,Molecular characterization of two twist genes in barbel steed (Hemibarbus labeo) and their relationship with intermuscular bone development
190,Scopus,85127233650,T2 title+author+year,2022,gunes,,Annali Italiani di Chirurgia,Splenic surgery: a ten years experience of a tertiary center in Turkey
1614,Scopus,86000079305,,2025,mulyadi,10.48309/jmpcr.2025.490223.1511,Journal of Medicinal and Pharmaceutical Chemistry Research,Wandering spleen pedicle knotting small and large bowel causing intestinal obstruction: A very rare case report
195,Scopus,85122651493,T1 DOI,2022,yokoyama,10.1007/s12328-021-01566-5,Clinical Journal of Gastroenterology,Reduction of acute gastric volvulus in a 3-year-old using a balloon-attached endoscope combined with gel immersion endoscopy
92,Scopus,85205339086,T1 DOI,2024,cui,10.3389/fped.2024.1429490,Frontiers in Pediatrics,Wandering spleen combined with pedicle torsion and splenic infarction: a rare case report and literature review
1615,Scopus,85029381983,,2017,madeena,,Indian Veterinary Journal,Surgical correction of gastric volvulus and pyloric stenosis in a two year old Dachshund
1616,Scopus,84975303533,,2016,mgaad,10.11604/pamj.2016.23.181.9200,Pan African Medical Journal,Wandering spleen associated with an abnormality of Neuhauser: A case report
34,Scopus,105020048411,T1 DOI,2025,aumeerally,10.1093/jscr/rjaf841,Journal of Surgical Case Reports,A puzzling pelvic passenger: case report of a wandering splenunculus
1617,Scopus,85148095257,,2023,jang,10.1007/s00261-023-03826-z,Abdominal Radiology,Various congenital anomalies and anatomical variations of the spleen: a multimodality pictorial review
128,Scopus,85174193399,T1 DOI,2023,lakmal,10.1177/2050313x231205812,SAGE Open Medical Case Reports,Volvulus of a wandering enlarged pelvic spleen involving pancreatic tail: A case report
1369,Scopus,85107128289,T1 DOI,2021,ioannis,10.1016/j.epsc.2021.101848,Journal of Pediatric Surgery Case Reports,"Torsion of wandering spleen, splenectomy and autotransplantation of splenic slices"
231,Scopus,85098128093,T1 DOI,2021,virani,10.1016/j.ijscr.2020.12.039,International Journal of Surgery Case Reports,Wandering spleen with splenic torsion: Report of two cases
1398,Scopus,84961875419,T1 DOI,2017,williamson,10.1097/pai.0000000000000362,Applied Immunohistochemistry and Molecular Morphology,Renal Splenosis: Renal Mass Biopsy Diagnosis of a Tumor Clinically Mimicking Renal Cell Carcinoma
374,Scopus,84961999240,T1 DOI,2016,makhlouf,10.1016/j.ajg.2016.03.003,Arab Journal of Gastroenterology,Wandering spleen in the pelvic region in an adult man with symptoms of acute abdomen
353,Scopus,85039991598,T2 title+author+year,2017,barra,,Annali Italiani di Chirurgia,Bilobate wandering spleen with doble torsion of the vascular pedicle: A case report
1618,Scopus,84996848907,,2016,ghaderi,,Scientific Journal of Kurdistan University of Medical Sciences,A patient with abdominal mass and thrombocytopenia (ectopic spleen): A case report
1328,Scopus,105006422694,T1 DOI,2025,galvani,10.1002/vrc2.70101,Veterinary Record Case Reports,Gastric dilatation secondary to incarceration through a gastrosplenic omental rent in a dog
278,Scopus,85074648475,T1 DOI,2020,han,10.1111/ans.15542,ANZ Journal of Surgery,Rare case of wandering spleen causing intra-thoracic megacolon
1619,Scopus,105027253135,,2026,jiang,10.3760/cma.j.cn101202-20250216-00041,Chinese Journal of Anatomy and Clinics,Pelvic splenosis: a case report
1432,Scopus,105036415104,T1 DOI,2026,xie,10.1007/s11845-026-04376-1,Irish Journal of Medical Science,Benign hepatocellular mass in the right atrium: a rare case of ectopic liver tissue and literature review
1448,Scopus,85097003483,T1 DOI,2020,gomez-ramos,10.1097/pec.0000000000001520,Pediatric Emergency Care,Adolescent with Spontaneous Splenic Rupture as a Cause of Hemoperitoneum in the Emergency Department: Case Report and Literature Review
183,Scopus,85129682001,T1 DOI,2022,draghmeh,10.1016/j.radcr.2022.04.009,Radiology Case Reports,Wandering spleen torsion in a patient with polysplenia syndrome
1620,Scopus,85047617188,,2018,ghahremani,,Iranian Journal of Nuclear Medicine,A wandering spleen detected by 99mTc-denatured RBC scan
358,Scopus,84992532979,T1 DOI,2016,touarsa,10.1016/j.lpm.2016.06.005,Presse Medicale,Upper gastrointestinal bleeding in portal hypertensive gastropathy reveals a wandering spleen
142,Scopus,85162841697,T1 DOI,2023,ahmad,10.1016/j.ijscr.2023.108319,International Journal of Surgery Case Reports,A wandering spleen with 720° torsion and persistent ascending and descending mesocolon in a 5-year-old Syrian male: A case report
403,Scopus,84936802862,T1 DOI,2016,cianci,10.1007/s00464-015-4363-y,Surgical Endoscopy,Spleen assessment after laparoscopic transperitoneal left adrenalectomy: preliminary results
1621,Scopus,85077523733,,2017,malta,,Acta Scientiae Veterinariae,Sonographic aspects of splenic torsion due to abdominal eventration in a dog
1622,Scopus,105011600751,,2025,shen,10.3969/j.issn.1671-038x.2025.02.14,Chinese Journal of Integrated Traditional and Western Medicine on Digestion,Differentiation and treatment of recurrent mouth sores based on the theory of phase fire
263,Scopus,85081274338,T1 DOI,2020,perez,10.1016/j.ciresp.2020.02.001,Cirugia Espanola,Massive splenic infarction in a wandering spleen: A rare indication for emergency splenectomy
1461,Scopus,84955302178,T1 DOI,2016,wang,10.1016/j.fsi.2016.01.016,Fish and Shellfish Immunology,Fish TRIM39 regulates cell cycle progression and exerts its antiviral function against iridovirus and nodavirus
72,Scopus,105000344408,T1 DOI,2025,melkamu,10.1016/j.ijscr.2025.111144,International Journal of Surgery Case Reports,"Torsion of a wandering spleen, a rare cause of acute abdomen: A case report"
1623,Scopus,85118358353,,2021,markovic,10.2478/sjecr-2019-0004,Serbian Journal of Experimental and Clinical Research,Wandering spleen-a possible cause of adrenal ”mass“-case report
1267,Scopus,85098193919,T1 DOI,2021,aaqib,10.1016/j.epsc.2020.101756,Journal of Pediatric Surgery Case Reports,Wandering spleen with torsion of splenic vein and gastric varicies
66,Scopus,105004898363,T1 DOI,2025,guerra,10.1016/j.clinre.2025.102614,Clinics and Research in Hepatology and Gastroenterology,A wandering spleen
44,Scopus,105013631238,T1 DOI,2025,al,10.1186/s12887-025-06005-9,BMC Pediatrics,The enigmatic wandering spleen: managing three cases in a tertiary setting
48,Scopus,105013106362,T1 DOI,2025,knight,10.1111/petr.70161,Pediatric Transplantation,Wandering Spleen in a Pediatric Lung Transplant Patient With Filamin A Deficiency: An Incidental Finding
281,Scopus,85072619516,T2 title+author+year,2019,ng,,American Surgeon,Wandering Spleen with 720-degree Torsion Treated with Splenectomy and Distal Pancreatectomy
232,Scopus,85091358972,T2 title+author+year,2020,skiba,10.4103/jiaps.jiaps-216-19,Journal of Indian Association of Pediatric Surgeons,Torsion of a wandering spleen managed conservatively: Rare and interesting
1624,Scopus,85008234759,,2016,ozaki,10.5833/jjgs.2016.0009,Japanese Journal of Gastroenterological Surgery,Wandering spleen with peculiar collateral circulation formed by recurrent splenic torsion over long periods
323,Scopus,85079044513,T1 DOI,2018,rafie,10.1093/jscr/rjy107,Journal of Surgical Case Reports,Torsion of a wandering spleen as a cause of portal hypertension and mesenteric varices: A rare aetiology
373,Scopus,84961140241,T1 DOI,2016,chauhan,10.12659/pjr.895972,Polish Journal of Radiology,Torsion of a wandering spleen presenting as acute abdomen
134,Scopus,85173724435,T1 DOI,2023,zhou,10.1016/j.amjms.2023.08.005,American Journal of the Medical Sciences,Torsion of pelvic wandering spleen with infarction
227,Scopus,85100175059,T1 DOI,2021,shen,10.1136/bcr-2020-235918,BMJ Case Reports,Wandering spleen leading to splenic torsion with gastric and pancreatic volvulus
1625,Scopus,85183986571,,2021,hristova,,Rentgenologiya i Radiologiya,A rare case of bowel obstruction caused by a wandering spleen
167,Scopus,85138018341,T1 DOI,2022,antona,10.1016/j.jpeds.2022.08.021,Journal of Pediatrics,Pediatric Splenic Torsion in an Orthotopic Spleen without Fixation Elements
1626,Scopus,85133128730,,2022,gocun,10.1159/000525276,Acta Cytologica,Risk of Malignancy Using the Diagnostic Categories Proposed by the World Health Organization International System for Reporting Pancreaticobiliary Cytopathology
93,Scopus,85201551181,T1 DOI,2024,hiraba,10.1111/ped.15810,Pediatrics International,Two cases of pediatric splenic torsion as a possible late complication of laparoscopic fundoplication
213,Scopus,85107424639,T1 DOI,2021,masroor,10.1186/s12893-021-01289-x,BMC Surgery,Torsion of the wandering spleen as an abdominal emergency: a case report
192,Scopus,85124057787,T2 title+author+year,2022,mergl,,Canadian Veterinary Journal,Chronic splenic torsion in a dog with an accessory spleen
1627,Scopus,85159559597,,2020,tessely,10.1093/jscr/rjaa101,Journal of Surgical Case Reports,A case of colon necrosis resulting from a delayed traumatic diaphragmatic hernia
1278,Scopus,85037354680,T1 DOI,2017,wiebogen,10.2377/0023-2076-62-679,Kleintierpraxis,Acute primary splenic torsion in a French bulldogg
1628,Scopus,85008213603,,2017,piano,10.1016/j.jaci.2016.10.014,Journal of Allergy and Clinical Immunology,Heterotaxy syndrome with and without spleen: Different infection risk and management
351,Scopus,85015920693,T1 DOI,2017,zorron,10.4103/0972-9941.195567,Journal of Minimal Access Surgery,Single port laparoscopic splenectomy for wandering spleen with splenomegaly in a patient with Wolf-Hirschhorn syndrome
1454,Scopus,85062332911,T1 DOI,2019,kresinsky,10.1038/s41388-019-0757-y,Oncogene,"Lack of CD45 in FLT3-ITD mice results in a myeloproliferative phenotype, cortical porosity, and ectopic bone formation"
242,Scopus,85092240773,T1 DOI,2021,schaeffer,10.1016/j.ajem.2020.08.048,American Journal of Emergency Medicine,Splenic volvulus of a wandering spleen
169,Scopus,85135581710,T1 DOI,2022,fontoura-andrade,10.1016/j.rvsc.2022.07.016,Research in Veterinary Science,Splenic diffuse heterogeneous hypoechogenicity pattern of dogs and cats: A systematic review
276,Scopus,85076554003,T1 DOI,2019,lee,10.5223/pghn.2019.22.6.608,"Pediatric Gastroenterology, Hepatology and Nutrition",Chronic gastric volvulus as a late complication of hepatectomy for hepatoblastoma in a child: A case report
246,Scopus,85090105938,T1 DOI,2020,koliakos,10.12659/ajcr.925301,American Journal of Case Reports,Wandering spleen volvulus: A case report and literature review of this diagnostic challenge
306,Scopus,85058839563,T1 DOI,2018,filho,10.1590/1806-9282.64.12.1075,Revista da Associacao Medica Brasileira,An unusual cause of acute abdomen: Wandering spleen with infarction
1629,Scopus,85052888760,,2018,funakova,,Lekarsky Obzor,Wandering spleen presenting as acute abdomen - two cases in a year
720,Scopus,0642312504,T1 DOI,2003,gaschen,10.1111/j.1740-8261.2003.tb00506.x,Veterinary Radiology and Ultrasound,Imaging diagnosis: The abdominal air-vasculogram in a dog with splenic torsion and clostridial infection
799,Scopus,0032991440,T3 similar title+author+year,1999,blanc,,Gastroenterologie Clinique et Biologique,Splenic infarction by torsion of its pedicle: The wandering spleen syndrome [1]
587,Scopus,67650237125,T1 DOI,2009,aronsohn,10.5326/0450072,Journal of the American Animal Hospital Association,Prognosis for acute nontraumatic hemoperitoneum in the dog: A retrospective analysis of 60 cases (2003-2006)
630,Scopus,33847664769,T1 DOI,2007,soleimani,10.1007/s00595-006-3389-0,Surgery Today,Surgical treatment of patients with wandering spleen: Report of six cases with a review of the literature
746,Scopus,0036335620,T2 title+author+year,2002,gayer,,Israel Medical Association Journal,Torsion of a wandering spleen
635,Scopus,34447310295,T1 DOI,2006,castellon-pavon,10.1016/s0009-739x(06)70996-4,Cirugia Espanola,Laparoscopic splenectomy due to torsion of a wandering spleen
1630,Scopus,85097082157,,2014,kauffmann,10.1016/s0929-693x(14)71777-4,Archives de Pediatrie,SFCP P-062 - Peritonitis secondary to splenic pedicle torsion
634,Scopus,34249823707,T2 title+author+year,2007,safioleas,,Saudi Medical Journal,Wandering spleen with torsion of the pedicle
556,Scopus,85027917436,T1 DOI,2011,cripps,10.1007/s00464-010-1120-0,Surgical endoscopy,Video. Hand-assisted laparoscopy for wandering spleen.
514,Scopus,84862698512,T2 title+author+year,2012,ayaz,,Medical Ultrasonography,Wandering spleen in a child with symptoms of acute abdomen: Ultrasonographic diagnosis. Case report
1276,Scopus,0041878489,T1 DOI,2003,pepperl,10.1007/s00112-002-0531-y,Monatsschrift fur Kinderheilkunde,Splenic torsion in a child with situs ambiguus and polysplenism. A rare differential diagnosis of the abdominal pain in childhood
613,Scopus,36849094528,T1 DOI,2007,basaklar,10.1016/j.jpedsurg.2007.08.055,Journal of Pediatric Surgery,"An unusual case: a giant paraesophageal hiatal hernia with intrathoracic spleen, preduodenal portal vein, malrotation, and left inferior vena cava"
1472,Scopus,35848971236,T1 DOI,2007,kannu,10.1002/ajmg.a.31989,"American Journal of Medical Genetics, Part A",An unclassifiable short rib-polydactyly syndrome with acromesomelic hypomineralization and campomelia in siblings
737,Scopus,0037209135,T1 DOI,2003,jain,10.1097/00003072-200301000-00011,Clinical Nuclear Medicine,An Incidental Pelvic Spleen and Splenule Appearance on Liver-Spleen Imaging
502,Scopus,84878318127,T1 DOI,2013,udare,10.1007/s12664-012-0188-y,Indian Journal of Gastroenterology,Torsion of wandering spleen
461,Scopus,84881663552,T1 DOI,2013,oegema,10.1002/ajmg.a.36109,"American Journal of Medical Genetics, Part A",Novel no-stop FLNA mutation causes multi-organ involvement in males
540,Scopus,79953721154,T1 DOI,2011,lips,10.1007/s00259-010-1714-8,European Journal of Nuclear Medicine and Molecular Imaging,Wandering spleen on a 68Ga-DOTATOC-PET/CT scan
1631,Scopus,33646844479,,2006,dos,10.1059/s0103-84782006000300046,Ciencia Rural,Reticulocytes and hematocrit of dogs before and after partial splenectomy
1309,Scopus,0034346694,T2 title+author+year,2000,ameh,,East African Medical Journal,Management of the wandering spleen in childhood: Report of two cases
1632,Scopus,84875309938,,2013,yang,10.1055/s-0032-1326263,Endoscopy,Splenosis in gastric wall mimicking gastrointestinal stromal tumor
481,Scopus,84864704231,T2 title+author+year,2012,de,,Cirugia y Cirujanos,Acute torsion of wandering spleen: A rare cause of acute abdomen
1633,Scopus,84997521888,,2016,hamada,10.5833/jjgs.2015.0197,Japanese Journal of Gastroenterological Surgery,A gastric volvulus associated with wandering spleen in an adult
648,Scopus,33750598025,T2 title+author+year,2006,barisic-skok,,Acta Medica Croatica,Diagnostic methods in torsion of the spleen
513,Scopus,84858071186,T1 DOI,2012,kocak,10.1016/j.crohns.2011.12.012,Journal of Crohn's and Colitis,Ectopi{dotless}c spleen presenti{dotless}ng as an abdomi{dotless}nal mass i{dotless}n a pati{dotless}ent wi{dotless}th Crohn's di{dotless}sease
478,Scopus,84878598609,T1 DOI,2013,holst,10.1016/j.jemermed.2012.11.063,Journal of Emergency Medicine,Acute abdominal pain in the pediatric emergency department: A case of right lower quadrant wandering spleen that acutely torsed
1634,Scopus,82155185177,,2011,yapo,10.1007/s12157-011-0272-4,Journal Africain d'Hepato-Gastroenterologie,"The torsion of a wandering spleen in an adult: A case report in Yopougon Teaching Hospital (Abidjan, Ivory Coast)"
1317,Scopus,38849203769,T1 DOI,2008,herold,10.1111/j.1476-4431.2007.00265.x,Journal of Veterinary Emergency and Critical Care,Clinical evaluation and management of hemoperitoneum in dogs
722,Scopus,0042668413,T1 DOI,2003,sodhi,10.1016/s0736-4679(03)00160-4,Journal of Emergency Medicine,Torsion of a wandering spleen: Acute abdominal presentation
747,Scopus,0036634729,T1 DOI,2002,rosin,10.1007/s00464-001-0078-3,Surgical Endoscopy,Laparoscopic splenectomy for torsion of wandering spleen associated with celiac axis occlusion
665,Scopus,31144444470,T1 DOI,2005,appu,10.1007/s00534-005-1011-2,Journal of Hepato-Biliary-Pancreatic Surgery,"Peritoneal ""pillowcase"" for the displaced spleen post-distal pancreatectomy"
698,Scopus,2342549730,T2 title+author+year,2004,arda,,Journal Belge de Radiologie,Intermittent torsion of a wandering spleen in a child: The role of MRI in diagnosis
783,Scopus,0033847536,T1 DOI,2000,ratani,10.1097/00003072-200009000-00025,Clinical Nuclear Medicine,An intrathoracic wandering spleen in a patient with Ehlers-Danlos syndrome and diaphragmatic hernia
422,Scopus,84924167285,T1 DOI,2014,piccoli,10.4293/jsls.2014.00278,Journal of the Society of Laparoendoscopic Surgeons,Laparoscopic transperitoneal left adrenalectomy and wandering spleen risk
779,Scopus,0033770832,T2 title+author+year,2000,nomura,10.1097/00129689-200010000-00016,"Surgical Laparoscopy, Endoscopy and Percutaneous Techniques",Laparoscopic splenopexy for adult wandering spleen: Sandwich method with two sheets of absorbable knitted mesh
417,Scopus,84915819425,T1 DOI,2014,allen,10.1053/j.tcam.2014.09.001,Topics in Companion Animal Medicine,Gastropexy for Prevention of Gastric Dilatation-Volvulus in Dogs: History and Techniques
1635,Scopus,76749104847,,2010,chang,10.1016/s1875-9572(10)60006-x,Pediatrics and Neonatology,A Twenty-year Review of Early and Late-presenting Congenital Bochdalek Diaphragmatic Hernia: Are They Different Clinical Spectra?
451,Scopus,84885365811,T1 DOI,2013,cotes,10.1097/pec.0b013e3182a32079,Pediatric Emergency Care,Left upper quadrant pain: Upside down spleen
490,Scopus,84871875937,T2 title+author+year,2011,diaz,,Cirugía pediátrica : organo oficial de la Sociedad Española de Cirugía Pediátrica,[Initial experience in single site laparoscopic surgery in a pediatric hospital of Bogotá].
420,Scopus,84903626079,T1 DOI,2014,maksoud,10.3941/jrcr.v8i6.1534,Journal of Radiology Case Reports,Tale of a wandering spleen: 1800 degree torsion with infarcted spleen and secondary involvement of liver
1400,Scopus,84952026545,T1 DOI,2015,ecanow,10.1016/j.rcl.2015.06.003,Radiologic Clinics of North America,Evaluating Patients with Left Upper Quadrant Pain
660,Scopus,33645647663,T2 title+author+year,2005,thambidorai,,Medical Journal of Malaysia,Torsion of a wandering spleen with whorled appearance of the splenic hilum in CT scan
658,Scopus,33645006754,T2 title+author+year,2006,lopez-tomassetti,,Journal of Postgraduate Medicine,An unusual case of hemoperitoneum owing to acute splenic torsion in a child with immunoglobulin deficiency
1331,Scopus,29144478740,T2 title+author+year,2005,klopper,,Praktische Tierarzt,Acute primary torsion of the spleen in dogs
618,Scopus,34748902325,T2 title+author+year,2007,palanivelu,,JSLS : Journal of the Society of Laparoendoscopic Surgeons / Society of Laparoendoscopic Surgeons,Laparoscopic mesh splenopexy (sandwich technique) for wandering spleen.
794,Scopus,0032874111,T1 DOI,1999,haj,10.1089/lap.1999.9.357,Journal of Laparoendoscopic and Advanced Surgical Techniques - Part A,Laparoscopic splenopexy of a wandering spleen
621,Scopus,34250672423,T2 title+author+year,2007,zarrintan,,Folia Morphologica,A wandering spleen presenting as a pelvic mass: Case report and review of the literature
733,Scopus,0036705095,T1 DOI,2002,githaiga,10.4314/eamj.v79i8.8834,East African Medical Journal,Wandering spleen presenting as a right hypochondrial mass and intestinal obstruction
1636,Scopus,85130126281,,2015,kryvchenia,10.24061/2413-4260.v.3.17.2015.11,"Neonatology, Surgery and Perinatal Medicine",REOPERATIONS IN HIGH RISK GROUP CHILDREN WITH CONGENITAL DIAPHRAGMATIC HERNIA
595,Scopus,70349951889,T1 DOI,2008,feroci,10.1186/1757-1626-1-149,Cases Journal,The torsion of a wandering pelvic spleen: A case report
521,Scopus,82555191260,T2 title+author+year,2011,nyundo,,Revue Medicale de Bruxelles,Torsion of an ectopic spleen presented as an acute abdomen
639,Scopus,33846532323,T1 DOI,2007,hamlin,10.1016/j.pharmthera.2006.08.006,Pharmacology and Therapeutics,Animal models of ventricular arrhythmias
538,Scopus,78651365943,T2 title+author+year,2010,familua,,American Surgeon,Wandering spleen mimicking acute appendicitis - An unusual presentation of a rare surgical anomaly
1637,Scopus,28444465494,,2005,khan,,JK Practitioner,Incidental detection of a wandering spleen by Technetium - 99m sulfur colloid imaging in a patient undergoing evaluation for abdominal pain
1379,Scopus,23344439215,T1 DOI,2005,hizli,10.1111/j.1442-2042.2005.01104.x,International Journal of Urology,Splenogonadal fusion: Report of a case
433,Scopus,84901841702,T2 title+author+year,2014,llorens,,Boletín de la Asociación Médica de Puerto Rico,Wandering spleen torsion causing acute abdominal pain in a child: case report and review of literature.
415,Scopus,84916892280,T1 DOI,2014,ho,10.11622/smedj.2014185,Singapore Medical Journal,Wandering spleen with chronic torsion in a patient with thalassaemia
1638,Scopus,84890647947,,2013,prosser,,Canadian Veterinary Journal,Case report rapport de cas: Ectopic spleen presenting with anemia and an abdominal mass in a dog
506,Scopus,84877067972,T1 DOI,2013,perez-legaz,10.1016/j.ciresp.2011.10.011,Cirugia Espanola,Ectopic spleen. Urgent or elective surgery?
1639,Scopus,77449115942,,2009,hemmati,,Koomesh,Acute torsion of wandering spleen: Report of one case
1462,Scopus,85019182087,T1 DOI,2015,vander,10.5334/jbr-btr.857,Journal of the Belgian Society of Radiology,"The ""Jokari sign"", an imaging feature diagnostic of a wandering accessory spleen"
1640,Scopus,77749261746,,2010,carneiro,10.2169/internalmedicine.49.3078,Internal Medicine,Splenorenal fusion mimicking renal neoplasm in a patient with von Hippel-Lindau disease
1641,Scopus,37349022088,,2007,rajaram,10.1097/spv.0b013e31815a5f7a,Journal of Pelvic Medicine and Surgery,Wandering pelvic spleen presenting as a gynecologic emergency
724,Scopus,0037625668,T1 DOI,2003,kessler,10.7863/jum.2003.22.5.527,Journal of Ultrasound in Medicine,Mass at the splenic hilum: A clue to torsion of a wandering spleen located in a normal left upper quadrant position
1642,Scopus,33748115509,,2006,katz,10.1177/000313480607200702,American Surgeon,Indications for splenectomy
702,Scopus,13444273195,T1 DOI,2004,qazi,10.1007/s00383-004-1157-z,Pediatric Surgery International,Wandering spleen: A rare cause of mesenteroaxial gastric volvulus
604,Scopus,44649198031,T1 DOI,2008,nakajima,10.2169/internalmedicine.47.0689,Internal Medicine,Intrahepatic splenosis with severe iron deposition presenting with atypical magnetic resonance images
636,Scopus,33749467827,T1 DOI,2006,huang,10.1016/s1028-4559(09)60237-0,Taiwanese Journal of Obstetrics and Gynecology,Postcesarean splenic torsion
690,Scopus,21244439591,T1 DOI,2003,lane,10.1016/s1479-666x(03)80139-7,Surgeon,"Re: ""Wandering spleen: Case report and literature review"" Satyadas et al. J R Coll Edinb 2002; 47: 512-514 [3]"
424,Scopus,84908367234,T2 title+author+year,2014,olasehinde,,African journal of medicine and medical sciences,"Torsion of wandering spleen, an unusual cause of acute abdomen; a report of two cases."
765,Scopus,0035003280,T1 DOI,2001,pelizzo,10.1007/s002610000171,Abdominal Imaging,"Gastric volvulus associated with congenital diaphragmatic hernia, wandering spleen, and intrathoracic left kidney: CT findings"
526,Scopus,79952340660,T2 title+author+year,2010,broadis,,Malawi Medical Journal,Paediatric wandering spleens in Malawi
739,Scopus,0036702762,T2 title+author+year,2002,chan,,Journal of the Formosan Medical Association,Acute abdomen due to torsion of a pelvic wandering spleen
668,Scopus,28244469588,T1 DOI,2005,karmazyn,10.1002/jcu.20165,Journal of Clinical Ultrasound,Wandering spleen - The challenge of ultrasound diagnosis: Report of 7 cases
679,Scopus,20644449669,T2 title+author+year,2004,befikadu,,Ethiopian Medical Journal,Torsion of a pelvic wandering spleen as a cause of acute abdomen in a woman: A case report and review of the literature
1643,Scopus,85009630168,,2004,nishi,10.11339/jtm.21.221,Journal of Traditional Medicines,Antitumor activity of panax ginseng-fruit extract (PG-FE) on Sarcoma-180 bearing mice is based on its cytokine productive effect
1644,Scopus,0035135684,,2001,bernstine,10.1097/00003072-200102000-00012,Clinical Nuclear Medicine,Misleading thoracic Ga-67 uptake caused by splenic displacement
509,Scopus,84861155531,T2 title+author+year,2011,sudak,,Rozhledy v chirurgii : měsíčník Československé chirurgické společnosti,[Torsion of dystopic spleen--possible solutions].
1645,Scopus,84944548925,,2015,franke,10.1007/978-3-319-03506-2_7,Doppler Sonography in Infancy and Childhood,Doppler sonography of the spleen
749,Scopus,0036242478,T2 title+author+year,2002,satyadas,,Journal of the Royal College of Surgeons of Edinburgh,Wandering spleen: Case report and literature review
589,Scopus,60149089850,T1 DOI,2008,menendez,10.1016/s0210-5705(08)75824-2,Gastroenterologia y Hepatologia,Ectopic or wandering spleen associated with leukopenia and plaquetopenia
530,Scopus,79961072820,T2 title+author+year,2011,noushif,,Singapore Medical Journal,Splenic pseudocyst: A rare association with splenoptosis and vertebral segmentation anomalies
643,Scopus,33845526257,T1 DOI,2006,mendi,10.1007/s00247-006-0323-y,Pediatric Radiology,Evolution of the CT imaging findings of accessory spleen infarction
1465,Scopus,84859904688,T1 DOI,2012,chapard,10.1111/j.1600-0625.2012.01477.x,Experimental Dermatology,The role of the TRAF-interacting protein in proliferation and differentiation
1646,Scopus,77957749406,,2010,lily,10.1016/j.ejrex.2010.07.003,European Journal of Radiology Extra,Right sided retroperitoneal splenosis
438,Scopus,84897014945,T1 DOI,2014,richman,10.1016/j.surg.2012.11.015,Surgery (United States),Wandering spleen
512,Scopus,84857678954,T1 DOI,2012,ishibashi,10.2152/jmi.59.220,Journal of Medical Investigation,Torsion of an accessory spleen with situs inversus in a child
1305,Scopus,84857028930,T2 title+author+year,2011,cizmic,,Paediatria Croatica,Ectopic spleen with torsion of the vessels
687,Scopus,12944322228,T1 DOI,2005,saxena,10.1016/j.surg.2004.06.002,Surgery,Torsion of a wandering spleen with stomach volvulus and nonrotation: Extraperitoneal pocket splenopexy [1]
563,Scopus,75449110934,T1 DOI,2010,ozdil,10.3109/09537100903420285,Platelets,Recurrent hypersplenism caused by giant accessory spleen due to portal hypertension after splenectomia
645,Scopus,33750302521,T1 DOI,2006,fukuzawa,10.1007/s00383-006-1760-2,Pediatric Surgery International,Laparoscopic splenopexy for wandering spleen: Extraperitoneal pocket splenopexy
1470,Scopus,61649092046,T1 DOI,2009,liu,10.1080/10731190802663975,"Artificial Cells, Blood Substitutes, and Biotechnology",Preliminary study on intrasplenic implantation of artificial cell bioencapsulated stem cells to increase the survival of 90% hepatectomized rats
426,Scopus,84928303402,T2 title+author+year,2014,kaabar,,Tunisie Medicale,Torsion of a wandering spleen a case report
565,Scopus,75149160182,T2 title+author+year,2009,varga,,Medical Science Monitor,Congenital anomalies of the spleen from an embryological point of view
444,Scopus,84905029054,T1 DOI,2014,tchidjou,10.1097/mbc.0000000000000081,Blood Coagulation and Fibrinolysis,Wandering spleen: 'Presentation in adolescent with high thrombotic risk'
414,Scopus,84922033037,T2 title+author+year,2015,aswani,,Journal of the Pancreas,Wandering spleen with torsion causing pancreatic volvulus and associated intrathoracic gastric volvulus. An unusual triad and cause of acute abdominal pain
711,Scopus,1942422694,T1 DOI,2004,edwin,10.1007/s00464-003-9007-y,Surgical Endoscopy and Other Interventional Techniques,Laparoscopic resection of the pancreas: A feasibility study of the short-term outcome
1647,Scopus,47249097030,,2007,salvi,,Annali Italiani di Chirurgia,"Splenic Infarction, rare cause of acute abdomen, only seldom requires splenectomy. Case report and literature review"
691,Scopus,8744228978,T1 DOI,2004,melissas,10.1080/00015458.2004.11679614,Acta Chirurgica Belgica,Experience with benign splenic disease
519,Scopus,80054784855,T2 title+author+year,2011,salem,,Journal Medical Libanais,A case of wandering spleen: A rare cause of acute abdomen
389,Scopus,84949192616,T1 DOI,2015,jude,10.15537/smj.2015.12.12363,Saudi Medical Journal,Torsion of a wandering spleen: A rare cause of acute abdomen
477,Scopus,84878184603,T1 DOI,2013,gardner,10.1002/ajh.23425,American Journal of Hematology,Wandering spleen: A mobile target for radiotherapy
703,Scopus,3042819107,T1 DOI,2004,taori,10.1007/s00261-003-0142-7,Abdominal Imaging,Wandering spleen with torsion of vascular pedicle: Early diagnosis with multiplaner reformation technique of multislice spiral CT
368,Scopus,84987881550,T1 DOI,2016,radillo,10.1097/pec.0000000000000642,Pediatric Emergency Care,The Great Pretender: Pediatric Wandering Spleen Two Case Reports and Review of the Literature
626,Scopus,33947589700,T1 DOI,2007,buckley,10.1016/j.crad.2006.11.018,Clinical Radiology,MRI of the wandering spleen
499,Scopus,84864552911,T2 title+author+year,2012,swenson,,"Medicine and health, Rhode Island",14 year-old female with splenic torsion.
1648,Scopus,84940857001,,2014,mcmichael,10.1002/9781118910351.ch1,Handbook of Canine and Feline Emergency Protocols: Second Edition,Acute Abdomen
795,Scopus,0032833818,T1 DOI,1999,kapellerova,10.1007/s004310051229,European Journal of Pediatrics,Enuresis as a rare symptom of the dystopic spleen in a child [5]
1649,Scopus,24644494667,,2005,molski,,Polish Journal of Radiology,Torsion of wandering spleen in patient with horseshoe kidney
488,Scopus,84870888358,T1 DOI,2012,tanaka,10.1016/j.cellimm.2012.11.007,Cellular Immunology,Characterization of PrPSc transmission from immune cells to neuronal cells
763,Scopus,0035832475,T2 title+author+year,2001,bittar,,Presse Medicale,Volvulus of the mobile spleen: Conservative laparoscopic treatment
1474,Scopus,0346258344,T1 DOI,2003,kim,10.1007/s00330-003-1908-6,European Radiology,Hepatocellular carcinoma in an ectopic liver: CT findings
504,Scopus,84863332479,T2 title+author+year,2012,morita,,Journal of Japanese Society of Gastroenterology,Large accessory spleen torsion with a distorted fascicular structure; a case report
1368,Scopus,78649722208,T2 title+author+year,2010,hajirajabi,,Iranian Red Crescent Medical Journal,Torsion of wandering spleen and resulting rupture of splenic hilum with whorled sign in CT: A case report
699,Scopus,2442562263,T1 DOI,2004,alimoglu,10.1080/00015458.2004.11679541,Acta Chirurgica Belgica,Torsion of a wandering spleen presenting with acute abdomen: A case report
383,Scopus,84951869881,T1 DOI,2015,koseoglu,10.1007/s12262-013-0993-2,Indian Journal of Surgery,An Unusual Reason for Gastric Variceal Hemorrhage: Wandering Spleen
1650,Scopus,84888263513,,2013,ndour,10.1016/j.epsc.2013.03.019,Journal of Pediatric Surgery Case Reports,Acute gastric volvulus and wandering spleen: A rare association
726,Scopus,0037961517,T1 DOI,2003,dalpe,10.1016/s0029-7844(02)02618-2,Obstetrics and Gynecology,Wandering spleen as an asymptomatic pelvic mass
614,Scopus,40949089015,T1 DOI,2008,misawa,10.1016/j.amjsurg.2006.08.083,American Journal of Surgery,Wandering spleen with chronic torsion
1651,Scopus,3242768385,,2004,lecœur,,Point Veterinaire,Splenic masses in dogs and cats
1652,Scopus,84890069363,,2013,kujath,10.1016/j.epsc.2013.05.020,Journal of Pediatric Surgery Case Reports,Diaphragmatic hernia with splenic infarction - Recurrence after thoracoscopic repair
768,Scopus,19244384522,T1 DOI,2001,peitgen,10.1007/s004640040043,Surgical endoscopy,"Laparoscopic splenopexy by peritoneal and omental pouch construction for intermittent splenic torsion (""wandering spleen"")."
686,Scopus,17644425678,T1 DOI,2005,breisch,10.1007/s10024-004-7082-2,Pediatric and Developmental Pathology,Autoinfarcted wandering spleen and fatal pneumococcal sepsis in an infant
391,Scopus,84952326579,T2 title+author+year,2015,esayas,,Ethiopian medical journal,SPLENIC TORTION IN A WANDERING SPLEEN: A CASE REPORT FROM AYDER REFERRAL HOSPITAL
1264,Scopus,2942709902,T2 title+author+year,2004,steffl,,Tierarztliche Umschau,Splenic torsion and chronic splenic necrosis in a Bernese mountain dog
1653,Scopus,84904774983,,2014,di,10.1186/1756-3305-7-347,Parasites and Vectors,"Field clinical study evaluating the efficacy and safety of an oral formulation containing milbemycin oxime/praziquantel (Milbemax®, Novartis Animal Health) in the chemoprevention of the zoonotic canine infection by Dirofilaria repens"
1654,Scopus,78651465680,,2011,rasheed,10.1016/j.ejrex.2010.10.008,European Journal of Radiology Extra,Wandering spleen with tortion leading to infarction
653,Scopus,33750221036,T1 DOI,2006,kleiner,10.1089/lap.2006.16.328,Journal of Laparoendoscopic and Advanced Surgical Techniques,Pediatric wandering spleen successfully treated by laparoscopic splenopexy
445,Scopus,84892683189,T1 DOI,2014,bard,10.1016/j.ijscr.2013.12.019,International Journal of Surgery Case Reports,Torsion of a huge accessory spleen in a 20-year-old patient
572,Scopus,69549124257,T1 DOI,2009,impellizzeri,10.1016/j.jpedsurg.2009.06.029,Journal of Pediatric Surgery,Accessory spleen torsion: rare cause of acute abdomen in children and review of literature
458,Scopus,84891652788,T2 title+author+year,2013,hamidian,,The Journal of the Louisiana State Medical Society : official organ of the Louisiana State Medical Society,Epidermoid cyst arising from an intrapancreatic accessory spleen: a case report and a review of the literature.
1655,Scopus,85047691341,,2003,mavi,10.1097/01.rlu.0000053411.91868.05,Clinical Nuclear Medicine,Intra-abdominal Splenosis Mimicking Massive Gastrointestinal Bleeding
1656,Scopus,80051515808,,2011,krishnan,,Journal of the Indian Medical Association,A rare case of ectopic thoracic kidney and spleen
1475,Scopus,0036948583,T1 DOI,2002,lehtolainen,10.1038/sj.gt.3301854,Gene Therapy,Baculoviruses exhibit restricted cell type especificity in rat brain: A comparison of baculovirus- and adenovirus-mediated intracerebral gene transfer in vivo
1481,Scopus,0033150573,T1 DOI,1999,niemann,10.1023/a:1008999622117,Transgenic Research,Expression of human blood clotting factor VIII in the mammary gland of transgenic sheep
466,Scopus,84878276129,T1 DOI,2013,yildiz,10.1155/2013/321810,The Scientific World Journal,"Splenic anomalies of shape, size, and location: Pictorial essay"
487,Scopus,84885956737,T1 DOI,2013,catalano,10.1007/s10120-012-0225-7,Gastric Cancer,Endoscopic submucosal dissection in the treatment of gastric submucosal tumors: Results from a retrospective cohort study
1271,Scopus,0347644717,T2 title+author+year,2000,putcuyps,,Vlaams Diergeneeskundig Tijdschrift,Primary Splenic Torsion in the Dog: Case report and Literature Review
1469,Scopus,70350102263,T1 DOI,2009,belkhir,10.1097/rlu.0b013e3181b06b42,Clinical Nuclear Medicine,Intrapancreatic accessory spleen diagnosed on radionuclide imaging
675,Scopus,26044469827,T2 title+author+year,2005,hernandez-siverio,,Cirugía pediátrica : organo oficial de la Sociedad Española de Cirugía Pediátrica,Wandering spleen torsion
1464,Scopus,84875744216,T1 DOI,2013,julania,10.1111/j.1447-0756.2012.01920.x,Journal of Obstetrics and Gynaecology Research,Heterotopic simultaneous splenic and intrauterine pregnancy after spontaneous conception and review of literature
1657,Scopus,84890626163,,2008,ugwu,,Online Journal of Health and Allied Sciences,Wandering spleen: A common presentation of an uncommon anomaly
742,Scopus,0036692321,T1 DOI,2002,kanmaz,10.1007/bf02722716,Indian Journal of Pediatrics,The split notochord syndrome with dorsal enteric fistula
771,Scopus,0035114549,T1 DOI,2001,ratan,10.1007/s005950170209,Surgery Today,Left diaphragmatic eventration with a suprapubic spleen: Report of a case
427,Scopus,84901711853,T1 DOI,2014,gorsi,10.4103/1319-3767.133026,Saudi Journal of Gastroenterology,Pancreatic volvulus with wandering spleen and gastric volvulus: An unusual triad for acute abdomen in a surgical emergency
575,Scopus,69249192939,T1 DOI,2009,karabulut,10.1007/s12519-009-0043-0,World Journal of Pediatrics,Delayed presentation of congenital diaphragmatic hernia with intrathoracic gastric volvulus
1658,Scopus,84930859043,,2009,akinola,,International Journal of Tropical Medicine,Splenic torsion in pregnancy: A case report
738,Scopus,0036728030,T1 DOI,2002,pereira,10.1016/s0210-4806(02)72830-1,Actas urologicas españolas,Infrequent left renal pseudomass: Ectopic spleen
558,Scopus,77950358851,T2 title+author+year,2009,biondi,,Annali Italiani di Chirurgia,"Pelvic splenomegaly. Ptosic, migrant or accessory spleen?"
1468,Scopus,79956300667,T1 DOI,2010,gang,10.1016/j.jmig.2010.07.004,Journal of Minimally Invasive Gynecology,Successful laparoscopic management of early splenic pregnancy: Case report and review of literature
1659,Scopus,84870735175,,2012,zhao,10.3760/cma.j.issn.1005-1201.2012.11.025,Chinese Journal of Radiology (China),Wandering spleen: one case report
751,Scopus,0036126605,T1 DOI,2002,hamel,10.1016/s0001-706x(02)00025-6,Acta Tropica,Nonoperative treatment of splenic rupture in malaria tropica: Review of literature and case report
700,Scopus,2442688171,T1 DOI,2004,deux,10.2214/ajr.182.6.1821607,American Journal of Roentgenology,Acute torsion of wandering spleen: MRI findings
718,Scopus,0344013463,T1 DOI,2003,estevao-costa,10.1055/s-2003-43579,European Journal of Pediatric Surgery,Neonatal Splenic Necrosis Not Related to Wandering Spleen
758,Scopus,0034787643,T1 DOI,2001,wen,10.1007/s005350170051,Journal of Gastroenterology,Sonographic findings of wandering spleen
641,Scopus,33748944297,T1 DOI,2006,gayer,10.1053/j.sult.2006.06.002,"Seminars in Ultrasound, CT and MRI",Congenital Anomalies of the Spleen
1660,Scopus,77951751316,,2010,collins,,Animal Welfare,Welfare epidemiology as a tool to assess the welfare impact of inherited defects on the pedigree dog population
793,Scopus,0032735432,T1 DOI,1999,vural,10.1002/(sici)1097-0096(199911/12)27:9<534::aid-jcu8>3.0.co;2-x,Journal of Clinical Ultrasound,Symptomatic wandering accessory spleen in the pelvis: Sonographic findings
581,Scopus,77956641805,T1 DOI,2010,yasuda,10.1055/s-0029-1220708,European Journal of Pediatric Surgery,Wandering spleen causing intestinal obstruction after repair of congenital diaphragmatic hernia
764,Scopus,0034743592,T1 DOI,2001,resiere,10.1016/s0248-8663(01)00395-2,Revue de Medecine Interne,Wandering spleen' revealed by hematemesis [4]
709,Scopus,1842815209,T1 DOI,2004,vazquez,10.1007/s00383-003-1110-6,Pediatric Surgery International,Acute torsion of the spleen: Diagnosis and management
435,Scopus,84916196263,T1 DOI,2014,karakus,10.1007/s12098-014-1435-2,Indian Journal of Pediatrics,An Etiologic Dilemma of Wandering Spleen in Childhood: Is it Congenital or Acquired?
714,Scopus,0346093575,T1 DOI,2003,romero,10.1097/01.pec.0000101582.65509.cc,Pediatric Emergency Care,Wandering Spleen: A Rare Cause of Abdominal Pain
564,Scopus,71749101999,T1 DOI,2009,ohta,10.1292/jvms.001533,Journal of Veterinary Medical Science,Primary splenic torsion in a boston terrier
539,Scopus,79952608415,T1 DOI,2011,sucandy,10.4297/najms.2011.399,North American Journal of Medical Sciences,Spontaneous massive hemoperitoneum: A potentially life threatening presentation of the wandering spleen
754,Scopus,18544412955,T1 DOI,2001,d'halluin,10.1016/s1297-9589(01)00226-0,Gynecologie Obstetrique Fertilite,Torsion de rate accessoire: Une étiologie de syndrome péritonéal bien atypique
1661,Scopus,84893054566,,2013,samarasinghe,10.1016/j.epsc.2013.05.006,Journal of Pediatric Surgery Case Reports,Wandering spleen and splenic torsion associated with upper respiratory tract infection
523,Scopus,84555169143,T2 title+author+year,2011,nobre,,Cirugía pediátrica : organo oficial de la Sociedad Española de Cirugía Pediátrica,[Sudden abdominal pain...is it a surprise? Necrosis of an ectopic spleen].
695,Scopus,3042578972,T1 DOI,2004,tucker,10.1016/j.amjsurg.2003.11.042,American Journal of Surgery,Recurrent torsion of a wandering spleen
550,Scopus,77955597677,T1 DOI,2010,fiquet-francois,10.1016/j.jpedsurg.2010.03.003,Journal of Pediatric Surgery,Wandering spleen in children: Multicenter retrospective study
723,Scopus,0038147407,T1 DOI,2003,jeneby,10.1034/j.1600-0684.2003.00001.x,Journal of Medical Primatology,Ectopic splenic nodules in the olive baboon (Papio cynocephalus anubis)
683,Scopus,15744376055,T1 DOI,2005,schaarschmidt,10.1016/j.jpedsurg.2004.11.020,Journal of Pediatric Surgery,The technique of laparoscopic retroperitoneal splenopexy for symptomatic wandering spleen in childhood
489,Scopus,84874110643,T1 DOI,2013,magowska,10.1007/s00268-012-1880-x,World Journal of Surgery,"Wandering spleen: A medical enigma, its natural history and rationalization"
1662,Scopus,33749497050,,2006,delgado,,Acta Pediatrica Espanola,Wandering spleen
517,Scopus,84857877746,T1 DOI,2012,chen,10.7863/jum.2012.31.3.483,Journal of Ultrasound in Medicine,Sonographic diagnosis of a subclinical wandering spleen: Role of the decubitus position
664,Scopus,30344452324,T1 DOI,2005,hedeshian,10.1089/lap.2005.15.670,Journal of Laparoendoscopic and Advanced Surgical Techniques - Part A,Laparoscopic splenopexy of a pediatric wandering spleen by creation of a retroperitoneal pocket
803,Scopus,0032918450,T1 DOI,1999,kanthan,10.1155/1999/828742,Canadian Journal of Gastroenterology,The 'true' splenic wanderer
593,Scopus,77953376698,T2 title+author+year,2008,choh,,Pakistan Paediatric Journal,Wandering spleen presenting as recurrent abdominal pain in a young female
428,Scopus,84903640522,T1 DOI,2014,blouhos,10.1016/j.ijscr.2014.05.010,International Journal of Surgery Case Reports,Ectopic spleen: An easily identifiable but commonly undiagnosed entity until manifestation of complications
684,Scopus,14644391518,T1 DOI,2005,yilmaz,10.7863/jum.2005.24.3.379,Journal of Ultrasound in Medicine,Torsion of a wandering spleen associated with portal vein thrombosis
1663,Scopus,84856270055,,2011,botchu,,Hong Kong Journal of Radiology,Multi-detector computed tomography of spleen
708,Scopus,1542346801,T1 DOI,2004,lu,10.1097/01.ta.0000033501.57290.ad,"Journal of Trauma - Injury, Infection and Critical Care",Wandering Spleen Presenting as Gastric Outlet Obstruction after Repair of Traumatic Diaphragmatic Hernia
1664,Scopus,0036767894,,2002,chan,,Journal of the Formosan Medical Association,Erratum: Acute abdomen of a wandering spleen (Journal of the Formosan Medical Association (2002) vol. 101 (577-580))
1479,Scopus,0033628741,T2 title+author+year,2000,miyagishi,10.3892/ijmm.5.1.27,International journal of molecular medicine,"Molecular characterization of mesoderm-restricted basic helix-loop-helix protein, POD-1/Capsulin."
654,Scopus,33745049206,T1 DOI,2006,parton,10.2460/javma.228.12.1895,Journal of the American Veterinary Medical Association,Gastric ulceration subsequent to partial invagination of the stomach in a dog with gastric dilatation-volvulus
525,Scopus,80054718845,T1 DOI,2011,inoue,10.1016/j.jpedsurg.2011.06.019,Journal of Pediatric Surgery,Laparoscopic detorsion and colopexy for splenic flexure volvulus in an infant
1665,Scopus,33947230789,,2006,de,,Italian Journal of Pediatrics,Acute torsion of wandering spleen
449,Scopus,84899413137,T1 DOI,2014,lombardi,10.1007/s00247-013-2851-6,Pediatric Radiology,Wandering spleen in children: A report of 3 cases and a brief literature review underlining the importance of diagnostic imaging
696,Scopus,3042845134,T1 DOI,2004,hosgor,10.1016/j.jpedsurg.2004.03.050,Journal of Pediatric Surgery,Associated malformations in delayed presentation of congenital diaphragmatic hernia
697,Scopus,4944238199,T1 DOI,2004,bakir,10.1007/s00261-004-0174-7,Abdominal Imaging,Acute torsion of a wandering spleen: Imaging findings
1354,Scopus,84876560891,T1 DOI,2013,frank,10.1200/jco.2012.44.4877,Journal of Clinical Oncology,Rare case of a dislocated spleen in a patient with B-cell lymphoma
548,Scopus,77956008406,T1 DOI,2010,saouab,10.1259/bjr/88857252,British Journal of Radiology,Post-traumatic acute abdominal pain
603,Scopus,44849111936,T2 title+author+year,2008,safarov,,Khirurgiia,Torsion of floating spleen
534,Scopus,84857053984,T1 DOI,2012,ramos-clemente,10.1016/j.ciresp.2010.10.015,Cirugia Espanola,Splenic torsion in a patient with ectopic spleen
640,Scopus,33745972963,T1 DOI,2006,sarria,10.1016/s0033-8338(06)73149-6,Radiologia,Wandering spleen associated to inflammatory pseudotumor
1666,Scopus,23844457064,,2005,burcharth,,Ugeskrift for Laeger,Wandering spleen: Report of a case and a review
554,Scopus,77958039218,T1 DOI,2010,maschio,10.1016/j.jpeds.2010.04.046,Journal of Pediatrics,Splenomegaly as presentation of a wandering spleen
1467,Scopus,78751549510,T1 DOI,2011,del,10.1016/j.jpedsurg.2010.09.008,Journal of Pediatric Surgery,Epithelial cyst of the spleen with foci of ectopic liver
532,Scopus,79953852923,T1 DOI,2011,irak,10.4318/tjg.2011.0165,Turkish Journal of Gastroenterology,A case of torsion of the wandering spleen presenting as hypersplenism and gastric fundal varices
494,Scopus,84866162263,T1 DOI,2012,le,10.4293/108680812x13291597716861,Journal of the Society of Laparoendoscopic Surgeons,Splenic torsion requiring splenectomy six years following laparoscopic nissen fundoplication
425,Scopus,84945124176,T1 DOI,2015,collarino,10.1097/rlu.0000000000000601,Clinical Nuclear Medicine,Intrapancreatic accessory spleen detected by 68Ga DOTANOC PET/CT and 99mTc-colloid SPECT/CT scintigraphy
472,Scopus,84891592502,T1 DOI,2013,gobishangar,10.4038/cmj.v58i1.5363,The Ceylon medical journal,A rare cause of acute abdomen: torsion of a second spleen.
1463,Scopus,84897591947,T1 DOI,2014,grinbaum,10.1007/s00261-011-9703-3,Abdominal Imaging,Erratum: Torsion of an accessory spleen (Abdominal Imaging (2006) 31 (110-112) DOI: 10.1007/s00261-005-0042-0)
669,Scopus,28044456334,T1 DOI,2005,taori,10.1259/bjr/33073529,British Journal of Radiology,Pseudocyst formation: A rare complication of wandering spleen
455,Scopus,84893326960,T1 DOI,2014,polat,10.3109/08880018.2013.831150,Pediatric Hematology and Oncology,Hereditary spherocytosis and wandering spleen
462,Scopus,84879473290,T1 DOI,2013,anyfantakis,10.1016/j.ijscr.2013.05.002,International Journal of Surgery Case Reports,Acute torsion of a wandering spleen in a post-partum female: A case report
1667,Scopus,33947671450,,2006,marques,,Pediatrics in Review,Index of suspicion: Case 3. Presentation
707,Scopus,2442672681,T1 DOI,2004,ajello,10.1007/s00431-003-1322-8,European Journal of Pediatrics,The wandering spleen: Something to bear in mind in the presence of a mobile abdominal mass
547,Scopus,84869082764,T1 DOI,2012,kapan,10.1016/j.jemermed.2010.06.029,Journal of Emergency Medicine,A wandering spleen presenting as an acute abdomen: Case report
1668,Scopus,72049105816,,2009,baradaran,,Acta Medica Iranica,Torsion of the wandering spleen
566,Scopus,73949099014,T1 DOI,2009,darius,10.1080/00015458.2009.11680453,Acta Chirurgica Belgica,"A True ectopic, locally vascularized spleen : A very rare anomaly"
493,Scopus,84867883192,T1 DOI,2012,cecchetto,10.4081/pmc.2012.81,La Pediatria medica e chirurgica : Medical and surgical pediatrics,Acute splenic torsion in children: which is the best treatment? A case report.
787,Scopus,0034044438,T1 DOI,2000,sirikci,10.1016/s0022-5347(05)67592-1,Journal of Urology,Thoracic kidney associated with superior ectopic spleen
486,Scopus,84892162628,T1 DOI,2013,yilmaz,10.5152/ucd.2013.47,Turkish Journal of Surgery,Torsion of wandering spleen as a rare reason for acute abdomen: A presentation of two cases
531,Scopus,79955544330,T2 title+author+year,2011,maamouri,,Tunisie Medicale,Asymptomatic chronic torsion of a pelvic wandering spleen
578,Scopus,70349780407,T1 DOI,2009,trotta,10.1016/j.vetpar.2009.07.022,Veterinary Parasitology,"Clinicopathological findings, molecular detection and characterization of Babesia gibsoni infection in a sick dog from Italy"
545,Scopus,77957725392,T1 DOI,2010,el,10.4103/1319-3767.70618,Saudi Journal of Gastroenterology,Torsion of a wandering spleen
1669,Scopus,84875507916,,2013,nielsen,,Ugeskrift for Laeger,Månedens billede
804,Scopus,0032617439,T2 title+author+year,1999,kurguzov,,Khirurgiia,Mobile spleen
685,Scopus,23044487358,T1 DOI,2005,smith,10.1111/j.1532-950x.2005.00001.x,Veterinary Surgery,Splenic torsion in an alpaca
688,Scopus,33644876301,T1 DOI,2004,parvaiz,10.1100/tsw.2004.208,TheScientificWorldJournal,Torted and ruptured wandering spleen presenting as a surgical emergency in pregnancy.
1670,Scopus,0034483159,,2000,radevic,,Archives of Gastroenterohepatology,Blood dyscrasia caused by wandering spleen reversed by partial splenic resection and splenopexy
552,Scopus,77957598642,T1 DOI,2010,okazaki,10.1007/s00383-010-2657-7,Pediatric Surgery International,Laparoscopic splenopexy and gastropexy for wandering spleen associated with gastric volvulus
496,Scopus,84865096759,T1 DOI,2012,kocakoc,10.5334/jbr-btr.592,JBR-BTR,Torsion of the wandering spleen
776,Scopus,0035170232,T1 DOI,2001,tateishi,10.1002/1097-0096(200101)29:1<60::aid-jcu11>3.0.co;2-o,Journal of Clinical Ultrasound,Value of power Doppler sonography in the evaluation of torsion in a wandering spleen [1]
689,Scopus,21244442014,T1 DOI,2003,mackintosh,10.1016/s1479-666x(03)80140-3,The surgeon : journal of the Royal Colleges of Surgeons of Edinburgh and Ireland,"Re: ""Wandering spleen: case report and literature review"" Satyadas et al. J R Coll Edinb 2002; 47: 512-514."
781,Scopus,0034718269,T1 DOI,2000,szatmari,10.1136/vr.147.9.247,The Veterinary record,Spontaneous resolution of splenic torsion in a dog.
757,Scopus,0034305834,T2 title+author+year,2000,andley,,International Surgery,Internal herniation of wandering spleen - A rare cause of recurrent abdominal pain
1270,Scopus,33646887993,T1 DOI,2006,stoneham,10.1111/j.1476-4431.2005.00164.x,Journal of Veterinary Emergency and Critical Care,Resolution of severe thrombocytopenia in two standard Poodles with surgical correction of splenic torsion
559,Scopus,75649146244,T2 title+author+year,2009,dirican,,Bratislava Medical Journal,Torsion of wandering spleen
1671,Scopus,105038480624,,2013,nistal,10.1007/978-1-4471-2763-5_14,Atlas on the Human Testis: Normal Morphology and Pathology,Congenital Testis Pathology
1672,Scopus,77955627941,,2010,carapinha,,SAJCH South African Journal of Child Health,Torsion of a wandering spleen
562,Scopus,77953468177,T2 title+author+year,2010,turhan,,International Medical Case Reports Journal,Wandering spleen: Report of two cases
624,Scopus,34247570333,T1 DOI,2007,lacreuse,10.1089/lap.2006.0005,Journal of Laparoendoscopic and Advanced Surgical Techniques,Laparoscopic splenopexy for a wandering spleen in a child
1673,Scopus,0036706157,,2002,dahiya,,Indian Journal of Radiology and Imaging,Wandering spleen: Unusual presentation and course of events
436,Scopus,84922480685,T1 DOI,2014,ihedioha,10.1177/0036933014530847,Scottish Medical Journal,Conservative treatment of splenic infarction and intestinal obstruction caused by a wandering spleen
706,Scopus,0742323056,T1 DOI,2004,balliu,10.1016/j.jpedsurg.2003.10.025,Journal of Pediatric Surgery,Splenic Haemorrhage in a Newborn as the First Manifestation of Wandering Spleen Syndrome
1674,Scopus,84965100563,,2016,pineda,10.7717/peerj.1770,PeerJ,"A crab swarm at an ecological hotspot: Patchiness and population density from AUV observations at a coastal, tropical seamount"
1675,Scopus,23844556691,,2004,chappidi,10.1016/j.ejrex.2004.10.002,European Journal of Radiology Extra,"Acute mesenteroaxial volvulus associated with congenital diaphragmatic hernia, wandering spleen, and intrathoracic kidney: CT findings"
732,Scopus,0037870115,T1 DOI,2003,chawla,10.1148/rg.232025110,Radiographics,Splenic Torsion
1478,Scopus,0034122233,T2 title+author+year,2000,deconinck,,Development,FOG acts as a repressor of red blood cell development in Xenopus
1676,Scopus,84907908972,,2014,dong,,Academic Journal of Second Military Medical University,One case of iliac fossa spleen planting and the literature review
623,Scopus,34248189255,T1 DOI,2007,upadhyaya,10.1016/j.jpedsurg.2007.03.001,Journal of Pediatric Surgery,Laparoscopic splenopexy and cystectomy for an enlarged wandering spleen and splenic cyst
1405,Scopus,84937580974,T2 title+author+year,2015,de,,Acta Scientiae Veterinariae,Videolaparoscopic splenectomy with bipolar electrosurgery in dog with splenic mass
441,Scopus,84898596317,T1 DOI,2014,sheikh,10.1186/1754-9493-8-12,Patient Safety in Surgery,Non-operative management of a rare diagnosis of splenic torsion in a child with a history of giant omphalocele: A case report and literature review
666,Scopus,30544432224,T1 DOI,2006,grinbaum,10.1007/s00261-005-0042-0,Abdominal Imaging,Torsion of an accessory spleen
1677,Scopus,77958171399,,2010,an,10.4046/trd.2010.69.3.191,Tuberculosis and Respiratory Diseases,Supradiaphragmatic heterotopic liver presenting as a pleural mass: A case report
1678,Scopus,1242286142,,2004,fakler,,Chirurgische Praxis,Wandering spleen
421,Scopus,84908395235,T1 DOI,2014,clark,10.3941/jrcr.v8i10.1969,Journal of Radiology Case Reports,Dynamic MRI in the diagnosis and post surgical evaluation of wandering spleen
728,Scopus,0037664461,T2 title+author+year,2002,almas,,"Chirurgia (Bucharest, Romania : 1990)",Volvulus of the wandering spleen
483,Scopus,84875759423,T1 DOI,2013,centonze,10.1016/j.jemermed.2012.05.038,Journal of Emergency Medicine,Atypical presentation of a wandering spleen in niemann-pick disease
1679,Scopus,34248328302,,2007,nishigori,10.5833/jjgs.40.639,Japanese Journal of Gastroenterological Surgery,A case of rupture of the accessory spleen caused by the torsion
1680,Scopus,39149086389,,2007,feroci,,Chirurgia,The torsion of a wandering pelvic spleen: A case report and review of the literature
719,Scopus,0242609100,T1 DOI,2003,brown,10.1016/s0022-3468(03)00582-7,Journal of Pediatric Surgery,Wandering Spleen and its Complications in Children: A Case Series and Review of the Literature
1681,Scopus,84864953645,,2010,zheng,,Chinese Journal of Medical Imaging Technology,Overturning spleen complicated with ectopic kidney below the left diaphragm: Case report
1682,Scopus,0036059093,,2002,shirani,,Archives of Iranian Medicine,Torsion of wandering spleen and tail of pancreas
1683,Scopus,84882678915,,2011,de,10.2174/978160805273811101010153,The Spleen,"Benign vascular, cystic and solid diseases of the spleen"
1684,Scopus,58349089881,,2008,de,10.1590/s0100-69912008000500015,Revista do Colegio Brasileiro de Cirurgioes,Wandering spleen in parastomal hernia
448,Scopus,84874558346,T1 DOI,2013,misra,10.1007/s12262-012-0546-0,Indian Journal of Surgery,Giant Cavernous Haemangioma of the Wandering Spleen
646,Scopus,34147183307,T2 title+author+year,2006,kayhan,,Turkish Journal of Gastroenterology,Hypoplastic pancreas and ectopic spleen as an abdominal mass: A case report
760,Scopus,0034857796,T1 DOI,2001,tashjian,10.1016/s0022-3468(01)70004-8,Journal of Pediatric Surgery,Correspondence [2]
761,Scopus,0034821582,T2 title+author+year,2001,dweck,,Israel Medical Association Journal,Wandering spleen in a young girl with Gaucher disease
1685,Scopus,77954026123,,2010,katsuta,10.5833/jjgs.43.554,Japanese Journal of Gastroenterological Surgery,A case of torsion of wandering spleen with mesenterium commune
1686,Scopus,40749095953,,2008,jung,,Journal of Veterinary Clinics,Acute and chronic isolated splenic torsion in two dogs
1293,Scopus,84918770342,T2 title+author+year,2014,ul,,Journal of the College of Physicians and Surgeons Pakistan,Torsion of a wandering spleen: An unusual abdominal catastrophe
615,Scopus,38849160133,T1 DOI,2007,barbaros,10.1097/sle.0b013e3180ca9b54,"Surgical Laparoscopy, Endoscopy and Percutaneous Techniques",Laparoscopic treatment of a wandering spleen causing partial colonic obstruction: Report of a case
637,Scopus,0036765616,T1 DOI,2002,qandali,10.5144/0256-4947.2002.412,Annals of Saudi Medicine,Torsion of wandering spleen: Case report and literature review [4]
1294,Scopus,0347122108,T3 similar title+author+year,2001,szatmari,,Magyar Allatorvosok Lapja,"Bi-directional stagnant (""to-and-fro"") flow in the parenchymal splenic veins of a dog with splenic torsion detected by Doppler ultrasonography"
712,Scopus,0347597809,T2 title+author+year,2003,abba,,Saudi Medical Journal,Wandering spleen
778,Scopus,0033672963,T1 DOI,2000,emir,10.1007/s003830000353,Pediatric Surgery International,A case of wandering spleen causing urinary symptoms after correction of a posterolateral diaphragmatic hernia
1687,Scopus,84895240742,,2009,palanivelu,10.1007/978-3-540-78387-9_52,Essentials of Pediatric Endoscopic Surgery,Mesh splenopexy for wandering spleen
748,Scopus,0036729876,T2 title+author+year,2002,benevento,,Surgical endoscopy,"Emergency laparoscopic splenectomy for ""wandering"" (pelvic) spleen: case report and review of the literature on laparoscopic approach to splenic diseases."
1688,Scopus,84927695311,,2015,nikaido,10.1016/j.cgh.2014.09.035,Clinical Gastroenterology and Hepatology,Prevention of Gastric Volvulus-induced Recurrent Acute Pancreatitis by Percutaneous Endoscopic Gastropexy
661,Scopus,33645226123,T1 DOI,2006,volk,10.1007/s00117-005-1333-8,Radiologe,Diagnostic imaging of splenic disease
357,Scopus,85010915229,T1 DOI,2016,peretti,10.4081/pmc.2016.119,Pediatria Medica e Chirurgica,Wandering spleen with a ten-time twisted vascular pedicle
705,Scopus,0742305381,T1 DOI,2004,fearne,10.1016/j.jpedsurg.2003.10.033,Journal of Pediatric Surgery,Letter to the Editor [4] (multiple letters)
527,Scopus,82455204671,T1 DOI,2011,garrett,10.1089/lap.2011.0148,Journal of Laparoendoscopic and Advanced Surgical Techniques,Single-incision laparoscopic approach to management of splenic pathology in children: An early experience
577,Scopus,76449105241,T1 DOI,2010,dillman,10.1007/s00247-009-1376-5,Pediatric Radiology,The wandering spleen
638,Scopus,33751416884,T1 DOI,2006,takayasu,10.1007/s00595-006-3303-9,Surgery Today,Splenic autotransplantation for a congested and enlarged wandering spleen with torsion: Report of a case
750,Scopus,0037029079,T1 DOI,2002,teomete,10.1016/s0895-6111(01)00037-4,Computerized Medical Imaging and Graphics,Ectopic spleen and left–sided vena cava in Beckwith-Wiedemann syndrome
542,Scopus,78149403766,T1 DOI,2010,montenovo,10.1097/sle.0b013e3181f69ce2,"Surgical Laparoscopy, Endoscopy and Percutaneous Techniques",Laparoscopic splenopexy for wandering spleen: Case report and review of the literature
1689,Scopus,84900326938,,2014,bilici,10.4328/jcam.821,Journal of Clinical and Analytical Medicine,Borchardt triade: A symptom of acute gastric volvulus
715,Scopus,1442351229,T1 DOI,2003,weiand,10.1007/s00104-003-0714-7,Chirurg,"Accessory spleen of the pancreatic tail - A neglected entity? A contribution to embryology, topography and pathology of ectopic splenic tissue"
593,Scopus,59649117442,T1 DOI,2008,cho,10.1007/s12098-008-0181-8,Indian Journal of Pediatrics,Wandering spleen presenting as recurrent abdominal pain in a young female
600,Scopus,44449175539,T1 DOI,2008,singla,10.1016/j.ajem.2007.10.026,American Journal of Emergency Medicine,Wandering spleen presenting as bleeding gastric varices
381,Scopus,84955116629,T2 title+author+year,2016,ahmadi,,Acta Medica Iranica,A rare case of splenic torsion with sigmoid volvulus in a 14-year-old girl
482,Scopus,84873682876,T1 DOI,2013,tran,10.1016/j.jpedsurg.2012.11.043,Journal of Pediatric Surgery,"Prune belly syndrome, splenic torsion, and malrotation: A case report"
479,Scopus,84879688857,T1 DOI,2013,kargl,10.1136/archdischild-2012-303481,Archives of Disease in Childhood,Acute abdomen due to splenic torsion
1678,Scopus,8644241739,T2 title+author+year,2004,fakler,,Tagliche Praxis,Wandering spleen
541,Scopus,80054742895,T1 DOI,2011,parisinos,10.1136/bcr.08.2011.4676,BMJ Case Reports,Right abdominal mass in a 2 year-old child
409,Scopus,84908648649,T2 title+author+year,2014,faridi,,Malaysian Journal of Medical Sciences,Wandering spleen- A diagnostic challenge: Case report and review of literature
468,Scopus,84879103618,T1 DOI,2013,heydari,10.1016/j.ajem.2013.02.017,American Journal of Emergency Medicine,Wandering spleen presenting as small bowel obstruction
452,Scopus,84896734572,T1 DOI,2014,bouzaidi,10.1016/j.lpm.2013.04.022,Presse Medicale,Infarction of a wandering spleen - A case report
1690,Scopus,84930065899,,2015,akimori,10.4993/acrt.23.1,Annals of Cancer Research and Therapy,A case of peliosis and epithelial cyst of intrapancreatic heterotopic spleen: A differential diagnosis of pancreatic mucinous cystic neoplasm
1336,Scopus,33845805153,T2 title+author+year,2006,gradner,,Wiener Tierarztliche Monatsschrift,Intra-abdominal testicular torsion in a cryptorchid dog
798,Scopus,17544389171,T2 title+author+year,1999,catani,,Annali italiani di chirurgia,Laparoscopy in an abdominal emergency: the diagnosis and therapy in 3 clinical cases of acute abdomen
585,Scopus,65349120025,T1 DOI,2009,franois-fiquet,10.1089/lap.2008.0091.supp,Journal of Laparoendoscopic and Advanced Surgical Techniques,Laparoscopic gastropexy for the treatment of gastric volvulus associated with wandering spleen
596,Scopus,70350462147,T2 title+author+year,2008,lebron,,Journal of the Society of Laparoendoscopic Surgeons,Wandering spleen presenting as recurrent pancreatitis
430,Scopus,84901493925,T1 DOI,2014,sharma,10.1186/1752-1947-8-133,Journal of Medical Case Reports,A torted wandering spleen: A case report
734,Scopus,0037264346,T1 DOI,2003,chang,10.1034/j.1600-0455.2003.00001.x,Acta Radiologica,Multidetector-row CT appearance of acute torsion of wandering spleen in a child
789,Scopus,0034082842,T1 DOI,2000,spector,10.1053/jpsu.2000.0350641,Journal of Pediatric Surgery,Gastric volvulus associated with wandering spleen in a child
515,Scopus,84862208681,T1 DOI,2012,bekheit,10.1016/j.ijscr.2011.10.020,International Journal of Surgery Case Reports,Wandering hemi-spleen: Laparoscopic management of wandering spleen in a case of polysplenia
516,Scopus,84872297243,T1 DOI,2013,fonseca,10.1016/j.jemermed.2011.06.146,Journal of Emergency Medicine,Torsion of a wandering spleen treated with partial splenectomy and splenopexy
399,Scopus,84973431560,T1 DOI,2015,torri,10.1111/ases.12188,Asian journal of endoscopic surgery,Urgent laparoscopic mesh splenopexy for torsion of wandering spleen and distal pancreas: A case report
619,Scopus,34547838209,T1 DOI,2007,falchetti,10.1016/j.jpedsurg.2007.03.063,Journal of Pediatric Surgery,Splenic cyst in a wandering spleen: laparoscopic treatment with preservation of splenic function
1429,Scopus,33645472949,T2 title+author+year,2006,glinska,,Medycyna Weterynaryjna,Torsion of the urinary bladder in dogs
1287,Scopus,24344503865,T2 title+author+year,2000,bhadwal,,Indian Veterinary Journal,Haematological changes following splenic torsion in dogs
586,Scopus,54349094026,T2 title+author+year,2008,satpathi,,Journal of Association of Physicians of India,Ectopic spleen with cirrhosis of liver
388,Scopus,84946031330,T1 DOI,2015,flores-rios,10.3941/jrcr.v9i10.2475,Journal of Radiology Case Reports,"Wandering spleen, gastric and pancreatic volvulus and right-sided descending and sigmoid colon"
693,Scopus,4344718858,T1 DOI,2004,cavazos,10.1089/lap.2004.14.227,Journal of Laparoendoscopic and Advanced Surgical Techniques - Part A,Laparoscopic management of the wandering spleen
652,Scopus,33746541174,T2 title+author+year,2006,mazariegos,10.1177/000313480607200622,American Surgeon,Anguishing over a spleen
1691,Scopus,58149218327,,2009,li,10.1097/mcd.0b013e328318c4fb,Clinical Dysmorphology,Novel craniofacial and extracraniofacial findings in a case of Treacher Collins syndrome with a pathogenic mutation and a missense variant in the TCOF1 gene
1476,Scopus,0036008660,T1 DOI,2002,mak,10.1046/j.1365-2257.2002.00424.x,Clinical and Laboratory Haematology,Idiopathic myelofibrosis with extramedullary haemopoiesis involving the urinary bladder in a Chinese lady
1378,Scopus,84993964553,T2 title+author+year,2016,tian,,International Journal of Clinical and Experimental Pathology,Diagnosis of multiple splenosis in right thorax and retroperitoneum: A case report and literature review
676,Scopus,33644666032,T2 title+author+year,2005,hurme,,Duodecim; lääketieteellinen aikakauskirja,Diagnosis and treatment of acute torsion and wandering spleen
1286,Scopus,24144490065,T2 title+author+year,2000,bhadwal,,Indian Veterinary Journal,Clinico - Pathological studies on experimentally induced torsion of spleen in dogs
492,Scopus,84877063705,T1 DOI,2012,o,10.1016/j.gie.2012.07.011,Gastrointestinal Endoscopy,Ectopic spleen presenting as a gastric submucosal tumor
1283,Scopus,78751486522,T1 DOI,2011,yakan,10.1177/102490791101800107,Hong Kong Journal of Emergency Medicine,Acute torsion of a wandering spleen causing acute abdomen
670,Scopus,32944466629,T2 title+author+year,2005,puglisi,,Chirurgia italiana,Wandering spleen as a cause of acute abdomen: a case report.
756,Scopus,0035404799,T2 title+author+year,2001,reisli,,Turkish Journal of Pediatrics,A case of osteopetrosis with pelvic ectopic spleen: An unusual association
766,Scopus,0035348803,T1 DOI,2001,patsikas,10.1111/j.1740-8261.2001.tb00931.x,Veterinary Radiology and Ultrasound,Computed tomography diagnosis of isolated splenic torsion in a dog
656,Scopus,33745588563,T1 DOI,2006,sinha,10.1007/s00383-006-1673-0,Pediatric Surgery International,Splenoptosis complicated by a large splenic cyst: Case report and discussion of combined management
498,Scopus,84882286421,T1 DOI,2013,priyadarshi,10.1007/s00261-012-9944-9,Abdominal Imaging,Torsion in wandering spleen: CT demonstration of whirl sign
597,Scopus,51149118264,T1 DOI,2008,wallace,10.1097/aog.0b013e3181809671,Obstetrics and Gynecology,A Wandering spleen: Unusual cause of a pelvic mass
612,Scopus,84983120364,T1 DOI,2008,dejohn,10.2484/rcr.v3i4.229,Radiology Case Reports,Wandering Spleen: A Rare Diagnosis with Variable Presentation
1692,Scopus,33750541974,,2006,maldonado,,Revista Chilena de Pediatria,Twisted wandering spleen
1693,Scopus,84858196333,,2012,warren,10.1308/003588412x13171221588974,Annals of the Royal College of Surgeons of England,Splenic laceration with a twist: A lesson learnt from gastric volvulus
1694,Scopus,84877635711,,2013,jones,10.1177/8756479312472392,Journal of Diagnostic Medical Sonography,The case of the wandering spleen
529,Scopus,83155183411,T1 DOI,2011,chu,10.1258/ar.2011.100504,Acta Radiologica,Wandering spleen with torsion and complete infarction
629,Scopus,34047103811,T1 DOI,2007,liu,10.2214/ajr.05.0672,AJR. American journal of roentgenology,Wandering spleen: an unusual association with gastric volvulus.
762,Scopus,0034876012,T1 DOI,2001,gayer,10.1259/bjr.74.884.740767,British Journal of Radiology,CT findings in congenital anomalies of the spleen
801,Scopus,0032937291,T1 DOI,1999,ohta,10.1097/00003072-199906000-00023,Clinical Nuclear Medicine,Tc-99m phytate images in a patient with a wandering spleen
361,Scopus,84975483075,T1 DOI,2016,deme,10.11604/pamj.2016.24.15.7554,Pan African Medical Journal,Torsion of wandering spleen in a teenager: About a case
457,Scopus,84883827995,T1 DOI,2013,king,10.1016/j.jmig.2013.02.007,Journal of Minimally Invasive Gynecology,Pelvic Pain in the Presence of Wandering Spleen
729,Scopus,0037398006,T1 DOI,2003,granel,10.1016/s0002-9343(03)00060-3,American Journal of Medicine,Splenic volvulus in a young woman [4]
1695,Scopus,79954502457,,2011,polat,10.5097/1300-0705.ucd.557-10.00,Turkish Journal of Surgery,An unusual case of acute abdomen: Torsion of wandering spleen
633,Scopus,33846217841,T1 DOI,2007,pagoti,10.1016/j.ijgo.2006.09.036,International Journal of Gynecology and Obstetrics,Ectopic spleen presenting as a pelvic mass
379,Scopus,84954520066,T1 DOI,2015,grambow,10.1159/000442115,Viszeralmedizin: Gastrointestinal Medicine and Surgery,Ectopic Spleen Tissue - An Underestimated Differential Diagnosis of a Hypervascularised Liver Tumour
701,Scopus,4043069084,T1 DOI,2004,corcione,10.1007/s00464-003-4254-5,Surgical endoscopy,Laparoscopic splenectomy for the treatment of wandering spleen.
1410,Scopus,33751212772,T1 DOI,2006,ando,10.1111/j.1442-2042.2006.01598.x,International Journal of Urology,Splenogonadal fusion: Case report and review of published works
1696,Scopus,84958043804,,2015,nistal,10.2350/14-04-1469-pb.1,Pediatric and Developmental Pathology,"Perspectives in pediatric pathology, chapter 10. Ectopic and heterotopic tissues in the testis"
704,Scopus,85001655055,T1 DOI,2002,moran,10.1016/s0149-7944(02)00737-7,Journal of the Royal College of Surgeons of Edinburgh,Spontaneous rupture of a wandering spleen: Case report and literature review
431,Scopus,84905263162,T1 DOI,2014,alabousi,10.1067/j.cpradiol.2014.04.002,Current Problems in Diagnostic Radiology,Cross-Sectional Imaging of Nontraumatic Emergencies of the Spleen
644,Scopus,33747845346,T1 DOI,2006,mai,10.1111/j.1740-8261.2006.00169.x,Veterinary Radiology and Ultrasound,The hilar perivenous hyperechoic triangle as a sign of acute splenic torsion in dogs
1697,Scopus,33644797501,,2005,alawi,,Pakistan Journal of Medical Sciences,Wandering spleen: A challenging diagnosis
560,Scopus,84872036656,T2 title+author+year,2010,mwango,,East African Medical Journal,Wandering spleen: Case report
385,Scopus,84948945991,T1 DOI,2015,engler,10.1016/j.ijscr.2015.10.041,International Journal of Surgery Case Reports,Ectopic spleen and liver hemangioma mimicking metastatic pancreatic neuroendocrine tumor
561,Scopus,85062934498,T1 DOI,2010,lahiri,10.1093/jscr/2010.10.4,Journal of Surgical Case Reports,A case of splenic torsion and rupture presenting as ruptured ectopic pregnancy
568,Scopus,77954873161,T1 DOI,2010,tsitouridis,10.4261/1305-3825.dir.1855-08.1,Diagnostic and Interventional Radiology,CT and MRI of intraperitoneal splenosis
474,Scopus,84875140870,T1 DOI,2013,mehta,10.1016/j.jpedsurg.2013.01.003,Journal of Pediatric Surgery,Splenic torsion after congenital diaphragmatic hernia repair: Case report and review of the literature
580,Scopus,67649313526,T1 DOI,2009,di,10.1016/j.jpedsurg.2009.02.062,Journal of Pediatric Surgery,Abdominal pain and wandering spleen in young children: the importance of an early diagnosis
551,Scopus,77954116086,T1 DOI,2010,arleo,10.1016/j.clinimag.2009.09.001,Clinical Imaging,Multimodality imaging of a neonatal wandering spleen
533,Scopus,79952420805,T2 title+author+year,2011,ityel,,Israel Medical Association Journal,Splenic torsion of a wandering spleen
405,Scopus,84932142719,T2 title+author+year,2015,tandilava,,"Klinichna khirurhiia / Ministerstvo okhorony zdorov'ia Ukraïny, Naukove tovarystvo khirurhiv Ukraïny",Twisting of migrating spleens in a child aging 14 years
573,Scopus,70349428406,T1 DOI,2009,oda,10.1053/j.gastro.2009.02.010,Gastroenterology,A Solid Mass in Pelvic Region
1698,Scopus,77952017652,,2010,ugwu,10.1080/20786204.2010.10873930,South African Family Practice,A wandering spleen: A common presentation of an uncommon anomaly
1699,Scopus,84876068763,,2013,koca,10.5455/gulhane.35179,Gulhane Medical Journal,Torsion of the wandering spleen: A rare case of acute abdominal causing
1700,Scopus,70349599565,,2009,ammor,10.1007/s12157-009-0103-z,Journal Africain d'Hepato-Gastroenterologie,Torsion of a wandering spleen in a child: A case report
620,Scopus,34447282190,T2 title+author+year,2007,peitsidis,,Clinical and Experimental Obstetrics and Gynecology,Splenosis of the peritoneal cavity resembling an adnexal tumor: Case report
571,Scopus,70349336975,T1 DOI,2009,lien,10.1016/s1875-9572(09)60059-0,Pediatrics and Neonatology,Acute Torsion of Wandering Spleen: Report of One Case
1701,Scopus,84876799670,,2013,adak,10.5455/vetworld.2013.360-362,Veterinary World,Ectopic spleen in the pancreas of New Zealand White rabbits
731,Scopus,0037388793,T1 DOI,2003,kim,10.1053/jpsu.2003.50136,Journal of Pediatric Surgery,Avulsion of wandering spleen after traumatic torsion
1702,Scopus,85014598025,,2013,sadro,10.2484/rcr.v8i1.802,Radiology Case Reports,Torsion of an accessory spleen: Case report and review of the literature
464,Scopus,84884674940,T1 DOI,2013,lhuaire,10.1007/s11605-013-2239-9,Journal of Gastrointestinal Surgery,A Rare Cause of Chronic Abdominal Pain: Recurrent Sub-torsions of an Accessory Spleen
456,Scopus,84884933132,T2 title+author+year,2013,scire,,Minerva Pediatrica,Conservative management of accessory spleen torsion in children
570,Scopus,70349564256,T1 DOI,2009,tseng,10.1056/nejmicm0802024,New England Journal of Medicine,Pelvic spleen
1408,Scopus,17444427094,T1 DOI,2005,kinkel,10.1007/s00108-004-1325-1,Internist,Unspecific abdominal complaints: Diagnosis with szintigraphy
725,Scopus,0038280041,T2 title+author+year,2003,benfatto,,Chirurgia italiana,Acute abdomen due to wandering spleen infarction: a case report.
407,Scopus,84943806232,T1 DOI,2015,reinhart,10.5326/jaaha-ms-6129,Journal of the American Animal Hospital Association,Chronic splenic torsion in two dogs
592,Scopus,84874113849,T2 title+author+year,2008,alshukry,,Oman Medical Journal,Splenic torsion
1703,Scopus,84865295321,,2012,khalid,,Pan African Medical Journal,Abdomen Acute torsion of ectopic spleen: A report of a case
1704,Scopus,85026176708,,1999,,,Journal of the American Association for Medical Transcription,Wandering spleen: A challenging diagnosis
393,Scopus,84940915062,T1 DOI,2015,rajaram,10.7860/jcdr/2015/13135.6541,Journal of Clinical and Diagnostic Research,Ectopic spleen presenting as lump abdomen: A rare case report and review of literature
1466,Scopus,79959565624,T1 DOI,2011,czompoly,10.4049/jimmunol.1003770,Journal of Immunology,Transcription factor Nkx2-3 controls the vascular identity and lymphocyte homing in the spleen
770,Scopus,0034744816,T1 DOI,2001,kao,10.1007/s002470000413,Pediatric Radiology,99mTc-sulphur-colloid and heat-denatured 99mTc-labelled red cell scans demonstrating a giant intrapelvic spleen in a girl after splenectomy
601,Scopus,43249099540,T1 DOI,2008,ben,10.1016/j.jpedsurg.2007.12.077,Journal of Pediatric Surgery,Familial wandering spleen: a first instance
1705,Scopus,84455193960,,2011,alsawaf,,CME Journal Geriatric Medicine,The scanner: A pelvic surprise
727,Scopus,0038637703,T1 DOI,2003,gilman,10.1016/s0029-7844(02)02617-0,Obstetrics and Gynecology,Wandering spleen presenting as acute pancreatitis in pregnancy
1706,Scopus,84877858210,,2013,nayak,,"Journal, Indian Academy of Clinical Medicine",A presentation of wandering spleen as pelvic mass
1707,Scopus,0035137157,,2001,bellaiche,,Hepato-Gastro,Digestive hemorrhage in a 23-year-old woman due to gastric varices rupture or wandering spleen with torsion
780,Scopus,0033782195,T1 DOI,2000,nawaz,10.1053/jpsu.2000.16427,Journal of Pediatric Surgery,Intrauterine torsion of a wandering spleen presenting as an abdominal cystic swelling
429,Scopus,84995322585,T1 DOI,2015,mocanu,10.1111/ans.12723,ANZ Journal of Surgery,Accessory spleen torsion in a teenager
1384,Scopus,84879430065,T1 DOI,2013,jayasundara,10.11622/smedj.2013096,Singapore Medical Journal,A case of continuous-type splenogonadal fusion
1471,Scopus,41049116376,T2 title+author+year,2008,yagmur,,Journal of the College of Physicians and Surgeons Pakistan,Accessory spleen presenting as mass in the left upper abdomen
460,Scopus,84881133790,T1 DOI,2013,leci-tahiri,10.1186/1749-7922-8-30,World Journal of Emergency Surgery,Acute abdomen due to torsion of the wandering spleen in a patient with Marfan Syndrome
582,Scopus,70349970552,T1 DOI,2009,prieto-montano,10.1016/j.ciresp.2009.01.025,Cirugia Espanola,Torsion of a wandering spleen
480,Scopus,84879296507,T3 similar title+author+year,2013,akhter,,Mymensingh medical journal : MMJ,Wandering spleen associated with β-Thalassemia: a case report.
1708,Scopus,34548632930,,2007,corsi,10.1016/j.ejrex.2007.06.009,European Journal of Radiology Extra,Acute abdomen in torsion of accessory spleen
710,Scopus,1342268293,T2 title+author+year,2004,al-mashat,,Saudi Medical Journal,Wandering spleen
704,Scopus,0037408226,T1 DOI,2003,moran,10.1016/s0149-7944(02)00737-7,Current Surgery,Spontaneous rupture of a wandering spleen: Case report and literature review
602,Scopus,44949151764,T1 DOI,2008,sodhi,10.1259/bjr/30123041,The British journal of radiology,Marfanoid hypermobility syndrome and skeletal abnormalities in a rare case of torsion of wandering spleen.
446,Scopus,84893477211,T1 DOI,2013,dash,10.1007/s12262-012-0668-4,Indian Journal of Surgery,Splenic torsion in a child with polysplenia and situs inversus: Avery rare presentation
413,Scopus,84926352043,T1 DOI,2015,wu,10.1097/md.0000000000000586,Medicine (United States),Solitary perihepatic splenosis mimicking liver lesion
674,Scopus,26444561796,T1 DOI,2005,mcheik,10.1016/j.arcped.2005.06.021,Archives de Pediatrie,Torsion of the spleen in children
745,Scopus,0036583563,T2 title+author+year,2002,bombardieri,,Chirurgia italiana,Wandering spleen with torsion of the pedicle. A case report and review of the literature
569,Scopus,70350158982,T1 DOI,2009,parlakgumus,10.4318/tjg.2009.0018,Turkish Journal of Gastroenterology,Wandering spleen accompanied by hilar angiomatosis causing intestinal obstruction in a paraplegic patient
454,Scopus,84885416758,T1 DOI,2013,dakshinamoorthy,10.1371/journal.pone.0077394,PLoS ONE,Large Extracellular Loop of Tetraspanin as a Potential Vaccine Candidate for Filariasis
663,Scopus,33644878349,T2 title+author+year,2005,lin,,Journal of the Formosan Medical Association,Wandering spleen with torsion and gastric volvulus
741,Scopus,19044397518,T2 title+author+year,2002,steinberg,,Journal of pediatric surgery,Clinical presentation of wandering spleen.
1709,Scopus,84941084474,,2015,wada,,Japanese Journal of Clinical Radiology,Torsion of wandering spleen
500,Scopus,84865752476,T1 DOI,2012,fabiano,10.1016/j.ciresp.2012.04.006,Cirugia Espanola,Laparoscopic splenectomy for torsion of a wandering spleen
1409,Scopus,79960517843,T1 DOI,2011,timpone,10.2214/ajr.11.6928,American Journal of Roentgenology,"Abdominal twists and turns: Part 2, solid visceral torsions with pathologic correlation"
594,Scopus,51749090620,T1 DOI,2008,yilmaz,10.1159/000155899,European Surgical Research,Unusual association of omphalocele and wandering spleen
1710,Scopus,0141567746,,2003,kim,10.1089/109264103322381618,Pediatric Endosurgery and Innovative Techniques,Laparoscopic splenopexy for the wandering spleen syndrome
1711,Scopus,44349119952,,2008,ibarguren,,Archivos Espanoles de Urologia,Splenogonadal fusion
717,Scopus,0642333852,T1 DOI,2003,beutler,10.1016/j.jamcollsurg.2003.05.002,Journal of the American College of Surgeons,Splenic volvulus
396,Scopus,84940705421,T2 title+author+year,2015,jiang,,International Journal of Clinical and Experimental Medicine,Acute torsion of wandering spleen in a 17-year-old girl
632,Scopus,33947725214,T1 DOI,2007,kulkarni,10.1007/s12098-007-0018-x,Indian Journal of Pediatrics,Eventration of the diaphragm and associations
773,Scopus,0035133971,T1 DOI,2001,farthouat,10.1016/s0003-3944(00)00460-0,Annales de Chirurgie,Unusual tumor of the testis: An ectopic spleen
1281,Scopus,84894325266,T2 title+author+year,2011,azevedo,,Revista Brasileira de Medicina Veterinaria,Primary splenic torsion in dogs -case report
584,Scopus,72449146283,T1 DOI,2009,hirota,10.1007/s00534-009-0113-7,Journal of Hepato-Biliary-Pancreatic Surgery,Spleen and gastrosplenic ligament preserving distal pancreatectomy under a minimum incision approach assisted by laparoscopy
501,Scopus,84864868568,T1 DOI,2012,romer,10.5334/jbr-btr.75,JBR-BTR,"The accessory spleen: Prevalence and imaging findings in 1,735 consecutive patients examined by multidetector computed tomography"
574,Scopus,77954314156,T1 DOI,2010,perez,10.1016/j.ciresp.2009.05.019,Cirugia Espanola,Wandering spleen in an asymptomatic patient
555,Scopus,77955296190,T1 DOI,2010,hussain,10.1308/147870810x12699662980592,Annals of the Royal College of Surgeons of England,Splenic torsion: A case report
1712,Scopus,40749137028,,2008,gomez,,Archivos Espanoles de Urologia,Supernumerary spleen simulating a renal tumor. Case report
716,Scopus,1542545851,T2 title+author+year,2003,baykara,,Tanisal ve girişimsel radyoloji : Tibbi Görüntüleme ve Girişimsel Radyoloji Dernegi yayin organi,Case report: Acute abdomen and pelvic mass due to torsion of a wandering spleen
590,Scopus,57149120566,T1 DOI,2008,wani,10.1016/j.cgh.2008.06.005,Clinical Gastroenterology and Hepatology,Gastric Variceal Hemorrhage Secondary to Torsion of Wandering Spleen
522,Scopus,84857500260,T1 DOI,2012,parrondo,10.1016/j.rx.2011.05.005,Radiologia,Solution to case 38. Torsion of the spleen
536,Scopus,79956273768,T1 DOI,2011,hasegawa,10.1111/j.1442-2042.2011.02746.x,International Journal of Urology,Transverse testicular ectopia with splenogonadal fusion: A case report
510,Scopus,84859628862,T1 DOI,2012,yucel,10.1097/sle.0b013e318246beb5,"Surgical Laparoscopy, Endoscopy and Percutaneous Techniques",Laparoscopic splenectomy for the treatment of wandering spleen in a pregnant woman: A case report
721,Scopus,0642376679,T3 similar title+author+year,2003,dutta,,Indian Journal of Gastroenterology,Wandering spleen [6]
392,Scopus,84937250522,T1 DOI,2015,karaosmanoglu,10.1007/s10396-015-0622-8,Journal of Medical Ultrasonics,Wandering spleen with volvulus of pancreas
767,Scopus,0035291696,T3 similar title+author+year,2001,zaccheo,,Radiologia Medica,Wandering spleen: An unusual case of pelvic mass
616,Scopus,34748899421,T1 DOI,2007,rescorla,10.1097/sla.0b013e318155abb9,Annals of Surgery,Laparoscopic splenic procedures in children: Experience in 231 children
694,Scopus,4544230206,T2 title+author+year,2004,hussain,,Journal of the College of Physicians and Surgeons Pakistan,Pelvic spleen with uterovaginal prolapse
743,Scopus,0036748105,T1 DOI,2002,sayeed,10.1067/msy.2002.119494,Surgery,Torsion of a wandering spleen
625,Scopus,34247568509,T1 DOI,2007,merran,10.1016/s0221-0363(07)89854-4,Journal de Radiologie,CT anatomy of the normal spleen: Variants and pitfalls
549,Scopus,77953771790,T2 title+author+year,2010,schnier,,Canadian Veterinary Journal,A case of splenic torsion with progressive anemia and thrombocytopenia
588,Scopus,64149129085,T2 title+author+year,2009,iqbal,,Journal of the College of Physicians and Surgeons Pakistan,Torsion of a wandering spleen presenting as a case of acute abdomen
705,Scopus,2642553147,T2 title+author+year,2004,fearne,,Journal of pediatric surgery,Avulsion of wandering spleen after traumatic torsion.
1713,Scopus,84864883722,,2012,szumiło,,Folia Morphologica (Poland),Intrapancreatic accessory spleen
599,Scopus,59449103097,T1 DOI,2009,dijkman,10.1007/s00431-008-0752-8,European Journal of Pediatrics,Vanishing spleen after Nissen fundoplication: A case report
786,Scopus,0034025068,T2 title+author+year,2000,danaci,10.1002/(sici)1097-0096(200006)28:5<246::aid-jcu6>3.0.co;2-%23,Journal of Clinical Ultrasound,Power Doppler sonographic diagnosis of torsion in a wandering spleen
752,Scopus,0036484807,T1 DOI,2002,karantanas,10.1007/s003300100984,European Radiology,The value of MR angiography in predicting the risk of torsion of a pelvic spleen during pregnancy
784,Scopus,0033821983,T1 DOI,2000,ugolini,10.1067/msy.2000.104121,Surgery,Gastric outlet obstruction secondary to wandering spleen
1356,Scopus,77953369017,T2 title+author+year,2009,sharath,,Iranian Journal of Radiology,Torsion of a wandering spleen: A pediatric acute abdominal presentation
1714,Scopus,84919959038,,2014,radillo,,Medico e Bambino,Wandering spleen in children
544,Scopus,79952054750,T2 title+author+year,2010,carmona,,Boletín de la Asociación Médica de Puerto Rico,Laparoscopic splenectomy for infarcted splenoptosis in a child: a case report.
682,Scopus,18244371449,T1 DOI,2004,colovic,10.2298/sarh0410327c,Srpski arhiv za celokupno lekarstvo,Floating spleen with chronic torsion of the pedicle causing splenomegaly and secondary hypersplenism
1715,Scopus,84865604419,,2011,lee,,Journal of Veterinary Clinics,Diagnostic imaging of isolated splenic torsion in a German shepherd dog
777,Scopus,0033668604,T1 DOI,2000,zimmermann,10.1046/j.1440-1622.2000.02008.x,Australian and New Zealand Journal of Surgery,Wandering spleen presenting as an asymptomatic mass
1716,Scopus,84953838499,,2016,garel,10.1007/s00247-015-3445-2,Pediatric Radiology,"Diagnosis of pediatric gastric, small-bowel and colonic volvulus"
535,Scopus,84856235836,T1 DOI,2012,planellas,10.1016/j.ciresp.2010.12.016,Cirugia Espanola,Laparoscopy of acute abdomen due to splenic torsion
1388,Scopus,84901457518,T1 DOI,2014,sountoulides,10.4103/0022-3859.132350,Journal of Postgraduate Medicine,Splenogonadal fusion mimicking a testis tumor
404,Scopus,85010949826,T1 DOI,2016,yoldas,10.5152/ucd.2015.2850,Turkish Journal of Surgery,Laparoscopic splenectomy for a wandering spleen causing chronic pelvic pain
524,Scopus,80155127237,T1 DOI,2011,somalwar,10.1016/s0140-6736(11)61183-5,The Lancet,I wonder what the mobile mass is?
667,Scopus,28244465023,T2 title+author+year,2005,sharon,,Israel Medical Association Journal,Weird activity and the wandering spleen
1717,Scopus,0036151185,,2002,hideto,10.5833/jjgs.35.73,Japanese Journal of Gastroenterological Surgery,A case of torsion of accessory spleen
1718,Scopus,85016086294,,2013,lisciandro,10.1002/9781118760772.ch4,Focused Ultrasound Techniques for the Small Animal Practitioner,Focused or coast3-spleen
1477,Scopus,0034038337,T1 DOI,2000,heller,10.1007/s002470050771,Pediatric Radiology,Two apparent suprarenal masses. Two cases in children: Heterotaxy syndrome with spleen lying in suprarenal space and gastric duplication cyst lying in suprarenal space
772,Scopus,0034879816,T1 DOI,2001,perez,10.1007/s003300000547,European Radiology,"Accessory spleen torsion: US, CT and MR findings"
402,Scopus,84941887357,T1 DOI,2015,hao,10.1089/lap.2015.0260,Journal of Laparoendoscopic and Advanced Surgical Techniques,Radiofrequency-Assisted Partial Splenectomy Plus Splenopexy - A Modified Surgical Procedure for Wandering Spleen: A Case Report
1719,Scopus,78449255756,,2008,nishtar,,Journal of Postgraduate Medical Institute,Wandering spleen with torsion and resultant infarctionw: A case report
419,Scopus,84912535385,T1 DOI,2014,zhu,10.1016/j.ijscr.2014.11.032,International Journal of Surgery Case Reports,Post-splenectomy intrapancreatic accessory spleen mimicking endocrine tumor of the pancreas
475,Scopus,84875127724,T1 DOI,2013,zarroug,10.1016/j.jpedsurg.2012.12.042,Journal of Pediatric Surgery,Wandering spleen as a cause of mesenteric and portal varices: A new etiology?
442,Scopus,84925581853,T1 DOI,2015,lim,10.1177/0284185114524088,Acta Radiologica,The role of US in finding intussusception and alternative diagnosis: A report of 100 pediatric cases
567,Scopus,70349682948,T2 title+author+year,2009,liapis,,Clinical and Experimental Obstetrics and Gynecology,Ectopic pelvic spleen. Presentation of two cases
759,Scopus,0035404964,T2 title+author+year,2001,ibanez,,Cirugía pediátrica : organo oficial de la Sociedad Española de Cirugía Pediátrica,Acute gastric volvulus secondary to asplenia in a child with Smith-Lemli-Opitz syndrome
508,Scopus,84865299864,T2 title+author+year,2012,bouassida,,Pan African Medical Journal,A wandering spleen presenting as a hypogastric mass: Case report
607,Scopus,39749132158,T2 title+author+year,2007,jans,,Journal Belge de Radiologie,Wandering spleen with torsion
628,Scopus,34247886168,T2 title+author+year,2007,tan,,Singapore Medical Journal,Recurrent abdominal pain in a woman with a wandering spleen
418,Scopus,84919905271,T1 DOI,2014,perin,10.1016/j.ijscr.2014.10.045,International Journal of Surgery Case Reports,Accessory wandering spleen: Report of a case of laparoscopic approach in an asymptomatic patient
1720,Scopus,34047122625,,2007,singla,10.4103/0971-9261.31087,Journal of Indian Association of Pediatric Surgeons,Torsion in a paediatric wandering spleen: Case report and review of literature
681,Scopus,21544484096,T1 DOI,2005,esposito,10.1007/s00383-005-1403-z,Pediatric Surgery International,Enlarged wandering spleen treated with hemisplenectomy and fixation of the residual spleen
511,Scopus,84861149246,T2 title+author+year,2012,lam,,Hong Kong Medical Journal,Acute torsion of a wandering spleen
497,Scopus,84864629727,T1 DOI,2012,grange,10.2460/javma.241.4.461,Journal of the American Veterinary Medical Association,Evaluation of splenectomy as a risk factor for gastric dilatation-volvulus
447,Scopus,84874569838,T1 DOI,2013,bhanumathi,10.1007/s12262-012-0433-8,Indian Journal of Surgery,Torsion of Wandering Spleen in a Woman Presenting as Emergency
1362,Scopus,84902689986,T2 title+author+year,2014,ito,,Hepato-gastroenterology,Comparison of standard laparoscopic distal pancreatectomy with minimally invasive distal pancreatectomy using the da Vinci S system.
1721,Scopus,84881640901,,2013,al,,Rawal Medical Journal,Wandering spleen causing acute abdomen
753,Scopus,0035692968,T1 DOI,2001,matorras,10.1034/j.1600-0412.2001.801215.x,Acta Obstetricia et Gynecologica Scandinavica,Pelvic spleen: A very rare entity not to be misdiagnosed by the laparoscopic surgeon
1297,Scopus,0034389961,T3 similar title+author+year,2000,frese,,Tierarztliche Umschau,Lung lobe and splenic torsion in an Irisch Wolfshound
678,Scopus,19444383101,T1 DOI,2005,martinez-ferro,10.1016/j.jpedsurg.2005.02.009,Journal of Pediatric Surgery,Laparoscopic pocket splenopexy for wandering spleen: A case report
769,Scopus,0034992696,T1 DOI,2001,cobellis,10.1046/j.1469-0705.2001.00403.x,Ultrasound in Obstetrics and Gynecology,Ultrasound diagnosis and Doppler monitoring of a pelvic spleen in pregnancy
680,Scopus,18244363884,T2 title+author+year,2005,marinaccio,,Il Giornale di chirurgia,Uncommon etiology of acute abdomen in pediatric age: the torsion of spleen
467,Scopus,84880198196,T1 DOI,2013,zhang,10.3233/xst-130378,Journal of X-Ray Science and Technology,X-ray computed tomography and sonography features of continuous splenogonadal fusion
1722,Scopus,77953422880,,2009,utpal,,Journal of Chinese Clinical Medicine,Laparoscopic management of splenic torsion
755,Scopus,0035178633,T1 DOI,2001,habib,10.1016/s0003-3944(01)00623-x,Annales de Chirurgie,Haematemesis revealing the chronic volvulus of a wandering spleen
395,Scopus,84949750863,T2 title+author+year,2015,singh,,Journal of Reproductive Medicine,Wandering spleen: A case of spontaneous hemoperitoneum in an hiv-positive patient with recurrent tuboovarian abscess
736,Scopus,0036769124,T2 title+author+year,2002,priborsky,,Rozhledy v chirurgii : mesícník Ceskoslovenské chirurgické spolecnosti,Torsion of the spleen--an unusual cause of sudden acute abdomen
387,Scopus,84942241833,T1 DOI,2015,zhang,10.3892/etm.2015.2732,Experimental and Therapeutic Medicine,Ectopic splenic autotransplantation following traumatic injury: A case report
576,Scopus,70350453930,T1 DOI,2009,kim,10.1111/j.1440-1746.2009.05957.x,Journal of gastroenterology and hepatology,Education and imaging. Hepatobiliary and pancreatic: torsion of an accessory spleen.
397,Scopus,84942575782,T1 DOI,2014,singla,10.7869/tg.234,Tropical gastroenterology : official journal of the Digestive Diseases Foundation,Wandering spleen: a rare clinical entity
1723,Scopus,0033980229,,2000,masaya,10.5833/jjgs.33.90,Japanese Journal of Gastroenterological Surgery,"A case of ileus due to mesenterium commune, course for chronic and recurrent, with cancer of the ileum"
642,Scopus,33749078528,T1 DOI,2006,ben,10.1016/j.crad.2006.06.007,Clinical Radiology,The wandering spleen: CT findings and possible pitfalls in diagnosis
1724,Scopus,84922175705,,2015,daldoul,10.1007/s13341-014-0492-5,Annales Francaises de Medecine d'Urgence,The wandering spleen syndrome: Unexpected cause of acute abdomen
1725,Scopus,0036876653,,2002,bomassi,,Pratique Medicale et Chirurgicale de l'Animal de Compagnie,Echos of the echo: An abdominal ultrasound examination
744,Scopus,0036633776,T2 title+author+year,2002,miele,,La Pediatria medica e chirurgica : Medical and surgical pediatrics,Torsion of a wandering spleen: ultrasonography and computer tomography in conservative treatment. A case report
1726,Scopus,0034875584,,2001,fukushima,10.5833/jjgs.34.1321,Japanese Journal of Gastroenterological Surgery,A case of laparoscopic splenectomy for wandering spleen
537,Scopus,79958202424,T1 DOI,2011,magno,10.1089/lap.2010.0417,Journal of Laparoendoscopic and Advanced Surgical Techniques,An unusual case of acute pancreatitis and gastric outlet obstruction associated with wandering spleen treated by laparoscopic splenopexy
647,Scopus,33748097278,T1 DOI,2006,matsushima,10.1007/s00595-006-3262-1,Surgery Today,Laparoscopic repair of gastric volvulus associated with wandering spleen in an adult: Report of a case
423,Scopus,85049214640,T1 DOI,2013,mcbrearty,10.1002/ccr3.9,Clinical Case Reports,Wandering spleen: a potential abdominal catastrophe
553,Scopus,79955656415,T1 DOI,2010,sanchez,10.1007/s00247-010-1756-x,Pediatric Radiology,Wandering spleen causing gastric outlet obstruction and pancreatitis
659,Scopus,33645826753,T1 DOI,2006,prada,10.1157/13085518,Anales de Pediatria,Supernumerary intrascrotal ectopic spleen: Discontinuous splenogonadal fusion
782,Scopus,0034267042,T1 DOI,2000,weber,10.5326/15473317-36-5-390,Journal of the American Animal Hospital Association,Chronic primary splenic torsion with peritoneal adhesions in a dog: Case report and literature review
1727,Scopus,0036819787,,2002,memon,,Journal of the College of Physicians and Surgeons Pakistan,Wandering spleen
440,Scopus,84942836706,T1 DOI,2015,gu,10.1111/ans.12551,ANZ Journal of Surgery,Acute torsion of a wandering spleen
1334,Scopus,77953397737,T2 title+author+year,2008,zandi,,Iranian Journal of Radiology,Wandering spleen presenting as an asymptomatic pelvic mass: A case report
735,Scopus,0036988287,T1 DOI,2002,radevic,10.2298/aci0203067r,Acta chirurgica Iugoslavica,Partial resection of the spleen in the treatment of benign and traumatic lesions
410,Scopus,84943278098,T2 title+author+year,2015,sojo-rodriguez,,Revista Espanola de Enfermedades Digestivas,Acute abdomen due to torsion of the wandering spleen
677,Scopus,18744409543,T1 DOI,2005,awe,10.5144/0256-4947.2005.168,Annals of Saudi Medicine,Wandering spleen associated with a splenic cyst
617,Scopus,34548383452,T1 DOI,2007,amer,10.1016/j.jmig.2007.04.016,Journal of Minimally Invasive Gynecology,Infarcted ectopic spleen presenting as retroperitoneal mass
911,Scopus,0026657795,T1 DOI,1992,allen,10.1097/00007611-199210000-00011,Southern Medical Journal,Wandering spleen: Anatomic and radiologic considerations
1071,Scopus,0017893591,T1 DOI,1978,broker,10.1007/bf00975539,Pediatric Radiology,Wandering spleen in three children
1480,Scopus,24344464972,T2 title+author+year,1999,bhadwal,,Indian Veterinary Journal,Morphological study of spleen following its torsion in dogs
1015,Scopus,0021338834,T1 DOI,1984,salomonowitz,10.1007/bf01887802,Gastrointestinal Radiology,Radiologic diagnosis of wandering spleen complicated by splenic volvulus and infarction
1150,Scopus,19244379181,T2 title+author+year,1966,tudzinski,,Polski Przeglad Chirurgiczny,Torsion of the peduncle of one of the 2 excessively mobile spleens
1728,Scopus,0019959591,,1982,spencer,,Journal of the Royal College of Surgeons of Edinburgh,A wandering cystic spleen
878,Scopus,0028507870,T2 title+author+year,1994,wong,,The Medical journal of Malaysia,A case of torsion of the spleen presenting as an acute abdomen.
1054,Scopus,0018850280,T2 title+author+year,1980,tsyrlova,,Doklady Akademii nauk SSSR,Establishment of erythropoiesis and antibody formation in ectopic spleen transplants
827,Scopus,0031937021,T1 DOI,1998,saadaoui,10.1016/s0720-048x(96)01121-7,European Journal of Radiology,Acute torsion of a wandering spleen in a child: Preoperative diagnosis by ultrasonography and computed tomography
812,Scopus,0032246540,T1 DOI,1998,raissaki,10.1007/s003300050562,European Radiology,Acute abdomen due to torsion of wandering spleen: CT diagnosis
1729,Scopus,0015859011,,1973,domres,,Langenbecks Archiv fur Chirurgie,Spleen and parietal peritoneum anastomoses after ultra violet radiation and spleen adhesion with histo acryl
1730,Scopus,0017820097,,1978,onuigbo,10.1016/s0022-3468(78)80004-9,Journal of Pediatric Surgery,Infarction of accessory spleen
1122,Scopus,0014767628,T2 title+author+year,1970,burns,,Ohio State Medical Journal,Wandering spleen--an unusual complication of infectious mononucleosis. Report of a case.
1197,Scopus,84924459506,T2 title+author+year,1956,van,,Documenta de medicina geographica et tropica,A case of splenoptosis
796,Scopus,0032786987,T1 DOI,1999,padilla,10.1016/s0735-6757(99)90103-1,American Journal of Emergency Medicine,Acute abdomen due to spontaneous torsion of an accessory spleen [2]
946,Scopus,0024970638,T2 title+author+year,1989,lifschitz,,Harefuah,Ectopic spleen syndrome
1069,Scopus,0018139286,T2 title+author+year,1978,heydenrych,,South African Medical Journal,Torsion of the spleen and associated 'prune belly syndrome'. A case report and review of the literature
894,Scopus,0027764696,T2 title+author+year,1993,maderbacher,,DTW. Deutsche tierärztliche Wochenschrift,Causes of mortality in a swine breeding establishment
1731,Scopus,0022350029,,1985,atlas,10.1002/jcu.1870130407,Journal of Clinical Ultrasound,utility of ultrasound in the diagnosis of wandering abdominal viscera
872,Scopus,0029421734,T2 title+author+year,1995,popovic,,Acta chirurgica Iugoslavica,Ectopic spleen--2 case reports
1136,Scopus,0014251414,T2 title+author+year,1968,oganesian,,Klinicheskaya Khirurgiya,2 cases of floating spleen
1009,Scopus,0021426447,T2 title+author+year,1984,ishchenko,,Akusherstvo i ginekologiia,Torsional floating spleen simulating ovarian tumor
1041,Scopus,0019447604,T2 title+author+year,1981,grunspan,,Israel Journal of Medical Sciences,Torsion of an accessory spleen simulating acute appendicitis
1732,Scopus,0018643289,,1979,hamano,,Journal of Tokyo Medical College,Progress of surgical treatment for rectal carcinoma
1733,Scopus,0018875119,,1980,mcardle,10.1016/0037-198x(80)90034-6,Seminars in Roentgenology,Case of the winter season
1118,Scopus,0015026515,T2 title+author+year,1971,gottlob,,German medical monthly,Splenopexy by grid adhesion. A new method for producing anastomoses between the portal and systemic circulations.
840,Scopus,0031114683,T2 title+author+year,1997,barrios,,Cirugía pediátrica : organo oficial de la Sociedad Española de Cirugía Pediátrica,Wandering spleen syndrome in childhood
1173,Scopus,73649175750,T2 title+author+year,1962,calabrese,,"Archivio ""de Vecchi"" per l'anatomia patologica e la medicina clinica",Rare cases of splenic pathology. 1. Ptosic spleen twisted on its peduncle. 2. Accessory spleen in an undescended testicle.
1084,Scopus,0017146137,T1 DOI,1976,dublin,10.1259/0007-1285-49-588-1045,British Journal of Radiology,Diagnosis of splenic torsion: a combined radiographic approach
1734,Scopus,0021917360,,1985,riebel,,Monatsschrift fur Kinderheilkunde,Wandering spleen
1735,Scopus,0019191289,,1980,mazauric,,Pediatrie,Splenogonal fusion. About an observation
1171,Scopus,73649176608,T2 title+author+year,1962,kollegova,,Khirurgiia,A case of acute gastrointestinal obstruction on the basis of torsion of the splenic pedicle.
983,Scopus,0022980282,T2 title+author+year,1986,caracciolo,,Journal of the Royal College of Surgeons of Edinburgh,Wandering spleen: Treatment with colonic displacement
1736,Scopus,0018279561,,1978,bergsaker-aspoy,,Tidsskrift for den Norske Laegeforening,Circulatory disturbances in a wandering spleen
965,Scopus,0024243167,T1 DOI,1988,nino-murcia,10.1007/bf02926568,Urologic radiology: A journal of diagnostic imaging,Imaging the effects of an ectopic spleen on the urinary tract
883,Scopus,0028209974,T1 DOI,1994,greig,10.1016/0022-3468(94)90096-5,Journal of Pediatric Surgery,"Splenic torsion in a wandering spleen, presenting as an acute abdominal mass"
895,Scopus,0027497076,T1 DOI,1993,azar,10.3109/00016349309058171,Acta Obstetricia et Gynecologica Scandinavica,Accessory spleen presenting as adnexal mass
1105,Scopus,0015954993,T1 DOI,1974,rosenthall,10.1148/110.2.427,Radiology,A nucleographic and radioangiographic study of a patient with torsion of the spleen
1737,Scopus,24344449685,,1996,von,,Kleintierpraxis,Contribution to the primary splenic torsion: Literature and cases
1127,Scopus,0014684132,T2 title+author+year,1969,junemann,,Zentralblatt fur Chirurgie,Dystopic spleen and wandering spleen with twisted pedicle in males
1738,Scopus,0020076068,,1982,berger,10.1007/bf02552098,Cardiovascular and Interventional Radiology,Localization of gelfoam emboli after partial splenic embolization utilizing99mTc-labeled emboli
1129,Scopus,0014446724,T2 title+author+year,1969,crosett,,The Johns Hopkins medical journal,Wandering spleen.
964,Scopus,0023859222,T2 title+author+year,1988,kononuchenko,,Klinicheskaya Khirurgiya,Splenic torsion in a 9-year-old child
1739,Scopus,0023514477,,1987,grenier,,Journal de Radiologie,Chronic volvulus of an ectopic spleen with subcapsular haematoma. CT appearance
931,Scopus,0025170131,T1 DOI,1990,hems,10.1136/pgmj.66.780.838,Postgraduate Medical Journal,Torsion of an accessory spleen in an elderly patient
1070,Scopus,0017821177,T1 DOI,1978,muckmel,10.1016/s0022-3468(78)80003-7,Journal of Pediatric Surgery,Wandering spleen with torsion of pedicle in a child presenting as an intermittently-appearing abdominal mass
896,Scopus,0027925883,T2 title+author+year,1993,christensen,,Läkartidningen,A case report. Floating spleen with chronic torsion
992,Scopus,0021815343,T3 similar title+author+year,1985,constantine,,Urologe - Ausgabe A,Fusion of an ectopic spleen with the left kidney. Preoperative diagnosis: Carcinoma of the kidney
1101,Scopus,0016229905,T1 DOI,1974,carswell,10.1002/bjs.1800610620,British Journal of Surgery,Wandering spleen: 11 cases from Uganda
1013,Scopus,0021270954,T2 title+author+year,1984,siplovich,,Israel Journal of Medical Sciences,Splenopexy for the wandering spleen
1740,Scopus,76549145902,,1964,goldburt,,"Urologiia (Moscow, Russia : 1923)",A RARE DEVELOPMENTAL DEFECT WITH DYSTOPIA OF SPLENIC TISSUE IN THE SCROTUM.
1193,Scopus,84924646089,T2 title+author+year,1957,familiari,,Rassegna internazionale di clinica e terapia,[Torsion of the spleen]
1741,Scopus,0024841147,,1989,weinel,,Aktuelle Chirurgie,A wandering spleen presenting as a tumour in the right lower abdomen
968,Scopus,0023609666,T2 title+author+year,1987,brasch,,International Surgery,Unusual presentation on the right side of ectopic testicular spleen
1742,Scopus,0026749422,,1992,diel,,Zentralblatt fur Chirurgie,Torsion of an ectopic second spleen in polysplenia-asplenia syndrome as an unusual differential diagnosis of the acute abdomen
1121,Scopus,0014802502,T2 title+author+year,1970,soleto,,International Surgery,Volvulus of the ectopic spleen
1074,Scopus,0017712417,T1 DOI,1977,gordon,10.1148/125.1.39,Radiology,Wandering spleen: the radiological and clinical spectrum
949,Scopus,0024374766,T1 DOI,1989,el-mauhoub,10.1007/bf02726632,The Indian Journal of Pediatrics,Wandering spleen in an infant
994,Scopus,0022185807,T2 title+author+year,1985,liu,,Canadian Association of Radiologists Journal,Unusual position of the spleen - A report of two patients
1005,Scopus,0021739728,T1 DOI,1984,angeras,10.1007/bf01317093,Digestive Diseases and Sciences,Acute gastric hemorrhage secondary to wandering spleen
1058,Scopus,0018796882,T2 title+author+year,1979,coutifaris,,Archives of Gynecology,Pregnancy following pelvic spleen exstirpation with urogenital abnormalities
925,Scopus,0025826707,T2 title+author+year,1991,gupta,,Italian Journal of Gastroenterology,Wandering spleen presenting as an evanescent abdominal mass
1743,Scopus,0023940140,,1988,felle,10.1159/000128764,European Surgical Research,Differences between the histology of normal spleen and that of regenerated ectopically implanted splenic tissue
1052,Scopus,0018866781,T1 DOI,1980,thompson,10.1177/000992288001900309,Clinical Pediatrics,The Wandering Spleen in Infancy and Childhood
1744,Scopus,73649205110,,1963,prevost,,Journal des sciences médicales de Lille,Leukemic jaundice with splenomegaly developing at the expense of an ectopically situated spleen.
909,Scopus,0027490658,T1 DOI,1993,swischuk,10.1007/bf02012458,Pediatric Radiology,Torsion of wandering spleen: The whorled appearance of the splenic pedicle on CT
1006,Scopus,0021681608,T2 title+author+year,1984,lau,,Journal of the Royal College of Surgeons of Edinburgh,Torsion of the spleen
1745,Scopus,0024396117,,1989,hopper,10.1097/00004424-198908000-00004,Investigative Radiology,Implications for percutaneous left renal invasive procedures
1027,Scopus,0020710685,T1 DOI,1983,cox,10.1259/0007-1285-56-662-145-c,The British journal of radiology,The wandering spleen syndrome?
1746,Scopus,0022399849,,1985,ziviello,,Rassegna Internazionale di Clinica e Terapia,Importance of early diagnosis of ectopic spleen
830,Scopus,0031459580,T1 DOI,1997,watcher,10.1097/00005373-199712000-00024,"Journal of Trauma - Injury, Infection and Critical Care",Torsion of a wandering spleen after blunt abdominal trauma
1091,Scopus,0016836941,T1 DOI,1975,miller,10.1002/jcu.1870030409,Journal of Clinical Ultrasound,Wandering spleen and pregnancy: Case report
975,Scopus,0023654127,T2 title+author+year,1987,marsetti,,Minerva Chirurgica,Recurrent torsion of ectopic accessory spleen in a patient with agenesis of the gallbladder
1747,Scopus,0019821041,,1981,koumare,,Journal de Chirurgie,Ectopic spleens. About a spleen of the right iliac fossa
815,Scopus,0031719222,T1 DOI,1998,gurski,10.1097/00019509-199810000-00009,"Surgical Laparoscopy, Endoscopy and Percutaneous Techniques",Laparoscopic approach to wandering spleen - A case report and an update to the question
1748,Scopus,0016904727,,1976,praslicka,,Folia Biologica,Cytological and histological changes in the spleen of continuously irradiated rats.
1749,Scopus,78651055802,,1955,blanke,,Zentralblatt für Chirurgie,Extremely misplaced floating spleen with the report of a personal case
858,Scopus,0029784585,T1 DOI,1996,calik,10.1007/bf00312088,Surgery Today,Intestinal obstruction caused by splenic volvulus: Report of a case
1750,Scopus,0025775251,,1991,lin,10.1002/ajmg.1320390303,American Journal of Medical Genetics,Beemer-Langer syndrome with manifestations of an orofaciodigital syndrome
991,Scopus,0022089101,T2 title+author+year,1985,mukendi,,Acta Chirurgica Belgica,"Occlusive syndrome, ectopic spleen and malaria. Apropos of a case report"
1181,Scopus,84925552685,T2 title+author+year,1960,torchiana,,Acta chirurgica Italica,[On a case of splenic volvulus in a newborn infant]
1751,Scopus,0017605569,,1977,bellu,,CHIRURGIA,Intrascrotal aberrant spleen
899,Scopus,0027604635,T1 DOI,1993,freeman,10.1148/radiographics.13.3.8316667,"Radiographics : a review publication of the Radiological Society of North America, Inc",CT of congenital and acquired abnormalities of the spleen.
805,Scopus,0032603645,T1 DOI,1999,kaniklides,10.1080/02841859909174413,Acta Radiologica,Accessory wandering spleen associated with short pancreas: A pediatric case report
808,Scopus,0032152340,T2 title+author+year,1998,khalid,,Annals of the Academy of Medicine Singapore,Pelvic spleen masquerading as an ovarian neoplasm
1139,Scopus,0014221912,T1 DOI,1967,bass,10.1056/nejm196711302772207,The New England journal of medicine,Torsion of an accessory spleen of the cecum presenting as acute appendicitis.
1189,Scopus,84924638164,T2 title+author+year,1958,wilson,,The Central African journal of medicine,Torsion of a wandering spleen; report of a case
938,Scopus,0025069837,T1 DOI,1990,seashore,10.1016/0022-3468(90)90438-f,Journal of Pediatric Surgery,Elective splenopexy for wandering spleen
1106,Scopus,0015988634,T1 DOI,1974,may,10.1016/s0022-5347(17)59904-8,Journal of Urology,Ectopic spleen in the scrotum: report of 2 cases
1383,Scopus,0031868597,T1 DOI,1998,rickert,10.1097/00000478-199807000-00011,American Journal of Surgical Pathology,A unique case of cerebral spleen
1019,Scopus,0020824842,T2 title+author+year,1983,khaimov,,Klinicheskaya Khirurgiya,Torsion of the spleen peduncle
1107,Scopus,0015793597,T2 title+author+year,1973,debartolo,,Mayo Clinic Proceedings,Torsion of the spleen: a case report
1394,Scopus,0032945458,T1 DOI,1999,lauffer,10.1385/ijgc:25:1:65,International Journal of Pancreatology,Intrapancreatic accessory spleen: A rare cause of a pancreatic mass
1752,Scopus,84995119564,,1989,konde,10.1111/j.1740-8261.1989.tb00751.x,Veterinary Radiology,SONOGRAPHIC AND RADIOGRAPHIC CHANGES ASSOCIATED WITH SPLENIC TORSION IN THE DOG
977,Scopus,0023174732,T2 title+author+year,1987,mccormack,,Iowa medicine : journal of the Iowa Medical Society,Wandering spleen in a child.
889,Scopus,0028566875,T1 DOI,1994,garcia,10.1007/bf02015024,Pediatric Radiology,Wandering spleen and gastric volvulus
890,Scopus,0028567722,T1 DOI,1994,seo,10.1007/bf02015022,Pediatric Radiology,"Torsion of an accessory spleen presenting as an acute abdomen with an inflammatory mass - US, CT, and MRI findings"
898,Scopus,0027179578,T1 DOI,1993,balik,10.1055/s-2008-1063537,European Journal of Pediatric Surgery,Splenoptosis (Wandering Spleen)
998,Scopus,0022384483,T1 DOI,1985,agee,10.1002/jcu.1870130215,Journal of Clinical Ultrasound,Wandering pelvic spleen
1753,Scopus,0024320093,,1989,lucarini,,Minerva Chirurgica,Ectopic autotransplant of spleen tissue after splenectomy for traumatic rupture
1038,Scopus,0019401766,T1 DOI,1981,nielsen,10.1111/j.1600-0609.1981.tb00451.x,Scandinavian Journal of Haematology,Detection of Splenosis and Ectopic Spleens with 99mTc‐Labelled Heat Damaged Autologous Erythrocytes in 90 Splenectomized Patients
825,Scopus,0032040009,T2 title+author+year,1998,moorthy,,Indian journal of gastroenterology : official journal of the Indian Society of Gastroenterology,Wandering spleen causing splenic flexure volvulus and obstruction.
1035,Scopus,0019860659,T1 DOI,1981,barnett,10.1097/00003072-198111000-00005,Clinical Nuclear Medicine,Sequential liver-spleen scanning for documentation of wandering spleen
1144,Scopus,0014077158,T2 title+author+year,1967,mcclain,,Obstetrics and Gynecology,Radiographic evidence of splenic torsion: Report of a case
927,Scopus,0141766086,T2 title+author+year,1991,flores-rivera,,Boletín médico del Hospital Infantil de México,Prenatal testicular torsion. Presentation of a case and review of the literature
1080,Scopus,0017329006,T2 title+author+year,1977,pollak,10.1001/jama.1977.03270320047021,JAMA: The Journal of the American Medical Association,Volvulus of the Spleen
1754,Scopus,0028081426,,1994,gosselin,10.1007/bf00179689,Pediatric Surgery International,Wandering spleen producing small-bowel obstruction in a neonate
1032,Scopus,0020472603,T1 DOI,1982,kelly,10.1177/000992288202100608,Clinical Pediatrics,Splenic Torsion in an Infant Associated with Secondary Disseminated Hemophilus influenzae Infection
1128,Scopus,0014452364,T2 title+author+year,1969,darle,,Acta Chirurgica Scandinavica,Torsion of the spleen imitating acute cholecystitis. Report of a case.
935,Scopus,0025276652,T1 DOI,1990,bollinger,10.1002/jcu.1870180610,Journal of Clinical Ultrasound,Torsion of a wandering spleen: Ultrasonographic findings
924,Scopus,0025778747,T1 DOI,1991,jones,10.1002/bjs.1800780737,British Journal of Surgery,Torsion of the spleen managed by splenopexy
1162,Scopus,75949159712,T2 title+author+year,1964,tranier,,Médecine tropicale : revue du Corps de santé colonial,APROPOS OF A CASE OF ACUTE VOLVULUS OF THE SPLEEN.
1034,Scopus,0019996232,T1 DOI,1982,setiawan,10.1007/bf00971806,Pediatric Radiology,Ectopic spleen. A sonographic diagnosis
1755,Scopus,0027373336,,1993,wang,,Journal of Surgical Association Republic of China,Wandering spleen. A case report
967,Scopus,0023431295,T2 title+author+year,1987,sustr,,Rozhledy v chirurgii,Torsion of the spleen in children
1756,Scopus,0020365319,,1982,obley,10.1007/bf02924051,Urologic radiology,"Right-sided splenorenal fusion with arteriographic, ultrasonic, and computerized tomographic correlation"
1757,Scopus,3242850160,,1996,stuj,,Cesko-Slovenska Pediatrie,On the problem of Torsion of the spleen in childhood
1758,Scopus,0022374473,,1985,gouw,10.1007/bf00441771,European Journal of Pediatrics,The spectrum of splenogonadal fusion - Case report and review of 84 reported cases
1759,Scopus,0025210615,,1990,allen,,Problems in General Surgery,Wandering spleen
1760,Scopus,0023922708,,1988,robillot,,Revue Francaise de Gynecologie et d'Obstetrique,Spontaneous rupture of the spleen related to an ectopic pregnancy (splenic). Report of one case
1761,Scopus,0016735043,,1975,mosavy,,Journal of Abdominal Surgery,Torsion of the spleen
955,Scopus,0023796848,T2 title+author+year,1988,robinson,,Mount Sinai Journal of Medicine,Wandering spleen: Case report and review
929,Scopus,0025954723,T1 DOI,1991,herman,10.1007/bf02026685,Pediatric Radiology,"Torsion of a wandering spleen in a one month old, with a confusing ultrasound examination"
989,Scopus,0022427019,T2 title+author+year,1985,weisbord,,Harefuah,The clinical spectrum of wandering spleen
1047,Scopus,0019123277,T1 DOI,1980,davidson,10.1007/bf01308048,Digestive Diseases and Sciences,Epidermoid splenic cyst occurring in an intrapancreatic accessory spleen
849,Scopus,0029911543,T1 DOI,1996,koda,10.1002/(sici)1097-0096(199611/12)24:9<528::aid-jcu7>3.0.co;2-p,Journal of Clinical Ultrasound,The wandering spleen with collateral vessels containing gastric varices: Color Doppler ultrasound imaging
1762,Scopus,0027287985,,1993,riley,,Development,Retroviral expression of FGF-2 (bFGF) affects patterning in chick limb bud
1333,Scopus,0031782778,T3 similar title+author+year,1998,etienne,,Annales de Chirurgie,Mobile spleen caught in the net. A case report [2]
1024,Scopus,0020726912,T2 title+author+year,1983,brambilla,,Radiologia Medica,"Voluminous ""wandering spleen"" with thromboses of the splenic vein: preoperative diagnosis with angiography"
1133,Scopus,0014356977,T2 title+author+year,1968,mensi,,Minerva nipiologica,Acute abdomen caused by torsion of a dystopic spleen
879,Scopus,0027998650,T1 DOI,1994,khalil,10.1016/0020-7292(94)90313-1,International Journal of Gynecology and Obstetrics,Conservative management of pelvic spleen
912,Scopus,0026767487,T2 title+author+year,1992,buehner,,Surgery Gynecology and Obstetrics,The wandering spleen
1763,Scopus,0016716730,,1975,ducassou,,Journal d'Urologie et de Nephrologie,A rare retro peritoneal tumour: ectopic spleen
1007,Scopus,0021224427,T2 title+author+year,1984,barloon,10.1111/j.1572-0241.1984.tb05970.x,The American Journal of Gastroenterology,Lymphoma Presenting as an Abdominal Mass Involving an Ectopic Spleen
811,Scopus,0032558312,T2 title+author+year,1998,weijmer,,Nederlands Tijdschrift voor Geneeskunde,A wandering spleen
982,Scopus,0022894662,T1 DOI,1986,smevik,10.1177/028418518602700617,Acta Radiologica - Series Diagnosis,Torsion of a wandering spleen in an infant. Report of a case and a brief review of the literature
897,Scopus,0027913843,T1 DOI,1993,robinson,10.1136/vr.133.2.48,The Veterinary record,Splenic torsion in dogs.
1764,Scopus,0017410786,,1977,parravicini,,Minerva Chirurgica,Volvulus of ectopic spleen mimicking ovarian cyst
1094,Scopus,0016500019,T2 title+author+year,1975,howenstein,,"Veterinary medicine, small animal clinician : VM, SAC",Torsion of the splenic pedicle in a St. Bernard.
1765,Scopus,0019417480,,1981,dettori,,Annales de Chirurgie,One case of recurrent torsion of a visceroptotic spleen
936,Scopus,17144448351,T2 title+author+year,1990,marchena,,Revista espanola de enfermedades digestivas : organo oficial de la Sociedad Espanola de Patologia Digestiva,Torsion of an ectopic spleen as a cause of acute abdomen
941,Scopus,0024919433,T2 title+author+year,1989,etcheverry,,Revista medica de Chile,"Ectopic or migrating spleen and supernumerary spleens: detection and identification with 99mTc, 51Cr and 113In radioisotopes"
1076,Scopus,0017660260,T1 DOI,1977,jacobson,10.1097/00005373-197706000-00010,"Journal of Trauma - Injury, Infection and Critical Care",Splenic injury due to indirect torsion
1766,Scopus,0015815276,,1973,davis,,South African Medical Journal,Spontaneous rupture of the pathological spleen in malaria
1130,Scopus,0014612909,T2 title+author+year,1969,sitkovskii,,Pediatriia akusherstvo i ginekologiia,"Wandering spleen in a girl with acquired hemolytic anemia, simulating mesenteric cyst of the small intestine"
1767,Scopus,0026513858,,1992,golbey,10.1177/875647939200800105,Journal of Diagnostic Medical Sonography,Sonographic Evaluation of an Ectopic Spleen Simulating a Pelvic Mass
836,Scopus,0030752392,T2 title+author+year,1997,nakazawa,,Japanese Journal of Gastroenterology,Torsion of an accessory spleen
857,Scopus,0029917144,T1 DOI,1996,maxwell-armstrong,10.1136/adc.74.3.247,Archives of Disease in Childhood,The wandering spleen
1175,Scopus,73649174059,T2 title+author+year,1962,bedurishvili,,Vestnik khirurgii imeni I. I. Grekova,On splenic torsion.
1768,Scopus,70449189408,,1957,neimeier,10.1159/000306852,Gynecologic and Obstetric Investigation,Gynäkologische Fehldiagnose bei dystoper Milz
980,Scopus,0023488979,T2 title+author+year,1987,valla,,Pediatrie,Non-traumatic surgical pathology of the spleen in children (excluding acute injuries)
978,Scopus,0023618625,T1 DOI,1987,park,10.1007/bf00256494,European Journal of Nuclear Medicine,Unusual case of an ectopic spleen
860,Scopus,0006950805,T1 DOI,1996,papakyriacou,10.1002/bjs.1800830115,British Journal of Surgery,Wandering spleen: A rare emergency condition
1142,Scopus,0014101938,T2 title+author+year,1967,knopinski,,Przeglad Lekarski,Torsion of a floating spleen in a 13-year-old girl
1066,Scopus,0018130622,T1 DOI,1978,fried,10.1002/jcu.1870060518,Journal of Clinical Ultrasound,Pelvic spleen in the nullipara
814,Scopus,0031724326,T1 DOI,1998,hirose,10.1016/s0022-3468(98)90503-6,Journal of Pediatric Surgery,Laparoscopic splenopexy for pediatric wandering spleen
1098,Scopus,0016396514,T2 title+author+year,1974,weinreb,10.1001/jama.1974.03240070049030,JAMA: The Journal of the American Medical Association,Torsion of the Spleen as a Rare Cause of Hypersplenism
986,Scopus,0022746980,T1 DOI,1986,moreno,10.1016/s0001-2998(86)80041-1,Seminars in Nuclear Medicine,The displaced spleen
1196,Scopus,70449141018,T2 title+author+year,1957,lazarev,,Vestnik khirurgii imeni I. I. Grekova,Splenectomy in enlarged twisted spleen.
972,Scopus,0023605687,T1 DOI,1987,sawaf,10.1097/00003072-198707000-00019,Clinical Nuclear Medicine,Wandering spleen and advanced age
943,Scopus,0024381351,T1 DOI,1989,tonello,10.1016/s0344-0338(89)80080-9,Pathology Research and Practice,Twisting of the Spleen Observed in a Case of Polysplenic Disorder Associated with Situs Viscerum Inversus and Kartagener's Syndrome
1025,Scopus,0020725961,T2 title+author+year,1983,andermarcher,,Pediatria Medica e Chirurgica,Wandering spleen with acute torsion of the pedicle
885,Scopus,0028403015,T2 title+author+year,1994,bazhenov,,Vestnik Khirurgii Imeni I.I.Grekova,Splenic torsion in a child
1769,Scopus,0018896219,,1980,alvarez,10.1001/archsurg.1980.01380060070021,Archives of Surgery,Regeneration of the Spleen After Ectopic Implantation and Partial Splenectomy
1770,Scopus,0017139445,,1976,fleming,10.1016/0002-9343(76)90380-6,The American Journal of Medicine,Splenosis: Autotransplantation of splenic tissue
1771,Scopus,0017618014,,1977,dillon,10.1097/00007611-197701000-00052,Southern Medical Journal,Intrathoracic splenosis
1103,Scopus,0016050784,T2 title+author+year,1974,menanteau,,"Journal de radiologie, d""electrologie, et de medecine nucleaire",Proceedings: Angiographic aspect of the ectopic spleen
1772,Scopus,0017617042,,1977,lipowitz,,Journal of the American Veterinary Medical Association,Clinico pathologic conference
1773,Scopus,0015845950,,1973,levasseur,,Semaine des Hopitaux,Splenomegaly due to ectopic spleen
839,Scopus,0030987250,T2 title+author+year,1997,martin,,Techniques in Urology,"Laparoscopic evaluation and management of a child with ambiguous genitalia, ectopic spleen, and Meckel's diverticulum"
1774,Scopus,70449221451,,1958,padovan,,L' Arcispedale S. Anna di Ferrara,Accessory spleen in ectopic testicle.
996,Scopus,0021913832,T1 DOI,1985,samuel,10.1016/0028-2243(85)90027-9,European Journal of Obstetrics and Gynecology and Reproductive Biology,Acute urinary retention as presenting symptom of torsion of a wandering spleen
1010,Scopus,0021246359,T2 title+author+year,1984,takahashi,,Japanese Journal of Clinical Radiology,Concurrent presence of wandering spleen and accessory spleen. Report of a case
1051,Scopus,0019003952,T2 title+author+year,1980,symonowicz,,Wiadomosci Lekarskie,Splenomegaly caused by splenic pedicle torsion
1110,Scopus,0015637189,T2 title+author+year,1973,sevast'ianov,,Vestnik Khirurgii Imeni I.I.Grekova,Torsion of the spleen in a 5-year-old child
1204,Scopus,84924644982,T2 title+author+year,1955,moudry,,Ceskoslovenská gynekologie,[Dystopic spleen in the small pelvis simulating ovarian tumor]
1067,Scopus,0018171088,T2 title+author+year,1978,keidar,10.1111/j.1572-0241.1978.tb04628.x,The American Journal of Gastroenterology,Intestinal Obstruction Due to a Wandering Spleen
1147,Scopus,0014037638,T1 DOI,1967,binns,10.1002/bjs.1800540119,British Journal of Surgery,Wandering spleen associated with enlargement of the left kidney
961,Scopus,0023831631,T1 DOI,1988,kinori,10.7863/jum.1988.7.2.101,Journal of Ultrasound in Medicine,A truly wandering spleen
1090,Scopus,0016621835,T1 DOI,1975,broker,10.1016/s0022-3468(75)80095-9,Journal of Pediatric Surgery,Splenic torsion and accessory spleen: A scintigraphic demonstration
906,Scopus,0027346288,T2 title+author+year,1993,chen,,Gaoxiong yi xue ke xue za zhi = The Kaohsiung journal of medical sciences,Giant ectopic pelvic spleen: report of a case and review of the literature.
833,Scopus,0031196608,T2 title+author+year,1997,adamski,,Ginekologia polska,Tumor in the minor pelvis--ectopic spleen. Case report
1484,Scopus,0031003402,T1 DOI,1997,paul,10.1007/s001200050102,Urologe - Ausgabe A,Accessory spleen of the spermatic cord
1319,Scopus,0032452121,T2 title+author+year,1998,moger,10.1139/z98-125,Canadian Journal of Zoology,Elevated urinary cortisol in a timber wolf (Canis lupus): A result of social behaviour or adrenal pathology
1775,Scopus,0019391086,,1981,mclean,10.1016/0022-3468(81)90021-x,Journal of Pediatric Surgery,Splenic-gonadal fusion: Identification by radionuclide scanning
1141,Scopus,0014118330,T2 title+author+year,1967,evans,,Ohio State Medical Journal,Wandering spleen with torsion of pedicle. Report of a case with multiple congenital anomalies.
939,Scopus,0025108976,T3 similar title+author+year,1990,knipping,,Zentralblatt fur Chirurgie,Splenopexia of floating spleen
957,Scopus,0023683258,T2 title+author+year,1988,franic,,Canadian Association of Radiologists Journal,Torsion of a wandering spleen
1180,Scopus,84925549426,T2 title+author+year,1960,ets,,Vestnik khirurgii imeni I. I. Grekova,[Torsion of the spleen]
999,Scopus,0022359023,T1 DOI,1985,tait,10.1002/jcu.1870130214,Journal of Clinical Ultrasound,The wandering spleen: An ultrasonic diagnosis
891,Scopus,0028023439,T1 DOI,1994,de,10.1007/bf02015468,Pediatric Radiology,Late-onset Bochdalek hernia with a rare postoperative complication: Case report
1088,Scopus,0016884599,T2 title+author+year,1976,caterine,,Journal of the Iowa Medical Society,Wandering spleen in the child: a case study.
850,Scopus,0030256762,T2 title+author+year,1996,machart,,Rozhledy v chirurgii : mesícník Ceskoslovenské chirurgické spolecnosti,Chronic torsion of an ectopic spleen in the differential diagnosis of abdominal pain in a child. Case report
1776,Scopus,0028943432,,1995,erden,10.1007/bf01629511,Surgical and Radiologic Anatomy,Wandering accessory spleen
1777,Scopus,0029125442,,1995,oates,,Journal of Nuclear Medicine,Technetium-99m-sulfur colloid SPECT imaging in infants with suspected heterotaxy syndrome
1075,Scopus,0017530921,T2 title+author+year,1977,ievlev,,Vestnik Khirurgii Imeni I.I.Grekova,Torsion of a dytopic spleen in a child
945,Scopus,0024468975,T1 DOI,1989,savolaine,10.1097/00003072-198908000-00014,Clinical Nuclear Medicine,Wandering spleen presenting as a pediatric pelvic mass
1178,Scopus,0012412464,T2 title+author+year,1961,hinck,,Northwest medicine,Wandering spleen.
1188,Scopus,70449239805,T2 title+author+year,1958,balestra,,La Radiologia medica,Splenic dystopia; with special reference to relations of the ectopic spleen to the stomach & to gastrodiaphragmatic interposition of the spleen.
1778,Scopus,0025827334,,1991,schmidt,10.1007/bf00178656,Pediatric Surgery International,Silo-assisted closure of a late-presenting diaphragmatic hernia
843,Scopus,0030731255,T1 DOI,1997,sarimurat,10.1007/bf02385795,Surgery Today,Wandering spleen in childhood: A report of three cases
951,Scopus,0024526538,T2 title+author+year,1989,stickle,,Journal of the American Veterinary Medical Association,Radiographic signs of isolated splenic torsion in dogs: eight cases (1980-1987).
807,Scopus,0032233547,T2 title+author+year,1998,doede,,Langenbecks Archiv für Chirurgie. Supplement. Kongressband. Deutsche Gesellschaft für Chirurgie. Kongress,Laparoscopy in the newborn infant--indications and procedure
974,Scopus,0023279877,T1 DOI,1987,wood,10.1016/s0022-5347(17)44458-2,Journal of Urology,Urological accessory splenic tissue
1148,Scopus,0013933038,T2 title+author+year,1966,switkiewicz,,Polski Przeglad Chirurgiczny,Torsion of the migrating spleen
854,Scopus,0029988968,T2 title+author+year,1996,choi,,American Journal of Gastroenterology,"Recurrent acute pancreatitis: An additional manifestation of the ""wandering spleen"" syndrome"
952,Scopus,0024364909,T1 DOI,1989,shiels,10.1007/bf02387660,Pediatric Radiology,Chronic torsion of the wandering spleen
1779,Scopus,0015866724,,1973,lau,10.1159/000460307,Journal of Medical Primatology,Ectopic splenic nodules in the pancreas of a capuchin monkey (Cebus albifrons)
892,Scopus,0027932793,T1 DOI,1994,newman,10.1007/bf02015456,Pediatric Radiology,"Recognition of malposition of the liver and spleen: CT, MRI, nuclear scan and fluoroscopic imaging"
923,Scopus,0025788465,T1 DOI,1991,nemcek,10.2214/ajr.157.2.1853811,American Journal of Roentgenology,Acute torsion of a wandering spleen: Diagnosis by CT and duplex Doppler and color flow sonography
1780,Scopus,76549199977,,1965,johnson,10.1001/jama.1965.03090170133029,JAMA: The Journal of the American Medical Association,Some Diagnostic Applications of Combined Radioisotope Scanning of Adjacent Organs
855,Scopus,0029962272,T1 DOI,1996,posillico,10.1097/00003072-199604000-00004,Clinical Nuclear Medicine,A wandering spleen: Detection by In-111 leukocyte imaging
1781,Scopus,1842359866,,1962,kitchin,10.1002/bjs.18005022025,British Journal of Surgery,Torsion of an accessory spleen presenting as acute appendicitis
1782,Scopus,0027753247,,1993,maggi,,Giornale Italiano di Ultrasonologia,Splenic infarction by volvulus of wandering spleen: A preoperative diagnosis with color Doppler sonography
887,Scopus,0028079547,T1 DOI,1994,goldwag,10.1097/00003072-199401000-00020,Clinical Nuclear Medicine,The 'pseudo-pseudoaneurysm': Left ventricular pseudoaneurysm mimicked by ectopic spleen
1783,Scopus,0016260717,,1974,mizutani,10.1016/s0022-5347(17)59783-9,Journal of Urology,Splenic gonadal fusion in a Japanese boy
1125,Scopus,0014702564,T1 DOI,1970,font,10.1007/bf02239346,The American Journal of Digestive Diseases,Ectopic spleen mimicking an intrinsic fundal lesion of the stomach
875,Scopus,0028868025,T2 title+author+year,1995,peitgen,,"European Journal of Surgery, Acta Chirurgica",Management of intermittent splenic torsion ('Wandering spleen'): A review
886,Scopus,0028013737,T1 DOI,1994,masamune,10.1002/jcu.1870220211,Journal of Clinical Ultrasound,Ultrasonic diagnosis of torsion of the wandering spleen
1123,Scopus,0014772999,T2 title+author+year,1970,pietri,,"Archives francaises des maladies de l""appareil digestif",Ectopic spleen. A case diagnosed by means of splenic scintiscanning
828,Scopus,0031920457,T1 DOI,1998,valls,10.1007/s002619900321,Abdominal Imaging,Torsion of a wandering accessory spleen: CT findings
1119,Scopus,0014903749,T2 title+author+year,1970,maxie,,Canadian Veterinary Journal,Case report. Splenic torsion in three great danes.
1185,Scopus,25344440240,T2 title+author+year,1959,tosovsky,,Ceskoslovenská pediatrie,[Torsion of the spleen]
823,Scopus,0031778664,T1 DOI,1998,boschert,10.1007/s003830050357,Pediatric Surgery International,Splenic torsion in the presence of renal agenesis
913,Scopus,0026775058,T2 title+author+year,1992,dal,,Italian Journal of Gastroenterology,Splenic torsion: A rare cause of splenomegaly
1151,Scopus,0013874336,T2 title+author+year,1966,auvert,,Annales de chirurgie thoracique et cardio-vasculaire,Therapeutic possibilities of intra-pulmonary splenopexy in certain cases of portal hypertension
1085,Scopus,0017024347,T2 title+author+year,1976,iverson,,"Veterinary medicine, small animal clinician : VM, SAC",Torsion of the splenic pedicle and complete splenic separation in a St. Bernard.
958,Scopus,0023695492,T1 DOI,1988,huang,10.1016/0735-6757(88)90154-4,American Journal of Emergency Medicine,Hematometra presenting as acute appendicitis: A case report
1784,Scopus,0030990517,,1997,singh,10.1023/a:1018400826845,Clinical and Experimental Metastasis,Influence of the host microenvironment on the clonal selection of human colon carcinoma cells during primary tumor growth and metastasis
947,Scopus,0024661132,T2 title+author+year,1989,schettini,,AMB; revista da Associacao Medica Brasileira,Wandering spleen in children: report of 4 cases
1785,Scopus,0027254458,,1993,normand,,Canadian Association of Radiologists Journal,Ultrasonographic features of abdominal ectopic splenic tissue
1100,Scopus,0016393373,T2 title+author+year,1974,kipnis,,Journal of the American Veterinary Medical Association,Torsion of the splenic pedicle and gastric volvulus in a dog.
856,Scopus,0029862841,T2 title+author+year,1996,chateil,,Journal de Radiologie,Acute torsion of an accessory spleen
1786,Scopus,0029592737,,1995,bonnet,,Annales de Pediatrie,Torsion of an accessory spleen in a ten-year-old
971,Scopus,0023639360,T1 DOI,1987,siniluoto,10.1002/jcu.1870150709,Journal of Clinical Ultrasound,A multicystic wandering spleen
1787,Scopus,0023026865,,1986,tzila,10.1007/bf00276704,European Journal of Nuclear Medicine,Scintigraphic assessment of ectopic splenic tissue localization and function following splenectomy for trauma
1026,Scopus,0020712593,T2 title+author+year,1983,bolgov,,Vestnik Khirurgii Imeni I.I.Grekova,Torsion of the spleen simulating abdominal tumor in a child
1020,Scopus,0020794864,T2 title+author+year,1983,zakaria,,Journal of the Royal College of Surgeons of Edinburgh,Wandering spleen.
1124,Scopus,0014921027,T2 title+author+year,1970,courbil,,"Bulletin de la Societe medicale d""Afrique noire de langue francaise",2 cases of pedicular torsion of ectopic spleens
824,Scopus,0031603286,T2 title+author+year,1998,belet,,Radiologia Medica,Torsion of a wandering spleen: Radiologic assessment in one case
1788,Scopus,0024386824,,1989,o'flaherty,10.1007/bf00183406,Pediatric Surgery International,Diagnosis and treatment of splenic torsion in a child
1008,Scopus,0021153894,T1 DOI,1984,toback,10.1007/bf01318435,Digestive Diseases and Sciences,Splenic torsion - An unusual cause of splenomegaly
1789,Scopus,0017665524,,1977,finkbeiner,10.1016/0090-4295(77)90163-7,Urology,Splenic-gonadal fusion and adrenal cortical rest associated with bilateral cryptorchism
1790,Scopus,0023107416,,1987,ginsberg,10.1097/00003072-198704000-00021,Clinical Nuclear Medicine,Abdominal crisis with 'absent' spleen
1791,Scopus,0033182109,,1999,lo,,Annali Italiani di Chirurgia,Splenic infarction
1792,Scopus,0023757311,,1988,codacci-pisanelli,,Giornale di Chirurgia,Wandering spleen. A case report
821,Scopus,0031821750,T1 DOI,1998,cohen,10.1097/00019509-199808000-00010,"Surgical Laparoscopy, Endoscopy and Percutaneous Techniques",Laparoscopic splenopexy for wandering (pelvic) spleen
829,Scopus,0031453681,T1 DOI,1997,ng,10.1016/s0022-3468(97)90537-6,Journal of Pediatric Surgery,Wandering spleen presenting as duodenal obstruction after repair of congenital diaphragmatic hernia
1153,Scopus,0013848618,T2 title+author+year,1965,lombardi,,Minerva Chirurgica,Hypoplastic kidney associated with ectopic spleen
1338,Scopus,0030974365,T1 DOI,1997,germann,10.1007/s001120050120,Monatsschrift fur Kinderheilkunde,Typical cases of congenital wandering spleen
1793,Scopus,0019803269,,1981,baroni,,Annali della Facolta di Medicina e Chirurgia della Universita degli Studi di Perugia,Ultrasonographic diagnosis of wandering spleen
1113,Scopus,84971582008,T1 DOI,1972,minhas,10.1136/bmj.1.5798.509,British Medical Journal,Wandering spleen with complete procidentia
867,Scopus,0029355474,T2 title+author+year,1995,millis,,Journal of the American Veterinary Medical Association,Gastric dilatation-volvulus after splenic torsion in two dogs.
1078,Scopus,0017479948,T2 title+author+year,1977,nazarov,,Vestnik Khirurgii Imeni I.I.Grekova,Torsion of the spleen
1140,Scopus,0014151229,T2 title+author+year,1967,bourrel,,Annales de Chirurgie,3 male cases of ectopic spleen
1064,Scopus,0018215356,T1 DOI,1978,waldman,10.1097/00003072-197811000-00001,Clinical Nuclear Medicine,Lymphosarcoma in an ectopic pelvic spleen
800,Scopus,0033145707,T2 title+author+year,1999,baines,,The Journal of small animal practice,What is your diagnosis?Splenic torsion.
1017,Scopus,0020839463,T2 title+author+year,1983,harleman,,Laboratory animal science,Ectopic spleen tissue in the pancreas of Himalayan rabbits.
1099,Scopus,0016198632,T1 DOI,1974,cross,10.1136/bmj.3.5930.564,British Medical Journal,Diagnostic Clue to Acute Splenic Torsion in the Tropics
818,Scopus,0031815084,T1 DOI,1998,hon,10.1111/j.1440-1673.1998.tb00513.x,Australasian Radiology,Torsion of the wandering spleen
1205,Scopus,84924827366,T2 title+author+year,1955,hossne,,Arquivos de cirurgia clinica e experimental,[Torsion of pedicle in the floating spleen]
797,Scopus,0033007929,T1 DOI,1999,lane,10.1177/014107689909200211,Journal of the Royal Society of Medicine,Management of a wandering spleen
1274,Scopus,0031325353,T2 title+author+year,1997,zonderland,,Annales de Medecine Veterinaire,Torsion of the splenic pedicle in a dog
1165,Scopus,75949151341,T2 title+author+year,1964,maleki,,Annales de radiologie,A PELVIC SPLEEN.
884,Scopus,0028398534,T1 DOI,1994,marino,10.1111/j.1532-950x.1994.tb00453.x,Veterinary Surgery,Ventricular Arrhythmias in Dogs Undergoing Splenectomy: A Prospective Study
1794,Scopus,0023613576,,1987,sieler,10.1177/875647938700300203,Journal of Diagnostic Medical Sonography,Sonography of the Spleen: A Review
1795,Scopus,84965264854,,1962,cunningham,10.1136/bmj.2.5301.412-c,British Medical Journal,Torsion of the Spleen
910,Scopus,0026975738,T3 similar title+author+year,1992,perinotti,,Minerva Medica,The wandering spleen. Considerations on two clinical cases
959,Scopus,0008689102,T2 title+author+year,1988,denehy,10.1097/00006254-198843030-00001,Obstetrical and Gynecological Survey,Splenic torsion and rupture in pregnancy
819,Scopus,0031880866,T1 DOI,1998,idowu,10.1016/s0022-3468(98)90161-0,Journal of Pediatric Surgery,Partial splenectomy in children under 4 years of age with hemoglobinopathy
1796,Scopus,0025050344,,1990,vassilopoulos,,Acta Chirurgica Scandinavica,Ectopic spleen in the retroperitoneum
1022,Scopus,0020541127,T1 DOI,1983,vermylen,10.1007/bf00441655,European Journal of Pediatrics,The wandering spleen
792,Scopus,0033226924,T1 DOI,1999,paterson,10.1148/radiographics.19.6.g99no231465,Radiographics,A pattern-oriented approach to splenic imaging in infants and children
817,Scopus,0031968331,T2 title+author+year,1998,benammar,,Annales de Chirurgie,Torsion of a supernumerary spleen. A case report
930,Scopus,84970481919,T2 title+author+year,1990,alerci,10.1080/02841859009173103,Acta Radiologica,Computed tomography of cystic lymphangioma in a wandering spleen
1797,Scopus,0017234219,,1976,tsingoglou,10.1002/bjs.1800630411,British Journal of Surgery,Splenogonadal fusion
1798,Scopus,0019692319,,1981,,,Journal of Surgical Association Republic of China,Splenopexy in the treatment of wandering spleen
907,Scopus,0027415560,T1 DOI,1993,gunning,10.1002/bjs.1800800130,British Journal of Surgery,Symptomatic wandering spleen
861,Scopus,0029619329,T1 DOI,1995,lopez,10.1016/0720-048x(95)00671-c,European Journal of Radiology,The wandering spleen
1132,Scopus,0014366288,T2 title+author+year,1968,choksey,,Journal of the Indian Medical Association,Wandering spleen with torsion of the pedicle.
1137,Scopus,0014365077,T2 title+author+year,1968,ferri,,Archivio italiano di chirurgia,Clinical contribution to knowledge of torsion of the spleen
862,Scopus,0029598508,T1 DOI,1995,mcfee,10.1007/bf02220456,Digestive Diseases and Sciences,Wandering spleen with torsion in a geriatric patient - Report of an unusual case with a brief review of the clinical picture and management
1799,Scopus,0033506460,,1999,nosaka,10.1097/00042423-199909000-00002,Radiologist,'The twister': Imaging characteristics of torsion and volvulus in the abdomen
868,Scopus,0029300612,T1 DOI,1995,hardie,10.1111/j.1939-1676.1995.tb03287.x,Journal of Veterinary Internal Medicine,Splenic Infarction in 16 Dogs: A Retrospective Study
1087,Scopus,0017051563,T1 DOI,1976,hatfield,10.1001/archsurg.1976.01360230103022,Archives of Surgery,Ectopic Pelvic Spleen
1169,Scopus,75449138911,T2 title+author+year,1963,dimitrov,,Khirurgiia,A CASE OF PELVIC SPLEEN DYSTOPY.
928,Scopus,0026003905,T1 DOI,1991,herman,10.2214/ajr.156.1.1898552,American Journal of Roentgenology,CT of acute splenic torsion in children with wandering spleen
956,Scopus,0023787439,T1 DOI,1988,muller,10.1055/s-2008-1033745,Klinische Padiatrie,"Accessory spleen torsion clinic, sonographic and differential diagnosis"
966,Scopus,0024240680,T2 title+author+year,1988,mendes,,Chirurgie pédiatrique,Torsion of the spleen
1194,Scopus,84961023468,T2 title+author+year,1957,lago,,Pathologica,Value of splenopexy with magnesium trisilicate in portal hypertension
1800,Scopus,0029046553,,1995,dahlin,,"European Journal of Surgery, Acta Chirurgica",Torsion of an accessory spleen in an adult
851,Scopus,0029771637,T1 DOI,1996,horwitz,10.1097/00005373-199608000-00027,"Journal of Trauma - Injury, Infection and Critical Care",Traumatic rupture of a wandering spleen in a child: Case report and literature review
1028,Scopus,0020406971,T2 title+author+year,1982,allen,,Journal of the American Veterinary Medical Association,Radioisotope imaging for detection of an ectopic spleen in a macaque
1801,Scopus,0017799990,,1978,halvorsen,10.1111/j.1651-2227.1978.tb16338.x,Acta Pædiatrica,SPLENOGONADAL FUSION
917,Scopus,0026849928,T2 title+author+year,1992,konstantinov,,Vestnik Khirurgii Imeni I.I.Grekova,Splenic torsion in a 6-month-old child
873,Scopus,0028890789,T1 DOI,1995,fujiwara,10.1097/00004728-199501000-00016,Journal of Computer Assisted Tomography,Torsion of the wandering spleen: Ct and angiographic appearance
914,Scopus,0026754439,T1 DOI,1992,schmidt,10.1016/0022-3468(92)90555-l,Journal of Pediatric Surgery,The splenic snood: An improved approach for the management of the wandering spleen
1802,Scopus,0023831113,,1988,ihekwaba,10.1177/004947558801800207,Tropical Doctor,Splenectomy for trauma: Is it associated with a high risk of infection in the tropics?
950,Scopus,0024399136,T2 title+author+year,1989,aquino,,Journal of the National Medical Association,Wandering spleen presenting as an adnexal mass
920,Scopus,0027029606,T2 title+author+year,1992,sayad,,Le Journal médical libanais. The Lebanese medical journal,Volvulus of a wandering spleen on the 2nd day after birth
1111,Scopus,0015366960,T2 title+author+year,1972,pribyl,,Rozhledy v chirurgii,Torsion of the spleen in situs viscerum inversus
1201,Scopus,84928583179,T2 title+author+year,1956,maynadier,,Mémoires. Académie de chirurgie (France),[Acute torsion of the spleen in a 12 year old child]
1056,Scopus,0018538428,T2 title+author+year,1979,gruner-zarnoch,,Pediatria Polska,Chronic torsion of wandering spleen in an infant
1059,Scopus,0018581498,T3 similar title+author+year,1979,bonnin,,Revista Interamericana de Radiologia,Segmental portal hypertension due to volvulus of the spleen
806,Scopus,0032426702,T2 title+author+year,1998,benoist,,Hepato-Gastroenterology,Reversible hypersplenism after splenopexy for wandering spleen
1207,Scopus,77049230626,T2 title+author+year,1955,weinreich,,Revue belge de pathologie et de médecine expérimentale,Bone marrow inhibition of splenic origin in a case of movable spleen.
1803,Scopus,0017388942,,1977,bayer,,Zeitschrift fur Kinder- und Jugendpsychiatrie,Chronic intermittent torsion of the spleen
1143,Scopus,0014220436,T1 DOI,1967,mcnish,10.1136/vr.80.17.518,The Veterinary record,A case of torsion of the spleen in a dog.
962,Scopus,0023706408,T2 title+author+year,1988,volobuev,,Arkhiv Patologii,A rare complication of splenic torsion in a child
877,Scopus,0028145795,T1 DOI,1994,berkenblit,10.1007/bf00206940,Abdominal Imaging,Wandering spleen with torsion: Appearance on CT and ultrasound
1023,Scopus,0020740840,T2 title+author+year,1983,zhalelov,,Vestnik Khirurgii Imeni I.I.Grekova,Floating spleen in a 5-year-old girl
1004,Scopus,0021677712,T1 DOI,1984,parker,10.1097/00004728-198412000-00036,Journal of Computer Assisted Tomography,Torsion of a wandering spleen: Ct appearance
1092,Scopus,0016587658,T2 title+author+year,1975,colin,,East African Medical Journal,Torsion of the spleen in a two year old boy. Case report
993,Scopus,0022092070,T1 DOI,1985,sty,10.1016/s0001-2998(85)80005-2,Seminars in Nuclear Medicine,The spleen: Development and functional evaluation
1804,Scopus,0017227603,,1976,majeski,10.1097/00007611-197603000-00042,Southern Medical Journal,Polysplenic syndrome in association with a rudimentary spleen
1014,Scopus,0021120019,T2 title+author+year,1984,leeman,,Journal Belge de Radiologie,Wandering spleen in supra-hepatic position.
1805,Scopus,0014234548,,1968,soderstrom,10.1111/j.1600-0609.1968.tb01729.x,Scandinavian Journal of Haematology,The Free Cytoplasmic Fragments of Lymphoglandular Tissue (Lymphoglandular Bodies). A Preliminary Presentation
1016,Scopus,0021340040,T1 DOI,1984,sheflin,10.2214/ajr.142.1.100,American Journal of Roentgenology,Torsion of wandering spleen and distal pancreas
1806,Scopus,0016161543,,1974,marquand,,Chirurgie,Peritoneal splenosis. A new case
880,Scopus,0028061289,T1 DOI,1994,dawson,10.1111/j.1445-2197.1994.tb02249.x,Australian and New Zealand Journal of Surgery,MANAGEMENT OF THE WANDERING SPLEEN
1807,Scopus,0015749240,,1973,piskackova,,Studia Pneumologica et Phtiseologica Cechoslovaca,Lien ectopicus thoracis: ectopic intrathoracic spleen
915,Scopus,0026879312,T2 title+author+year,1992,cendrowski,,Ginekologia polska,Ectopic spleen in pelvis minor--a case report
902,Scopus,0027586285,T2 title+author+year,1993,balm,,The European journal of surgery = Acta chirurgica,Torsion of a wandering spleen.
1808,Scopus,84941818339,,1977,,10.1001/jama.1977.03270510025014,JAMA: The Journal of the American Medical Association,Volvulus of the Spleen
1149,Scopus,0013881244,T2 title+author+year,1966,perrine,,International Surgery,Torsion of the accessory splenic pedicle. A case report.
944,Scopus,0024746964,T2 title+author+year,1989,liubarskii,,Khirurgiya,Torsion of the accessory spleen simulating acute appendicitis
1414,Scopus,0030850983,T2 title+author+year,1997,clauss,,Physica Medica,A one hour rest-stress technetium-99m MIBI myocardial protocol
1809,Scopus,0025040753,,1990,villanueva,,Anales Espanoles de Pediatria,Splenic torsion in a child with prune belly syndrome
1810,Scopus,0023754304,,1988,carfagna,,Chirurgia Gastroenterologica,A rare cause of acute abdomen: Wandering spleen with twisted pedicle
1811,Scopus,0018348092,,1979,simon,,Fortschritte auf den Gebiete der Rontgenstrahlen und der Nuklearmedizin,Dystopia of the spleen
1065,Scopus,0018020582,T2 title+author+year,1978,heij,,Medical Journal of Zambia,Torsion of the spleen.
1812,Scopus,0019324891,,1980,rice,10.1016/s0140-6736(80)91056-9,The Lancet,ECTOPIC SPLENIC TISSUE FAILED TO PREVENT FATAL PNEUMOCOCCAL SEPTICÆMIA AFTER SPLENECTOMY FOR TRAUMA
981,Scopus,0023489585,T2 title+author+year,1987,wendt,,Tierärztliche Praxis,Stomach torsion in swine
1813,Scopus,0020591303,,1983,hashida,10.3109/15513818309040654,Fetal and Pediatric Pathology,Pancreatic pathology in trisomy 13: Specificity of the morphologic lesion
788,Scopus,0032600826,T2 title+author+year,1999,dindar,,Turkish Journal of Pediatrics,"The split notochord syndrome with dorsal enteric fistula, meningomyelocele and imperforate anus"
1814,Scopus,0019941452,,1982,pauli,10.1002/ajmg.1320130113,American Journal of Medical Genetics,Limb deficiency and splenogonadal fusion
1202,Scopus,84913929328,T2 title+author+year,1956,bellmaine,10.5694/j.1326-5377.1956.tb35252.x,The Medical journal of Australia,Splenoptosis in infancy:  two cases
1815,Scopus,0021906703,,1985,fuchs,,Chirurg,Acute abdomen in a child with congenital wandering spleen with complete torsion of the pedicle
1152,Scopus,17144474702,T2 title+author+year,1965,essomba,,Bulletin et memoires de la Societe des chirurgiens de Paris,Apropos of a pelvic spleen: splenectomy and death
881,Scopus,0028307874,T1 DOI,1994,murray,10.1097/00005176-199405000-00016,Journal of Pediatric Gastroenterology and Nutrition,Pancreatitis caused by a wandering spleen
1002,Scopus,0021979002,T1 DOI,1985,pundaleeka,10.1016/s0196-0644(85)80738-1,Annals of Emergency Medicine,Splenic torsion presenting as a twisted hemorrhagic ovarian cyst
841,Scopus,0030909969,T1 DOI,1997,desai,10.1097/00007611-199704000-00017,Southern Medical Journal,Wandering spleen: A challenging diagnosis
871,Scopus,0028954027,T1 DOI,1995,melikoglu,10.1055/s-2008-1066163,European Journal of Pediatric Surgery,Two Unusual Cases of Wandering Spleen Requiring Splenectomy
1816,Scopus,0025049665,,1990,bustami,10.1002/ca.980030406,Clinical Anatomy,“Wandering” or ectopic spleen: A case report and review of the literature
1062,Scopus,0018403728,T1 DOI,1979,lee,10.1001/archsurg.1979.01370250015002,Archives of Surgery,Ultrasound Demonstration of Wandering Spleen
1120,Scopus,0014796768,T2 title+author+year,1970,kompacheva,,Vestnik Khirurgii Imeni I.I.Grekova,Torsion of the spleen
1131,Scopus,0014659613,T2 title+author+year,1969,todorovic,,Srpski Arhiv Za Celokupno Lekarstvo,Mobile spleen
1086,Scopus,0017071008,T2 title+author+year,1976,collins,,American Surgeon,Chronic torsion of the spleen
985,Scopus,0022482071,T1 DOI,1986,thorup,10.1016/s0022-3468(86)80396-7,Journal of Pediatric Surgery,Late return of function after intrathoracic torsion of the spleen in congenital diaphragmatic hernia
1033,Scopus,0020124064,T2 title+author+year,1982,ros,,Anales Espanoles de Pediatria,Torsion of the spleen
1049,Scopus,0019133878,T2 title+author+year,1980,yanay,,Harefuah,Acute abdomen due to torsion of a wandering spleen
1817,Scopus,0023944159,,1988,peveretos,,Acta Chirurgica Scandinavica,Massive lower gastrointestinal bleeding due to splenocolic fistula. Case report
1391,Scopus,0030844150,T1 DOI,1997,mallmann,10.1007/s004310050737,European Journal of Pediatrics,A girl with congenital adrenal hyperplasia and recurrent abdominal pain
1818,Scopus,0017101715,,1976,likhite,,IRCS Medical Science: Biochemistry,Immune responses of heterotropic autotransplants of splenic tissue in rats
1819,Scopus,0027460599,,1993,al-ali,,Revue d'Imagerie Medicale,Wandering spleen in child
1168,Scopus,73649182536,T2 title+author+year,1963,foti,,Minerva chirurgica,Acute abdomen caused by torsion of an abdominal ectopic spleen; mesenteric accessory spleen
1820,Scopus,0027216361,,1993,zaidenstein,10.1007/bf00173363,Pediatric Surgery International,Acute colonic obstruction induced by torsion of a wandering spleen
942,Scopus,0024455122,T1 DOI,1989,dautenhahn,10.1097/00004728-198911000-00027,Journal of Computer Assisted Tomography,Lymphoma in a pelvic spleen: CT features
826,Scopus,0031889017,T1 DOI,1998,zivkovic,10.1007/s003830050300,Pediatric Surgery International,Sutureless 'button and hole' splenopexy
1190,Scopus,84924636539,T2 title+author+year,1958,ingelrans,,Pédiatrie,[Floating spleen with infarction in a newborn infant]
1116,Scopus,0015211089,T2 title+author+year,1971,gottlob,,Deutsche Medizinische Wochenschrift,"Splenopexy with ""grid adhesives"". A new method for the formation of anastomoses between portal and systemic circulation"
1114,Scopus,0015053058,T2 title+author+year,1971,boscaino,,Policlinico - Sezione Chirurgica,A case of ectopic spleen in the stomach revealed by grave gastric hemorrhage
1160,Scopus,76549186294,T2 title+author+year,1965,doganov,,Akusherstvo i ginekologiia,On a case of an exceptionally movable spleen
1000,Scopus,0021911164,T1 DOI,1985,lambrecht,10.1007/bf01262500,Langenbecks Archiv für Chirurgie,Organ saving spleen surgery in childhood
1011,Scopus,0021342672,T1 DOI,1984,barki,10.1259/0007-1285-57-675-267,British Journal of Radiology,Wandering spleen in two children: The role of ultrasonic diagnosis
1821,Scopus,0021070964,,1983,bianchi,10.1177/028418518302400508,Acta Radiologica,Nephroangiotomographic diagnosis of retroperitoneal spleen: Report of a case
1166,Scopus,75949162324,T2 title+author+year,1964,korotkov,,Vestnik khirurgii imeni I. I. Grekova,ON SPLENIC TORSION.
852,Scopus,0030200815,T1 DOI,1996,bonnet,10.1016/0929-693x(96)87094-1,Archives de Pediatrie,Torsion of the spleen: Unusual presentation of congenital left diaphragmatic hernia
1482,Scopus,54749122768,T2 title+author+year,1998,rinck,,European Journal of Wildlife Research,Presentation of a twisted stomach in Dingo (Canis familiaris dingo)
1021,Scopus,0020791190,T2 title+author+year,1983,gainanov,,Vestnik Khirurgii Imeni I.I.Grekova,Torsion and rupture of floating spleen in combination with destructive appendicitis in a 13-year-old girl
1157,Scopus,33847630111,T1 DOI,1965,simpson,10.1002/bjs.1800520506,British Journal of Surgery,Torsion of wandering spleen
865,Scopus,0028991791,T1 DOI,1995,shimizu,10.1007/bf03165042,Annals of Nuclear Medicine,The value of combined99mTc-Sn-colloid and99mTc-RBC scintigraphy in the evaluation of a wandering spleen
1822,Scopus,0023554320,,1987,aliabadi,10.1007/bf00175652,Pediatric Surgery International,Splenic torsion and the prune belly syndrome
1823,Scopus,0019807103,,1981,algava,,Gynecologie,Pelvic spleen torsion. One observation
809,Scopus,0032446169,T1 DOI,1998,baglaj,10.1007/s003830050454,Pediatric Surgery International,Epidermoid cyst in a wandering spleen
1824,Scopus,0019119121,,1980,mbonu,,Ghana Medical Journal,Diffuse cavernous hemangioma in a wandering spleen
1163,Scopus,0242627852,T1 DOI,1964,pearson,10.1002/bjs.1800510530,British Journal of Surgery,Torsion of the spleen associated with congenital absence of the left kidney
1825,Scopus,0022362086,,1985,baldwin,,NUC Compact,Lymphoma involving ectopic right sided spleen
960,Scopus,0023959358,T1 DOI,1988,steele,10.1111/j.1445-2197.1988.tb01027.x,Australian and New Zealand Journal of Surgery,A TORTED PELVIC SPLEEN
1145,Scopus,0014074112,T2 title+author+year,1967,klassen,,Vestnik Khirurgii Imeni I.I.Grekova,Wandering spleen associated with a non-parasitic cyst
1079,Scopus,0017347785,T1 DOI,1977,isikoff,10.1148/123.1.36,Radiology,"Torsion of the wandering spleen, seen as a migratory abdominal mass"
1826,Scopus,0026043518,,1991,santoni,,Minerva Chirurgica,Ectopic autotransplant of spleen tissue after spleneoctomy for traumatic rupture
934,Scopus,0025451616,T2 title+author+year,1990,abdulzhavadov,,Vestnik Khirurgii Imeni I.I.Grekova,Torsion of the spleen in pregnancy
933,Scopus,0025063136,T1 DOI,1990,kinare,10.1002/jcu.1870180712,Journal of Clinical Ultrasound,Sonographic diagnosis of splenic torsion in a spleen situated in the left upper quadrant
1164,Scopus,75549099231,T1 DOI,1964,seah,10.1136/bmj.1.5389.1028,British Medical Journal,Torsion of Spleen With Spontaneous Rupture of Splenic Vein Presenting as a Case of Accidental Haemorrhage
1177,Scopus,84923953568,T1 DOI,1962,lewis,10.1136/bmj.1.5277.527,British Medical Journal,Torsion of the Spleen in Pregnancy
1396,Scopus,0030926332,T2 title+author+year,1997,benoit,,Annales de Chirurgie,Acute intra-abdominal gastric volvulus in adult patients. The absence of dorsal mesogastrium fusion
922,Scopus,0026355220,T1 DOI,1991,diel,10.1055/s-2007-1005948,Ultraschall in der Medizin,'Acute abdomen' in haemorrhage into a twisted pediculated ectopic second spleen in the right mesogastrium
842,Scopus,0031306454,T2 title+author+year,1997,grumillier,,Journal de Chirurgie,Splenic volvulus on a mobile spleen
1827,Scopus,0031679452,,1998,jikki,,Ultrasound International,Ectopic spleen-presenting as acute abdomen
1117,Scopus,0015195656,T2 title+author+year,1971,opanov,,Khirurgiia,Splenic torsion
1104,Scopus,0015966907,T1 DOI,1974,babcock,10.1016/0002-9610(74)90044-0,The American Journal of Surgery,Infarction of an accessory spleen causing an acute abdomen
1126,Scopus,0014610152,T1 DOI,1969,mendez,10.1016/s0022-5347(17)62208-0,The Journal of urology,Ectopic spleen simulating testicular tumor.
845,Scopus,0031052959,T1 DOI,1997,laszewicz,10.1055/s-2007-1004072,Endoscopy,Upper gastrointestinal hemorrhage secondary to ectopic spleen
1828,Scopus,0024562049,,1989,bar-maor,10.1007/bf00181853,Pediatric Surgery International,Treatment of intermittent splenic torsion in polysplenia syndrome and wandering spleen by splenopexy
1829,Scopus,0016206747,,1974,vuillard,,Lyon Chirurgical,"Rupture of the spleen, apparently spontaneous in a splenic ectopic gestation"
1191,Scopus,84924646386,T2 title+author+year,1957,billich,,Gynaecologia. International monthly review of obstetrics and gynecology. Revue internationale mensuelle d'obstétrique et de gynécologie. Monatsschrift für Geburtshilfe und Gynäkologie,[Differential diagnosis of genital tumors & floating spleens]
1830,Scopus,0019122758,,1980,tsyrlova,,Doklady Biological Sciences,Formation of erythropoiesis and antibody production in ectopic transplants of the spleen
903,Scopus,0027459549,T2 title+author+year,1993,cainzos,,Hepato-Gastroenterology,Acute abdomen caused by torsion of the pedicle in a wandering spleen
900,Scopus,0027602769,T2 title+author+year,1993,lee,,"Annals of the Academy of Medicine, Singapore",Histogenesis of true splenic cysts: a histological and immunohistochemical study.
847,Scopus,10544248172,T1 DOI,1996,moll,10.1002/(sici)1096-8652(199612)53:4<259::aid-ajh11>3.0.co;2-7,American Journal of Hematology,Thrombocytopenia in association with a wandering spleen
948,Scopus,0024518688,T1 DOI,1989,allen,10.1016/s0022-3468(89)80395-1,Journal of Pediatric Surgery,Pediatric wandering spleen-The case for splenopexy: Review of 35 reported cases in the literature
1155,Scopus,0013846047,T2 title+author+year,1965,dellepiane,,Prensa Medica Argentina,Floating spleen
1186,Scopus,84924635265,T2 title+author+year,1959,sertoli,,L' Ospedale maggiore,[Torsion of the peduncle of a migrating spleen in right iliac site]
802,Scopus,0033112838,T2 title+author+year,1999,fasse,10.1055/s-2007-1011062,RöFo : Fortschritte auf dem Gebiete der Röntgenstrahlen und der Nuklearmedizin,The wandering spleen--a rare differential diagnosis of acute abdomen
1831,Scopus,0023939970,,1988,munoz-calero,,Cirugia de Urgencia,Acute abdomen due to torsion of splenic pedicle
1832,Scopus,78651160077,,1964,green,10.1084/jem.119.4.581,The Journal of experimental medicine,THE REGENERATION OF F1 HOST CELL SPLEEN AND THYMUS AT ECTOPIC SITES IN
1833,Scopus,84986761442,,1994,goldsmid,10.1111/j.1748-5827.1994.tb02552.x,Journal of Small Animal Practice,Successful derotation of a splenic torsion in a racing greyhound
1834,Scopus,0024418854,,1989,scheye,,Chirurgie Pediatrique,Intermittent wandering spleen interest of splenopexie in a child
1044,Scopus,0019365017,T1 DOI,1981,van,10.1055/s-2008-1063242,European Journal of Pediatric Surgery,Splenopexy in a Case of Wandering Spleen
785,Scopus,0033085733,T2 title+author+year,1999,ravid,,Harefuah,"The ""wandering spleen"" syndrome"
1170,Scopus,73649159460,T2 title+author+year,1963,petkov,,Khirurgiia,Features of a case of torsion of the spleen.
831,Scopus,0030730713,T2 title+author+year,1997,jans,,Journal Belge de Radiologie,"Torsion of accessory spleen in an adult patient: Imaging findings at CT, MRI and angiography"
1055,Scopus,0018561008,T1 DOI,1979,zarinjooee,10.1001/archpedi.1979.02130120074016,American Journal of Diseases of Children,Splenic Torsion in a Child
1483,Scopus,0032472914,T1 DOI,1998,foley,10.1093/emboj/17.3.774,EMBO Journal,Targeted disruption of the MYC antagonist MAD1 inhibits cell cycle exit during granulocyte differentiation
1835,Scopus,0030868817,,1997,gari,,Emergency and Office Pediatrics,Abdominal mass in a 17-month-old boy
1836,Scopus,0032699042,,1999,hernandez,,Ciencia Ginecologika,Splenic ectopia. Differential diagnosis of adnexal mass
1837,Scopus,0027473623,,1993,villanua,10.1530/acta.0.1280074,Acta Endocrinologica,Thymostimulin effects on lymphoid organs in Ames dwarf mice
1089,Scopus,0017086631,T1 DOI,1976,shende,10.1001/archpedi.1976.02120020090019,American Journal of Diseases of Children,Torsion of a Visceroptosed Spleen
893,Scopus,0028715419,T2 title+author+year,1994,raichuk,,Klinicheskaya Khirurgiya,Torsion of accessory spleen
1053,Scopus,0018841034,T1 DOI,1980,sorgen,10.1007/bf01888595,Gastrointestinal Radiology,Bleeding gastric varices secondary to wandering spleen
1184,Scopus,84925556452,T2 title+author+year,1959,shabanov,,Vestnik khirurgii imeni I. I. Grekova,[Torsion of the spleen]
1060,Scopus,0018763118,T3 similar title+author+year,1979,beluffi,,Minerva Medica,A case of spleen torsion in a child
1838,Scopus,78651116049,,1960,guimaraes,,Revista paulista de medicina,Subcutaneous splenopexy for the study of the splenoporto-hepatic system
1050,Scopus,0019297921,T2 title+author+year,1980,daneshgar,10.1016/0016-5085(80)90089-x,Gastroenterology,Bleeding gastric varices and gastric torsion secondary to a wandering spleen
1095,Scopus,0016614478,T1 DOI,1975,smulewicz,10.1007/bf01070730,The American Journal of Digestive Diseases,Torsion of the wandering spleen
1839,Scopus,0030029987,,1996,antunovic,,Archives of Gastroenterohepatology,Wandering spleen. A case report
1156,Scopus,0013784254,T2 title+author+year,1965,martin,,Annales de chirurgie infantile,A case of acute torsion of the spleen in a 6-month-old infant
1030,Scopus,0020029440,T1 DOI,1982,stringel,10.1016/s0022-3468(82)80492-2,Journal of Pediatric Surgery,Torsion of the wandering spleen: Splenectomy or splenopexy
987,Scopus,0022668398,T2 title+author+year,1986,scicolone,,Chirurgia italiana,"""Wandering spleen"": preoperative diagnosis by echotomography of the abdomen (review of the literature and report of a case)"
1072,Scopus,0017692519,T2 title+author+year,1977,lernau,,Journal of Nuclear Medicine,Torsion of the spleen with incomplete infarction: case report
1134,Scopus,0014416125,T1 DOI,1968,bookstaver,10.1016/s0002-9378(15)33421-9,American journal of obstetrics and gynecology,Postpartum torsion of the spleen causing intestinal obstruction.
1029,Scopus,0020344795,T1 DOI,1982,rao,10.1148/radiology.145.3.7146415,Radiology,Dual radiopharmaceutical imaging in congenital asplenia syndrome.
1840,Scopus,0016263985,,1974,torma,10.1001/archsurg.1974.01360040073019,Archives of Surgery,Of Double Stomachs
1018,Scopus,0020967812,T2 title+author+year,1983,valleix,,Annales de Chirurgie,Torsion of an accessory spleen
1179,Scopus,73049163636,T2 title+author+year,1961,anikandrov,,Novaia khirurgiia,On wandering spleen and torsion of its pedicle.
908,Scopus,0027213058,T1 DOI,1993,lamesch,10.1007/bf00184468,Langenbecks Archiv fur Chirurgie,Anomalies of the position of the spleen in the child Case report and review of the literature from 1896 to 1990
1061,Scopus,0018462416,T2 title+author+year,1979,bienkowski,,Wiadomosci Lekarskie,Case of torsion of spleen displaced below the right costal arch
822,Scopus,0032463814,T2 title+author+year,1998,uc,10.1016/s0002-9270(98)00230-5,American Journal of Gastroenterology,Gastric volvulus and wandering spleen
1841,Scopus,0031107164,,1997,oak,,Journal of Postgraduate Medicine,Gastric volvulus in childhood
916,Scopus,0026752991,T1 DOI,1992,rodkey,10.1177/000992289203100505,Clinical Pediatrics,Pediatric Wandering Spleen: Case Report and Review of Literature
1039,Scopus,0019576784,T2 title+author+year,1981,leont'ev,,Vestnik Khirurgii Imeni I.I.Grekova,Torsion of the pathologically mobile spleen in a 9-year-old child
904,Scopus,0027447581,T1 DOI,1993,zingman,10.1093/clind/16.2.223,Clinical Infectious Diseases,Splenic complications in malaria: Case report and review
1138,Scopus,0014170348,T1 DOI,1967,woodward,10.1016/0002-9610(67)90424-2,The American Journal of Surgery,Torsion of the spleen
1482,Scopus,18844437816,T1 DOI,1998,rinck,10.1007/bf02239883,Zeitschrift fur Jagdwissenschaft,Presentation of a twisted stomach in Dingo (Canis familiaris dingo)
1842,Scopus,84985406656,,1983,stead,10.1111/j.1748-5827.1983.tb00399.x,Journal of Small Animal Practice,Splenic torsion in dogs
1043,Scopus,0019435381,T2 title+author+year,1981,lewis,,American Surgeon,Wandering spleen
1200,Scopus,84924643800,T2 title+author+year,1956,tortora,,Archivio di ostetricia e ginecologia,[Unsuspected finding of floating spleen and gastric volvulus]
853,Scopus,0030137603,T1 DOI,1996,ellis,10.1002/bjs.1800830536,British Journal of Surgery,Wandering spleen: A rare emergency condition
963,Scopus,0023835987,T1 DOI,1988,bajakian,10.1097/00003072-198801000-00022,Clinical Nuclear Medicine,Wandering spleen. The use of decubitus views during hepatic imaging
1843,Scopus,0021247067,,1984,colnet,,Archives Francaises de Pediatrie,Wandering spleen. A case report in a 4 year-old girl
930,Scopus,0025572493,T2 title+author+year,1990,alerci,10.1177/028418519003100611,Acta Radiologica,Computed tomography of cystic lymphangioma in a wandering spleen
1844,Scopus,0021171975,,1984,okamoto,10.11261/iryo1946.38.812,IRYO - Japanese Journal of National Medical Services,A case of torsion of the wandering spleen in a 9-year-old female
1063,Scopus,0018377116,T2 title+author+year,1979,fried,,Israel Journal of Medical Sciences,Torsion of the spleen in a five-and-a-half-month-old infant
1154,Scopus,0013791706,T2 title+author+year,1965,de,,Chirurgia Italiana,On a semiological finding in a case of ptotic spleen twisted on its pedicle
1115,Scopus,0015060087,T1 DOI,1971,iancu,10.1111/j.1651-2227.1971.tb06671.x,Acta Pædiatrica,ECTOPIC SPLEEN IN AN Rh INCOMPATIBLE INFANT
820,Scopus,0032119364,T1 DOI,1998,saunders,10.1111/j.1740-8261.1998.tb01619.x,Veterinary Radiology and Ultrasound,B-mode and doppler ultrasound imaging of the spleen with canine splenic torsion: A retrospective evaluation
888,Scopus,0028364222,T1 DOI,1994,phillpott,10.1007/bf02020181,Pediatric Radiology,Torsion of the spleen: An unusual presentation of congenital diaphragmatic hernia
1845,Scopus,0031854128,,1998,mak,,Journal of Medical Ultrasound,Wandering spleen: Report of a case
1167,Scopus,75549105213,T2 title+author+year,1963,cerra,,Gazzetta internazionale di medicina e chirurgia,A CASE OF ENLARGED ECTOPIC SPLEEN IN A SUBUMBILICAL SITE.
1135,Scopus,0014251333,T2 title+author+year,1968,oganesian,,Klinicheskaya Meditsina,2 cases of wandering spleen
1846,Scopus,0023472872,,1987,azoulay,,Journal de Chirurgie,Volvulus of a mobile spleen. Preoperative diagnosis by ultrasound imaging in one case
1109,Scopus,0015638616,T2 title+author+year,1973,khokholia,,Vestnik Khirurgii Imeni I.I.Grekova,Torsion of the spleen in a 13-year-old child
837,Scopus,0030961872,T1 DOI,1997,ando,10.1016/s0022-3468(97)90023-3,Journal of Pediatric Surgery,Torsion of autotransplanted splenic tissue in Gaucher disease
940,Scopus,0024792177,T2 title+author+year,1989,naumenko,,Vestnik Khirurgii Imeni I.I.Grekova,Floating spleen simulating abdominal tumor in a child
1847,Scopus,0018018669,,1978,wilamski,,Polski Przeglad Radiologii i Medycyny Nuklearnej,Congenital diaphragmatic hernia of the spleen in an infant aged 7 months
1037,Scopus,0019615942,T2 title+author+year,1981,gadziev,,Vestnik Khirurgii Imeni I.I.Grekova,Torsion of the spleen
1203,Scopus,84924452761,T2 title+author+year,1956,thompson,,The Journal of the Christian Medical Association of India,Torsion of the splenic pedicle as a complication of pneumoperitoneum; a case report
976,Scopus,0023099975,T1 DOI,1987,phillips,10.1259/0007-1285-60-710-188,British Journal of Radiology,Wandering spleen
901,Scopus,0027573346,T2 title+author+year,1993,kum,,Singapore medical journal,A rare wandering splenic cyst removed with laparoscopic assistance.
1003,Scopus,0021708512,T1 DOI,1984,griffiths,10.1111/j.1445-2197.1984.tb05449.x,Australian and New Zealand Journal of Surgery,TORSION OF THE SPLEEN IN THE POLYSPLENIA SYNDROME
1045,Scopus,0019398015,T2 title+author+year,1981,koppikar,,Journal of Postgraduate Medicine,Wandering spleen.
1073,Scopus,0017668482,T1 DOI,1977,hunter,10.2214/ajr.129.5.925,American Journal of Roentgenology,Sonographic diagnosis of a wandering spleen
997,Scopus,0021926236,T1 DOI,1985,witz,10.1136/pgmj.61.712.181,Postgraduate Medical Journal,Torsion of a wandering spleen
1269,Scopus,0031180504,T2 title+author+year,1997,janthur,,Berliner und Munchener Tierarztliche Wochenschrift,Splenic torsion in the dog with special emphasis on B-mode and color doppler imaging
832,Scopus,0031225491,T1 DOI,1997,neath,10.1111/j.1748-5827.1997.tb03491.x,Journal of Small Animal Practice,Retrospective analysis of 19 cases of isolated torsion of the splenic pedicle in dogs
1159,Scopus,9544233623,T2 title+author+year,1965,clifford,,The Journal of the International College of Surgeons,ACCESSORY WANDERING SPLEEN CAUSING INTESTINAL OBSTRUCTION IN PREGNANCY. A CASE REPORT.
1848,Scopus,0026520647,,1992,penedo,,Revista Espanola de Pediatria,Torsion of an ectopic spleen: Presentation of a case
1849,Scopus,0029551424,,1995,gigot,,International Surgery,Is Laparoscopic splenectomy a justified approach in hematologic disorders? Preliminary results of a prospective multicenter study
1850,Scopus,84940623242,,1993,riedel,10.1159/000170745,Viszeralmedizin: Gastrointestinal Medicine and Surgery,Die wandermilz - darstellung eines chirurgischen behandlungsverfahrens mit splenopexie
859,Scopus,0029877751,T2 title+author+year,1996,pizzo,,Clinical and Experimental Obstetrics and Gynecology,Acute abdomen from pedicle torsion ectopic pelvic spleen: A case report and review of the literature
871,Scopus,0029898579,T2 title+author+year,1996,melikoglu,,European Journal of Pediatric Surgery,Two unusual cases of wandering spleen requiring splenectomy
1048,Scopus,0019331486,T1 DOI,1980,van,10.1056/nejm198010233031714,New England Journal of Medicine,Bowel Obstruction Due to Torsion of the Spleen
1112,Scopus,0015508107,T2 title+author+year,1972,orman,,Journal of the American Veterinary Medical Association,Torsion of the splenic pedicle in a dog.
1851,Scopus,0018293277,,1979,lindhardt,,Ugeskrift for Laeger,Torsion of the peduncle in a case of floating spleen
1031,Scopus,0019949314,T1 DOI,1982,ackerman,10.1097/00007611-198207000-00043,Southern Medical Journal,Splenic torsion in the polysplenia syndrome
1852,Scopus,0029003131,,1995,miida,,Japanese Journal of Clinical Radiology,A case of wandering spleen complicated by torsion and infarction
984,Scopus,0022759064,T2 title+author+year,1986,kushch,,Khirurgiia,Diagnosis and treatment of splenic dystopia and torsion in children
1853,Scopus,0022333323,,1985,fremond,,Annales Medicales de Nancy et de l'Est,Wandering spleen
1854,Scopus,0019230727,,1980,tavassoli,10.1007/bf01966009,Experientia,The origin of hemopoietic cells in ectopic implants of spleen and marrow
1183,Scopus,84924033667,T2 title+author+year,1960,giordano,,Il Friuli medico,[A case of torsion of the spleen on its pedicle]
1855,Scopus,0031427859,,1997,black,10.1089/pei.1997.1.239,Pediatric Endosurgery and Innovative Techniques,Laparoscopic splenopexy for wandering spleen
988,Scopus,0022643197,T1 DOI,1986,groshar,10.1097/00003072-198601000-00015,Clinical Nuclear Medicine,The value of scintigraphy in the evaluation of a wandering spleen
835,Scopus,0030852170,T1 DOI,1997,davidson,10.1136/jcp.50.6.532,Journal of Clinical Pathology,Intrahepatic splenic tissue
979,Scopus,0023085468,T2 title+author+year,1987,plaja,,Anales Espanoles de Pediatria,Wandering spleen. Discussion apropos of a case
1102,Scopus,0015972351,T1 DOI,1974,brodie,10.1136/vr.94.14.322,Veterinary Record,Splenic torsion in the dog
918,Scopus,0026829049,T2 title+author+year,1992,risques,,Acta médica portuguesa,Torsion of wandering spleen. An unusual case of abdominal pain
1046,Scopus,0019352397,T1 DOI,1981,teramoto,10.1016/s0022-3476(81)80548-3,The Journal of Pediatrics,Splenic torsion with prune belly syndrome
973,Scopus,0023276942,T1 DOI,1987,williams,10.1002/jcu.1870150611,Journal of Clinical Ultrasound,Omphalocele and ectopic spleen
1096,Scopus,0016640937,T2 title+author+year,1975,wilander,,Acta Chirurgica Scandinavica,Splenic gonadal fusion: a case report
1212,Scopus,77049185861,T2 title+author+year,1953,stein,,South African medical journal = Suid-Afrikaanse tydskrif vir geneeskunde,A case of ectopic spleen.
1856,Scopus,50249191351,,1909,,10.1016/s0140-6736(01)61525-3,The Lancet,ACUTE TORSION OF THE SPLEEN.
1857,Scopus,84912488199,,1943,sheppard,10.1002/bjs.18003112117,British Journal of Surgery,Torsion of the spleen simulating carcinoma of the colon
1858,Scopus,84979107652,,1905,taylor,10.1111/j.1471-0528.1905.tb07536.x,BJOG: An International Journal of Obstetrics & Gynaecology,Two Cases in which Enlarged Wandering Spleens simulated Pelvic Neoplasms.
1213,Scopus,58149445243,T1 DOI,1953,fisher,10.1016/s0041-3879(53)80065-6,Tubercle,A patient with torsion of the spleen. Complicating pneumoperitoneum treatment
1230,Scopus,0012106487,T1 DOI,1949,dowidar,10.1097/00000658-194903000-00014,Annals of surgery,Wandering Spleen: Report of a Case Complicated by a Traumatic Cyst
1859,Scopus,0012409018,,1914,fowler,10.1001/jama.1914.02560280024010,Journal of the American Medical Association,Movable spleen
1860,Scopus,84965247833,,1944,dubash,10.1136/bmj.1.4335.183-a,British Medical Journal,Spontaneous rupture of abnormally mobile spleen
1861,Scopus,50249231618,,1909,paterson,10.1016/s0140-6736(01)11629-6,The Lancet,TWO RARE SURGICAL CONDITIONS:. (1) A CASE OF ACUTE TORSION OF THE SPLENIC PEDICLE: RECOVERY AFTER SPLENECTOMY ; AND (2) A CASE OF FLOATING LIVER CURED BY OPERATION
1216,Scopus,76949119178,T1 DOI,1952,hall,10.1136/bmj.1.4765.957,British Medical Journal,Wandering Spleen During First Decade of Life
1862,Scopus,0002967652,,1940,settle,10.1016/s0002-9610(40)90357-9,The American Journal of Surgery,The surgical importance of accessory spleens. With report of two cases
1209,Scopus,50449147672,T1 DOI,1954,michaels,10.1016/s0140-6736(54)90008-2,The Lancet,SPONTANEOUS TORSION OF SPLEEN INVOLVING TAIL OF PANCREAS
1863,Scopus,84956560395,,1946,zuckermann,,"Revista mexicana de cirugía, ginecología y cáncer",Not Available
1864,Scopus,84965250929,,1952,ward,10.1136/bmj.1.4773.1407-d,British Medical Journal,Wandering Spleen
1219,Scopus,76949135940,T2 title+author+year,1951,neibrief,,The Journal of the Medical Society of New Jersey,Wandering spleen with torsion of pedicle.
1865,Scopus,84924831717,,1954,kogan,,Khirurgiia,[Surgery of torsion of the hypertrophic spleen in malaria]
1866,Scopus,77049358261,,1950,bachy,,Mémoires. Académie de chirurgie (France),A propos d'une rate surnuméraire à pédicule tordu.
1867,Scopus,50749120022,,1921,southam,10.1016/s0140-6736(00)70925-1,The Lancet,A NOTE ON SPLENECTOMY FOR TORSION OF THE SPLEEN IN A CHILD.
1868,Scopus,84965259534,,1953,riley,10.1136/bmj.1.4823.1335,British Medical Journal,The Floating Spleen
1869,Scopus,84957380082,,1948,,,Ceskoslovenská gynekologie,Torsion of the spleen during pregnancy
1257,Scopus,84965213213,T1 DOI,1905,childe,10.1136/bmj.2.2347.1631,British Medical Journal,Wandering spleen: Haemorrhage within the capsule: Splenectomy: Recovery
1870,Scopus,84957844333,,1948,bignami,,Annali di radiologia diagnostica,Not Available
1253,Scopus,84964144173,T1 DOI,1914,leslie,10.1177/003591571400700256,Journal of the Royal Society of Medicine,Enlarged Movable Spleen (Splenoptosis) in a Case of Early Graves's Disease
1871,Scopus,0040887560,,1938,truesdale,,Surgery,Wandering spleen with torsion of the pedicle. A patient treated by splenectomy with alarming events during convalescence
1872,Scopus,84965249787,,1953,bartley,10.1136/bmj.1.4820.1167-b,British Medical Journal,The Floating Spleen
1873,Scopus,50449149009,,1951,gerbode,10.1016/0002-9610(51)90297-8,The American Journal of Surgery,Experiences with the operative correction of portal hypertension
1218,Scopus,0242459409,T2 title+author+year,1952,ferraz,,The Journal of the International College of Surgeons,Blood cyst in a wandering spleen; report of a case.
1874,Scopus,84944365040,,1933,hoaglund,10.1001/jama.1933.27430270003009b,Journal of the American Medical Association,Ectopic spleen
1222,Scopus,77049356105,T2 title+author+year,1951,silvestri,,Archivio per le scienze mediche,The importance of congenital factors in ptosis and torsion of the spleen.
1875,Scopus,84924838634,,1953,cerrini,,L' Ospedale maggiore,[Ectopia of the spleen and splenic infact]
1876,Scopus,50249227046,,1935,cantin,10.1016/s0140-6736(01)09410-7,The Lancet,TORSION OF THE SPLEEN. ASSOCIATED WITH RUPTURE
1877,Scopus,84925032332,,1947,charleux,,Journal de médecine de Lyon,Not Available
1259,Scopus,84965216057,T1 DOI,1900,power,10.1136/bmj.2.2081.1428,British Medical Journal,Successful removal of an enlarged and displaced spleen
1215,Scopus,84924844990,T2 title+author+year,1953,settimi,,Archivio italiano di chirurgia,[Torsion of the spleen]
1878,Scopus,77049315714,,1950,lorizio,,La Riforma medica,Occlusione intestinale meccanica da milza ectopica torta sul peduncolo.
1879,Scopus,78651013370,,1949,krontiris,,The Journal of the International College of Surgeons,Total necrosis of ectopic spleen following chronic torsion of the
1223,Scopus,76549243312,T2 title+author+year,1950,lan,,Chinese medical journal,Wandering spleen with torsion of the pedicle.
1880,Scopus,77951311641,,1951,lopez-porrua,,Medicamenta,Torsión crónica del pedäculo en un caso de esplenoptosis.
1881,Scopus,84965255155,,1952,wyile,10.1136/bmj.2.4781.446-a,British Medical Journal,Wandering Spleen
1234,Scopus,78651008689,T2 title+author+year,1948,schiff,,American journal of clinical pathology,Aberrant spleen with torsion of pedicle.
1882,Scopus,84981839028,,1927,harris,10.1002/bjs.1800155715,British Journal of Surgery,A case of ‘wandering spleen’ causing intestinal obstruction
1240,Scopus,84957363403,T2 title+author+year,1947,barone,,Ginecología,"Observations of a large ectopic spleen, seat partially pelvic arteriovenous with complete thrombosis"
1883,Scopus,84956545148,,1946,dardill,,Mémoires. Académie de chirurgie (France),Not Available
1224,Scopus,76549203649,T2 title+author+year,1950,middleton,,American review of tuberculosis,Torsion of the spleen associated with pneumoperitoneum.
1256,Scopus,84965216784,T1 DOI,1907,meek,10.1136/bmj.1.2416.928,British Medical Journal,Dislocated Spleen with Torsion of Pedicle Complicating Pregnancy
1884,Scopus,84943666739,,1887,myers,10.1001/jama.1887.02391390007001b,Journal of the American Medical Association,Splenectomy for Wandering Spleen
1885,Scopus,84969844582,,1913,whitehouse,10.1111/j.1471-0528.1913.tb12763.x,BJOG: An International Journal of Obstetrics & Gynaecology,Torsion of the Spleen Simulating Ovarian Tumour: Splenectomy : Recovery.
1886,Scopus,77951514128,,1907,moorhead,10.1007/bf03172344,Transactions of the Royal Academy of Medicine in Ireland,Movable spleen
1887,Scopus,0001961110,,1929,alexander,10.1016/s0140-6736(01)01727-5,The Lancet,ACCESSORY SPLEEN WITH RECURRING TORSION OF ITS PEDICLE.
1888,Scopus,84979130053,,1908,gemmell,10.1111/j.1471-0528.1908.tb14595.x,BJOG: An International Journal of Obstetrics & Gynaecology,Two Cases of Enlarged Wandering Spleen Simulating Pelvic Tumour.
1889,Scopus,50249200931,,1909,macdonald,10.1016/s0140-6736(01)61507-1,The Lancet,A CASE OF ACUTE TORSION OF A WANDERING SPLEEN; SPLENEC- TOMY; RECOVERY.
1890,Scopus,77951373161,,1952,,,Afrique française chirurgicale,Ectopie pelvienne de la rate.
1217,Scopus,84924846105,T2 title+author+year,1952,ricci-oddi,,Rivista di anatomia patologica e di oncologia,[Hemoperitoneum with volvulus of the spleen; case report and etiopathogenic considerations]
1891,Scopus,34547860585,,1954,kobak,10.1016/0002-9378(54)90140-4,American Journal of Obstetrics and Gynecology,Ruptured spleen simulating ectopic pregnancy
1214,Scopus,84924837522,T2 title+author+year,1953,lazarev,,Khirurgiia,[Torsion of the spleen in splenomegaly]
1892,Scopus,84943214631,,1903,webster,10.1001/jama.1903.92490140003001a,Journal of the American Medical Association,"A case of successful removal of an enlarged spleen: With twisted pedicle, adherent to the right side of the pelvis, in a woman presenting multiple nodulation and pigmentation of the skin"
1893,Scopus,84956849413,,1946,daumerie,,Acta gastro-enterologica Belgica,Not Available
1210,Scopus,84924832799,T2 title+author+year,1954,falor,,American review of tuberculosis,Torsion of the spleen associated with pneumoperitoneum
1894,Scopus,77951324174,,1951,martinez,,Prensa médica argentina,Esplenoptosis con torsión de pedäculo. Presentación de un caso.
1231,Scopus,84958279945,T2 title+author+year,1949,lotfy,,The Journal of the Egyptian Medical Association,Wandering spleen
1238,Scopus,84957353719,T1 DOI,1947,cunningham,10.5694/j.1326-5377.1947.tb70367.x,The Medical journal of Australia,Splenoptosis and transposition of the colon
1226,Scopus,76549251502,T2 title+author+year,1950,anton,,The Journal of the International College of Surgeons,Ectopic spleen with twisted pedicle; report of a case.
1895,Scopus,50249208291,,1906,lucy,10.1016/s0140-6736(01)32589-8,The Lancet,"SOUTH DEVON AND EAST CORNWALL HOSPITAL, PLYMOUTH. A CASE OF ENLARGED WANDERING SPLEEN ; SPLENECTOMY"
1896,CNKI,https://kns.cnki.net/kcms2/article/abstract?v=DgjXjbKQq8cqDk_9JWIsn-gpZ5maT41FPaQNYqoIdPBZGcym_7Owq-RxXehDETX0qzXW6aeOtz5dz0fQTHyUliXXsVs5AC3G7yJtZtrCjXFP1Yqvz8Vi_NMJzsycC9Csr_hwn7i_dZXMgD0JDwXPbmSkLeoMhGwJbF0LJHSs7XoNjPsT6f-0vw==&uniplatform=NZKPT&language=CHS,,2026,吴杰,,实用放射学杂志,肝脏异位脾种植误诊为肝癌1例
1897,CNKI,https://kns.cnki.net/kcms2/article/abstract?v=DgjXjbKQq8cDnFa3ulmHPMmR7G7WSpSzAreN8vk8D3A8Qm31Wg80TSVGOxJ8y-yozZJiXo5G44t4d3pS-fbQi7e1yz6X_grlqfvupFvN4WBz17KIUvkHOPtszAlmZn5JFz2yMvEOjX-8GbFgw5ExTfn89DE0dP9zOFiZu6eJfKVhCXLmgavfAw==&uniplatform=NZKPT&language=CHS,,2026,宋斌,,中华普通外科杂志,游走脾伴胰腺炎、胃扭转及结肠梗阻1例
1898,CNKI,https://kns.cnki.net/kcms2/article/abstract?v=DgjXjbKQq8fXxdzoWhsLNPDDsZrhmZcKKriLzugIlfkCPeqOOEYQygtCuguDekxmgVUQiPIPRAU0T3ow3nm56wquI1huQc1nej7pY-RNVv6eRWXvyekNwJEi75FQ4nEKWHKpHCLpcLdUX6JRUA70wzjABLmWaQeokHdLodf4Ki3HVQ1Y6AZzZDMekrSn_pvH&uniplatform=NZKPT&language=CHS,,2026,郝俊宽,,临床误诊误治,罕见脾异位妊娠临床误诊分析及多学科救治经验
1899,CNKI,https://kns.cnki.net/kcms2/article/abstract?v=DgjXjbKQq8fKV98GyX5TZgvVO1i-te4Kdhx1vAzQz12jJo_bGO8y2X1EwuF8lz1xpDJEFIzYgZmXBEda1M0ULm21ZJMgyDOpbotk2Wyw6iBUnyirb1iwcLwXp7rc15xAhWSIb2xzeTDe2y3A3kIZZ_wEsVRfN92VVj536L9khQNUNYA3XBKAxk2hPfZZOMqR&uniplatform=NZKPT&language=CHS,,2026,吴昕,,临床外科杂志,游走脾脾蒂扭转致脾梗死一例
1900,CNKI,https://kns.cnki.net/kcms2/article/abstract?v=DgjXjbKQq8e3S8XI25IgEoagdEZjhiGIM8k1cXaaXIzPg2r9-2QJAhoFLpO0acItQBlTvsvNkK7UipJXwaySSD2JCCwRXZxh7S8DNTNoa9WbLTK5k2yQfzpLla79mvvTI2VrZwPzbQfKXkwsXge0pFFQtkNWFUjHnV66T1106_e1AQMSMhafcaKMzDUbCYz0&uniplatform=NZKPT&language=CHS,,2025,梁锦程,,海南医学,盆腔异位脾种植一例
1901,CNKI,https://link.cnki.net/doi/10.13499/j.cnki.fqjwkzz.2025.09.719,,2025,张卓,10.13499/j.cnki.fqjwkzz.2025.09.719,腹腔镜外科杂志,脾异位于阴囊的先天性腹股沟疝伴隐睾1例报告
1902,CNKI,https://kns.cnki.net/kcms2/article/abstract?v=DgjXjbKQq8eysZYBUeEOLf83SY3DIbKkwiaqZqJMcJNlADPB2PiMw_oF-hEkoEXEhanVRbG-D96J3hbY8NyueUcn5Wj2Iu2jJ1AXzyzk1umfdS5tiXoBCWH9Uo1tZ_uNanrmNgi0s-jqgSS2xpyDb7iopEH015xmEdmxRNL49RcTq78h-bytygJrJqIBCmBB&uniplatform=NZKPT&language=CHS,,2025,黄思婷,,中国CT和MRI杂志,胃多发异位脾种植1例
49,CNKI,https://kns.cnki.net/kcms2/article/abstract?v=DgjXjbKQq8fluUpbXZuwQA8Z9YEY0y5eowbwzf4Sxzw3mMskfiXBMcpCC4zt54xRcB7zt34WHyBnXDI81LiOMTDqlZkpnkZVpndaVVQ7gPaX7gWXR9a8iwKaA3ed0LMGpNj4eEcN5BAN1DhEOT1yJZWKaDpGBHBpbIL1joIYaXeB-EwO-WDl7g==&uniplatform=NZKPT&language=CHS,,2025,赵娜,,中华医学杂志,儿童脾扭转的超声表现
1903,CNKI,https://kns.cnki.net/kcms2/article/abstract?v=DgjXjbKQq8e7Wiu3yKTGZnK4NR2o2-nFddXBjaxipDcBpD08IQ635wjKgC3pQm6pgc21uWM1Utw33EG39rm0DrVVzGcsYxjF0Ul9pOLpClezgVJJtrmmLDRk_vF69Qb6dz2Hd76-42F1qSKy3tAoZhCoFokcDzHZ_n3_Z_muaTtAQc5sohcmEddgHRFpBFO3&uniplatform=NZKPT&language=CHS,,2025,贾永军,,实用放射学杂志,胸腔异位脾1例
1904,CNKI,https://link.cnki.net/doi/10.13929/j.issn.1003-3289.2025.04.035,,2025,江远航,10.13929/j.issn.1003-3289.2025.04.035,中国医学影像技术,胸膜异位脾种植1例
1905,CNKI,https://link.cnki.net/urlid/11.3883.R.20250326.1446.004,,2025,黄莉,,诊断病理学杂志,胸腔异位脾种植1例
1906,CNKI,https://link.cnki.net/doi/10.16680/j.1671-3826.2025.03.29,,2025,孔明,10.16680/j.1671-3826.2025.03.29,临床军医杂志,盆腔腹膜后异位副脾误诊1例
1907,CNKI,https://kns.cnki.net/kcms2/article/abstract?v=DgjXjbKQq8e3-33HVm-3cAZyt3-8zZpuNYUDeXNlFxHYGUMBl3Yt0AbnWrK6iV8KVFSi34yYGuWfEksScTtAHQEVWhI-T0CRuS7zR-VxiEsQB6iScmw3U2ND6UloS4meCzL-RWAKTeO0KGhrgZK4PpSihl1lFhcbZbMewFW5xSvyokvKM4h4cm0gklu9cT5l&uniplatform=NZKPT&language=CHS,,2025,许阡,,中国计划生育和妇产科,异位脾种植误诊为深部浸润型子宫内膜异位症1例
1517,CNKI,https://link.cnki.net/doi/10.13929/j.issn.1003-3289.2025.04.045,T1 DOI,2025,夏一凡,10.13929/j.issn.1003-3289.2025.04.045,中国医学影像技术,1例肝内异位脾CT及MRI表现
1908,CNKI,https://kns.cnki.net/kcms2/article/abstract?v=DgjXjbKQq8d92YucXqcikjZ1_4LfYTFfGvZKuIRuNGxERyMP_4Sm4KvAJmzz_oaFD5lrPdjiAMPG10agSeQXc_9ks37lxKeigjOVMZm5_1HriRq_Bdyyyj_jsBUaOA7DI6fM0YtxeJMZU0MLI5IJG0GCzvuzMx2d2xFEQrnMQucrFIdVoCNhufLgVmsZ3tKa&uniplatform=NZKPT&language=CHS,,2025,陈鹏,,肝胆胰外科杂志,脾切除术后腹腔异位脾种植二例
1909,CNKI,https://link.cnki.net/doi/10.19542/j.cnki.1006-5180.2311-140,,2024,张晨翔,10.19542/j.cnki.1006-5180.2311-140,中国乡村医药,以急腹症表现的儿童游走脾伴脾功能亢进1例
1910,CNKI,https://kns.cnki.net/kcms2/article/abstract?v=DgjXjbKQq8e8XJuwJ3reGZnEDX1v70LJ635V0dJZN3ua-LZ2RSidVWkVtXdq5_ma2iuIX9XyxEToYxg1noQytliy9eV62xPAsWSUkgWLe4rB3z9zrtXSLXZiIhRpSyLmbZ_-w1K2JyH23t9G6LyBmB-ccVZAfXxSYTFhxT0o89sk3L2q3J26dS2EAjdnpChg&uniplatform=NZKPT&language=CHS,,2024,周擎云,,温州医科大学学报,肝内脾种植误诊为肝细胞癌1例
1911,CNKI,https://link.cnki.net/doi/10.26914/c.cnkihy.2024.047163,,2024,花立春,10.26914/c.cnkihy.2024.047163,,降结肠系膜旁儿童副脾蒂部多圈扭转伴坏死2例并文献复习
1912,CNKI,https://kns.cnki.net/kcms2/article/abstract?v=DgjXjbKQq8egD00ofAu1SfTos0AFuzNO_SJf2X82p2oud8El5YHJhUDZWQJIVZovXh8GFn5i67WUVT2FI_xQUWhzAy0lyt92qkQfvWOm_dIFi3d7i3PkGC7Yfn_KX2EYz6LsWk9XtThRkeMkhqVEagySO6L9_R079VoNSf1cqCSWu88tiTJJww39LwbkXJFI&uniplatform=NZKPT&language=CHS,,2024,李拴玲,,发育医学电子杂志,儿童脾扭转诊治的单中心回顾性研究
1913,CNKI,https://kns.cnki.net/kcms2/article/abstract?v=DgjXjbKQq8cW3RHDxJhqsobfnUPvc_Z2ce7ViGsTXN8hyvdLjp-yPQDRY6rOOHgUSgDGo3eAeTMQDvZzNN_AGBQ4sJ_3LugOzNB5xwYZTQeXN5Fl4dPy8Z1UzsZ0A6rBPkp8_NcOYX97Bv4RMLZ2Q5cm_YMezW7Fpt3VIoBoN-OmAh4ANRHR1f6BuSxNWQMQ&uniplatform=NZKPT&language=CHS,,2024,黄小燕,,肝胆胰外科杂志,儿童游离脾伴脾蒂及胰尾扭转一例
1914,CNKI,https://kns.cnki.net/kcms2/article/abstract?v=DgjXjbKQq8eJd6bYkW_miFqshBhSIJbMlv0SVJOKAARdyAKyl70GBQ22AskYw7RJsY4FlF5rMgtE-UZPl5dYE3xLL1rdW3sYsG-5-a10ME9DFSCned4v6OhR4py2aajibwc-E8nZdcXeJe7N9clOis-xqrnaFg4c9KUfzJzPZ70pJyUx-INx-t_GSJzC-OcX&uniplatform=NZKPT&language=CHS,,2024,常恩慧,,中国普外基础与临床杂志,病例分析：肝内异位脾种植的影像特征
1915,CNKI,https://link.cnki.net/doi/10.27115/d.cnki.glygc.2024.000527,,2024,陈彩琴,10.27115/d.cnki.glygc.2024.000527,,脾脏摘除术对犬健康的影响及其临床应用
1916,CNKI,https://kns.cnki.net/kcms2/article/abstract?v=DgjXjbKQq8d7p_11Aei_-OAwM62_8fuLY7NonzbuL_yy_XzjECp5DQjMncwP-f0hnR4Pit-NpOBcCu8F6hHMaQ9lVp6j3PEgXkM6x5HDWKiWiqASOhOm03a4LxBtbgfQ-sCtUAM2N1RaEeCXt8Cs9QSKjJ-lw_TMw5RJeqAi2n9R-8_m3YZp7T6Wx7zecWON&uniplatform=NZKPT&language=CHS,,2024,王研静,,诊断病理学杂志,肝内异位脾1例及文献复习
1917,CNKI,https://link.cnki.net/doi/10.19338/j.issn.1672-2019.2023.11.017,,2023,王苏皖,10.19338/j.issn.1672-2019.2023.11.017,中国医学工程,15例胃内异位脾的临床特征分析
1577,CNKI,https://link.cnki.net/doi/10.13929/j.issn.1003-3289.2023.11.028,T1 DOI,2023,熊晓晴,10.13929/j.issn.1003-3289.2023.11.028,中国医学影像技术,单纯脾蒂扭转1例
1918,CNKI,https://kns.cnki.net/kcms2/article/abstract?v=DgjXjbKQq8cmK1IJpeJQP9Wq4_SIZ6VIP7TIi2UQc_4nMm2wsNRMgstjPtbZ6M4Ed_Hc4Mxx-aqPVZ1dD3Tyt5OZAWg-LUqZRHiqvTHBH6rlxFUkbf3P2N-dG2TH3TAwuz3idssmDLjyWKAWZhAt4rmOtxvmmqodnJyWTviA9L4XsFO2o_cArbLjAx_YlCMA&uniplatform=NZKPT&language=CHS,,2023,赵娜,,中国超声医学杂志,超声诊断新生儿及婴儿副脾梗死的价值
1919,CNKI,https://link.cnki.net/doi/10.15953/j.ctta.2023.018,,2023,李耀辉,10.15953/j.ctta.2023.018,CT理论与应用研究,CT诊断脾扭转伴胰尾扭转临床案例分析
1920,CNKI,https://link.cnki.net/doi/10.13499/j.cnki.fqjwkzz.2023.10.799,,2023,于斐,10.13499/j.cnki.fqjwkzz.2023.10.799,腹腔镜外科杂志,游走脾伴蒂扭转1例
1921,CNKI,https://kns.cnki.net/kcms2/article/abstract?v=DgjXjbKQq8cbeHWwRM8eAYHcJ1i0T9IxzqCo9Ghy1OYKhWLqiXyaAtRozRriHOy1DpJMH9T0DAS6YbtlAz-SJsDDt86Yu0HjaQTMpctUEABR-tQ-j-OeETtnGuRnrA4t8UoIttxDaSScTCl80VLRxm61wGsplENO8PiQfEloUc03Is1h2AF-Ng==&uniplatform=NZKPT&language=CHS,,2023,张金山,,中华普通外科杂志,“十字”切口型腹膜囊袋脾固定术治疗先天性游走脾伴扭转
1922,CNKI,https://kns.cnki.net/kcms2/article/abstract?v=DgjXjbKQq8f4c642P0-TpM83jbvly-vhHKMHdlU4sjIXgBImqDyGbp9sOWhFvgIeMzvMDIcpBxNRZ8pNXMb783NAVrE1l3QWJQHUgr-3kDkywi79b9H9RNQ_Vdioh9eObNzbIG8Lmc8UeAQkN4s_0gGMI_ua5sZ5dkArHkliNVUZV-OQlj8IDALdsKsm0jsY&uniplatform=NZKPT&language=CHS,,2023,王秋菊,,中国现代普通外科进展,儿童游走脾伴蒂扭转、脾梗死1例
1923,CNKI,https://link.cnki.net/doi/10.19542/j.cnki.1006-5180.007480,,2023,韩晓静,10.19542/j.cnki.1006-5180.007480,中国乡村医药,内镜全层切除术治疗胃底异位脾1例
1924,CNKI,https://link.cnki.net/doi/10.20258/j.cnki.1006-9011.2023.07.055,,2023,包惠桢,10.20258/j.cnki.1006-9011.2023.07.055,医学影像学杂志,腹膜后异位脾18F-FDG PET/CT显像1例
1581,CNKI,https://kns.cnki.net/kcms2/article/abstract?v=DgjXjbKQq8f2qjHLHQi6PTtK1kOR94bvYwDZ0GfUwWtlHIRCnZsk3On3upLIQLcMQPpVoGsNXku_00WbDqNvXp-15S-RcKO0RL6zDII1zOVnpVkxsChNfRnXkOyxMAP4jkIRGODZ_NRwytEG8cSEdXt0YcqaEHML-px2RJQPji1iuN2rZ72cOg==&uniplatform=NZKPT&language=CHS,,2023,倪同磊,,临床小儿外科杂志,儿童巨大副脾扭转1例
1925,CNKI,https://kns.cnki.net/kcms2/article/abstract?v=DgjXjbKQq8eqzCuEseKxARor2bCplblWfdoY7mdFmt9aGvsK2xedSiLVjHcXmqR88tQl65k2dUXTK1BHhGEbw3eosbHy-NoKt0M1nDvGuk0uQh8742hmV8qyuZqCKiU7CkNbSLnLXkFEKbI5OdTrcQpjKFi-y8M0j2iq1iLZ5cpLw-fy7sstn_H7SpIgWBmn&uniplatform=NZKPT&language=CHS,,2023,徐媛,,中国医学影像学杂志,肝内脾种植1例
1540,CNKI,https://kns.cnki.net/kcms2/article/abstract?v=DgjXjbKQq8fKieM8C1RgwqdhLmK7TTIpKOAU6xDiM8lbbsprC45OWA0j_BYLm2liP0064ANy17L61eBrUF2LYxcOviSnuwoilP9TKYPRAPbDaq_o3UQ4n0cM9Ut7BuLWyzhRwq9yhylct4m-ULaIxZkGWi7Sm7zSEw745xz_G6aQ_uB-z3R8ew==&uniplatform=NZKPT&language=CHS,,2023,陈吉,,中华小儿外科杂志,儿童副脾扭转3例并文献复习
1926,CNKI,https://kns.cnki.net/kcms2/article/abstract?v=DgjXjbKQq8e_mZniODrywVWHEPYwpJKzHqcfm270xh-zjvzQ15g4lykNtW68gwk8Fe6YDzNgRU0V5GN7FL9SPKYmo8C7gdDNy-59rDEGG1OYj2CYtknItjcEps5F0Q7GNGolOQtNwcde7gj0Tvj1zKWbhqN6pXcbUHir92OgqVUC6qL9o2X12Q==&uniplatform=NZKPT&language=CHS,,2023,吴宝强,,中华普通外科杂志,吲哚菁绿荧光腹腔镜下右肝种植脾切除1例
1927,CNKI,https://link.cnki.net/urlid/51.1505.R.20230307.1651.018,,2023,王娅,,中国普外基础与临床杂志,病例分析——CT及MR表现类似肝细胞癌的肝内种植脾1例
1928,CNKI,https://kns.cnki.net/kcms2/article/abstract?v=DgjXjbKQq8chcDCj4aSMoLjWICn1vqbh_kFWxhnktbaN1o8QM4Wtri8Thi25N7At3_9C9BzMKtwUAfnlhS3ci7S5286G6rcY5431mfOcq6BUURjrd55J-s5rXDvGsDSJvI2AgbVbwEvJA5nvvGhPS2DixKXW-1U2XnTudQ86w8X5M5Ci2WPpgf2z5GfKOK3O&uniplatform=NZKPT&language=CHS,,2023,张河勇,,中国蜂业,中蜂桶的栅档与巢虫之关系
1521,CNKI,https://kns.cnki.net/kcms2/article/abstract?v=DgjXjbKQq8fwz6Wh0AtLIkIPzzvJceSrhQPtp_NqH_MAbwfkPjVhm4v9e7ZPDTuNSK3iyE0U9V_9ah-Mph_j-MIvJSYppwYcTt4FnF8tMYKqT-HXUbf-q03z7PqtKnk-tTTmc7BdmDX8607yM0DS0MxN1xCg0GDMYG94C9pMgxJJCW6SM6c4-A==&uniplatform=NZKPT&language=CHS,,2023,李立帜,,临床小儿外科杂志,小儿脾韧带缺如并原位脾扭转1例并文献复习
1929,CNKI,https://link.cnki.net/doi/10.20258/j.cnki.1006-9011.2023.02.052,,2023,卜碧玉,10.20258/j.cnki.1006-9011.2023.02.052,医学影像学杂志,腹膜后异位脾罕见影像表现1例
1930,CNKI,https://kns.cnki.net/kcms2/article/abstract?v=DgjXjbKQq8epIN6tdWAgag2VnOyZ5_5sTjq_fUuBljXbdDmkPYtPa-TdG-6R_DNbauAOhS-iBlei_af-8zFTtHP5s86PomNne8mk0n1KQkVce-LNkTxqMyXs8pwzHwEcEdNljOlTGAYoezIhVS_GYesqOwE04ydtJU_GYn5tYtgWPgr6oKRHRRGHGlhOcp5s&uniplatform=NZKPT&language=CHS,,2023,段克才,,中国普通外科杂志,肝内异位脾种植6例报告并文献复习
1931,CNKI,https://kns.cnki.net/kcms2/article/abstract?v=DgjXjbKQq8c6awIVBJ_VSRrF4qYdnscJreDeXgG9GZVUFRXPH6EaZQt4c454LG3QKSoi5dNe_7A74X0vRAYhhEcFpSN5aXPIw5UIJdyDxibmIYEQuFaMUPuhF1vArUtOCnn71xi0u35-JeKS0nQMyurY32XU9TkS08ke1_in0jaXnOq-MZemaA==&uniplatform=NZKPT&language=CHS,,2023,侯国旗,,国际医药卫生导报,胃底异位脾种植合并胃角高级别上皮内瘤变内镜下治疗1例并文献复习
1932,CNKI,https://kns.cnki.net/kcms2/article/abstract?v=DgjXjbKQq8e3YDs5okobksiKsD4RIKplxI-t7CgpbDLmWgR3FF0j5EPwcegrwKyBCJKfAIIFuyI-Fd8Vy6YfzL5X1u8ieS4WpX3lb_z-JrUOxDkOZTnEpnukKgAIs6uOL7iFIYHqMZj3lyVzjU7tRMTwGmL3auDZkp4SjHeMgEubLfCliS4Dt6n3s6M4CyDi&uniplatform=NZKPT&language=CHS,,2022,荣雪飞,,传染病信息,肝脏脾植入误诊为肝细胞癌1例
1933,CNKI,https://link.cnki.net/doi/10.14010/j.cnki.wjyx.2022.12.005,,2022,杜明华,10.14010/j.cnki.wjyx.2022.12.005,武警医学,游走脾急腹症1例
1523,CNKI,https://kns.cnki.net/kcms2/article/abstract?v=DgjXjbKQq8d6GDtk1S6R0F8OS-vmGwJK9-KsQUG7J0o9cC22pRCNlsyialFa6Bo9P0FyqFnkrls2WbZbIibeK-hLDqAxBx4IS1aVw4C1zOSa7f0S4CnrwrY4b9TB-Ko0CJwndFu0fYrG_J1h7GOmVGX2gRUl3gUAjK0UgihOqsJ_l7CuNHYyug==&uniplatform=NZKPT&language=CHS,,2022,侯娟,,中华肝胆外科杂志,肝内异位脾种植误诊为肝癌1例
1934,CNKI,https://kns.cnki.net/kcms2/article/abstract?v=DgjXjbKQq8co8DKwulh_E4h9LPA-m3qIvilV4S7hdxIQTA7MkPI-dqIvLw6J1AfjHN6d7chyHwtoRC2PXnlv21pMoS_aWU9voJDaBNbb6OLbumsRhDltyMEd-6Qqu2tSmp8-6YqlNNZOwnPQ-cGAKMHD4VwIxsykl1EMWEgT_6ebn4jRPnpfY5UNb7A8taD2&uniplatform=NZKPT&language=CHS,,2022,祝路民,,临床普外科电子杂志,1例异位脾种植到第二肝门的临床病例报道
1588,CNKI,https://kns.cnki.net/kcms2/article/abstract?v=DgjXjbKQq8ddee3w_Dmr4jV3RaP0jB6DWGMM1CUedRhun3hx3vWjtB0oJu_sP31NlSHVjPQJvXP-U6SoDbi7aDfLRMz4WB7UBLrTXt4V30Xj-aSJx15nItK5ffnWE-f1bIFWDEBynfLvf212O81NSommqX75o1GLAxYz-Xqxa1nvkzVdR82XAg==&uniplatform=NZKPT&language=CHS,,2022,斯琴塔娜,,中华肝胆外科杂志,不同原因异位脾脏2例报道
1935,CNKI,https://kns.cnki.net/kcms2/article/abstract?v=DgjXjbKQq8d6aHsTd6C1BHgDu4I6VURP0PGzAPD7cHrlh3L1DH0qS8hLYb-9atkJBvwPvnGUGzoapzgNSw-XSVAJGf8_NtP7USJw-b6zGcCoOeamw_um2MA1imRH4dTCr7m3f36D5avfesyFJw6z1kSnBb7ZFH4ttmhuGzSrWmHlhcwtDSMjmC3r5vAcR9t5&uniplatform=NZKPT&language=CHS,,2022,陈冠宇,,中国现代普通外科进展,降结肠内异位脾种植1例
1936,CNKI,https://kns.cnki.net/kcms2/article/abstract?v=DgjXjbKQq8esSm7ozG-Xi9yosk7FdbrHj5I1IL4-5HE0q9byLLlSvDcVz9RaXZsgImwDlcQSm24HQvak9a6rf6qUXt2_GZ4XrnEsPie-cdhuZDi1DQJfLT06YdR1U8OvlHWw5-_2SgjL1OtV0HHFrREvWiHMsm6ckcyQ5HZujZ0r-ai8lxaetAo4YWNX5TDj&uniplatform=NZKPT&language=CHS,,2022,胡自力,,中华肝脏外科手术学电子杂志,脾脏异位肝细胞癌一例
1937,CNKI,https://kns.cnki.net/kcms2/article/abstract?v=DgjXjbKQq8fYpcjImvlPHAX47iIBa3eNUNdHPToMezYHWelKTmDNFuYxqEElvbdPRnMni2mMVAND0HJKQzkjnUjBtDqXcgg23aK9Iu2wPYff1M_d6-wsjOaCUmtIujSnqrAtHX29Ryb9O87XTzKRzgHRPWwr8dy3lOK-ZAYB5yh97TNgepWLkEeqo6F0czoy&uniplatform=NZKPT&language=CHS,,2022,骆婧文,,畜牧兽医科学(电子版),一例猫肾脏恶性淋巴瘤病例分析
1938,CNKI,https://link.cnki.net/doi/10.19539/j.cnki.2095-2694.2022.02.012,,2022,李盖,10.19539/j.cnki.2095-2694.2022.02.012,华北理工大学学报(医学版),CT引导下肝异位脾脏穿刺1例
1939,CNKI,https://link.cnki.net/doi/10.19542/j.cnki.1006-5180.006087,,2022,葛淑琼,10.19542/j.cnki.1006-5180.006087,中国乡村医药,内镜黏膜下挖除术治疗胃底异位脾2例并文献复习
1940,CNKI,https://kns.cnki.net/kcms2/article/abstract?v=DgjXjbKQq8c4gc3Xn2YXP9Eyv60yMh_amZMa625Nf5ymF5BsO3RKW5WJjKjYobMghBNXHLTBIbN6JhqU6YXD15v1ONjUF3p6HVugNauCrUhIYwu1wve9AFA3D8684L9l-v2DaWKW5R_xFTI1yU5Wks7bab7RKFVFL1_tBk7r9g8vGPKnrlELzOHbfpSHSlRE&uniplatform=NZKPT&language=CHS,,2021,史素君,,中国超声医学杂志,婴儿副脾扭转坏死超声误诊为肠源性囊肿1例
1941,CNKI,https://link.cnki.net/doi/10.19538/j.cjps.issn1005-2208.2021.08.20,,2021,陈冠球,10.19538/j.cjps.issn1005-2208.2021.08.20,中国实用外科杂志,异位脾种植误诊为腹膜后肿瘤5例诊治体会
1942,CNKI,https://link.cnki.net/doi/10.19538/j.cjps.issn1005-2208.2021.07.24,,2021,周戊喜,10.19538/j.cjps.issn1005-2208.2021.07.24,中国实用外科杂志,肝内异位脾1例报告
1943,CNKI,https://kns.cnki.net/kcms2/article/abstract?v=DgjXjbKQq8eEKRi-3HqNF_NClrXvV-FT5eQn21OGkjzOSFapOWnJLbgigqVpUofMIijIL8OwFe7Sku1sScZ_YhxmljCwbjqb095J5RBSu8sdEM2MpNiHK2f0ZC9JggyEi0mo0v7vx90tpKQ3VkeQEXRZ_cN9l2_QTOjqYFZIDZ4QEkrs__ahuA==&uniplatform=NZKPT&language=CHS,,2021,陈媛,,中国医师进修杂志,游走脾合并胃扭转、左侧膈疝一例报告并文献复习
1944,CNKI,https://kns.cnki.net/kcms2/article/abstract?v=DgjXjbKQq8cEuYltBxY7l45IUG2eVv5qsFVM48oOdd0HmA7nEVe_aJTp-1ImxrSNEMHplbPo6_dwj-sMl6ke92WTjVZG0NSEO7ZBGD9fiZ_2mnOR5ItvqoGbdgice4eEh1wsFo5XzO-LBEJTRAkA0yRJk99FwlIHJ4torPDMY5BJ8T6XzUZ-hcr4nPSK9AhH&uniplatform=NZKPT&language=CHS,,2021,郑星,,影像诊断与介入放射学,腹腔异位脾种植的影像学特征及误诊分析
1945,CNKI,https://link.cnki.net/doi/10.16245/j.cnki.issn1008-6978.2021.03.030,,2021,杨薇,10.16245/j.cnki.issn1008-6978.2021.03.030,临床超声医学杂志,超声诊断儿童脾扭转并副脾扭转1例
1946,CNKI,https://kns.cnki.net/kcms2/article/abstract?v=DgjXjbKQq8cVocMf40z7d1Y8fLcl7Otg-qoZsBgYPmaos74MAxsnNYSgeLTUxggxZLrggFslGnYpylkCx7MhcoVlStgKbQcXkNqdzlW0lmsF21le9eaQD4kLzEZbR4QHfaaAtLewFToxPmvKCnU3n56agjj0Fs3xxL1rXyPkIhmFtFyWa_e16iC9V_zh01ST&uniplatform=NZKPT&language=CHS,,2021,杨子祯,,腹部外科,肝脏及腹腔多发异位脾误诊一例
1947,CNKI,https://kns.cnki.net/kcms2/article/abstract?v=DgjXjbKQq8eDkyeNBSI4AuQhz3if2HaOfzTXJm1G-IDoAfLhr6oq26dIGZavjsFFwOt-LgQ4hC4k6cJrbk8FZM7u1mdaWvJCAaAO8t3XMz_NEWlujyOOPN4LDRCOR1F_ShrAQkLOM1-0dlpXpeA_22ajAnXodn75TXBMpABricjpY17G-N6mj3--4khrqcmT&uniplatform=NZKPT&language=CHS,,2021,李萌,,临床小儿外科杂志,小儿腹腔镜脾切除术操作指南(2020版)
1948,CNKI,https://kns.cnki.net/kcms2/article/abstract?v=DgjXjbKQq8fnbSMPLOOx7-6S5wCXyjRcVsAhnnv78Nlma5nNB93P56bxB56jolT02Y_pUZEqgtBAlxRTZzbPufAsRXeWG8rjn07aBvqlGlei2Xa3_ls-NUn-DENxxz_JksKuToh8c-d_5obno-2MK5C_u1g_TlhFPziRQG1MyNC59PCNZkHbbPE1WkzMaRFV&uniplatform=NZKPT&language=CHS,,2021,余洲,,肝胆胰外科杂志,游走脾扭转致梗死一例
1949,CNKI,https://link.cnki.net/doi/10.26914/c.cnkihy.2020.073495,,2020,骆洁丽,10.26914/c.cnkihy.2020.073495,,胰腺内的异位副脾伴鳞状上皮囊肿形成:个案报道
1950,CNKI,https://kns.cnki.net/kcms2/article/abstract?v=DgjXjbKQq8c3-LJ4N0yc4hSHPThen7SxqJ_q7O80lPclIK4uGMCJaLNbhIdLN4vsVprFeXgZYrOerDdOg1VhJ-BjlNntQGvkhsunTZpVU67F7Qv0aMSNIDBDc6F-ApkwkRQlJIAkWf08I0YCOU5mGiTrJ8zRHFsyjJ-_NmP9Jq1XK42DWJqkBMW7-Xi6L4yp&uniplatform=NZKPT&language=CHS,,2020,刘雪来,,发育医学电子杂志,连续性脾性腺融合症1例报告并文献复习
1951,CNKI,https://kns.cnki.net/kcms2/article/abstract?v=DgjXjbKQq8eTdlsFV95YSczP7eydzisAKFewphHNw33k4IXCJ63tuV3CxaCGbH5ojR-9lWH0avrDzoNZaMWqJu8dsx5WzNJyqejmZabWueXPd7o9Iz3boWEHo04YvTH8T7Vy32v53TeE2SvY4yzA9sBGPRgJ0cqIMWITNJanae6lVsFK1kyZoe41k7PLOOKN&uniplatform=NZKPT&language=CHS,,2020,马克文,,罕少疾病杂志,小肠内异位脾种植1例
1952,CNKI,https://kns.cnki.net/kcms2/article/abstract?v=DgjXjbKQq8fb5RfKWvnmNWnrF6J8LCsUYr1NnIAb0DKxIDnIUaHOrae5aa3HBC_WOX2hGV3NxGiNTRixuu-zsGosa74GGMvoiquR83zNAmEly_RfgJ7eoauTjinZNSvY1Yxp2D0eSPPUsY9DrTYKSulloOjXDhE6OoRJFCJokwsou-ImBTMCt1WYLUIFsEm2&uniplatform=NZKPT&language=CHS,,2020,龙新,,临床外科杂志,肝异位脾脏五例诊治体会
1953,CNKI,https://kns.cnki.net/kcms2/article/abstract?v=DgjXjbKQq8dOJ7zs2ps1MpJa0ts38ePBNOC-RkOaj81Vbmh9ZhdyZTw6LBIlUhQisI7DZzac4SWePzesa9y6UpkBrPJokECrAWp4uz8wVJtYAuc2_zCEdTWlFzRObBaV2i9ZQY5PWGuu6rmH5Eb4UiQbFmwmw9gUMjYtnhgyKp0UfHkBjaG1YQ==&uniplatform=NZKPT&language=CHS,,2020,韩泽龙,,中华消化内镜杂志,内镜黏膜下剥离术治疗胃底异位脾脏一例
1954,CNKI,https://kns.cnki.net/kcms2/article/abstract?v=DgjXjbKQq8c2xBy-UOVenxSFR0vNALniRelb9nl8l3TBQYGqfwI-IXJFVwATGGyNeWKeE1ppC7vzf15b-vpp9M8c6UF498xc-YC3lqVLnIcGcrPgk-Cpdu0zbg25iO2g9LY4t5dbDBEUmZHzXMbOmqshzQKbbUL9S97CKB9M6xgxmOH88CjepY55jH7WoRU4&uniplatform=NZKPT&language=CHS,,2020,陈家诚,,临床肝胆病杂志,肝内脾异位结节1例报告
1955,CNKI,https://kns.cnki.net/kcms2/article/abstract?v=DgjXjbKQq8eeTo3N459bsw-CHCTSkjrm0WMfW-LAupUwXLAAErP-ftHzesdQCI3xed0foZVkVV5TL_mUTfvc-rAu4tNo28ipM1ZGONwXOPM6qY044SfD3yNs1Hb1XL2D5jLJtzV-9T7RLGI1EkWPWX34flbtGarmq6fb4z7rp0UVD7s7VBrkHzr8epEw8Zsd&uniplatform=NZKPT&language=CHS,,2020,孙驰,,临床小儿外科杂志,腹腔镜梗死脾切除、残余脾腹膜后固定术治疗游走脾扭转2例并文献复习
1533,CNKI,https://kns.cnki.net/kcms2/article/abstract?v=DgjXjbKQq8fNGJ2q5gI-jm36XVt0bDV2Ij5lGROVNQOdup0iCQzjS5WDpjExQRjtiSn4w3z-L9mP3PnQ9Ze-cGtiYNa36FEZFa0Y8nNFgda1iZvIS966UBy_thd3Gl_PHjRCS3TcZ4Sys-Dsq-fg-otk47G8oUkt-nLisi9qyeZnmBLIqPSYoU1wBusvx-zf&uniplatform=NZKPT&language=CHS,,2020,马倩,,解放军医学杂志,腹腔异位脾的临床及病理特征分析：13例报告
1956,CNKI,https://link.cnki.net/doi/10.13499/j.cnki.fqjwkzz.2020.03.239,,2020,阮广营,10.13499/j.cnki.fqjwkzz.2020.03.239,腹腔镜外科杂志,腹腔镜切除异位脾扭转1例报告
1957,CNKI,https://kns.cnki.net/kcms2/article/abstract?v=DgjXjbKQq8e2XCLZaXzO_pnfATHbjegvLKeIoBOneL4sHdbR8SGWA8UbHYKBhHN2k6ru_PNzZ7lduNfXIRwaX0asAPgOVYVBcHxwj1pQ4IJKEalhvbdISyDkljwwyPaKol5HmD8EasPgsf_cZBghY6NcHYTXgbpHLpS3BFaWhfhMlGZLiVxuRBP5RTEjyKNN&uniplatform=NZKPT&language=CHS,,2020,于一伟,,特种经济动植物,一例德国牧羊犬死亡原因分析
1958,CNKI,https://kns.cnki.net/kcms2/article/abstract?v=DgjXjbKQq8ehZ0vKtKp_QO4bYh8xxo1KlEKOhShL59ZkPeSkJhGXpB6DMXFe6ALV5fBsYXcSZcoTEaW4Ds1JLROg_J7zanh88pBSDwHKBN_95ducRhXUyrQljEtXgFlvy_zF8m8dXTszpBMWgg0z5_ofwqy8f6_4GYZM6Rc1pqZsj5YPBSjEZw==&uniplatform=NZKPT&language=CHS,,2020,陈家骏,,中华普通外科杂志,游走脾伴蒂扭转梗死一例
1959,CNKI,https://link.cnki.net/doi/10.13929/j.issn.1003-3289.2020.01.054,,2020,李蕊,10.13929/j.issn.1003-3289.2020.01.054,中国医学影像技术,婴儿副脾扭转伴坏死1例
1607,CNKI,https://link.cnki.net/doi/10.13929/j.issn.1003-3289.2020.01.020,T1 DOI,2020,李磊,10.13929/j.issn.1003-3289.2020.01.020,中国医学影像技术,胃底异位脾种植1例
1960,CNKI,https://link.cnki.net/urlid/51.1356.R.20191121.1403.020,,2019,林桑,,华西医学,以腰背痛为表现的脾种植一例
1961,CNKI,https://link.cnki.net/doi/10.19613/j.cnki.1671-3141.2019.92.217,,2019,孙会想,10.19613/j.cnki.1671-3141.2019.92.217,世界最新医学信息文摘,一例游离脾伴胃扭转的病例汇报
1962,CNKI,https://kns.cnki.net/kcms2/article/abstract?v=DgjXjbKQq8fnqipZGtfbxCpY03cdj6fKWN2FVQg1oK9-xRcsU6x-Ud7naqTgVhpQW84Ttf71Xo1eir_gNsuaChuWKOUFLHg7RMRLGQiEGLNn7bnVM91j2cIOqo0ZcEcj0tewcwa4FZE_9Dbt3imc4yOzcYvtVHixYW-LuHaHdeu15-Ep7Ha38pSG_0U9-15_&uniplatform=NZKPT&language=CHS,,2019,张河勇,,中国蜂业,桶养蜂群如何安全转场
1963,CNKI,https://link.cnki.net/doi/10.19538/j.nk2019110119,,2019,李丹,10.19538/j.nk2019110119,中国实用内科杂志,肝内异位脾误诊肝脏肿瘤1例报告
1964,CNKI,https://kns.cnki.net/kcms2/article/abstract?v=DgjXjbKQq8cB1LL_zFGtht9t6-2u8P5E9bWJQGwsoSoZjUII1DEUr9_yo2jFjJtWM8O4KDV8JvbVFMgbcdH83czJ2fQ4M7p3vY3o7FcUgteZHXRste9FaumEmHzDmgwwkmUZ0mgAZUpQDOw8lhLf7p9EvlY9AGjvs5tHLiXnpX51P8uMop9W0Q==&uniplatform=NZKPT&language=CHS,,2019,孙方丽,,中华消化内镜杂志,内镜黏膜下剥离术治疗胃底异位脾脏一例
1965,CNKI,https://kns.cnki.net/kcms2/article/abstract?v=DgjXjbKQq8cFW3WPc7CuajN15wdD3IsZIf0SeYzXi6d0HifoahMOHpJ3bpQwjoBaMTTY1wgu5J7UW3Wy9XDXExvttfAkf7pA2JkYSPEzUQ9FH7H8bHx_e_noc_Qk5YjaQ2s0xALwmLJK9jijOiuy0dH7TYDd-8YzyGKMvw0H0PU0TiN9FLTJ-Tjkx_FFRVye&uniplatform=NZKPT&language=CHS,,2019,相丽,,中国CT和MRI杂志,腹腔异位脾种植的多层螺旋CT诊断
1966,CNKI,https://link.cnki.net/doi/10.19538/j.cjps.issn1005-2208.2019.09.28,,2019,谢元康,10.19538/j.cjps.issn1005-2208.2019.09.28,中国实用外科杂志,游走脾并蒂扭转、脾梗死1例报告
1967,CNKI,https://link.cnki.net/doi/10.16245/j.cnki.issn1008-6978.2019.08.009,,2019,蔡沁村,10.16245/j.cnki.issn1008-6978.2019.08.009,临床超声医学杂志,肝内异位脾超声造影表现1例
1968,CNKI,https://link.cnki.net/doi/10.19732/j.cnki.2096-6210.2019.04.014,,2019,张龙辉,10.19732/j.cnki.2096-6210.2019.04.014,肿瘤影像学,超微血管显像技术联合超声造影诊断肝内异位脾种植1例
1969,CNKI,https://kns.cnki.net/kcms2/article/abstract?v=DgjXjbKQq8eyKp2ulI4ByxgGdFtcde_hBzdIJcanFjx2UIsIwu5ORInwsJxjjNs9CpY8cpTfIddkrdx8JxbnwlR9pjcu_vBU6W6WVY4lH_CqAKeaXTpo3jDA9LuduSc09Ny_la1J3vc4RrlmjiswN4KA5eqGYZxESFCdMzM6OOOaN0HNF_a00w==&uniplatform=NZKPT&language=CHS,,2019,张明会,,中华超声影像学杂志,游走脾发育不良合并腹股沟疝超声表现1例
1970,CNKI,https://link.cnki.net/doi/10.13929/j.1672-8475.201903024,,2019,屠英暄,10.13929/j.1672-8475.201903024,中国介入影像与治疗学,肝内异位脾种植超声表现1例
1971,CNKI,https://link.cnki.net/doi/10.13499/j.cnki.fqjwkzz.2019.07.525,,2019,马继慈,10.13499/j.cnki.fqjwkzz.2019.07.525,腹腔镜外科杂志,腹腔镜下右肾上腺区异位脾切除1例报告
1972,CNKI,https://link.cnki.net/doi/10.19538/j.fk2019060128,,2019,龚美琴,10.19538/j.fk2019060128,中国实用妇科与产科杂志,脾脏异位妊娠1例报告
1973,CNKI,https://kns.cnki.net/kcms2/article/abstract?v=DgjXjbKQq8foKFNoQo1I1J4gS9p1UDBV7IMgHnejCT0m3Hmn1tjHHakGFbNiu_5ou9ShLRAkJdLJnDSG_D_0MHP2xLsU1KGcrDaWN9jDsbeHyXczA6UflGEYj6edw_vW6keShsDScbuSFg9vKISvS1tf7W5XHieeFLJ9fUmzkjZyE3hN3iO6SdTS9m8FnlIm&uniplatform=NZKPT&language=CHS,,2019,刘佳晖,,临床小儿外科杂志,儿童阴囊内脾性腺融合1例报告及文献复习
1974,CNKI,https://kns.cnki.net/kcms2/article/abstract?v=DgjXjbKQq8c3v8g_ZIA7nULIPAoZ_up15RCF12VBqqIniH_j-NMkc5XRw9CM5xaGrhgjWu3O7sCrUf6nSeXsaKj89hlHov3i8DvjwjlZz7RxajOgwGFr5gmWqPsKicbxjR3jEl-tGtLZhA40cY0osmn0Jfh80GzomxJ1nVh6iYz2cbghIRKCCHI7ydD-FVUa&uniplatform=NZKPT&language=CHS,,2019,李如迅,,影像研究与医学应用,腹腔多发异位脾种植1例
1573,CNKI,https://link.cnki.net/doi/10.13929/j.1003-3289.201803054,T1 DOI,2018,刘敏,10.13929/j.1003-3289.201803054,中国医学影像技术,脾扭转1例
1975,CNKI,https://kns.cnki.net/kcms2/article/abstract?v=DgjXjbKQq8cJ03Jbl2aNMz_G7F4W8oR1MQpYHE6Dvfk_szUrb8uUD7FmLNZPeDTtlphVOkBnqbBlqosnNI1bjL6S5ADAgxJL6T8lqZp_wQppH8QezIzFU4PosMJ0NfDz4Pkdp2epK_KhHM3F4nqLQb3RJtmgxz-6V1IxdNoA5qnbuhufvLD2WnxGo0N3Z2I4&uniplatform=NZKPT&language=CHS,,2018,傅承蓉,,人民军医,盲肠异位脾种植1例
1976,CNKI,https://kns.cnki.net/kcms2/article/abstract?v=DgjXjbKQq8e8NM6GYpsG_FgT8B0g0qQaniu7s3VMpaoD2zd6tijQI_4RXF5UOdwso7gXJ52KlgrZCaEKfj2kxSOwsleYhZN7PLw6lxU_mjV1Modr7CHw7HGwaDSCtxwzpxDvgZcwsyji3CmA5cqFioRzUQHT8hoPktmKSuaYRSxqPnUIxiiy1zz2dwODc45y&uniplatform=NZKPT&language=CHS,,2018,王晓瑜,,中华消化病与影像杂志(电子版),脾脏异位种植致胃腔外压误诊为胃底静脉曲张一例
1977,CNKI,https://kns.cnki.net/kcms2/article/abstract?v=DgjXjbKQq8dbbh4qWUc6VwWmKwqwwYYUr34SHZVArkZImQCGyBRw_nd1mLCfoQctMcGI86uM0GO9gqattNJb_Y-q6T7u-a9hdShtptut7g7CZt0w7Lob6yPvSrzpuLCFKjrotwBoLxv4xnHBycpBaQg39il6UjHvBKIJX_4jTUcMkN2YNYpopZFhNyJTd1j4&uniplatform=NZKPT&language=CHS,,2018,叶张杰,,,浅谈犬胃扩张-扭转综合征
1978,CNKI,https://kns.cnki.net/kcms2/article/abstract?v=DgjXjbKQq8fokngLVLBL-bASEB5JIAlm65EAx-oGEtMnp1YR1pXHWYUL8Ey8Z7KCg5ThjrkhfBd1QseGYPungTuW6JKsTLYOAbVqw0j7N8IUQ8PfZy5NpKT5bonLWifSeNyyz9q3KNWVH8OUfBViwjFzBNCZk4E6aCuLaIKOfiF8QJFpn-jHWQ==&uniplatform=NZKPT&language=CHS,,2018,耿宪杰,,中华普通外科杂志,T型腹膜囊袋固定术治疗游走脾二例
1979,CNKI,https://kns.cnki.net/kcms2/article/abstract?v=DgjXjbKQq8cjsLWATa0lUBhb6T0-_jcM5tgAtLnypzgN-Gz0jteI5woAddRSEaIE7gIlJKAVLnUcYid14zg5V0I1NoNpOST3ok6zZFhnRh3ACg0jYdi8nrG4NwoYwsVwKngpZUHg8X_NsS-RsYxNdmulociEcylsu3_wgE50qGzb5cjze8wk8S8AxziY7vVh&uniplatform=NZKPT&language=CHS,,2018,张向向,,分子影像学杂志,肾周副脾误诊为肾周血肿:1例报告并文献复习
1980,CNKI,https://kns.cnki.net/kcms2/article/abstract?v=DgjXjbKQq8dFgza3F3Mpk-XgjrdkARrkCcWyazYCCu84yfZENX35Lig45fLipnSh8OTA2EX9e95Qou-e0dbLYOHSd-wMSPk7qvAYUCQAAyJVUzNng3VAKovC_bot1dzkeSNgW0Lj-1kWrIVqaiBYCmgkJW6ilDOiYUKWgqurK1d-TPP4WX0cCg==&uniplatform=NZKPT&language=CHS,,2018,崔冬青,,中国医师进修杂志,妊娠合并异位脾一例并文献分析
1981,CNKI,https://kns.cnki.net/kcms2/article/abstract?v=DgjXjbKQq8f_p8WagbE8rdY7M_8IgTb79m0S18FYiUzmz6BMzee8Bd807F9hsIaMd0yZPX0Qu0eZ2-lHCEcvwd1H7u09RlyqUSs1vwHSgRhEGCD8tJNbtjuzfKLLZqpmzXMEohs7PA19YOetGIDTpkw1nhub464jT9Y9BYYksDqOjsuXrzyZpbT7rXz-bPea&uniplatform=NZKPT&language=CHS,,2018,张河勇,,蜜蜂杂志,古法桶养蜂群“疏脾”治疗烂子
1982,CNKI,https://kns.cnki.net/kcms2/article/abstract?v=DgjXjbKQq8fmZorpZp_uHmEG2U38V2oM5nmENE3l3v6g_rOvjo28qAshKVvD8SW9pPloCbf8cFhlhaxnqOtu4L2YpLpmIYbD-pdbekZncIkh28jCnjtwcT5ZkEYgDI1_F2Rqf9CC2GVs2BoWMI_9-YzOm7V8MXANyRx79nfqX4-27EOZ4WOCrf1oTq_zMcIX&uniplatform=NZKPT&language=CHS,,2018,杨光华,,腹部外科,腹腔镜切除异位脾扭转一例
1976,CNKI,https://kns.cnki.net/kcms2/article/abstract?v=DgjXjbKQq8eX1s0FbAbrHnmDuhW8dBX-xkut2VReQquExx6gjxM01kC2HefE9YGbIb9RNlq_a8C6uXxJ7nIEyqxfL9q8gBxXNCiCxCTsF3T38tu11b8tkxiOeg1GVrRzk1H8KUv7nrS8gB3Z516QhYqIPIg60VhRTYk7XR3nxnPHrfVo_FBDgFy4w_DV5eY2&uniplatform=NZKPT&language=CHS,,2018,王晓瑜,,,脾脏异位种植胃腔外压误认为胃底静脉曲张1例
1983,CNKI,https://link.cnki.net/doi/10.19435/j.1672-1721.2018.13.080,,2018,魏志星,10.19435/j.1672-1721.2018.13.080,基层医学论坛,游走脾并蒂扭转1例
1984,CNKI,https://kns.cnki.net/kcms2/article/abstract?v=DgjXjbKQq8duqbHbDBCrqG3SqqNJzJgiIgjp-4BPpejKALpUvOyRN_5gJkqtbF_C7kS6KW4RWDmxKxOKEgpbS3KGAIGnDbSb9B3fQYuhKxKsKxJ6YyXhQNki3ToI-aneBxIiMdMj1P7pvePHX5GAjhP4QwRFoi9a0bcydaxmOTlHPN2VQ1BuR-fKOe7tFhaI&uniplatform=NZKPT&language=CHS,,2018,周维力,,中国医学影像学杂志,脾脏异位妊娠的超声诊断
1985,CNKI,https://link.cnki.net/doi/10.13586/j.cnki.yjyx1984.2018.02.009,,2018,王远智,10.13586/j.cnki.yjyx1984.2018.02.009,中国冶金工业医学杂志,99mTc-热变性红细胞脾显像诊断异位脾种植临床价值
1986,CNKI,https://kns.cnki.net/kcms2/article/abstract?v=DgjXjbKQq8cfl0AYm_sLUWbrtWtqa0-YVTI4Av17hnaswHE-S9Vnkac90im4JCpJvI_A9PfVVlAUstuA-b4njYmU8lSsi4GQHQPlkt9DCQ6UZ_14mBK1aT26LiC5DVYpJ1c7YRHoAgExldKlbpiEf0OU-MXA7Qb8HHS4um0HSW52a9KwXZS6kQ==&uniplatform=NZKPT&language=CHS,,2018,刘志成,,中华医学杂志,成人左侧膈肌膨升继发胃扭转及脾扭转一例
1987,CNKI,https://kns.cnki.net/kcms2/article/abstract?v=DgjXjbKQq8fGAgwkReWn5RCWt1hUWzJ_li-HwyRbpcb8jMu3a86qnxf1ie2bG7p6zhDFQJXvhn7qSHEw0RftVp60nENowfyo2l9pJYXmqEWp3KXsJc9CUi2oZ9xZAFsPh1kXXIcBYoBNlVU45uBCJDQ2r6V2MCAslfJ2xTXLAs3NvH9C8jqGMw==&uniplatform=NZKPT&language=CHS,,2018,李莹,,中华肝脏病杂志,膈肌下异位脾种植误诊为肝脏肿瘤1例
1988,CNKI,https://kns.cnki.net/kcms2/article/abstract?v=DgjXjbKQq8dtrY03hHdclo_lJ3M05Xa0VTBYYlcMftD3x4ey3Th_np-smGgDVuJHPEdlcPqCdYkO3zASm-PLIQlRnzt8js5-d8VAUziSJfoktHYlT5J14P5Lrx8eLAF6YszVRmrY9d46ASpOFQGKA1KHOa0iT3WJHlfyrksCYEgd-TI--AG0-0brX5P23Z5g&uniplatform=NZKPT&language=CHS,,2018,陈翠云,,医药论坛杂志,肝内及腹腔多发异位脾的诊治体会并文献复习
1989,CNKI,https://kns.cnki.net/kcms2/article/abstract?v=DgjXjbKQq8dFsfeEAgG1x_lIkQCF5-O6Jhyzro_WiZW1muVsV2f0iCr6wyawGhyxGl-mqUOvRKGYrgU0hmfI13nu0lFBZIUQqKsDonfhNp4m6H5fknK2W_F51wkZLcnG6qwwEzSQJLIqfO1XXgkAThJ99WvwotXHjy7AHwGSsPS_69EL6IbMDg==&uniplatform=NZKPT&language=CHS,,2017,吴宝强,,中华普通外科杂志,脾脏异位妊娠致自发性脾破裂一例
1990,CNKI,https://kns.cnki.net/kcms2/article/abstract?v=DgjXjbKQq8ejZKV0CZRJWEuAi-uc657OtZ6zK7Gd5U9xUtI6LnMoD317ObovCx9a_8TZgzaA_baXO6eCn5tfL8RhYm1yHi2H-fhoWjC0scwBFHgneQsnBDYcbOoOeXs2l857PLAyHxbREBJbPqKqiRBDFtLjw7KMOlQBGva2SzL65EwHG4ofjw==&uniplatform=NZKPT&language=CHS,,2017,冯燕,,中华超声影像学杂志,超声诊断罕见肾实质异位脾脏1例
1991,CNKI,https://kns.cnki.net/kcms2/article/abstract?v=DgjXjbKQq8c_ZhrCqByU-IATCLXuU7hd0xmGQPzP84IulGZf2aK0CrEzawg_2-KAzEmzcpjoMaNK95kUQ98IbTh27GShWysZ54-RChqhiRoIFJnYXlxee7yYHORttJRub2I3r94SPkSIsaJvxbxP7f994BZhxkLw-kYm0pC_1gpfiQMoe4tbVQYk0st4IILo&uniplatform=NZKPT&language=CHS,,2017,朱艳志,,临床外科杂志,游走脾并蒂扭转一例
1992,CNKI,https://kns.cnki.net/kcms2/article/abstract?v=DgjXjbKQq8fx9t0rgEdBjB_mro4WWqsleVP1lWI2oh2J0XRJ1fndIZzrE_ZLCxwifKsrOeySr1Npn3GMfyizGELODzM5zWnOuODQDKUe91LhlwwMHOnyGNladHAuwPX_RRWSRJOQa3hxi5C3j9SLxkfmOnb8sEW9QIBXEdl3xrntqHm8DWYwFpgJqsLnoGJA&uniplatform=NZKPT&language=CHS,,2017,陈朗,,中华普外科手术学杂志(电子版),腹腔镜下胰体尾占位性病变切除16例体会
1993,CNKI,https://kns.cnki.net/kcms2/article/abstract?v=DgjXjbKQq8fIjcgfsDmM30tye6xJEukiP4pGIQkadhcaONim6ddQsz4N95wQ-yhQim5oqVb5_eiMsD5RnYC8nVUh0bScf1sLmkFfVz2RKblg_n1Ehq3s_f6E-ZMgIohaWvWVACr7RRaDSFGabpayz5P5C5_4te5E0uUzpHW3y-e5mlFAEjqNNUDwn7JzHmZi&uniplatform=NZKPT&language=CHS,,2017,孙丽媛,,临床误诊误治,脾脏异位妊娠破裂误诊报告
1994,CNKI,https://kns.cnki.net/kcms2/article/abstract?v=DgjXjbKQq8fv1SvuGC__LeWFTFNf4yLjpoMj9MNm8SH60E7IyRptvcebAEcOJLx0C5d8vSJJUomR9OuluoaX-fV4s1cZskgEdlINsYEt3Bv3kpAztyf0imNdADh9Pui4H8qmHKSC4fvY1YRfCBHaOjIQZivDhdcpM2RfGhKm5X2xMRdrgN-vxg==&uniplatform=NZKPT&language=CHS,,2017,常婧,,中国实用医刊,脾切除术后盆腔异位脾种植一例
1995,CNKI,https://kns.cnki.net/kcms2/article/abstract?v=DgjXjbKQq8elMh3zKhufMZQ09Hvq55kmrAq1zIAsnhy-S_XplFnF3th-IY0Bm7xz68YJ3ykPrlIRt1ijWr4OlurpGElJcdhhk05tz9u0EgpWicQwhGSjhKG5HhoyfZHvVaWlpFc9tXNNKMAfbH6vJ6-jMW-cTvl9W0KTUsUJDtjLiF8fduPHnZKMMpwmFw2_&uniplatform=NZKPT&language=CHS,,2017,张书敏,,实用妇产科杂志,腹腔镜探查漏诊脾脏异位妊娠1例
1996,CNKI,https://kns.cnki.net/kcms2/article/abstract?v=DgjXjbKQq8d-hL7ZWonGAX_gVvfqRjAoElJkW2YCfP-Cl_x6NhW-J91XgYvZ5dJ51wKUJLmxPVzrISMIFLpt5eHM0faAUGG7fwtlHMv37tQg5MFZVDg2AZXAk82Vi6ZQ2ToaKWGttIa4q8Lc7CozmLfsRYlCCJucPxv-HAV2pgzXvYy3nePULA==&uniplatform=NZKPT&language=CHS,,2016,何磊,,中华消化外科杂志,保留脾脏的第10组与11组淋巴结整体清扫在胃癌D2根治术中的应用价值
1997,CNKI,https://link.cnki.net/doi/10.13881/j.cnki.hljxmsy.2016.1994,,2016,王丽群,10.13881/j.cnki.hljxmsy.2016.1994,黑龙江畜牧兽医,一例犬肠套叠的诊断与治疗
1998,CNKI,https://kns.cnki.net/kcms2/article/abstract?v=DgjXjbKQq8cxKwqI55_1_HsCX05zit_0FBUCsa4hMa2uhreYDQb2VUcOXu0BRZMb52Tnpo_pAXOqBzX4FCfwspp7El7FgZl0MUbYurn7VmYQXC7Gl_LVBxpJh3aIy90yJmoqWT1SA_75pyn-9AZYyJTgNhdxG3JklUp2InGSpKwo1DyYrSNkNU-iYDTw2wc7&uniplatform=NZKPT&language=CHS,,2016,李朋,,山东畜牧兽医,超声引导细针穿刺在脾脏弥散性病变诊断中的应用
1999,CNKI,https://kns.cnki.net/kcms2/article/abstract?v=DgjXjbKQq8dG_taSPaMG4RipwKrmUFpr3ff0SyCOwD1-xnBfN2rlsYL2AxHIM_abRKdqyOcuCjHXrqdclUlsoNyQ6wffLsC9TtpmR92AlK6NXO370TSvceXgfIpu2I__v_hw-j64RKUcP9-YSTh2PXunGsn83zUv1qzNTxRojrPbhTTDrl0Tf9-939xO9wIJ&uniplatform=NZKPT&language=CHS,,2016,于成荣,,世界最新医学信息文摘,脾切除术的适应症与护理对策
2000,CNKI,https://kns.cnki.net/kcms2/article/abstract?v=DgjXjbKQq8cwaWZA-GoLev7k4113IH6yAK-Lh9g37y3MZEMfF4zCeDJvrlqxQAHRZ1TQnRV-b2kLLV4BygzWzkXLow7U9UJMsGwlvqkYuCv-X-_apnMDyqwxkdfraaBlhqxn6u_TSp39MLRkZGc5QfGvWPO-Fi-PnFUBA12jjHcRH3_FDMVyg3bRDIlNwIvN&uniplatform=NZKPT&language=CHS,,2016,阮丽,,中国兽医杂志,犬原发性脾扭转的诊断和治疗
1552,CNKI,https://link.cnki.net/doi/10.13929/j.1672-8475.2016.09.016,T1 DOI,2016,廖凤琴,10.13929/j.1672-8475.2016.09.016,中国介入影像与治疗学,经阴道超声误诊大网膜异位脾1例
2001,CNKI,https://kns.cnki.net/kcms2/article/abstract?v=DgjXjbKQq8df7oV8tPS-CY_hOZzbtAZOCOMmz6YqBn_jmnafGUPb6Eyhx3U0UoJnKXOQC2yjt4VR-OpSD13TmfzWTIIcwFuizdusfcjSD1U5PXuDpQMQlOfOxdkCDssOt34a3wh6UBlJF_TD-RMF31i28Fa2Q26SrMy5-wOoJKCyX-hHg-I-BgjpEl4DmbtY&uniplatform=NZKPT&language=CHS,,2016,杨勇,,中国普外基础与临床杂志,肝异位副脾误诊为右侧肾上腺占位性病变1例报道
2002,CNKI,https://kns.cnki.net/kcms2/article/abstract?v=DgjXjbKQq8eHqaUhb34vRbUX9BjKRX7eRBSlldDGVF2cZnZnf5Vo42m3a-Iv7gwSSNu1yfK6YmRJyppYjczsVipQs9S_w-Tqqze2ng0x4xOp2Q0tvwlbTjpz26yyzfZ7iFx1ESNt2H1DHgfqvBtzKUz2oWjCG2sqvgf3N9EeZdc4OTIPViZmfDVAL8-N928P&uniplatform=NZKPT&language=CHS,,2016,张祁,,,胰腺内异位脾脏伴表皮样囊肿1例
2003,CNKI,https://kns.cnki.net/kcms2/article/abstract?v=DgjXjbKQq8eJ2ZwByTYugNErSb0_MsR9E6GvMtq71cMZk2BR9S6n1bRKc0U4T7b377HzwuETajsJz6U1i5KzjdhIdQ7koCyMwZMiQrQDcjX9tPVHDjqFNeb2GW-X8AkM2vqRd4LKBXxbB9CZDT1045SNuuzvkKDD-Sp89wMEq8udIUQ9OSQdn_SaAXOm9lcg&uniplatform=NZKPT&language=CHS,,2016,汪向前,,中华医学超声杂志(电子版),脾脏异位妊娠破裂超声表现一例
2004,CNKI,https://kns.cnki.net/kcms2/article/abstract?v=DgjXjbKQq8c_oGCICtGNzLvncKcbj5GzYqxdjVlLzk7BCPkwKfPi0GynZAS_-437lOJ8C8vWTQkHb3S7PQdnlw5NqEcZkIvwAjPGah3-In6b5ZbovwrW3SkmHF0qvh6QI4oJx70waydDhpqsOObaXWzff7HVtyeIA39rkGqKuXr5Upt5t4qWh2WEE2gSzeRx&uniplatform=NZKPT&language=CHS,,2016,魏慧,,,蕨麻多糖对镉致免疫抑制小鼠的免疫调节机理研究
2005,CNKI,https://link.cnki.net/doi/10.13881/j.cnki.hljxmsy.2016.0475,,2016,朱国,10.13881/j.cnki.hljxmsy.2016.0475,黑龙江畜牧兽医,一例犬胃扭转扩张引起脾脏扭转梗死的诊治
2006,CNKI,https://kns.cnki.net/kcms2/article/abstract?v=DgjXjbKQq8d7qxI6rYnAlTdtpkBHoU2yD34h_YUksL1-nmWaoLnQy3MElQimYm3xIDnxkywGfJdTsfkLnC-9Gxn_Mr-Mu8UyIvs8hjK10E9SByVLqWLhlyd9cJXPmv_pu1dk9NhBHVGg-JGmXqI4AfT-LZLSHUtC_ZAq-Il-FlOYD2z_cQR2ZHNNo-IS_iGi&uniplatform=NZKPT&language=CHS,,2016,邹珍,,中国实用外科杂志,应用99mTc-硫胶体脾显像诊断自体异位脾种植1例报告
2007,CNKI,https://kns.cnki.net/kcms2/article/abstract?v=DgjXjbKQq8cx5dNo_IFHt1PGogwjOcBrb6spxYrwevMSbXZN4tnlgAdyilJ5PB54dIsbaJ-fEZ1xDLrTHFoo6fEx3BPyZxALz9jF6Iy0fr5w2QEwEWot2aZAbKLwRAU1ooQghFdLxk5rEXM4Z9BBoYPi0DfWxktvu4Hq8mTHAAk9xq3pi7oClLO2K0-GoLsy&uniplatform=NZKPT&language=CHS,,2016,付静静,,中国超声医学杂志,超声及超声造影误诊肝内异位脾1例
2008,CNKI,https://link.cnki.net/doi/10.20258/j.cnki.1006-9011.2016.01.014,,2016,胡庆华,10.20258/j.cnki.1006-9011.2016.01.014,医学影像学杂志,胃底种植性异位脾1例
2009,CNKI,126,,,刘建诚,,,保留迷走神经的选择性断流联合部分脾切除术的临床探讨
2010,CNKI,https://link.cnki.net/doi/10.19542/j.cnki.1006-5180.2015.23.034,,2015,王佳,10.19542/j.cnki.1006-5180.2015.23.034,中国乡村医药,彩超诊断盆腔异位脾1例
2011,CNKI,https://link.cnki.net/doi/10.13929/j.1003-3289.2015.11.044,,2015,李红梅,10.13929/j.1003-3289.2015.11.044,中国医学影像技术,99Tcm-热变性红细胞脾SPECT/CT显像发现自体脾移植术后异位脾种植1例
2012,CNKI,https://link.cnki.net/doi/10.19542/j.cnki.1006-5180.2015.19.033,,2015,王珺,10.19542/j.cnki.1006-5180.2015.19.033,中国乡村医药,脾脏异位妊娠伴失血性休克1例
2013,CNKI,https://link.cnki.net/doi/10.16260/j.cnki.1009-2188.2015.04.002,,2015,王春喜,10.16260/j.cnki.1009-2188.2015.04.002,中国现代手术学杂志,游走性脾脏并扭转的手术治疗
2014,CNKI,https://kns.cnki.net/kcms2/article/abstract?v=DgjXjbKQq8fUrNq4jdA701rVWNY1ypokuiis5buS9gHjT3PqhrBz3PdRUOt8pDVEQBMxoh5NZvhVcYnMbpJixpVeAtkDn2uv6E73ESMleEfRfUdlonJLRRtJR5KfAtbB4FL74Uz9ER75OxUDNs_gzfs2YSBXFRB4drXA6GHc3L8c2J0UtTVN2fjVHdhDzY-8&uniplatform=NZKPT&language=CHS,,2015,连慧渊,,,手术治疗犬单纯性脾扭转一例
2015,CNKI,https://kns.cnki.net/kcms2/article/abstract?v=DgjXjbKQq8eBvOaryrWsspOcAi8jRZ8C8ZO_5PSMRJl4HCQ8cplXFH111-rWvf5A8DRLIIys_liEHNGP2NjszjwdT5uqe95Ikn8XAy7_uYLX77yktWB_OJL596hY8ZeMco7rvwKJlJhPihxEXKTGeQFd5AfE-HDrcqeCaALLR7FCYkUNGEEoF0qjH8SXC37g&uniplatform=NZKPT&language=CHS,,2015,韩善花,,实用放射学杂志,异位脾脏伴蒂扭转、梗死1例
2016,CNKI,https://kns.cnki.net/kcms2/article/abstract?v=DgjXjbKQq8cd1HWXZ_DIpgULMjZr8TXfFT3pyveFuwf72UK_TYSoxzA76FhAzxjSNEGbRcYF67-KpAJBimlB9JyAmoIUJpWFac9TvU7PsHqGawNmaFrc-NTimfSZSs0iadSQDJqjNQh7r0ho3alZDhp7_4pmcZx7UXdQ1MNciVrS26dkqwXNPOTzpHOWqJeH&uniplatform=NZKPT&language=CHS,,2015,孙庆章,,中国现代普通外科进展,保留脾脏的胃癌根治性全胃切除术21例
2017,CNKI,https://link.cnki.net/urlid/11.3154.r.20150312.0912.014,,2015,柴彦军,,中国医学影像学杂志,副脾蒂扭转1例
2018,CNKI,https://kns.cnki.net/kcms2/article/abstract?v=DgjXjbKQq8dRUmIdrDG5o_bdU-sOWkubUa1Ngpy0g_5F_w2fXRXh8ZWYiDhXrwlrYp5lkqCKpeXINFXvbDmD0Zp8vDyrJA64T6Xym5qafumpMU4-hrDdU01IGJm4aBGxGGBMOqANylQmAmjgEIqV1-xKJQqmoYenJkujkHvD4voBboqejfC_HF1itZj4dmkV&uniplatform=NZKPT&language=CHS,,2014,谭志勇,,吉林畜牧兽医,犬胃扩张——脾扭转综合征并发肠套叠的诊断和治疗
2019,CNKI,https://kns.cnki.net/kcms2/article/abstract?v=DgjXjbKQq8e5Hx4GvWf0GOENMjpJaMKTEtkdfcNfIe41SYk8oZtqOT_S5vlsp0rwBrVU2Gz3XC0Ni1vyIMFdctFbteiBQEDV_amUDJrNJ_-mACd-9mhGpOD33lxd30aYxP3aTVK7k9bjoD6R9cjGkwcCV1Vn1iDFovRHWiFBhDrfHah9b33h3B1kD3PYd6oZ&uniplatform=NZKPT&language=CHS,,2014,龚慧宾,,,脾切除术后结肠腔内异位脾种植一例报道
2020,CNKI,https://link.cnki.net/doi/10.13241/j.cnki.pmb.2014.33.028,,2014,张迪,10.13241/j.cnki.pmb.2014.33.028,现代生物医学进展,宝石能谱CT诊断腹腔自体异位脾种植1例并文献复习
2021,CNKI,https://kns.cnki.net/kcms2/article/abstract?v=DgjXjbKQq8dSra5_k4v3dTW2BSbnQovPsglAgphI2kAUen4_ZHVTvP9L5RjkFtPVhdbk6KlAwQgZr6xIDamgOLWqpuZdJSE3RXagJdxOKReHzZlbWotdoYjcI4Kj0o8lOcKuPRyPgp0WmNmgdwMnrz4lBIUO8RVuPm2ciooa6Z4TfTDr9n6hv5BFRUN_pW1v&uniplatform=NZKPT&language=CHS,,2014,李朋,,,超声诊断犬单纯性脾扭转(附4例)
2022,CNKI,https://kns.cnki.net/kcms2/article/abstract?v=DgjXjbKQq8dpjnlHYEZ9b4uB7hbeZBAaaOSsrcnqbgutfi3YmVYvVAt4cv6EeAbKH3nzpq2aRjXzCwmIgwBOCn9pFk3W7sfWuPlC_wchkAMGiVlMg2_XlrehqBcIUYDZO66b26Ucy7ypwQ2L7nZd0RmCuxhiT1lsY0n08HcvhnE51IoEqvPcrA==&uniplatform=NZKPT&language=CHS,,2014,董琴晖,,第二军医大学学报,髂窝脾种植1例报告
2023,CNKI,https://kns.cnki.net/kcms2/article/abstract?v=DgjXjbKQq8eEebNSIJcIXxvLUsI3qwOxefZPAcaS2ftdcRsvnS3m01uGzqfDkPr5b9fJnFzUvpW3i3GuXDfMaoH_Uq9nFJMIOfzNq_eE425pSx_00ho1oRs8m33NZizSMxOL0SC_ETmEsxHkD3IBYuaKmzd5cdCiYfvJKCpFiFchXpmonbZiWQ==&uniplatform=NZKPT&language=CHS,,2014,董琴晖,,第二军医大学学报,髂窝脾种植1例报告及文献复习
2024,CNKI,https://kns.cnki.net/kcms2/article/abstract?v=DgjXjbKQq8d6VAqAbUw6Qt0j5oqEtetOyzbqDH7mq5UR7XVXOFDfKM6wilOdGn_7a-P2sVTnsyqwX2QRxB8H7myUbjgLX3ljbM0VyeLBFor2UVIHrOO1WPGqojSeBMjpgQhRbi6nM4TFZtaDKMq9uG9ovyX5lSEvUabMolbLwhbUW47nIp6ga1RIqZGirrsj&uniplatform=NZKPT&language=CHS,,2014,王媛媛,,中国超声医学杂志,超声诊断内脏反位伴多脾合并游走脾扭转1例
2025,CNKI,https://link.cnki.net/doi/10.16245/j.cnki.issn1008-6978.2014.08.002,,2014,宛伟娜,10.16245/j.cnki.issn1008-6978.2014.08.002,临床超声医学杂志,超声引导下后穹窿穿刺诊断盆腔脾组织植入1例
2026,CNKI,https://kns.cnki.net/kcms2/article/abstract?v=DgjXjbKQq8eHJGIXnaK_CK0BGNdukN84UXjnTb7bl-L7XLoRdqeDHSdtDFxOtUw5sL5a8r4ZME2dPoWksHKLFwAd_RoqOJ7gEOYMnlCDQRS3VievxJZlVAb0KUen8Yjqfz8NWGamTM2ai5p25Gs2WVV0n86aQ3lSam9xghYQZW-jUmSBtEGU2A==&uniplatform=NZKPT&language=CHS,,2014,张春礼,,中华肝胆外科杂志,脾破裂脾脏切除术后异位脾种植15例诊治经验
2027,CNKI,https://kns.cnki.net/kcms2/article/abstract?v=DgjXjbKQq8eGYkVjOAt2MBpZuGsLsFgKzeAQwGkI_zQmjzXDVKyP1hTPIr2BRDAIPL7H7TKDsDjmCYaS8UlcoHkiLPuPZqYye-_Vji3kMAbo2n1Ebl2OeH1eHGmWUSGmnTXz1UYrfZ_E4lxuxx_0srX_rcsI8fvls9C28ur_PwZKv9sqzAD7wg==&uniplatform=NZKPT&language=CHS,,2014,徐玉刚,,中华肝胆外科杂志,腹腔镜脾切除治疗脾脏异位妊娠一例
2028,CNKI,https://kns.cnki.net/kcms2/article/abstract?v=DgjXjbKQq8cyQJulVn1rr5rAqM8eXNiwcBhsJMSNdai4BJ5ORscqwlyiAVsfLN-0KKYZxGionBhcaBfUCw8IbQ9JxrznI-JpysK78FpPVt6ma-1D0FUWKbYscIVlZH6vbdOLQOaUa4zw5reAljf-RtevlSpp9pegbhZqmgx179LazoIqLfwEfA==&uniplatform=NZKPT&language=CHS,,2014,王珍,,中华普通外科杂志,腹盆腔内多发异位脾组织植入一例
2029,CNKI,https://kns.cnki.net/kcms2/article/abstract?v=DgjXjbKQq8d7Jx4J7lG1Y7WwgE51aZgnFQXKiIUCC0bl9opTKYNRGSaYH4NT873XqMwJo-hq1pCJd_ui2x6EOw6SX5bKresFgtGKRYRvWA1GxvfSKnWoj4sohEQfiayLa-k9Phivk1XJpEcb9YFIUKWcXlwwdJPuuBQkaaQ3V88fMxp_jGz3dA==&uniplatform=NZKPT&language=CHS,,2014,王春喜,,中国现代普通外科进展,复杂性脾脏切除及安全措施的探讨
2030,CNKI,https://kns.cnki.net/kcms2/article/abstract?v=DgjXjbKQq8fUOdoLtHU5as_cK_Wc6TQfntrTgNoIMnOYnV7gL0J7mgh9BDsh-IIycJfT5k8lDiXvODqE0m4VZPXrqcUwYcouVhd9x2zIhcV_csQ_NZgHeJtm5QoVtNVXwboZpEGowz-Jj1YLiO1pgXdRQLmWIlom6b4wkLrfAME__DX6p96r_bAardLy4mN-&uniplatform=NZKPT&language=CHS,,2014,汪建华,,,胰内异位副脾的CT与MRI表现
2031,CNKI,https://kns.cnki.net/kcms2/article/abstract?v=DgjXjbKQq8e6ofLdlNcE7lq2v8Zq9aiBD2W9YgXvJAvH9-rCH3QkFr1d9zTvaRH2hkK4rU57mZN_Z1ItloOgEueiTKJJ9SNLrN8eQbY8aYs8HGcR-2JDQgGmerdgrE704j-6AZIyC2B9OBPGMCqeUo22TLK0rGpJcRJsLVkQGfwPMBREgrvCtFnkVi1JY3bg&uniplatform=NZKPT&language=CHS,,2014,江茂情,,,游走脾脏急性完全扭转一例
2032,CNKI,https://kns.cnki.net/kcms2/article/abstract?v=DgjXjbKQq8fowRyhvq3Jg7AWHGv7-Y-XupwRamBXik5yFc3NJ6XpQltAaG0uhqrfcEA1HHD3SBGbGNyRxN3U7gASOqQlfPTdTgHE0NBpC2-OFsxUCwmwS1oKmJ5BwUpX27Moj3KDkffyNrWBnN19EMQQpvyCH2ER8bnrRh5p8kyzZ0762BF-vw==&uniplatform=NZKPT&language=CHS,,2014,,,护士进修杂志,超声检查腹部脏器的适应证有哪些?
2033,CNKI,https://kns.cnki.net/kcms2/article/abstract?v=DgjXjbKQq8eVQvMMSndupvCPKvOKUHDFPcYsGH0x189sew4pc49-ldOMrBzHzyGEoylSeOf60pDC5L5TJz1pfyC-Lg_ZqF9bTCVmdhvRiQ5Er4csgf_RHRtfO3Ub3hsvC6Rarxp_y8BJWeCj7jMyRJ_eIie9yGE6CLczK3Ft6EKBK0Ov9hTvSg==&uniplatform=NZKPT&language=CHS,,2014,关辉,,养殖技术顾问,动物脾脏的非炎性病变与病理性诊断
2034,CNKI,https://kns.cnki.net/kcms2/article/abstract?v=DgjXjbKQq8fIrmfT7Kq2DlqkR679t3RRfH9Znas0ixHdHG61n_nosuv_AMWUhRioqLkXmoeb86KBTYXlP171m-A7zM3LJ2RMGNaoAWGdoYOlUVwUoNnAWcBluFiQw5ziD961YCVqriDQk5zXj-zW_5fu8nnNXAa4cwBrVmV_2sGjqGQfREL1wQ==&uniplatform=NZKPT&language=CHS,,2014,李智勇,,中华肝胆外科杂志,游走脾伴脾亢一例
2035,CNKI,https://kns.cnki.net/kcms2/article/abstract?v=DgjXjbKQq8dyKR5b4CxZPvZVe3GdP43wmLL4pGI29Qr5pq-kfMI8Q-HznYV9V3-XvXgmDjLFmYZXWfYXZZ702pWUSHnze1rEN36O-tfgPz94dUe_Da68DGfYOSZmiwtT1f9w2khKuhrzozlXODR15LS02H0Vxun4od3J8hQLibSizWPvYG4_KA==&uniplatform=NZKPT&language=CHS,,2014,王春喜,,实用临床医药杂志,腹腔镜脾脏切除安全措施的探讨
2036,CNKI,https://kns.cnki.net/kcms2/article/abstract?v=DgjXjbKQq8cGFAUKEVuCtBaoOgh-NWiPLPU4gW0GNED5csfGj4RYVKCjQqYK6k5oyXbe7Q_E1oWlL5uMr_RvntI205O9RxZ2coEX2qlsI-Wrvd0L-Skozm9ykJsCQ0Gqif3xPxwi7_0izH4lBd7nbGImCMTqocSiK4CdxeZp7YLDvuVwiVoUVw==&uniplatform=NZKPT&language=CHS,,2014,韩海军,,畜牧兽医科技信息,氟暴露对雄性小鼠脾脏的病理组织学研究
2037,CNKI,https://kns.cnki.net/kcms2/article/abstract?v=DgjXjbKQq8d-ftk-XX9RgdQPLOZ0AH11BB1fgMx8YVsQHn19PjNdbFSr1DBr9k5NIwn-eAiZH5Ti37u02gnlaPv3_euoJnUDANgAaxTKxhXX59MFFyZ_EZUL72JkUGcYQV7FvbmlDm_mkle6DvzEHkCoCVYQyZ2WtoqfywMB3_C8RzjcCgVIFw==&uniplatform=NZKPT&language=CHS,,2014,吉帆,,中华医学杂志,能谱CT误诊胃底异位脾种植为胃间质瘤一例
2038,CNKI,https://kns.cnki.net/kcms2/article/abstract?v=DgjXjbKQq8dadsXgxU1ynqu4a5XOdtjMT4OxvvJeCTv3BA3XPpwDmhKXxUkI2WtN6fJclissuwYDcz1PpVBoETvUQNlE4o03AU-HyJoYOISdQFxNRr53LsNJBaHBNK9koyzaOEGKM3KyNBxBsx7X5jDUmFw1oYTIk4x3getU82NgBLglFy0_YA==&uniplatform=NZKPT&language=CHS,,2013,张丽荣,,中国临床医学影像杂志,盆腔副脾蒂扭转误诊1例
2039,CNKI,https://kns.cnki.net/kcms2/article/abstract?v=DgjXjbKQq8d2mb0oikc62JuE_bfkH7KZAsdvaqGEI4xifBWeKkUrMfulmn9zgNH-Q0sq3u8-bbxlJWat-JydFhmMEjsOwRb_SQ-CHj7k1mY_PW6tBmHvhz4mTqbF0aCHPyspZcTjgIrkwjyuvWvvUS1OOyCtcLjjsgDPzzYU5qfR3HRgN_uPOA==&uniplatform=NZKPT&language=CHS,,2013,刘占斌,,中国工作犬业,犬游走脾的诊断与治疗
2040,CNKI,https://kns.cnki.net/kcms2/article/abstract?v=DgjXjbKQq8edzsMmNwKf-XHM8n6WcZdy64Cr3gIa_1kK44vwxDnZnr-vAAGlNep9q7w43lMpoeo6o3U-eDhAsPbMAUeXhD316zFDnF8JMffMwcdzdpNiHgQVOqUQci218CYkAeHa_MmwziTuY2du32WqTW8DM2d3Ha7QSgP-lvxHRGVZ6DEMW4wVTqVBvAhk&uniplatform=NZKPT&language=CHS,,2013,陶开山,,,GTKO猪-猴异种异位脾窝辅助性肝移植实验研究
2041,CNKI,https://kns.cnki.net/kcms2/article/abstract?v=DgjXjbKQq8cbb-FkN2DF52G6W1zJ9hyw00UHKbtY67LGdTGtwRYQyeQVjzNDGjv4O-dslOPJpyp1YonJ2PYI6ugq3nFESm16FjJZzReYS66kfclgs1LM4alSo2F4schd7nAU080f7Is_ut60w4VQ5t4JLKSeFdodfcyxrUsNGJG_GtuYxpswIg==&uniplatform=NZKPT&language=CHS,,2013,杨方武,,中国医师进修杂志,脾脏异位妊娠误诊为绒毛膜癌致脾脏自发性破裂一例
2042,CNKI,https://kns.cnki.net/kcms2/article/abstract?v=DgjXjbKQq8eG9j3JHg78PwtaBqydMW-NNqM8B-iSQe9SkfzhfLC0ha2WnKIUE_gXrgYDJ10PVv4qomsNKNrQAqwwwoFS2dPSr-sfiI2jv2Ea2nPLb7qG8Sw4pbLUkpkMPKP80kx5sbjY3qirxExVDNOhiFaLRVsqKzlA8VaRbWCouN-WMTZBkA==&uniplatform=NZKPT&language=CHS,,2013,彭晨,,中华消化外科杂志,游走脾伴蒂扭转一例
2043,CNKI,https://link.cnki.net/doi/10.19542/j.cnki.1006-5180.2013.16.040,,2013,曹刚,10.19542/j.cnki.1006-5180.2013.16.040,中国乡村医药,B超误诊为外伤性脾破裂15例分析
2044,CNKI,https://kns.cnki.net/kcms2/article/abstract?v=DgjXjbKQq8fmcU1YSe5_23g1_ePUBC14yAZaaKt_4Q-m_B4ynebdl9l3zYOxP0_84_XhTeV8Bf6wZSOf0fuJ44ZAcBpv3Cnltyi4M74cqzWq9Bgbpc0KNdKAbYBGPbvzMD08cjiO--ETEqTeG7BBP_XnQUFpHMHR1eS8-5ZokL_S94elI8DZYA==&uniplatform=NZKPT&language=CHS,,2013,,,肝博士,我国异种肝移植创世界先进水平
2045,CNKI,https://kns.cnki.net/kcms2/article/abstract?v=DgjXjbKQq8cV-SmPdIHUjA5sGjtyiDiik4cZMpieASc_DZEmo17GX18uxX62eMwci1N3lVSGhlSWZmfMcbCnfjCjKfHt39KTjlAvGKff_NxtA8BQDdYgAQ2xhzjprdROxOI5lIXfeKzhAgbXANu3-xXuyGbJHr113hFoB1Xsau4u6J9RotG2lw==&uniplatform=NZKPT&language=CHS,,2013,宋宴鹏,,中国临床医学影像杂志,超声诊断游走脾并脾扭转1例
2046,CNKI,https://kns.cnki.net/kcms2/article/abstract?v=DgjXjbKQq8f7smYB2DaVrAz3gg43WH7EC7Aag6Xi5K_qYdrhe3pj9lGx74PIHf7yFtNhLPAfGTg1YYEaNjjCKWxYWVyatci4f9lRDj72aTRIPazYhMGwYBAz8xzDaR0yuUUH8n1Tw6zxWgf5-vV-WEgDedHHnvaaaZ3mDSQbQ-K04PuEv6iFtG0szehqN6uc&uniplatform=NZKPT&language=CHS,,2013,余日胜,,,胰腺小肿瘤及肿瘤样病变CT、MRI诊断
2047,CNKI,https://kns.cnki.net/kcms2/article/abstract?v=DgjXjbKQq8cudWGIWebUY5UC_ogzia0Cz-TUydPLf7_5iK8edOV6Kb8UvrRyXCOR5383d3Hu14IiE5Ji1Fj6OuYNFh3FyN-86rD9dgQBAp23l2c9U06MtO-Lf6SP_c_rNfNNiwkNUNBSwToI4zJg-V3f28Px8djAm8rZBV6Z3bFuktNGn0oIWA==&uniplatform=NZKPT&language=CHS,,2013,阮佳莉,,中华肝胆外科杂志,脾破裂后肝内异位脾种植
2048,CNKI,https://kns.cnki.net/kcms2/article/abstract?v=DgjXjbKQq8dwjb9943XViFyIqo2g7n1J7OWTGeK5di4U1Qus7IJqneXFhbBVHjxTSiMNeosVa_lG3YwVqaCevYzxGnU3lgAgi2YEy8yPoTiu9Ogn0MtuTVo4LIX2R8fxhe-QDiM_-v9SZGEd_qT6DdQLr_1U4bDoqESrCNqZr2EbgJZZ-V0tRaYAam6TCOVC&uniplatform=NZKPT&language=CHS,,,史俊斌,,科技日报,猴子脾窝移植猪的部分肝脏存活10天
2049,CNKI,https://kns.cnki.net/kcms2/article/abstract?v=DgjXjbKQq8e3N1xZafMS6DJ0R3p8_CBxCGqpVI1FElPRmF-QYne3riAHYSaiumnc0-qqZPxBSqdALGFwGiwP_76SVCgrVwCjYaFGyZ0NvxfQdzp8cvaU3X9xQd-kQHV_hW_6Z4fTf-XEBdD2jFE391rDVWL36ogGjQxTZZHGO_pf0iflY4mtBw0C8YN5aRok&uniplatform=NZKPT&language=CHS,,,冒希平,,健康报,猪—猴异种肝移植动物存活破纪录
2050,CNKI,https://kns.cnki.net/kcms2/article/abstract?v=DgjXjbKQq8cSv5WWVRbnJU6jtbrVu0EpofZ-nkbiVrr1fwMpHnfdghvp9yItVcWm2tHp3OuYjcQQBbi_Y8yi48xW_KKY_pmcSIKXUYInpPXrpgw77eTHUPLLyNmePtaeg6fOrIXO1zh0gff9219P8JVmqquJTpCA1hkfcmgU15t-DDsRbzoOcy89x0dL-YDu&uniplatform=NZKPT&language=CHS,,,韩宏,,文汇报,猴体移植猪肝存活已逾十天
2051,CNKI,https://kns.cnki.net/kcms2/article/abstract?v=DgjXjbKQq8cSv5WWVRbnJU6jtbrVu0EpF76p6MRs9PqIAV3GeBA4_VS3xSLcdOvK_BTyIR_4wQ8GrMq7S6pKBQq7h1Z-actxdZVK3O5D8Aj5exdLEof0wCOo8BF4VhXhkk9WIQj5gr5sADtlS6Hpn8Ku8a3gbtujxgnOk4qhCCQEoZoIo_0Y8A==&uniplatform=NZKPT&language=CHS,,2013,祁军安,,国际外科学杂志,膈肌异位脾种植一例诊治分析
2052,CNKI,https://kns.cnki.net/kcms2/article/abstract?v=DgjXjbKQq8epEZuiDXpcqRYY9KADGPVrZ_TvgMyQoyrfcoXLxkvniMajSt6H6zW3eOEdqotOOmXAM2RLoO5ja2KgB4Kq8ctTMq5GK-8rdMM8x8BXHgCgvCXhpSP0FsnaKNyQwiNfLuGioFUuQ2RYGoH1yM5GLsmgaYNj1o5vppGO7YGXJUuAVA==&uniplatform=NZKPT&language=CHS,,2013,褚海波,,中华肝胆外科杂志,巨脾大部切除后残脾纤维组织的分布与定量研究
2053,CNKI,https://kns.cnki.net/kcms2/article/abstract?v=DgjXjbKQq8e9TLE_sHQOtWSGqipapZ-q8ALmoRUHr-ARsAQCiud1RaVPb8ybb0G3mUKA2sKOwHa99-JmXFbxX0nkHTRO6Huf_i15mpF8fJgJFQRYkMwsA8UewN3-Lh1bsZGAAwoNFmfEH52S9VcvAG3S91aqpA9YBMH2GG8IJCAuYZLcH9s2Ug==&uniplatform=NZKPT&language=CHS,,2012,张飞雪,,中华超声影像学杂志,超声诊断小儿游走脾并脾扭转、脾梗死1例
1659,CNKI,https://kns.cnki.net/kcms2/article/abstract?v=DgjXjbKQq8eox2kfOydu2K5E2ou9xOXAMAdZnKEsrjSKl6V6b60MUa64SS5jAe7xXtdoNvkxRQVhPTjyUOtn_BHQ-nDCk15lTV0PDFV7UWpnLnSoHqehmJY4OUcUyFF3gmHbZQeTGvdPpWlocUlN84DQmAZ2KokPbi9ew6Vw2wuZTerfonW4Hw==&uniplatform=NZKPT&language=CHS,,2012,赵小英,,中华放射学杂志,游走脾一例
2054,CNKI,https://kns.cnki.net/kcms2/article/abstract?v=DgjXjbKQq8dhfOogIcVwEmc9EbiOwW96673DfM2udjhgTvr0ZUular_u3B41SV0SZ4jmvYVEKO9yebGAdCnKFUmlOAgi8RT6su_po8BjgnCdhXiBcTN4JCGaBh95KyRg19GjEoH0CZ8UzzMrDjwqUXvHTWDIjuCVKlRioSO2EwAG7TSll3C6NQ==&uniplatform=NZKPT&language=CHS,,2012,金桂云,,中国妇幼保健,少见位置异位妊娠的介入治疗
2055,CNKI,https://kns.cnki.net/kcms2/article/abstract?v=DgjXjbKQq8dqmtBd7NkvLFB98MUmJzajosvdPGBW-jOZGZFcgHWOgnWWF9QW8gYVflLKn7-5QSJXi_Bhs2U1-91QfTF6BQkoW2TnwhFmRsF24zxpwKDgly6uSOf3ygNj4qL7VDP7-qgz5hBIPJhsUS0n91yCkg-lQMIpr9SteecRKc9rj-uuLQ==&uniplatform=NZKPT&language=CHS,,2012,牛振英,,解放军医药杂志,彩超诊断异位脾一例并文献复习
2056,CNKI,https://kns.cnki.net/kcms2/article/abstract?v=DgjXjbKQq8cWBZ7jGZnPrErWuN9kuDo6yQYr8BuXI8lrZQQ-01ls-HYcIdyz2Jjp8JeCj0tLRCUbaoBgQZOmCtPYL-WbZfLCdzyyoyliJQfgDy6e7JNbx_BiaWa9-K0QJ_2Npi8gs-0w1qVnaHM7uMGPyms0MVy8_93VNkv3N6NbEUCga5BlfQ==&uniplatform=NZKPT&language=CHS,,2012,卢飞飞,,中国实用妇科与产科杂志,脾脏异位妊娠1例报告
2057,CNKI,https://link.cnki.net/doi/10.13881/j.cnki.hljxmsy.2012.09.011,,2012,刘利强,10.13881/j.cnki.hljxmsy.2012.09.011,黑龙江畜牧兽医,双酚A对SPF大鼠脾脏的组织病理学损伤作用
2058,CNKI,https://kns.cnki.net/kcms2/article/abstract?v=DgjXjbKQq8fWj8ItHGyoGvvCk4z7L_bzL05n2rD_KtXiTlNFbyRC5MQSAxbQJ0sHxf-NogMMIv7OHmguKBNVT10xUGfMxsWOmQGUevD7dGXPfcRa-Inx43yxGgD_-aTlb_NdAEeaGP7puaT0pqSA6db-xueBtnnWpvoubWyBkkdVwyHvZPLKSA==&uniplatform=NZKPT&language=CHS,,2012,丁巨国,,中国蜂业,介绍一种活络蜂路隔
2059,CNKI,https://kns.cnki.net/kcms2/article/abstract?v=DgjXjbKQq8fgbKaiYo2eY5CKOyTuLvt2yA2OVpk-yoJbevZc8Ka1OqL63Ig8_ezU7-b4t3yyGSikpWqyl0LKwxGVN8T3yXi9PqOOwbEw_9f0gNrYwzvRkKZ610ATLjhAJ3nrFxlTeTFOarnZA13H-bhiIgyiqu92tv6q6QpjFa1MpwLxNqv_PQ==&uniplatform=NZKPT&language=CHS,,2012,,,中华消化内镜杂志,胃底异位脾种植误诊为间质瘤一例
2060,CNKI,https://link.cnki.net/doi/10.16260/j.cnki.1009-2188.2011.05.009,,2011,王春喜,10.16260/j.cnki.1009-2188.2011.05.009,中国现代手术学杂志,复杂性脾脏切除86例临床分析
2061,CNKI,https://kns.cnki.net/kcms2/article/abstract?v=DgjXjbKQq8fDGu7qJvRfjSe8nZ3j_NK2fr51ixlYi2zIlraUN_E-sp-uflMtiwadIS9x6OhBRgsdQvqjZHUNnyN7Zt0rP8leQv6qul18obyZuKQzI79gOefIt3bBZDEBsj9lewTFxboSxZVA9wFUExBrSh-R0MFiA4hRtfw_VS5YFjw82eLUnA==&uniplatform=NZKPT&language=CHS,,2011,马逸宜,,中国基层医药,超声诊断先天性异位脾1例
2062,CNKI,https://kns.cnki.net/kcms2/article/abstract?v=DgjXjbKQq8f7pwFwfSk_9awUHe1FwCsg7sYCiF198aWtJJ3cf09mzkNgVA8U4AFS-XWYFBrqomDTX57S9bPCY9D4vpv8d5aOyKVxbz-h1eveisBNCVqWZvdaaKrdT0LiQM_-_hp3n_47MLbVQqvdC7W5J7lEXGKzSRgebaJQ5oBWaXizTSOtYJyaBWPPaaou&uniplatform=NZKPT&language=CHS,,2011,俞劲,,,副脾扭转坏死的超声特征分析
2063,CNKI,https://kns.cnki.net/kcms2/article/abstract?v=DgjXjbKQq8euPR4Lnge5qOJNBiuU2pIv3DI9VoL5AnyI7QZMrLBAyvFxAFxpM-wjOAYssby_AVTMbw3725_MAjyWzxuq3360Lp51gE6Qfa5z-xiL4h-FKQJTVgU0hjOuriWhkSpGQngeJdcwQt34UneIQJceBONU8G5wc67U38E1usJkBbidqg==&uniplatform=NZKPT&language=CHS,,2011,孙驰,,中华小儿外科杂志,腹腔镜脾部分切除、残余脾腹膜外固定术治疗游走脾并扭转一例
2064,CNKI,https://kns.cnki.net/kcms2/article/abstract?v=DgjXjbKQq8er1YOXY1bcHPfYix2J6FugUuLdb3yr3jPboxTdEWfxIC4XTZjaq95DDt-y3Ytj1b1XsxN36lZKAF5H7JYpd1tFcURPwO-R-oV9cELyc73b4RKQrBs-wsnFaMsNIH2eRXli2r7iEDqDYJqwGvGFcsYvMJQANcGnx3IF2kHbhs_G7A==&uniplatform=NZKPT&language=CHS,,2011,金雷,,人民军医,右肾上腺区异位种植脾1例
2065,CNKI,https://link.cnki.net/doi/10.16260/j.cnki.1009-2188.2011.03.020,,2011,袁建保,10.16260/j.cnki.1009-2188.2011.03.020,中国现代手术学杂志,保留脾脏的近端胃癌D2根治术脾门淋巴结清扫
2066,CNKI,https://kns.cnki.net/kcms2/article/abstract?v=DgjXjbKQq8dnHheeMqXvVh7tOpQeTrh8F9SScFIAECHRwmR2reG0n4dzzHcEuYqFnvyAB7ORuoxkpGNNQRBxZRClkF_oJsumEGBav_qSGf1Sm8SbLk5xnduwMhdC0NFexZp5rlpX8zI_9qnW0uyhR3bSpgZbONdFLKAYPsl5zYrIM5CFz7nrTg==&uniplatform=NZKPT&language=CHS,,2011,石建伟,,临床误诊误治,游走脾并蒂扭转、脾梗死一例诊治分析
2067,CNKI,https://kns.cnki.net/kcms2/article/abstract?v=DgjXjbKQq8dDdo6dl0Y7YcQv625OUsJrE7jzSOaxkAzapBM-iDifrdmFMtrHn5zvwMtNxcrTcdQ-nb6-TjB7kMzdKyMuQ0mShqAbQrKiroC4PKLG4SD1-OSlql-i1xXHeUI8oRjSVajXEAudeZ31vW7lFNec8Wy3eP--aV-YLDUa-6rEBMYlnw==&uniplatform=NZKPT&language=CHS,,2011,张勇,,中国实用外科杂志,盆腔游走脾并脾蒂不完全扭转1例报告
2068,CNKI,https://kns.cnki.net/kcms2/article/abstract?v=DgjXjbKQq8fkj6cSkLxj4736_ALQmGRP0ZM25BDwlUXbHuVfYAzQY1AoOyQBYoBlC6cNejQ85Ci-65AQvAHRW9k3YqoKNJbIPyL0DnEXHWKRqqDFXibkuGGgkSY6faue6iFsM-HzNScHo7ZaVVyK-t4mwVVPYLrwjILvecDVwJecDZkUdXNJ-g==&uniplatform=NZKPT&language=CHS,,2011,郑幼伟,,中华肝胆外科杂志,异位起源于肠系膜上动脉的脾动脉瘤四例报告
2069,CNKI,https://link.cnki.net/doi/10.13404/j.cnki.cjbhh.2011.04.022,,2011,王丹,10.13404/j.cnki.cjbhh.2011.04.022,中国优生与遗传杂志,Douglas窝副脾误诊为淋巴瘤一例
2070,CNKI,https://link.cnki.net/doi/10.13609/j.cnki.1000-0313.2011.04.026,,2011,黄从刚,10.13609/j.cnki.1000-0313.2011.04.026,放射学实践,CT诊断儿童游走脾伴脾蒂扭转一例
2071,CNKI,https://link.cnki.net/doi/10.19539/j.cnki.2095-2694.2011.02.038,,2011,赵玉英,10.19539/j.cnki.2095-2694.2011.02.038,华北煤炭医学院学报,B超诊断脾异位1例
2072,CNKI,https://link.cnki.net/doi/10.16096/j.cnki.nmgyxzz.2011.01.043,,2011,缪经瑞,10.16096/j.cnki.nmgyxzz.2011.01.043,内蒙古医学杂志,大网膜异位脾一例
2073,CNKI,https://kns.cnki.net/kcms2/article/abstract?v=DgjXjbKQq8dXlBxLeEA_gOGTcqUebe__yhoSR0ZrfwhOHOuy0SWnLW5FdKZuoMs9JsmaEAGUB9k_IGF7zd0g7BlfgKCkWNqABSW1HmM-hMSAsJmN9zhoml5o34KQgWjdCLBuxRNfbe7q4B_KkzsSM-nEakHTLot4GlFgY1IGBzmcYfeubBlvow==&uniplatform=NZKPT&language=CHS,,2011,李朋,,中国兽医杂志,犬单纯性脾扭转的超声诊断
2074,CNKI,https://kns.cnki.net/kcms2/article/abstract?v=DgjXjbKQq8c3H2Z_jpfHEEOdWV4mPiH1rLF-Cr8v6jnLoHI1yqFZHEFMuoqs1WVq95jTMJXA637VOsb1i40c5Ie00xRrPQI8N6PtPkM110wMABMY6ks2AmDwZ32Zzhimk9FDoChnckhrE4mqr_Kk8GwlDAFu998kJ9vS9jgNDev3fNWDSXDpRA==&uniplatform=NZKPT&language=CHS,,2011,张晶,,中国实用妇科与产科杂志,盆腔脾种植误诊为卵巢肿瘤1例及文献复习
2075,CNKI,https://kns.cnki.net/kcms2/article/abstract?v=DgjXjbKQq8fEz4x2lMfkPHK41f9AhszKR0pFsryvvLDdQMPAAd-FDyr1xyEinT4tkIJTv9Ll-OlgZDrVeeDTFITaVxthLWWS_fGezn2TmxvsWHFrdfw4R65Gj6r6h50l3aAx2s5piohjf9ZPpxzhigyN0vvw0HmclSySLe1kEpYg_ax15ZdGHQ==&uniplatform=NZKPT&language=CHS,,2010,李学杰,,中国中医药现代远程教育,游走脾的诊断和治疗
2076,CNKI,https://kns.cnki.net/kcms2/article/abstract?v=DgjXjbKQq8f3HaootbYQsvi1lcaHFf0CLvi6TgN5PVDTkJuhIL0H-DrHzG3ENDgVqUUmIat3jiwhDfm7LDL0i-S5LDpMOagNY3CiyFukMz8kMUJslavOAMr2juaJoT45RCLGbxdPSEb1Nt0MdCK796z5cSrQ8AXyq3woA0iAQavdZAB6J-z0oA==&uniplatform=NZKPT&language=CHS,,2010,吕艳,,中国误诊学杂志,左侧肾上腺区脾种植1例分析
2077,CNKI,https://kns.cnki.net/kcms2/article/abstract?v=DgjXjbKQq8fVckySnTbODO0EhEQ2_XqnSAGvZCl1UfTG_GOrKdr-cmTTQ2eCqVCg_xZLZnLbx0Cfte0BCro3LaWoMwg9eBnyP1LEn4U0mO6VajPqBT9AfllYs7jzk0oekOcBc88jc_sCyiw6aXntXv_X_iOOlFoHJaR2HoYsf1eQvUHYB_5oPg==&uniplatform=NZKPT&language=CHS,,2010,范学圣,,中华小儿外科杂志,游走脾脏一例
2078,CNKI,196,,,李龙,,,腔镜外科治疗先天性畸形新技术方法的应用研究
2079,CNKI,https://kns.cnki.net/kcms2/article/abstract?v=DgjXjbKQq8c2-OqXH50pcFwdGygl7ToHaESCE9aITx0vyn76_WYVECkZW8ryQF5Lii0t0EX-mSBxnCEbIH6OTpJ3wj7lq9sQVMSb64xWpsF0Oax0CcZd2qMhhe-7qXvUP1L-c6-fvcc6NGDbaAI9b1IhPelF6UgG2Wa_pwdTiJhwK7xCWqKCMw==&uniplatform=NZKPT&language=CHS,,2010,管美丽,,中国误诊学杂志,食管裂孔疝术后胃脾扭转1例
2080,CNKI,https://kns.cnki.net/kcms2/article/abstract?v=DgjXjbKQq8d-knPLawBdeNoAcJ1n_b_F9UV_4IgVJ0SITwPuIDK4SlDX6dLAhIItgRkCCDW8OaLazN6QbvrFvAHS4fgC_3fJqArOkLIMGbI9J2sIrGtyk1CXi41SX01c_pMjWv9nRA8ebBpmoSgtMu7zFAcBHOdKMCrH78gFOImFUi_8CptGEA==&uniplatform=NZKPT&language=CHS,,2010,曹海龙,,中华消化杂志,成人游走脾伴胃扭转及难治性贫血
2081,CNKI,https://kns.cnki.net/kcms2/article/abstract?v=DgjXjbKQq8el14KyI9Olrjr00nJtI-AxUVRbb3zN-4frIW6BBh3J0y_yJuy9yiJPNuUDYye8bqMCOznBV65WV2G4mXh2SFyfwXIzxGjsuJTO6-jaFMikcAnO4f5IoiZ1Yw-QSiCOXaen3xL9nrEf3rqzbGVK1wFSTApSE6bpaiFT4PgDs5SK6Q==&uniplatform=NZKPT&language=CHS,,2010,马克强,,中华普通外科杂志,乙状结肠扭转合并脾脏扭转坏死一例
2082,CNKI,https://link.cnki.net/doi/10.13418/j.issn.1001-165x.2010.02.035,,2010,刘鹏,10.13418/j.issn.1001-165x.2010.02.035,中国临床解剖学杂志,异位脾并血管变异的多层螺旋CT检查
2083,CNKI,https://kns.cnki.net/kcms2/article/abstract?v=DgjXjbKQq8fkY8AmMAL9SJEiA8U028Mw72ZpQv1JxCVYwWLEIRw887I3ganyG4NEzV_l88jvGXjtN1qFYz-cRqsrW98wMjkEu-HgUyoXs8g2Wm8B-gH1huv0ezvXQQfUNAe8t5YJJ5k94DEteseLv8zorxTUazG591gxY4U3SP3YAdmpsOce8Q==&uniplatform=NZKPT&language=CHS,,2010,姜传武,,中国中西医结合影像学杂志,游走脾的诊治进展
2084,CNKI,https://kns.cnki.net/kcms2/article/abstract?v=DgjXjbKQq8cuPj85K6XyTbd6CVrj8oPbNzVFJgyCATK2N1OZ6pvwXkdB9tziY5ATMUALSZYR0oQPW3hBTpa0EtS_ILKvModDBr4sAfsC7C7s2PieQHrYjcZ2z71robu7WucZSMYuMnfFycnhHuXy50WNth88KdoSytO3SaL1dMnMMwS75I5-WA==&uniplatform=NZKPT&language=CHS,,2010,胡小花,,中华小儿外科杂志,小儿游离脾扭转一例
2085,CNKI,https://link.cnki.net/doi/10.14163/j.cnki.11-5547/r.2009.36.111,,2009,廖桦,10.14163/j.cnki.11-5547/r.2009.36.111,中国实用医药,150例脾切除手术回顾性分析
2086,CNKI,https://kns.cnki.net/kcms2/article/abstract?v=DgjXjbKQq8e4SNHVtYTKVFo5IYVG4rBVB99sGTkhc3os-rGxfs_TixM3L5xHkSvO3OWtYq3daomeW7sn72MvcjxNmj4LeKie0UA4p4KavqYCDnOdO6m4lERivE52hzRz-ki9WPFyGCw8KXoUQI7LEYQvx80evj3SrUrFPtYKxKnei459Dm-mgQ==&uniplatform=NZKPT&language=CHS,,2009,邰鹏钧,,大连医科大学学报,肝内异位脾结节1例
2087,CNKI,https://kns.cnki.net/kcms2/article/abstract?v=DgjXjbKQq8fFuvUc-I4YqLR16OAb8cxfieddN7ablsLNVs9lRYgWQWeNOMIakwUvxvS3YbLW0L6AIgsCWSV_x78cscSw6tmwyVmVGBRb5vfK4HQYNX_Zm3zFKYaF-Oi9phmutHvUCQvK3rABakN1jX4z6LNy6h3NvOPaYOdgcW0KCD9bZlVSQ-Fotr97EufK&uniplatform=NZKPT&language=CHS,,2009,卫一宾,,实用放射学杂志,副脾扭转1例
2088,CNKI,https://link.cnki.net/doi/10.13929/j.1003-3289.2009.09.035,,2009,侯敏,10.13929/j.1003-3289.2009.09.035,中国医学影像技术,超声诊断脾脏异位妊娠1例
2089,CNKI,https://kns.cnki.net/kcms2/article/abstract?v=DgjXjbKQq8c7Fwvp85UhEQnQGpx-x3E-F1pATwpcLkW9zScwlxFInN5yGqxGTpV665TFWGwvOs3TxHBmh48ASfp6lTRXORXr2FVppVpoBE0SaoV3fmky1m2AJ3QB4qfww9IblOBbMgGO3-73LgFCEevYtVzkF-nMByYgH4bqdfXSXC7hSC_GCQ==&uniplatform=NZKPT&language=CHS,,2009,程瑾,,中国临床医学影像杂志,盆腔多发脾种植误诊1例
2090,CNKI,https://kns.cnki.net/kcms2/article/abstract?v=DgjXjbKQq8fnpkEewerebSlOQGrj763T8RmGnOSxT4iQmwxSlim_LjEgaZD94a2X8KDqXowQtzU_lX3waHphbJIpmMI1GxafKUi1MqL5zs88BrzcySQr2u09m1jPJqhblQ9nIPzW7zbpAiTCyK_Jb6JyOLhkRlxK67AmIgb27cKQiD0en6KQ4w==&uniplatform=NZKPT&language=CHS,,2009,郭援朝,,山西医药杂志,带蒂自体脾异位移植加门奇静脉断流术治疗门静脉高压症的研究
2091,CNKI,https://kns.cnki.net/kcms2/article/abstract?v=DgjXjbKQq8fUoVCEDz0G-8jUxN8rl8BdrTpG3xhYX2dd6iWty99nGu8jEJ1v1b0JAE5StxW_8xEUSTNDP52T-vlUqAQdyR0RDhP_Hfr_8CW0qY2IHVYkYftm9ypflAvYaVK-dHlPJFtICzcOIMD_7Eq9P1fnbnWDH28EjIIo7xDniWNQJXjaWw==&uniplatform=NZKPT&language=CHS,,2009,朱中权,,临床误诊误治,异位脾一例误诊为后纵隔肿瘤
2092,CNKI,https://kns.cnki.net/kcms2/article/abstract?v=DgjXjbKQq8fRhYs7c6HPqeYNYzVYVWeY0uWR_mk7ZUgJGNvCpb4jbrU5nqUrW63CIJxqCDeqL9YswcnAzEuiDrfHG-qKhhByBg3szgn7rMXjK9kyNVOMq25wbuu8NybkVCrYMY8c5G_-H_ahWvbQjWlHvlQr3uUVNARoVgrlhhqtzZ2wst154A==&uniplatform=NZKPT&language=CHS,,2009,姜传武,,中国中西医结合影像学杂志,脾扭转的CT诊断1例
2093,CNKI,https://link.cnki.net/doi/10.13437/j.cnki.jcr.2009.08.011,,2009,肖立志,10.13437/j.cnki.jcr.2009.08.011,临床放射学杂志,游走脾并脾扭转一例
2094,CNKI,https://link.cnki.net/doi/10.19485/j.cnki.issn1007-0931.2009.08.033,,2009,赵瑾,10.19485/j.cnki.issn1007-0931.2009.08.033,浙江预防医学,副脾误诊为卵巢肿瘤1例报告
2095,CNKI,https://kns.cnki.net/kcms2/article/abstract?v=DgjXjbKQq8dXiVkf1Z-RDGLQjk8LIHYfSHEBRC37JvRNffoUT1Vnz7ArjnYYshaNpkuYoPaHsRbaLaNmiJ87IupHNO2PaGTrNlxSZDo_al0lk4yEn-4_mNRhuAoBBfcolisYaFvr6JJSq3DXa1XbgdTX-bumrmnnnJCs9sZWNDwbw9HhHzmZSQ==&uniplatform=NZKPT&language=CHS,,2009,王秀荣,,全科护理,门奇静脉断流加自体脾异位移植手术的护理配合
2096,CNKI,https://kns.cnki.net/kcms2/article/abstract?v=DgjXjbKQq8d_cqUgnskTkbYITA5FTQZq8uL5nG_q50LnaLd3BTPpLdmK89LFd8lDuJeVURyaeChDE2_fX3-jCilf9NEWkuk0MIKrNJWk6yw4h6hR_1mnbTusq1Fi23JXfGrINhj-5S8PVGWLe7gbWfzs_RiS3PdUOkY-rTdqSb07a1MVKleoFJYv02RthRQg&uniplatform=NZKPT&language=CHS,,2009,孙莉,,,一例小儿游离脾扭转行脾切除围手术期的护理
2097,CNKI,https://link.cnki.net/doi/10.16096/j.cnki.nmgyxzz.2009.02.017,,2009,刘步育,10.16096/j.cnki.nmgyxzz.2009.02.017,内蒙古医学杂志,彩超诊断游走脾一例报告
2098,CNKI,https://kns.cnki.net/kcms2/article/abstract?v=DgjXjbKQq8cSNLXQx_pWD6toA6Kjf13fH-WHUmCZDskWHMS60dqjyvcdxjRNrEALQZhj0R0R1XVGHJ9ZVaYpa4HjRDJEWo2-a8BoyYW5fCEQ2Lx8xtqn4ZBIsgpfARYLUqAKMSjKQkGTflDu3bxujX8JX62nj6N0JuhxuLeh1UyoIVaGlCUjkw==&uniplatform=NZKPT&language=CHS,,2009,葛勇胜,,中国医师进修杂志,游走脾扭转
2099,CNKI,https://link.cnki.net/doi/10.13609/j.cnki.1000-0313.2008.11.011,,2008,胡杉,10.13609/j.cnki.1000-0313.2008.11.011,放射学实践,肠系膜异位脾种植一例
2100,CNKI,https://kns.cnki.net/kcms2/article/abstract?v=DgjXjbKQq8fU57PTQFIHcUebY_lpxNrdHu6pKnF2z48Uacs_iwTcj5jzW_GqfcFNY51yOTH-HOAEvEjDVQrbeZCzXUYyEj0LEl2LQhHugXkgiciioS6tAy9Y_Xn93MM4-8HqOTtCdbAo2GormGtaafIqJ8cG5JEJCMcG6KDvSQ5lqSsas_1Fjg==&uniplatform=NZKPT&language=CHS,,2008,胡煜,,罕少疾病杂志,肝脏异位翻转并胆囊结石、胆囊炎1例
2101,CNKI,https://kns.cnki.net/kcms2/article/abstract?v=DgjXjbKQq8cTqTg34dG653IPH4F7igW0HO5PnO9ztkQOpscqzAIJR5-aC0zx_Ag_abdZOqclJqBgpiLY14Ns3bb5mt4oIHrRfYucd_sKY0YLROBtgDOciLJvGiHpNA05lL51iKbzilKpaNkUpPqbvJACjOpMB-mxTexhHf6aNovoZ-8hIKxaRQ==&uniplatform=NZKPT&language=CHS,,2008,杨明海,,临床误诊误治,盆腔内游走脾误诊辨析
2102,CNKI,https://link.cnki.net/doi/10.16252/j.cnki.issn1004-0501-2008.08.040,,2008,邱江涛,10.16252/j.cnki.issn1004-0501-2008.08.040,四川医学,游走脾并蒂扭转1例
2103,CNKI,https://kns.cnki.net/kcms2/article/abstract?v=DgjXjbKQq8eWWWYzFNCrpYmBxiryY2OTuRUijAYf_ALER9u7hxBtpH5PpHC6UU5OsvRkh_E1f4k5vnvrr0q0DVL9MjI-XaJTkgjMMPR2O45eMseQZ7tbG0yk7pB0EFZpIrALAwXVXzmWYlfUNsWvx7llz7B2GXVvUeN-ANsKTW6o4-22lMJcbH84KbntaUtp&uniplatform=NZKPT&language=CHS,,2008,潘芝梅,,,CT诊断盆腔游走脾1例
2104,CNKI,222,,,侯利民,,,耐受性树突状细胞诱导移植脾免疫耐受的实验研究
2105,CNKI,https://kns.cnki.net/kcms2/article/abstract?v=DgjXjbKQq8d4KVJmwjk3AM7v01tsTDk25gLl3rugiKCiv_Dv0sKyeMNxuQ8OaDzcyVG6OufdyEGXSmCjfqXEdJzu_vS3kdXHPRPLrBoz0RNkUFcAXkRW1V0YoHGDZB4SOe_pQgfDMiovx_ALzKoe2jV6-InSJpn2qMWAyg3yn_kSTQrhuZywFg==&uniplatform=NZKPT&language=CHS,,2008,巩鹏,,医学与哲学(临床决策论坛版),腹腔肿块外科处理的临床决策
2106,CNKI,https://kns.cnki.net/kcms2/article/abstract?v=DgjXjbKQq8eOu9QvbfRBqjtGFJ4nACaW-ucxsi8MT9IeLoPS8ZnQCUqgZCRzHeEnATSNFjzzE6H5mz6YrRoqcVDfLz6RbLMVHDM8AiWUrxuCUUhOQe9SNMkXNExN04OqgzvOwZ_VVDl8OlBv_z410WFxGjENozWQmf_b7_C9xqybhBvMRot-0A==&uniplatform=NZKPT&language=CHS,,2008,徐力善,,中华实验外科杂志,大鼠脾移植诱导特异性免疫耐受效果
2107,CNKI,https://kns.cnki.net/kcms2/article/abstract?v=DgjXjbKQq8dV1pCIxpxZKZy_JUEo1iJCFJPFusUcquxHP0IgZT27QTu6WWXm-ijCHuT1KNFGSISO1lPz4VA89iR-hwDhy4gR05X8bkyPNNqrN9cLWYmxIStkILSorF_vPCvTGN-xPPoNcoj8svneCHasxwt_QFuwto4wtQ8LlPgj2C1FyEapdg==&uniplatform=NZKPT&language=CHS,,2008,侯利民,,中华肝胆外科杂志,一种简化的脾脏颈部异位移植模型的建立及观察
2102,CNKI,https://kns.cnki.net/kcms2/article/abstract?v=DgjXjbKQq8cCNKCcEuhw8ou-_q3VsXITBWxb8oFjm-Cmc6fl9nnaQ_7FU5oyoezuLlIHf4LasKoQIQLpRjpKJH9GpEJZF1QVc_gwyxWIcluRzh9LE54vACg1phL-PnpwC1xz6CNLsicbhyDfGtZC1I2ypTurY9ZRg0CW5dntDHSDWWHHTAmJLw==&uniplatform=NZKPT&language=CHS,T2 title+author+year,2008,邱江涛,,宁夏医学杂志,游走脾并蒂扭转1例
2108,CNKI,https://kns.cnki.net/kcms2/article/abstract?v=DgjXjbKQq8cy5Q7UVXzQteHHJlyRMy2kPaMDJamT4NjLTH4C2WdrRIvfjq-WYyOhyn7LW72vhtA43TaXkn9nZaUyvjLt3zuqPnU7qr7fh8XxQKwDktwQMKB4QdjTpnjEnWQS_wsgJhnjTY6xVt0exli3_7KZwxMwUSkjBW9Jna-pgiBTlWx4SQ==&uniplatform=NZKPT&language=CHS,,2008,陆朝阳,,中华肝胆外科杂志,供体凋亡/坏死细胞对大鼠脾移植急性排斥反应的作用研究
2109,CNKI,https://kns.cnki.net/kcms2/article/abstract?v=DgjXjbKQq8eaWukL0EkeQYf9bIsVXWmDAu2VIZ-1QVg-dLOEr7rHOvLqXvTE1pF5CvNuscENveFZkeS_F9_wbBqCEsw8gO-lIyjlbSV8xoOHdKMm2ax-h8GWNkK6iyJ4EkbkXpZvNyi79i7iVnV2A7141Zv4MBE3UAY5hBvkfLMd2Hi4gGZ29Q==&uniplatform=NZKPT&language=CHS,,2008,林桂凤,,中华超声影像学杂志,超声诊断游走脾1例
2110,CNKI,https://kns.cnki.net/kcms2/article/abstract?v=DgjXjbKQq8fjLYRDkSdaeklGK60lNJNYuSrMztWSP1Y3NRRA_ZEPgavbPwpsIS1vXXz-GSHs3y6_XdJzKLodbs9mCPVwllvZoPemRsKSvEhy6sjpUsJHQzDF_rmlbnSK8nQ8gAgUNB9O43v3VvRs25ZHgIGR4asi5ZbNVnUgBBa85WuNX7f2AQ==&uniplatform=NZKPT&language=CHS,,2007,张征,,中国误诊学杂志,异位脾误诊为盆腔肿物1例
2111,CNKI,https://kns.cnki.net/kcms2/article/abstract?v=DgjXjbKQq8d9yX9LiZ4krSj1uZvmv77Yz2W_xH5cWLzDJKqf4QQkGx0ZXpTe-2YpyAJ9yR9GayvhlM4cOAF8_tdm3UnWEY4g3JQ4Pu7f-Fc2Zlool-FugTYObPtOOwsxVA4YDn9M_l8Kj4UyEhKxLT6jnpWB-5qyLnR6z70BVrEJqyjNMsiRfA==&uniplatform=NZKPT&language=CHS,,2007,陆惠霞,,蛇志,1例游走脾并蒂扭转、脾梗塞术后并发症的观察及护理
2112,CNKI,https://kns.cnki.net/kcms2/article/abstract?v=DgjXjbKQq8e8PmHtOrpnEU97yl__vc_jLwVDIvhtwcrGsXbug_um4LN_OmB7qyqcCSwo9lhewR3VS25Rl840JgPlzh6ox3MCAwEfuKsTg-Sl5qWNW7TIzc3EGCfXrnfF7hNS1Ecd5v0yCPiVAatnUVUXhhJvzHhsBjBtp1XWlPCnKw8W5n2e5A==&uniplatform=NZKPT&language=CHS,,2007,宋晓霓,,人民军医,游走脾扭转误诊1例
2113,CNKI,https://kns.cnki.net/kcms2/article/abstract?v=DgjXjbKQq8c3s0_oG1OFmAt_KSjOd3_TSlYixnhPBeSYoUbN-rdOJLtK2iHqScocWwFSFxdMS-Byw5kSo0VkgzqGXkZIKbSvkFE8AnFhA0PnZtuz3A97PyZanXrUKftNZqccZAhAYHt43Y0BRuLeMKtN7YGs8hlhC82VPp2Tjjf9Y5wJoqcYYg==&uniplatform=NZKPT&language=CHS,,2007,黄勇,,腹部外科,游走脾合并蒂扭转一例报道
2114,CNKI,https://kns.cnki.net/kcms2/article/abstract?v=DgjXjbKQq8dKjIURZNBGI3Px4ASzUgz5gC39OyH4Q_bMPBmqMWhTiWcwDg-bbZQKSL7X2rhKTFYJ46Z1oPfioJeRhYTkc0xLcdFyPe7XWQ9C0E8B95Y-CbeXZxcoDRkR0-nQK4AMc-uXFCIbtcGJQAyt9tCk5jzhfkcgw-lAKmg0S3nMCID_LQ==&uniplatform=NZKPT&language=CHS,,2007,贺胜利,,新医学,脾脏异位妊娠破裂1例报告
2115,CNKI,https://kns.cnki.net/kcms2/article/abstract?v=DgjXjbKQq8fatnbTtEyldJyWnmUySPlbxp20Zd11arNzjx1ZSQvOh3yq6ZBjt4lEmTS9WeeXGLIK0Yxu4cujqe6YBIuGY0n5q_KVeKhLAzECMeRhmy_mDBfOoCc012EVEKurrGNtrDUvElPPjuQgBKgt_R69idQEEJXHsjYj6GGhriIk7viTMQ==&uniplatform=NZKPT&language=CHS,,2007,邱勇钢,,现代中西医结合杂志,肝内异位脾组织1例
2116,CNKI,https://kns.cnki.net/kcms2/article/abstract?v=DgjXjbKQq8eBEIUBNksYe-mh6rW3jeycoXh7OngfyuLOE44jbpNcP5LOsyYmV65crdlM3SObzafM2w4MTpPpl6eBXo6mjR9jocIoZcqSG-gZXtcjxTSJpWqn-EsmdlJ-S5kNuC2EXzhYsV7e69jpZGdaBWEjM0WimET8df6QMqqRDpwWh8P4Hg==&uniplatform=NZKPT&language=CHS,,2007,陆朝阳,,中华实验外科杂志,大鼠异位脾脏移植手术方法的改进
2117,CNKI,https://link.cnki.net/doi/10.13315/j.cnki.cjcep.2006.05.046,,2006,奉孝荣,10.13315/j.cnki.cjcep.2006.05.046,临床与实验病理学杂志,脾脏异位胰腺癌1例
2118,CNKI,https://kns.cnki.net/kcms2/article/abstract?v=DgjXjbKQq8cHJbNtFotmkAYd-hESivinXDn5Ga7_6Y5GxP1tDHTT813W-YKgB-fgOSJtoXhPkvlw19zg3RGqOGBWDkjkB3zllQbakuohdjwqHIdbTqFoCTjqckUxfzWIBmoqjICvQnGN_l_tJxmM3mqnmzpIjhsESwClXXreuUKQcSh-til4yA==&uniplatform=NZKPT&language=CHS,,2006,王建球,,中国临床医学,脾扭转1例
2119,CNKI,https://kns.cnki.net/kcms2/article/abstract?v=DgjXjbKQq8fRxpQ8jbgYRtIz9_gkWc2vMkrwUgRltyTelYnjaj-p9oVdg3IgN41balNfCsRn0SJLzkOqgCLPkEzQslEDzDVC5RFwDEQc3uv1XoL3DKh-qMIhJ6HJvETlLryxlWEyfxO3RedwLuu6HIlXg0b5Sk1oNjstYk7QA3FC_6xl_q6T3g==&uniplatform=NZKPT&language=CHS,,2006,梅安昌,,中国民康医学,脾脏损伤32例保脾治疗的临床分析
2120,CNKI,https://kns.cnki.net/kcms2/article/abstract?v=DgjXjbKQq8dyxydJ1dhhZlmK-2SZ2J9Jyez2qXac0U3gGeUoWMjAAaLZzVbT-NGNnj2jEnqMH4kKqj18e1OClnNYW-PUL51Orpsaj3EDPLJoUe5Qr9ld0_zSF0B5NyJ6pmAjSZ6TP0Oq54w1WqsIOVb9DnVxBrvz7GWLBbLcEwV0f3vs92Zfjg==&uniplatform=NZKPT&language=CHS,,2006,董军,,中国兽医杂志,犬脾扭转梗死病例
2121,CNKI,https://kns.cnki.net/kcms2/article/abstract?v=DgjXjbKQq8fs9RGehm4HWrESZpaBfviu8hWlOmExBqMkV8kPtHTVHuf9SIfNFx1ERyGQzR6NCETeSuH7Ld4uqXQ0j8kIhGP1WpW1jygldkWA4gsmg8kiQ85qwR6nMGgRF5AOMyZZazrOmKbxVSdkl2uXBYLlUh7QH815p-0pIIa9N-2Ik3zIaw==&uniplatform=NZKPT&language=CHS,,2006,朱瑞森,,中华普通外科杂志,使用99mTc-热变性红细胞脾显像诊断异位脾种植二例
2122,CNKI,https://link.cnki.net/doi/10.13481/j.1671-587x.2006.04.030,,2006,付京,10.13481/j.1671-587x.2006.04.030,吉林大学学报(医学版),游离脾扭转1例报告
2123,CNKI,https://kns.cnki.net/kcms2/article/abstract?v=DgjXjbKQq8d5vwHd1Nl6YiwEQ2JCIIyhlJFworT7j_r87nMPx6PPyMh0Rck9h699SjrZ3lkGhvtyHPruMQ9arCC434WysOursYsCjdIxQqX3JnyNnjMaiyhjWp9Ko-3qFAED0Ihaz7ghZQAH3iT30RYCgrfLhVvSmgP-lIdOZef7dfxI3c3nfw==&uniplatform=NZKPT&language=CHS,,2006,吴松松,,中华医学杂志,疑难病例析评第104例发作性面红-出汗-高血压-腹腔多发肿块
2124,CNKI,https://kns.cnki.net/kcms2/article/abstract?v=DgjXjbKQq8dtVvrxA1DyNb_UfkOKNLpdpdNdrJzZ-lYgO0NTv1NciwNSD8TA2ZIlvMgLvoOClOUjWyGwBzqptYDDq9qYjm12_CNNk6aPg1MAiTIzPfNTx7Bwa6Qjmzwhg8h-u8BKJkbQCH4I03U8uBBXSz3R8z93Htn7F0XKFuLl-Kn0CjC3tg==&uniplatform=NZKPT&language=CHS,,2006,刘迁,,实用医学杂志,脾脏异位妊娠破裂1例
2125,CNKI,https://kns.cnki.net/kcms2/article/abstract?v=DgjXjbKQq8dN7r2rtyXrdHxuvSHn5adlmw2TyGaU5pGSz4khGC33oE1C-N6DXBWNtD53uNlPWY8L4qA7b7-nIxuElMBZaMjFXQeIEMPBk3dxXZpWu2ASbHEFYlc8JsMqigAd1Pc2TJrQP_pLPZwFRIuaqThndylxBUjqd21az79161kXa8IXLQ==&uniplatform=NZKPT&language=CHS,,2006,韩宁,,总装备部医学学报,超声诊断原发于右髂总动脉异位脾脏1例
2126,CNKI,https://kns.cnki.net/kcms2/article/abstract?v=DgjXjbKQq8dT6fJ9mX2mKTcQrSrvhgg6r4rQM0gPPs4b7PCFUQGyAswPkpnv93ujMi-2DN_7ttbXfkjv08M7bsRr0obmTRrMrF5fhiH4OleLiOFckVSGZfZFIpDzR18K23HSo7fEhL8B1os0qiHYX_U6pcv6tJIuDzkXpGkXONsM98TMtR5Ynw==&uniplatform=NZKPT&language=CHS,,2006,杨琰,,中华超声影像学杂志,右下腹异位脾组织增生超声表现1例
2127,CNKI,https://kns.cnki.net/kcms2/article/abstract?v=DgjXjbKQq8fibC76zkTi9JQ1LDzgucx4Da7bqgm3Lp29LWL5AdaE3wdxfTbja0V5ymmMUHXV_5aRkyql4Towi8R98tIohozVJY36-BwRXGv4pRaUq936qd9rY72OopZlerRf4PhVMGuOidJlN0m1BDQR5Am7f_qVRSfAfi0qevvLV7Cg-qH4FQ==&uniplatform=NZKPT&language=CHS,,2006,McheikJ.N.,,世界核心医学期刊文摘(儿科学分册),儿童脾扭转
2128,CNKI,https://kns.cnki.net/kcms2/article/abstract?v=DgjXjbKQq8cNjRpster2lqOhj2-JPNkr0O2kjaZoX9Vi57LOIoO1Nhs2-OoA4IcPHIjE9LLQN3wU8NrPISjF_TbgTyyBtd_p7jA9xZ8gnf_bpGPR9FJmZBboMbP4W0wmFB3JxUQsAJQJ4s4nWh3TLs4-jb3a7yPXp9ojUh14SXFkz3AHXzzbPQ==&uniplatform=NZKPT&language=CHS,,2006,张凤莉,,人民军医,阴囊内副脾异位1例
2129,CNKI,https://kns.cnki.net/kcms2/article/abstract?v=DgjXjbKQq8fpEatOnTq13XZmRsX-1sUSN9yQ68ZOmFBnhIrOieCLURCeBbrVyICVP1X3Yt1mvxrYH9rasaG--SoIaelUF97hLClU-S7yMJs9C7z9sXR0cXDSSQwD4DU4OPTksEwrneulCvWia_UlzqQmjF_dOqWs_J7Mvc8vWRHPta69muloQw==&uniplatform=NZKPT&language=CHS,,2006,李光源,,中原医刊,脾扭转误诊1例
2130,CNKI,https://kns.cnki.net/kcms2/article/abstract?v=DgjXjbKQq8dE8cWdGvDaJ6r_aTpPTDTDpTUGIl4FrkgFITDKoLtROZmZJmLGaKLX9ttnBI1DqbeCC1WfeRmMw-Sy_eoefaRFJaf16qyzXWOLHc5OgXJ5IMZAWENHod26qqDJNDv4bqTbxIxxrBhxWoOGr6bxofutwPXhNQ0ZHn88yMLw69uocA==&uniplatform=NZKPT&language=CHS,,2005,唐诗彬,,岭南现代临床外科,可吸收网在保脾手术中的应用进展
2131,CNKI,https://kns.cnki.net/kcms2/article/abstract?v=DgjXjbKQq8ccV2c05j4BQ6n5vW_WHufLR_D5n0sCU6VG5VYIelPUQ-1Al9pF4y3Qru-RGxl3BUtAJ41q8S8KaWsaETP3710pHBSubt4N2_LOBJzgwGC97xH9pXE12S_JEnHsoy_f74qwx1qqYubhi5HBnpiEE1nXSmnv-fuCpkY9I_cAXJk4CA==&uniplatform=NZKPT&language=CHS,,2005,"范建高,吴坚炯",,现代医药卫生,重视脾脏疾病的病因学分类
2132,CNKI,https://kns.cnki.net/kcms2/article/abstract?v=DgjXjbKQq8d0Sqig1fA9Zoc6KMoKdTWlTFxo8CPBqxwRLaIBhHEtKssiYFJWHxglT7kEa6IZ8cLp9XQ7G23DJ_5SJsr3S7z38pqxU93MpipMabGTfPCihpFxQcIf_JMDPxXCGRul7j7A1yMwIArPWO64FwaSPJyifvpm63uTA0QmmNs64QBeUw==&uniplatform=NZKPT&language=CHS,,2005,"刘丽君,唐朝裔",,中国实用外科杂志,移植脾蒂扭转误诊附件肿瘤1例分析
2133,CNKI,https://kns.cnki.net/kcms2/article/abstract?v=DgjXjbKQq8euMJ_2wbB9WDLprkS_rNwqpJn_2WMH_86aTsHeFpF2bqYYxkZG3Q5FduZ1qG-e9OFdaqkAAEgqpgVl1KiZP_10jRANTp_GX9BkaYZpUD8HxVxSGwTNBOSGhCprMvpgCzPTDnuEPVHPihUFoTQtMvem-hCrB78Jz8ushXzqo6bSXg==&uniplatform=NZKPT&language=CHS,,2005,Martnez-FerroM.,,世界核心医学期刊文摘(儿科学分册),病例报道:腹腔镜下游离脾的袋状脾固定术
2134,CNKI,https://kns.cnki.net/kcms2/article/abstract?v=DgjXjbKQq8e562hwvHFDkFOE_v_06NeSAwdGnnAIVw6RBK0WaJpCbFjoSXHT1k9SoO55V-C0bcfP4iA8faFMLgURKlbp_r67BQQSMkoyn3QgaHHvBTb0zN4bfMKdAeEF_uu5iqqTnMxQi_l8r8Yj6H4Jf1UnrADouQBtJAK9oaHNmkhtGtcRaA==&uniplatform=NZKPT&language=CHS,,2005,"冯平勇,尚华,刘怀军,雷建明",,中华放射学杂志,游走脾并脾蒂扭转二例
2135,CNKI,https://kns.cnki.net/kcms2/article/abstract?v=DgjXjbKQq8d5lrQh5u0Hj76YIAQ8CGh4R1VPG25Eo1s6wXh2DnqBd3rm98M6YFUlPEnH1_AKWZUnkE2bFhjWSJOYvgp47zj1SxjYVJTO8min0oz0kAeFvMl4kT4Tpicsi2RXZPzX24Uokjulo2ihw1Zo4ts1DwwKB1-JkEuqucH-ld_U-Miy9Q==&uniplatform=NZKPT&language=CHS,,2005,"易祥华,赖京玉,张韵",,中华病理学杂志,纵隔多发性脾组织植入一例
2136,CNKI,https://kns.cnki.net/kcms2/article/abstract?v=DgjXjbKQq8dIBhBQvR4-SGLs0IHSscpaP_y9zmZUECfH-40xDJ5oFQ_75aZTiZGEDSWQZBciAXIXrJQZRAvtPrw2RaLQQ8FG7z7dUbHNd31ngW2wDtQglfC-0N2SWMZ62xTq3KNlkHTQKxVWGU44LeZccQBBtLqe__CTJ2tUviatStY5rwc5FA==&uniplatform=NZKPT&language=CHS,,2005,"韩宁,吕永智,史晓丽,胡泽华",,实用医学杂志,超声诊断原发于右髂总动脉异位脾脏1例
2137,CNKI,https://kns.cnki.net/kcms2/article/abstract?v=DgjXjbKQq8fAMwLJCGgFkbuttR4be7mNWve6p9KAyJBNLHo3NguX0r8qr36D_Jy2sKisS6U-Ru9kYne2kK6M0vVNN1z66kbbBR5o4MGKNiSFRacRgjshgj2Wn_N0ZLpC3AGnrKWz9K28V3JjlyjkfnRqqjFRWmYQIqyZWbMgyi8iXT7h-PEitw==&uniplatform=NZKPT&language=CHS,,2005,"明玉华,屈传贵,王莉",,中华妇产科杂志,原发性脾脏异位妊娠一例
2138,CNKI,https://kns.cnki.net/kcms2/article/abstract?v=DgjXjbKQq8fc3bt2qe3GAnxld1RPLkygn6vOvQSMA7dg0HiezQ1KtLmO4Os70d1EZAHa2uYSfGuYU9tzBE2HrWfT7oYyZZC5_CjW5qlNcCLJVB6sQoOc9B8bkgUwU5piDcoJdXNYTZykQo-jwo67OtQbeEHPusx6cR-Zj_XVUe3s5GAV8MS1Vg==&uniplatform=NZKPT&language=CHS,,2005,SchaarschmidtK.,,世界核心医学期刊文摘(儿科学分册),腹膜后腹腔镜脾固定术治疗小儿游走脾
2139,CNKI,https://kns.cnki.net/kcms2/article/abstract?v=DgjXjbKQq8cNJGMNIz74gbOuPzVAwG01kALTCXe_Ooj0CKsTsZd-CyzOynN0ex2paA3aK35UOQYuZO4QRbrFTY4w4EakUVk3GqvHuaf-dJtp_c7BTj0F3moB8iGz2cPXvAX5SxGkV5TpOekFtFYskfr_pnTJsre-qwen4qlsQ7bJa-hXxts-2g==&uniplatform=NZKPT&language=CHS,,2005,"孙根胜,仵中平",,陕西医学杂志,肠梗阻3例病因分析
2140,CNKI,259,,,罗世成,,,大鼠异位小肠移植排斥反应及其免疫耐受的实验研究
2141,CNKI,https://kns.cnki.net/kcms2/article/abstract?v=DgjXjbKQq8eZflox_PBm-47jZnEKlY_lQRohn6i-nP0koYgps2w7l8U9Ls2gxp9yNE_DkQZ9L1Oar5jqy39bWk8G4kkTxQF0oBf8be0eTGi55BkBUW7vxww2WT1pRFEzwEzPEAjDZEAC1kX_h5NwATs7J4pfViZ9pjABtlDMIbAmy-IiZsA6Zg==&uniplatform=NZKPT&language=CHS,,2004,"杨健,杨秀明",,重庆医学,先天性左肾与脾脏异位伴DU1例
2142,CNKI,https://kns.cnki.net/kcms2/article/abstract?v=DgjXjbKQq8fpLc3Dc0WvGGnaq8HossUaC2fu41sQZX1Du5PP_4ZA3naw-2foLfheDJtSwJ2sTVjb07zxXlks0koYj_4ZANgOt2BmGvCFaaK_2diTvCHMm5vvyO9cn6ZrYlUAoBgc3mqxUfnuGAM_RoKzEZNCFd6ttoLXST1Pt0p6_EQW-K-hFg==&uniplatform=NZKPT&language=CHS,,2004,"黄霞,刘杰,刘惠霞",,中国中药杂志,熟地黄多糖对血虚模型小鼠的影响
2143,CNKI,https://link.cnki.net/doi/10.16245/j.cnki.issn1008-6978.2004.04.038,,2004,"高峰,李瑞珍",10.16245/j.cnki.issn1008-6978.2004.04.038,临床超声医学杂志,游离脾扭转1例
2144,CNKI,https://kns.cnki.net/kcms2/article/abstract?v=DgjXjbKQq8cJuQyp--p4eCaGxw9IYPAZK_HwT1ClREEJ0gaTJ_H2yYQG24-W4wXz6JjYTpCcCfHhTw3L9pu7U45XFWT2ob8_vi57JhttbxDzgL5-T4SH7PsAYXYLXmcQ8qBKXGYrcQfeYDMZVzgBVrCGp4ylSKEVMqLeV5QRnaRbz5htRDmZlQ==&uniplatform=NZKPT&language=CHS,,2004,"于增文,李索林,李涛",,中华小儿外科杂志,腹腔镜下胃固定术治疗小儿胃扭转并游走脾一例
2145,CNKI,https://kns.cnki.net/kcms2/article/abstract?v=DgjXjbKQq8eHQK04d14uFdiyqLjA5iLgb4LbvLvZw58dbqxLhgpCZkEiCtRW3r0tRwCs0dNkDBt4PQp2oGAAATbjq9TM6KcoK7LAQSrmxIAe3OrclRqo-_IKywRlMfCAiVWpZCQC_cN3VJlr-Y7jTfbCetxq6DT6olq5qNxzFe5-dcDWX7wbwk55Xg1j7tR-&uniplatform=NZKPT&language=CHS,,2004,耿云光,,,"胸11、12结核并双侧椎旁脓肿,心、肝、脾异位,髂骨畸形一例报告"
2146,CNKI,https://link.cnki.net/doi/10.13705/j.issn.1671-6825.2004.03.040,,2004,"夏自强,赵峰子,王家祥",10.13705/j.issn.1671-6825.2004.03.040,郑州大学学报(医学版),肝脾固定治疗犬肝前性门脉高压效果观察
2147,CNKI,https://kns.cnki.net/kcms2/article/abstract?v=DgjXjbKQq8d4okAEYjeqoxpHSkaAXeuzXFxnFRGi4OVjp9HBXl61wSfVbHLcR1c3VZhdo8eXitaG4qMF_kODtW8QsCJBVOYy8fIVuR3tBPfbMnOLDkd7Gd8AYsYToXyJeRbqI3bDbH6NLmdF9xkqd3k4ErH6sD1T0s98Zed8pyl8NK9kNU561w==&uniplatform=NZKPT&language=CHS,,2004,"王毓利,乔海泉,姜洪池,代文杰,潘尚哈",,中华器官移植杂志,套管法大鼠异位脾移植模型的制作
2148,CNKI,https://kns.cnki.net/kcms2/article/abstract?v=DgjXjbKQq8eMkINF7AzoLXSyqjRQQR8YX-yyQzldgT0nYVBrXJH2r-RwxKVLxz3mBB2XDUtnWNbJVc0MIJjhEOSPwHJukKYZLuRavhu0Icu7WShsY0grPX5jHiwLG505FtJYhfoA4D2jKFN1BDvy0HEePKmEFoTH6lR6PuUPanlvrpoL4fk9z7uOTl3CwrU_&uniplatform=NZKPT&language=CHS,,2004,申海涛,,,中药黄芪提取物（ASA）对H22荷瘤小鼠影响的综合研究
2149,CNKI,https://kns.cnki.net/kcms2/article/abstract?v=DgjXjbKQq8eMkINF7AzoLXSyqjRQQR8Y2F1lHcx5nDEZhjk5Dm0mNTE43NHkShzNeWHT89v5I67LNPkU98A2cnP6wBPvM0q6beyeeL4DXN8kp89GPb4G4P8NOcTILvlRjTJlKoCHc1Hxp1092Zqymi7XiWubf5I_DRopZd6vKWuf74sxnpqW5g==&uniplatform=NZKPT&language=CHS,,2004,"欧晓平,谭旭芬,李公伦",,西南国防医药,脾脏异位妊娠破裂出血1例报告
2150,CNKI,https://kns.cnki.net/kcms2/article/abstract?v=DgjXjbKQq8fTZz3gCQzQiZN0CE4g6wBeDEZmKuJrZxK1-JzXWhopWA1bXUg5vIY7wH7rBoIamJxHFLuDNuRnDsyyqfq4qvDLS2JCeQTQnTdyhpI0EDhdSOGXlIPWlAKtM3AmDnW-siEExJYFuJdcRwbB9eK9TK3u05EQMd7KOKN0SFLQAFWsQA==&uniplatform=NZKPT&language=CHS,,2004,丁昌庆,,安徽医学,游走脾1例
2151,CNKI,https://kns.cnki.net/kcms2/article/abstract?v=DgjXjbKQq8eYHMk8dm46fhWkNpXSRw_5KyhoMN4NZH7W-fcGg3ffFi8tOfXNyUrL-ZERq_rVUgkIjhk2YtHdpLwra_nWmWEftkAyGM17wcuAVXylfPcbPbB_qSODJc5-9G2b092LCNYnbrcn8yDhPyg65055Pb5Ia9Gqx6rgBCXm7K1VayMYog==&uniplatform=NZKPT&language=CHS,,2004,"万东,李佳和,付裕,李灵芝,张秀凤,魏成宽",,吉林医学,胸腔脾种植1例报告
2152,CNKI,https://kns.cnki.net/kcms2/article/abstract?v=DgjXjbKQq8eYHMk8dm46fhWkNpXSRw_5KyhoMN4NZH7VqqXfSPwa8A8L4Dox_aeeZ0aFDzCEcRwDCwscIiMziD1xHo28VexI-aF5NFejtUCfUNkBs02hQDEukA10NfDuZdjkttCvuLSxhVFd8VeNCjgvaNpLQWhvl_pyZwEbKfaP4sh8m35MrQ==&uniplatform=NZKPT&language=CHS,,2003,张秀娟,,实用医技杂志,超声诊断异位脾、脾蒂扭转1例
2153,CNKI,https://kns.cnki.net/kcms2/article/abstract?v=DgjXjbKQq8e9uyl5Mx-U-uD-UdMBNbSnhNXWCS9aOxcN7XiaJhZBvWT2b4wPMlYQ4vL81C48nqVQWY9sRg2c5nsjQ0TY45grYj8YB4ataGk-1A9JNVjvUTcoJ1l3HSOPZkQrL6rAZ0-89_402hBgPSejOQqCcDGDqfOswi70-5js7kpZc9I2BQ==&uniplatform=NZKPT&language=CHS,,2003,"张铁民,姜洪池,乔海泉",,中国普外基础与临床杂志,脾移植术后并发症的诊断与治疗(附5例报告)
2154,CNKI,https://link.cnki.net/doi/10.16096/j.cnki.nmgyxzz.2003.05.013,,2003,"党永康,隋晓杰,陈金明,徐景巍",10.16096/j.cnki.nmgyxzz.2003.05.013,内蒙古医学杂志,脾保留手术治疗外伤性脾破裂15例临床分析
2155,CNKI,https://kns.cnki.net/kcms2/article/abstract?v=DgjXjbKQq8c6Zlyzv759Amhsb4QP2Q1lZlLz_UTov3CNpKv-z2P6-aZ9oiSNKzhWzirM0d5xcxJaVmx_UGFjF-jW4Y8xxuoL6A8V23OLw96xm_uQ6T5sCuczb4l_n6j6mOOKKsL6fGLHRUSBcLq8UHrvMVJxp3CQSBzNvPl9_EEzbuw2WaNrtQ==&uniplatform=NZKPT&language=CHS,,2003,"侯利民,姜洪池,王艳,代文杰,潘尚哈,朴大勋,乔海泉",,中华肝胆外科杂志,同种大鼠颈部脾脏异位移植模型的建立
2156,CNKI,https://kns.cnki.net/kcms2/article/abstract?v=DgjXjbKQq8enyM68MmVHgtmG5UbNtg4DgONeusc8xWEFSYqvcUXUAwAKKdHPBuFDfxNKO1SbVeb_02Hnrcg4EjULLm_vCaeJ0xyJhHHKMKH3v956kssfDDiRH8wzDTjRkzltViYTGgdaObBBcnDICX3nDye4GzZjmFsBpqFMJ_HyJjv5fo66Yg==&uniplatform=NZKPT&language=CHS,,2003,张敬杰,,中国实用外科杂志,异位脾种植
2157,CNKI,https://kns.cnki.net/kcms2/article/abstract?v=DgjXjbKQq8enIMvZNmmUsWoEvZTJZvKvX7-ce4WlfpgUpJLuoirG-bnuVk4nuESpxP3i2g5qMp_Ni8CHqd1f_VNfcZSinFS1EI9CnCLOxhMmL5b7EWG_-lgu34XPRQK-mZMoetDbfGjyWu1wuMPlnoL8Tss3NLb9UIaCIbc4gWoUOHVtWi-z0w==&uniplatform=NZKPT&language=CHS,,2003,胡家盛,,蜜蜂杂志,中蜂过箱时用线拴脾固定
2158,CNKI,https://link.cnki.net/doi/10.13345/j.cjb.2003.04.011,,2003,"张玲,孙昭,沈爱玲,马丽,姜学英,马冠杰,杨晓,赵春华",10.13345/j.cjb.2003.04.011,生物工程学报,Smad3基因剔除对小鼠造血功能的影响
2159,CNKI,https://kns.cnki.net/kcms2/article/abstract?v=DgjXjbKQq8d1Vouh5cxAaNkzReRgKGlTD1EvK0gtnn8TU4zAtY6988dWIE6eu4gixC6QBYsw7jDPZdoZTVC0jzude1RitXbkuS8G0d6IecStb2oCaEj_bwfpa8s5I656SXBekteXck1JBWmWlp3cwl8lBdJFvghcIbWSJDw89yOICEFbcD7cBA==&uniplatform=NZKPT&language=CHS,,2003,胡江华,,航空航天医药,异位脾误诊为卵巢肿瘤1例
2160,CNKI,https://kns.cnki.net/kcms2/article/abstract?v=DgjXjbKQq8cCVohZ_f45gUmP0294VA2E2GQnaxc8XgAkQFaKHG9vFZPMsI6_etalltiZLSoXqF2QnBop4USeRcLyC5uKb03zPgCHOxUSyrtaRk6rLWB5LXS8pm4UpajrvObeAhkCAaQ4HTcOa2Dd98FPAAtQHNSwPQDiDFY9DUlvUaKX17Q7rA==&uniplatform=NZKPT&language=CHS,,2003,"高景忠,匡文兰,李亚凤,王坤,全明珠",,临床外科杂志,游走脾并脾蒂扭转误诊粘连性梗阻一例
2161,CNKI,https://kns.cnki.net/kcms2/article/abstract?v=DgjXjbKQq8fkeECCw6bR2bR--KRCtXVPQb9rOMAVIZ3D6n9ToXuyWUi3-Z44zlbjp_JHe3zjvXCCfZjISydo6oB88cz3J2wHFR7Bd3uFiig6xwKQOvm-FurRBzYP7Ct8re67ioCBZDmqVd2gwsfyE2QIwjTfax7VXNa-fvea_TNIC6d8yD59Sw==&uniplatform=NZKPT&language=CHS,,2003,"解萍,邓晓玲,董伟",,诊断病理学杂志,左侧精索内异位脾组织1例
2162,CNKI,https://kns.cnki.net/kcms2/article/abstract?v=DgjXjbKQq8dotUrWGWSYle6YWyH4ZY8vv_kOSgfJzZ5XjLkSGzxhU9h2Yi7-U2gfXzRkb8a-bKHNgd6EPQTU3gWThJmuSwgz_Ja9zDhqwiwe2vERVAXXsFamPZgivaK6JX2CGf3m9k5YpOPKphXFx7hkQnqsfUdN6TlvBtG2wSoYsBTJaTvjow==&uniplatform=NZKPT&language=CHS,,2003,"卢晓新,刘立群,钱淑平,苏晓力,张军",,中华超声影像学杂志,异位脾扭转合并副脾误诊1例
2163,CNKI,https://kns.cnki.net/kcms2/article/abstract?v=DgjXjbKQq8dQ0nb13uyVOaunnmMeNh0Ls0qvXmobFUCQ439JfhZlN6c733bE-QNGJb3eB3ZoxaHwKNv9e9BJfI1Mztj5BywAUxKzULzhPmdksHFszuM0Sjcvualu4IAGHINvjy0BkVDSYWAKSqX72n3kjZB9r6mY7qL5EtHm9yG01W1UkHvBeg==&uniplatform=NZKPT&language=CHS,,2003,"杨友华,麦海",,中国乡村医药,游走脾并发扭转坏死1例
2164,CNKI,https://kns.cnki.net/kcms2/article/abstract?v=DgjXjbKQq8ei2RsY5w9bq7PhluUM5jDcunmZLfA6a3vqo2PAsmenEMILryv64EcCIxIjZtQ6FGc8nRaQk6eTaA8qwi0vbVfc1L_rGgmDj2LFKQqAIuUGVsI7Lya03LTBw6eKZcCcfSamvsMHe0hp2YzDVB_11S3XBd3ljkj-OKTOH5DrBVTPjg==&uniplatform=NZKPT&language=CHS,,2003,"刘昶,姜洪池,关英辉,乔海泉,代文杰,潘尚哈",,中华肝胆外科杂志,同种大鼠带血管异位脾移植模型的建立
2165,CNKI,https://kns.cnki.net/kcms2/article/abstract?v=DgjXjbKQq8fHGyBRupuT7SQ-dkZbC44CDe6SCDk2oImorPccR7ZxJKAGU7xUElaTC3t-1VpPNJW9PUEleUhZOz_IMM_AWph62SjFh43i-SSDZoHo3hZUgXdfShKkTpSRDi8olUJbMzJGtaehLLEvuWRlySgSlEID6RFmWHRvZcTOq2SHNwmZ7A==&uniplatform=NZKPT&language=CHS,,2002,杨慧琳,,中原医刊,游离脾扭转误诊为卵巢肿瘤1例
2166,CNKI,https://kns.cnki.net/kcms2/article/abstract?v=DgjXjbKQq8c_-CyKqCDD9vSc6BuqzYZdltogEy4KsKpEt25-WWUzqKHaxvUeu0ADS-O1pehf1Av4AHdtOiO9NUuZrsw4AsaqBFeUt0vnlquFAJfYy4WINr_ImJpr4QvsHIHme2PL4o2eUTch26JJrhuZxC83PtQyvaV3BJLfRLgcmMcY-VD41A==&uniplatform=NZKPT&language=CHS,,2002,杨玉栋,,罕少疾病杂志,腹腔多发性脾植入1例
2167,CNKI,https://kns.cnki.net/kcms2/article/abstract?v=DgjXjbKQq8eeH2oQ-fbT6De033GA3QUxWfzbyy-BTHdXYkIPTbAvs74nyr7pMqqd0O952_lVgYp_DxRlAW-1cm_3niEFmxsSCuWwgtnW1Z0JiUEoD63kbdtFlJMxs8t6E5LgYJ64QKefvSncGmDmVNH3iiMaLtOEW_7cgOlWX9bcCOpVVGBSVg==&uniplatform=NZKPT&language=CHS,,2002,张守红,,中国超声医学杂志,超声诊断游走脾1例
2168,CNKI,https://kns.cnki.net/kcms2/article/abstract?v=DgjXjbKQq8fSM1MRvpi_odAcIq3xPCBEUxOLPc041Xh-1iL1Vxq73SqBWEbVrL3ljo-e5rz8zivxMe1GiDt0Sfg-jiOtgG3vnkxubrYTc4jU6h76U1Z56BXjwAqSV-kTWL90GrVP4kx4kIZdlB2-Hzsx930H_qCCF6ja8APpKD9gqvmYMEuNBQ==&uniplatform=NZKPT&language=CHS,,2002,"宋迪,于爱红,朴常福,杨永平",,中华放射学杂志,盆腔异位脾一例
2169,CNKI,https://kns.cnki.net/kcms2/article/abstract?v=DgjXjbKQq8cv7NXZ7aMUQYIQ3DSE4JzWzMbZiolEHJiNv-wXDmP6u4AvNir3KxwJ7a4umg--VQWaqvX5Gkwc8lGSw_Fc0F__OnOoOidS8HSRhV29Nb5DKVWzSD7_jTje23lJyExfaGt3Kp1i5Vlqd4cmrRAjCr6qswv-6NAl8pd3D6l1U44XYw==&uniplatform=NZKPT&language=CHS,,2002,"王毓利,郝迪斯,张静,乔海泉,许军,姜洪池",,哈尔滨医科大学学报,套管法大鼠异位脾移植模型的建立
2170,CNKI,https://link.cnki.net/doi/10.15921/j.cnki.cyxb.2002.01.055,,2002,赵永红,10.15921/j.cnki.cyxb.2002.01.055,承德医学院学报,脾扭转误诊2例
2160,CNKI,https://kns.cnki.net/kcms2/article/abstract?v=DgjXjbKQq8dSECS1_-VNyeRDYn0_xohg8sR4Oc2DHaP2ewYB8E5RIrwYUrbT8rkXvfd9OAOOiEZoiLMgrzpWE11ppzCR7A-qgETvdiZDt6UaO-n6sEttiexEk_qptfsqJiYWP9Df1e_aiqt-KhwKPu5hf7ZXvvuuSKc_XUk7OdvS-s269b-dfg==&uniplatform=NZKPT&language=CHS,T3 similar title+author+year,2002,"高景忠,匡文兰,李亚凤,王坤,全明珠",,外科理论与实践,游走脾并脾蒂扭转误诊粘连性肠梗阻一例报告
2171,CNKI,https://kns.cnki.net/kcms2/article/abstract?v=DgjXjbKQq8cUYjo8-53ImyWbxfsDMH9NcNNvrXR3UI67lahBDOcTjHPJxhdVWV9TttYkeavmqpdzgz_iYmU2xqW9LuDcX85Utw0Od6er-Ldclf641PSTqbEUKEWkFJygt8YLAwUR7Prlx7mMuqT1ulDLzjhTJNQtdXImUOPw3DQXXdxxETje9Q==&uniplatform=NZKPT&language=CHS,,2002,"牛红梅,申洁,王少波",,中国超声诊断杂志,超声诊断脾脏异位1例
2172,CNKI,https://link.cnki.net/doi/10.13437/j.cnki.jcr.2001.12.001,,2001,"吴天,于长鹿,李长松",10.13437/j.cnki.jcr.2001.12.001,临床放射学杂志,读片窗
2173,CNKI,https://kns.cnki.net/kcms2/article/abstract?v=DgjXjbKQq8dedSONU3LwCkLqwrKwScVK6kgMGNA1Nl-FcsPjyp2k0GauLDTyWUmXLG0oriyDHO4DSomAgaPJIHHjd416vN7bsCn9KVfbO-exIgPrIBNbe5TxfDkLO_A-9HYBzVm7LiU-E-9B8THDU_0R_7Uvljqr5uZbWoESEfgiWbsOEwdtNA==&uniplatform=NZKPT&language=CHS,,2001,"陶杰,刘金模,马琳英",,西南国防医药,超声对2例游走脾的诊断分析
2174,CNKI,https://kns.cnki.net/kcms2/article/abstract?v=DgjXjbKQq8csGHFcQ7XrtEW4WN_MJbr9ATjq3Q21ivAMJbA8JYDsVVraUnr3yblNQJnQP5cc-_7PMqL9CDyRwF_o8T6xHFBOO1pzZiqmmwaF1B99DaqpUWQrauoo6Os6E-_wy7Z99om1uIiqOMN70kmwVRwlIL82Ef8YbKucega6cYZjG_dokKQVnf2SVtch&uniplatform=NZKPT&language=CHS,,2001,张敬杰,,,异位脾种植(附1例胃内脾种植并文献复习)
2175,CNKI,https://kns.cnki.net/kcms2/article/abstract?v=DgjXjbKQq8csGHFcQ7XrtEW4WN_MJbr93-N7E2Tgd4DUqK7Hw-Oa75fwJnFQdiKSehViWMzMmIGDz0o1d9WMFrZsQZRJsjFjux2q13axaahGf4D26gLMDdsnioxdZRMREcBA9rir44HLScuJIxGtxgxQJQQ8HBIZag1XEKBBIidUZSLkhK2k8A==&uniplatform=NZKPT&language=CHS,,2001,"孙刚毅,王小军",,潍坊医学院学报,游走脾误诊为卵巢性腺瘤1例
2176,CNKI,https://kns.cnki.net/kcms2/article/abstract?v=DgjXjbKQq8cE_BJgx-5tEG9Igw2tphDhRnMuRj2p0VN6DZwV7Gho0HlUtTbCsxSZO5KRNtbxm4XLeON8F_a9QLi5TU55zoNY9AIjZlTtMGYItuxEfH9lw3w8XW_XvUGZw4zwfNez40X61iOhP5BjacdzyfchonYfieOpsofTuT1dihFGOk55Og==&uniplatform=NZKPT&language=CHS,,2001,"张敬杰,陈克能,邓福生,徐光炜",,中华胃肠外科杂志,胃内异位脾种植一例
2177,CNKI,https://kns.cnki.net/kcms2/article/abstract?v=DgjXjbKQq8dLOo97PlXuXc85pN4oNAYFVPem728iamJxnYRjNQ0V40SAmu94mB71sCHGkJp83j26QuP6R49fNQerg4YjD_Z7vZ7b2Fo1doSBMvDxNOP4yDRCiSdcPxjeEQ4m0Y6xORzhGOg27li5DmQYJFRydlul6oPG72qCba5oOqHys9T5Qw==&uniplatform=NZKPT&language=CHS,,2001,庞术科,,中国超声诊断杂志,B超诊断游走脾蒂扭转脾梗塞1例
2178,CNKI,https://kns.cnki.net/kcms2/article/abstract?v=DgjXjbKQq8d_te6k-_NHbY67DcIxSPZZAJm988xIJHI3DuDzhFEmuqvZPWCfjBQyUa7J0EOihQKKXmj3vjIu0aeBLS_MURxApmi5YwWNM8XD_FcUHK6DpGlaDX6TfqWqCFOkGf_5tZMJ2Rlcx58anmhwx6NdJKXopo5PG_vF8GTq-mOaUQ6VMA==&uniplatform=NZKPT&language=CHS,,2001,"张传楷,殷鸿,田昌英,赵晓虹",,四川肿瘤防治,游走脾误诊卵巢肿瘤1例报告
2179,CNKI,https://kns.cnki.net/kcms2/article/abstract?v=DgjXjbKQq8ezwd49GfN0OmpE1oVRNMvmOu4oVPP2GgHIBcGOOV3aF5J9mp2QKOzTNG-BCMbnNb7xZImA-k03H8nKoSKihXqBjCk4Xrzp27oGVjLc037__37qfmYYcKHQARm_yCtqOJsCCJPtRQaDrYobfGOGfcmn6-HJN4UiX-K7YDWcERlayA==&uniplatform=NZKPT&language=CHS,,2001,"胡秀敏,于静,李颖",,中国综合临床,异位脾误诊为卵巢肿物1例
2180,CNKI,https://kns.cnki.net/kcms2/article/abstract?v=DgjXjbKQq8fU5cGl2x6fukF3mnZzYflNKiIDXXPmvMlRi3oUcvrlWpADN0-CRUVpCz2ynwIBhBU_YDqwlKzTFtdXDTQvTYhMtvaDDQv0FK0o4h2s1sz04lUTI5eSH8wq038e10c5VJKh1BtpuMPhFhyFp7B7UuyDPPf-lSo-3L8qLHuWIN7IvA==&uniplatform=NZKPT&language=CHS,,2001,"李霞,张玉枝",,山西临床医药,小儿游走脾致脾梗死1例
2181,CNKI,https://kns.cnki.net/kcms2/article/abstract?v=DgjXjbKQq8dHoDUmLtau0IL2NKm7ZQ-PwU9wOIpZbpts2a-09kt72lDWGyFkKJ7hP_xWEYbmc6WIngy7ZykrOkPOEnw8cgChEacpEtCX-eRBougw0d8T8g6HWe7fcKU7d4TWM7k0d8kLvurjMYAHGAQjDIWoRqa-Co0SdAe3kRooa2WSB0FL8g==&uniplatform=NZKPT&language=CHS,,2001,"陶杰,刘金模,马琳英",,成都军区医院学报,超声检查对游走脾的诊断分析
2182,CNKI,https://link.cnki.net/doi/10.16021/j.cnki.1007-8622.2001.01.027,,2001,"王刚,张冲",10.16021/j.cnki.1007-8622.2001.01.027,西北国防医学杂志,游走脾并脾蒂扭转1例
2183,CNKI,https://link.cnki.net/doi/10.16245/j.cnki.issn1008-6978.2001.01.044,,2001,"唐歌,许辉",10.16245/j.cnki.issn1008-6978.2001.01.044,临床超声医学杂志,B超诊断游走脾一例
2184,CNKI,https://link.cnki.net/doi/10.13586/j.cnki.yjyx1984.2001.01.018,,2001,"那民,郑康妮,宋晓明",10.13586/j.cnki.yjyx1984.2001.01.018,中国冶金工业医学杂志,游走脾合并原发性腹膜炎1例
2185,CNKI,https://kns.cnki.net/kcms2/article/abstract?v=DgjXjbKQq8dovOUFp4D5M0jZtonp1WuuuaOwGPQ1K_evQ7pZrTydcBQxVkXMMPKpBZsIdYhaDd-PU7X7lRcOWO_K6XN_ZKQomXvpHjnm8AmjSm9T8ad4lDYz4oHJBHBMVkshXUfajqoru1CCiHfdTF1J_3Ziq1aksNaYS-3FWYTc7zcHZJ6-TQ==&uniplatform=NZKPT&language=CHS,,2001,"郑力,黄福光",,中华超声影像学杂志,超声诊断小儿游走脾伴脾蒂扭转2例
2186,CNKI,https://kns.cnki.net/kcms2/article/abstract?v=DgjXjbKQq8f662xkrPfndmqu874RzxkF9ugbHFJs9xqREVb2ABfR8s4qBdL7_X89yyhUrfewgJS2gXtDrJF1JKRMs0OLNhmtGYiVmMhxWqSxWC_J7rdPKLrg36OiUTsBUvxvgYFQCh2SJhhWTWCkgGfAqXafpJ4MPMFF5yEJazvaC3b4psZvxg==&uniplatform=NZKPT&language=CHS,,2000,"余益民,戴攀,赵红卫",,腹部外科,游走脾并脾海绵状血管瘤一例报告
2187,CNKI,https://kns.cnki.net/kcms2/article/abstract?v=DgjXjbKQq8dBvhX4eo4fXOQkJXe0Zr3u6s4tKqK64mfvfjTVUrYClXNUDFzpXzkS8dKkXNbrdFM4mmewaGblC8yI6yUUgWyKsVAVgePOBQlmwcwP4rbZpKXfKwQ3NpXvAMi3IKeB10tiLtoCquUmZRBF-nD5vZ04vwJTIWEqcmjDJ0PUSoYdbg==&uniplatform=NZKPT&language=CHS,,2000,李小奎,,中国煤炭工业医学杂志,游走脾并蒂扭转1例报告
2188,CNKI,https://kns.cnki.net/kcms2/article/abstract?v=DgjXjbKQq8d-sF959QaEsclLjH937R5YsvyJkNuFSkaESwL9F6c0xvK74lAW6UcCfXawtp1KmDo8EQuE_SrcUv8OwqGn-Vio2idwIJ-g7uFd3khE2xCfbRGoCRiLDDp_j48jczwk4E0n8OqBns6JkkzChWBrQyrl32OQWa-Q_KK8wJkWhyUDCQ==&uniplatform=NZKPT&language=CHS,,2000,"曹龙,杨文凯",,中国普外基础与临床杂志,游走脾伴脾蒂扭转1例报告
2189,CNKI,https://kns.cnki.net/kcms2/article/abstract?v=DgjXjbKQq8dBVd67S-mLuPZjIwo-MaEJ-yl2mwXINg4TBE8tcU0lwW-namXeTHe3wzbe-cgpxATAcQiR8o4Y1iZlA2MPrcMhw7GmLcWPIWzv0-NlRnkBkE2fN9C1lhtY4ZwXuaehRGJ99s6XchgJp_5p1Xvg493bmYMRbOLVeHAt3T4XPLT4-g==&uniplatform=NZKPT&language=CHS,,2000,"苗志杰,卢晓潇,任淑先",,黑龙江医药科学,彩超诊断游离脾及脾扭转1例
2190,CNKI,https://kns.cnki.net/kcms2/article/abstract?v=DgjXjbKQq8elOtiEfxl4i6pUgjuk3UHxHjrlvEsZVKid2U14A0z8JWkSkzWfrzwEqPxdnv6SYypGV-fYlrRzFVHD4IlDRhQwz53wC5YYZlwZ0NM1SBJ-RBVZSzBA2sAerl0m2RrHtycUq5ahS3cDv8FPzbkaBXewZXfkW6GSCcO6ulKnjWuc1A==&uniplatform=NZKPT&language=CHS,,2000,"闻天学,蒋秀芝",,临床误诊误治,左下腹副脾蒂扭转一例误诊
2191,CNKI,https://kns.cnki.net/kcms2/article/abstract?v=DgjXjbKQq8djYOMr3c97oMYZulCBCnTolqVvYSDGPS-MDfL60h7FTGyTsOxcEQ_3zuvlrGJJyYKMNw3IIUsfTiATyUlnOx4MKE5NaJYXqjPgosYbMj8gGg9oYsic3pSCSEvrpoZYTDO-fyS92TvcCoZc5grCbMeL6LT75BbYptWmYZNbKPzFTw==&uniplatform=NZKPT&language=CHS,,2000,"赵宝泉,王长淼,李生志",,中国普通外科杂志,付脾蒂扭转1例
2192,CNKI,https://kns.cnki.net/kcms2/article/abstract?v=DgjXjbKQq8dg-TXg6irh39Z_izIG-UiM3Ib4ToGRi7_YOdKfmJmEYxg1W7zio9yKfWjFYVyBw7bBCu5RJLHHledVcpLTh5BamHkFkuDu064VxniNrbf5ZGHQ1JpVRD1L1zX0WiFyAMV6_RUmtPHbVJU3jE7JC_RTWaJUhAY7SPJyASfVWZnmHA==&uniplatform=NZKPT&language=CHS,,2000,"董君艳,王力光",,中国兽医杂志,犬脾肿大的类症鉴别及其防治
2193,CNKI,https://link.cnki.net/doi/10.13437/j.cnki.jcr.2000.04.015,,2000,"陈凡,程家文",10.13437/j.cnki.jcr.2000.04.015,临床放射学杂志,放射学诊断拾零
2194,CNKI,https://kns.cnki.net/kcms2/article/abstract?v=DgjXjbKQq8el478SGlhFEuNgmQdno8E1fc2_SS1Op3cc1KpAKNkBcgE8M9pL-xCnKujsP9iYKlWLf3Ady5_iPdwu-5GTDbXBzbToXr-ScQWjR2VLRhTMUaVCl9wURHUz6C8iIEMRpw0F06ITlODnFJ6_0KHJY3s-DjXnf4CJBfNRy410B8403Q==&uniplatform=NZKPT&language=CHS,,2000,,,国外科技资料目录.医药卫生,脾脏
2195,CNKI,https://kns.cnki.net/kcms2/article/abstract?v=DgjXjbKQq8cSb153YaSD8X1o0A_09cq453dyRB3LTVVNz9kuRLUNBJyPIk3MS_8uMH1OU4BCieZt5CqunDnAn3EHmiAYriGwiAxusrbYizXZF-WY2U7qwm1UtXwMihu-Eia2Pkkp1nqQI--mLowfEkwiK4ODA592P_KmB0ZKXbzc7p12WMwULg==&uniplatform=NZKPT&language=CHS,,2000,"李索林,牛爱国,张道荣",,中华医学杂志,游走脾并发胃扭转三例
2196,CNKI,https://kns.cnki.net/kcms2/article/abstract?v=DgjXjbKQq8fnapmkxON8PBaz38S60NfQDoUUYwLk65L_UNAPIMlw2KgWJ9YUgkrj13yUjUp7JJ7NELZHgJoAZ0Rd8PXqosoem5LSUZ4DDFU1ZzQhH7F76artpQXMLH7t887Wc7lBFEt9jtOhe0upGTjN03XsQCDCKfVX_7EFp7YTNJyvOGPpgA==&uniplatform=NZKPT&language=CHS,,1999,"代景儒,陈秀艳,吴树霞,韩长利,杨维岭",,中国医学影像学杂志,异位脾致局限性膈膨升1例
2197,CNKI,https://link.cnki.net/doi/10.20258/j.cnki.1006-9011.1999.04.009,,1999,"李建华,崔华静",10.20258/j.cnki.1006-9011.1999.04.009,医学影像学杂志,游走脾一例报告
2198,CNKI,https://kns.cnki.net/kcms2/article/abstract?v=DgjXjbKQq8f18jO3r-3MP_tacvVfYUJwUivWeInFqHKn8ja_qusgyZLyEFB9L9T_CFF44ZZLQwc5nShtU6OvL5kcFvb7ZUciIkD6sP8C8nz8uiTV53ifVBZnfzOy6FuK8MOPEjS34eekEKbeGjkov-61BLYASEMzn4OuPjtZyamfYdmEzK23KA==&uniplatform=NZKPT&language=CHS,,1999,"王维,汪学龙",,疾病控制杂志,日本血吸虫卵在BLAB/C鼠脾脏异位损害
2199,CNKI,https://link.cnki.net/doi/10.16252/j.cnki.issn1004-0501-1999.04.108,,1999,"欧其英美,罗应勤",10.16252/j.cnki.issn1004-0501-1999.04.108,四川医学,脾蒂扭转误诊为卵巢囊肿扭转1例
2200,CNKI,https://link.cnki.net/doi/10.20282/j.cnki.1006-4141.1999.04.088,,1999,"马敏波,李春义",10.20282/j.cnki.1006-4141.1999.04.088,云南医药,急性胃扭转合并异位脾坏死1例
2201,CNKI,https://kns.cnki.net/kcms2/article/abstract?v=DgjXjbKQq8ff5Xv567NcUfsv_DVYJmsEv1MNQJwBYNHdIYvPFqXo-kLj4H6WngMPLTQn82hPv4bwjvZC2-zBcjaAt1EevCBbuQo4_5QLclZ2PA8CBRl7Tx7kmkuVPYG15xNiyw7Z2x06JPxwJt120In8XMfdmHvNVc3cC9BmSQSgzAICeM01Mg==&uniplatform=NZKPT&language=CHS,,1999,"刘歌,金鸿雁,宋艳",,哈尔滨医科大学学报,脾蒂扭转误诊为卵巢囊肿1例
2202,CNKI,https://kns.cnki.net/kcms2/article/abstract?v=DgjXjbKQq8evzeR1QwarIeTpcJRq4ToPXLDUJ783JDUg4SHQ2jHa7um2x7-PlU3bhvkX7kRaINrAlk4qum4--Ja4S_T3yAVYqY51g4Kmr3_m2Q8775Ok0wTGQT0jAwXsnnGi-OYEdemKdOuq3uL0f1LG5fOpfPf-W06y78qSFBaahmpuvu90mw==&uniplatform=NZKPT&language=CHS,,1999,罗芸葆,,河南外科学杂志,异常脾脏压迹误诊胃底部平滑肌肿瘤10例分析
2202,CNKI,https://kns.cnki.net/kcms2/article/abstract?v=DgjXjbKQq8c9RumL5vs2g-KejvAZP-BE2vwuoiDLG1im3UTWmj3BTGY1Q4FJSoyVPavdVfZ0Qz_ze2ntekQTu9UvWUbgPGCsPBgzl1DmC1hxC05nbeYB0rVR9J9rJBchJF310WOezFr8Y3tGCBrZeaOJl3YP1pgoLGpiR5DAkEvl6CP9rSyzmg==&uniplatform=NZKPT&language=CHS,T2 title+author+year,1999,罗芸葆,,临床医学,异常脾脏压迹误诊胃底部平滑肌肿瘤10例分析
2203,CNKI,https://kns.cnki.net/kcms2/article/abstract?v=DgjXjbKQq8d34mbHmhcNCAcXmCIyUP3NXoTaQO7EHqK097rkzDnNxVe7vhFJEVIIw75izUOVcrApYY2f0p7ovw5BeUla_dW2ltrhe8QkR1k0Pnd30OqFwkL9StjfsBGRar_V84RpJ2TS0GTMu6OBLFuG4N7sppELy-tSnCEAjT7xRpypIhnCXg==&uniplatform=NZKPT&language=CHS,,1999,李红艳,,河北医科大学学报,B超诊断异位脾1例
2204,CNKI,https://link.cnki.net/doi/10.16139/j.1007-9610.1999.02.035,,1999,"金正明,张新连,张学利",10.16139/j.1007-9610.1999.02.035,外科理论与实践,脾扭转一例报告
2205,CNKI,https://link.cnki.net/doi/10.14172/j.cnki.issn1671-4008.1999.02.045,,1999,"王煊,韩怀忠,林伟林,李军谦",10.14172/j.cnki.issn1671-4008.1999.02.045,前卫医药杂志,脾蒂扭转误诊为急性胃肠炎1例
2206,CNKI,https://kns.cnki.net/kcms2/article/abstract?v=DgjXjbKQq8dNIZs5W_FLL3fCpkrUlrVm5tm6FDnKXNwu4z6uhlsyqKpNKzjpM4IkZNEz83IRFWRaoCcFp6CEQRtaVV3oyHl3qmZh1qVyusKlwZvLwMkyOquzZCmLdKOQoXZbSMwn9aDcs3vivTK8ncn_HCNmw-aH68kRp2aPs97S33nMPayrBQ==&uniplatform=NZKPT&language=CHS,,1999,陈平波,,腹部外科,游走脾扭转坏死误诊一例
2207,CNKI,https://kns.cnki.net/kcms2/article/abstract?v=DgjXjbKQq8cbVIA4SRs9sBlXKXEOM5UvjxJ-jqVQ4V4hGUxTKu4GS3nyyznTgLMlzaGPiOPvJc-pXrx39ZEXzMp8s-NBU9siJpfLXWt-_eno6s9sVa45tXX7-z2to4Etp9toV8MWPKNpuzphpOjEfA1Jxqk2w8JXgYwREazHg5ZKOx34fZX3kw==&uniplatform=NZKPT&language=CHS,,1999,"高鹏,刘国昌",,中华小儿外科杂志,急性脾扭转3例
2208,CNKI,https://kns.cnki.net/kcms2/article/abstract?v=DgjXjbKQq8eWM67y0PfLAde3zu8AoYGVYnLHLj6JmnKJC3iBMCC7a3sAYGMvf3vWR9AQMMdXsFBbRBkhk6Mitd3kQVSbxYyItSdCo1IYdEFZ4ip49AnPSVgmIOofeFQ6gVRgRSiBece8T_vpZOgUhaaCFDJBcxskjvWF6YunOVs1oigDWgp5ig==&uniplatform=NZKPT&language=CHS,,1999,吴欣,,影像诊断与介入放射学,超声体检诊断脾脏异位一例
2209,CNKI,https://kns.cnki.net/kcms2/article/abstract?v=DgjXjbKQq8cQMMXlPx8sRqvN3roibdnhumvH9LYj_p-XMXptgjphFVvSUzAKRr_6GgQ9vQ7V_TQMaZgdqabi9_VeOmXrudNjBB7zz5i-vdnUe48ZtUu0y7WSK05KHnOnJqhgKXl31gNS5DQ-jPYLrKl9hdqGvnnlqhXgn3oTwp5p1uQn80p8mw==&uniplatform=NZKPT&language=CHS,,1998,赵荣华,,中华普通外科杂志,成年人游走脾五例报告
2210,CNKI,https://link.cnki.net/doi/10.13929/j.1003-3289.1998.11.026,,1998,"代景儒,庞军,郑书刚,韩长利",10.13929/j.1003-3289.1998.11.026,中国医学影像技术,异位脾致局限性球形膈膨出1例
2211,CNKI,https://kns.cnki.net/kcms2/article/abstract?v=DgjXjbKQq8fYU92NedIKSINIhL6ap4q-1IWCAwbQY2QPTAl27XvDpQKs9ufRRia4hHHDgoxnvRFB_d32aTJzEg9Zr8ZiuYFk65DHBrI1JzSXGAX743GL50uPKCKjI3HKmPilmwtje_xDArITubFa3jYXHx8gn0iR6hJrVAkFsPLJ0_bKv0HPPA==&uniplatform=NZKPT&language=CHS,,1998,童明辉,,中国超声医学杂志,B超检查阴囊内异位脾1例
2212,CNKI,https://kns.cnki.net/kcms2/article/abstract?v=DgjXjbKQq8d_oL4IQVoB0WWrR_Xfmmcu9u-MJHZcYdk9hAUdjY9HY3efY86wZUTjKufw8qSf57wru9sexxrhKfFEQlHbgapUbtJhiQ0AyWyv_6X1dPyIxDlOs48B_cmcp3XJOq_mB-j4EarQGErn_yEvLnXovI6ZDJIrX9KO40AJBvXu9L_0vA==&uniplatform=NZKPT&language=CHS,,1998,周玉翠,,中华肝胆外科杂志,巨大游走脾一例报告
2213,CNKI,https://kns.cnki.net/kcms2/article/abstract?v=DgjXjbKQq8cFuZhWCPoA2HuOy-BhoSXS7Hrc2by7JOWTE-7sE2Dgc6uzUQ7xtcYQa64S5sN5HKIKd7Rf08a2kz6yoVRJnltBLvB0bQolkV0RbsRodyEfcyDDAhLM4kRWRfZKonS-0uIPV0sHGLslAGh1j9QqcMnVI-x3wIAjGnW389cRWLexPQ==&uniplatform=NZKPT&language=CHS,,1998,"张正伟,彭运泰,步长龙,史火喜",,腹部外科,腹茧症三例诊治分析
2214,CNKI,https://kns.cnki.net/kcms2/article/abstract?v=DgjXjbKQq8fnxXQWevlU4-IhY_cD4CYJL8BWm2DZNbKE2lHLzyoov9PZP_X2wNHkonHpFnkFbh5z14eeBTfqfJxY3oxdT_E_y6cpSurBAzLuCDdu1aE7Kz62g1ehAb1JP_v0EEz0WAbuhLyp_Ti_SPMyKWMkzOptYYiWZzGV4L0L9onX57G5Kg==&uniplatform=NZKPT&language=CHS,,1998,肖春梅,,护理学杂志,脾移植治疗血友病甲10例的护理
2215,CNKI,https://kns.cnki.net/kcms2/article/abstract?v=DgjXjbKQq8dhXpohly5G57iGkTYQdZGCEmPrdxMnQgZn8P5mUMdJCMfW6trOSrCsg8TC0oEdAOWbye0lKkhV-x6sM8Btc0QYsybojKx6ox8xCi37EBuchWx843RkZA8UkVsyK1Z9vvdm4bqwJopeZ_1JaznpmAdYTbbnfLpLtJ68_JYRphMxgg==&uniplatform=NZKPT&language=CHS,,1998,欧荣彬,,新医学,B超游走脾剖腹为肝癌——1例肝癌误诊为游走脾的教训
2216,CNKI,https://kns.cnki.net/kcms2/article/abstract?v=DgjXjbKQq8f4PB5oNF8NEP_k1zW7VJghMWBF7j6eBoW7v1ucuO6e8dSBRTGNa3ZvtX1SGNf-HzeJLEJTT_AVWaIREYQi7RdL-ubo_m_wBGyGUN-whzhGlKW4Mi5_BhWuvGt11RXm0QVDQ20MiPVNmroyzeweBKJMLixoSmUQ6nQzsLeb7cqk-w==&uniplatform=NZKPT&language=CHS,,1998,彭文秀,,天津医药,B型超声诊断异位脾伴扭转一例报告
2217,CNKI,https://kns.cnki.net/kcms2/article/abstract?v=DgjXjbKQq8elqF-9fPVUD-5efQ-rX9Gu4Xnxa2CiCyGkRYZyacOARG30awmlXSXnhcOEdjOm9mHyhZNp4YY4SiO2iAg7WlSEZOzMuohPiONd6kR_OIzNGnQ-WtvZiL7a9E-MQFKDznHMu9aBpQ_NK8oQQRBchpdYmFoHHyETRL0J0vc0yy3GXA==&uniplatform=NZKPT&language=CHS,,1998,"王建平,车文骏",,中华泌尿外科杂志,异位脾误诊为肾上腺肿瘤一例报告
2218,CNKI,https://kns.cnki.net/kcms2/article/abstract?v=DgjXjbKQq8d5Njcsrfb6KJBpDQhLWs37bNk0_S3wqk0UcdQDLNMuzDE9VaD0Mq5NQMeZUHUIDVhCtrqwn1TNqPclecCa-4oqek1Wlt1vJqlA4Lo8aBl3zgyWMkYX6I9fbXXgH-qtjhPP7E0fANl414LBSH_8m8Tgxo2y9u1i7pKrYJec6lrYrA==&uniplatform=NZKPT&language=CHS,,1997,"吴声洪,邹元朔",,井冈山医专学报,巨大副脾蒂扭转1例报告
2219,CNKI,https://link.cnki.net/doi/10.19627/j.cnki.cn31-1700/th.1997.04.020,,1997,田伟,10.19627/j.cnki.cn31-1700/th.1997.04.020,中国医学计算机成像杂志,游走脾蒂扭转的CT诊断
2220,CNKI,https://kns.cnki.net/kcms2/article/abstract?v=DgjXjbKQq8dYQFMI4ZFv8SUFl84DoyY5X7Ch1D5MtQveKTntDuzkHLlmVsx_33YNgP3Wje_qtRI-xj2fAFZ4lCrxDIHv9QDJZLzZIknfko8vqpIxKvCCeFqxx0lIRQtOl3i0JXjQhq1XyKQrHkWZ2sm1093f3MbOfiMN2lEPPFqD6uhHTJgS4Q==&uniplatform=NZKPT&language=CHS,,1997,"陈善良,吴平",,临床误诊误治,将游走脾误诊为腹腔肿物徒行二次手术
2221,CNKI,https://link.cnki.net/doi/10.16794/j.cnki.cn33-1207/r.1997.06.007,,1997,陈善良,10.16794/j.cnki.cn33-1207/r.1997.06.007,浙江实用医学,游走脾误诊致二次手术1例
2222,CNKI,https://kns.cnki.net/kcms2/article/abstract?v=DgjXjbKQq8ftpklGy4cmPJ-2X5e1MgdaJ_T2WtaomFpZvKiXSNBn6JBabn8ZObn9Fhw_u3YEmvbonZc2qoJTIcauObvm7HoG0qQzYAsNJNesoLBHK6xDcy87mIpJ_NC0hRcm2h4TcvO2dhX6EB-JT4k1HUm_grjcZ1n34LIHnJs3mxZrbcJD3Q==&uniplatform=NZKPT&language=CHS,,1997,张立元,,工企医刊,120例血性腹水性急腹症的诊断与治疗探讨
2223,CNKI,https://kns.cnki.net/kcms2/article/abstract?v=DgjXjbKQq8eddivNUMYeIOBuaJ9e_ZrrhxXjlCZbFwpEWNIVb4QI9sC1VTNsVbN_rd6jUFiLJ9v8PeykLzdkYpN6LGW38X9NAp5mzw98sHaECdYEqhbvwAEcC5eVPowoDRR25yvYa-2E5WruLdWxMNQZ6iABnhmjYeyIpwpIPRtRz4iUmHmMug==&uniplatform=NZKPT&language=CHS,,1997,金惠铭,,中华小儿外科杂志,膈膨升合并胃扭转、游走脾扭转坏死1例
2224,CNKI,https://link.cnki.net/doi/10.16139/j.1007-9610.1997.01.018,,1997,"王宗义,王金梅,刘涛",10.16139/j.1007-9610.1997.01.018,外科,儿童脾脏扭转合并坏死二例报告
2225,CNKI,https://kns.cnki.net/kcms2/article/abstract?v=DgjXjbKQq8dR8sWur5Vcq6KbiM1AHrGWfFeBlDLlHfZ-RBOJgUbFrcnn7_F1TQb8Kxpnkh65wokviFyergyCYYlnLvgRuFBZYHMQJZRtDvmTHv0Voexpxz9VuG-WiC5kj3uDUYGBTyVoTag5otEalerzPOwaxNdXYvsfzAO7S4iMXEdi-dlR8w==&uniplatform=NZKPT&language=CHS,,1997,边拜,,现代诊断与治疗,胸腔异位脾脏1例
2226,CNKI,https://kns.cnki.net/kcms2/article/abstract?v=DgjXjbKQq8dTvT3igzL_VZi1v5_s1WhGpfLzy8OjtD8emcaXfCfbivKZENNViTk7a0DCycO-ce55wfJ9HwBaE92u8rjC2IpjDlPky9xsrwr8Cm8w75bm81o4LSmN4BXOa1gtUIxyekN86nl3CYSyI86IRSpe_MxUQZqKKOCNZWhFOYpmMjtvjw==&uniplatform=NZKPT&language=CHS,,1996,胡清凌，黄文楼,,江西医药,盆腔游走脾1例
2227,CNKI,https://kns.cnki.net/kcms2/article/abstract?v=DgjXjbKQq8eb0Vg6YSysAh_Avbns0jBVUymkdiY1moks3IeqlwABMi1ZTCmg22YslpVo4PhfzLEWERHCEqnlPxE9mihb0jr8SjvOcDkfQZIGUMPQUILf-2FKI4C8OyaEJ9I1ICdoUjzeMvobXOqNGRfbPHGwAvMmfRQqRYWla9dQcaLcBOeKCA==&uniplatform=NZKPT&language=CHS,,1996,许如良,,临沂医专学报,急性胃扭转合并脾扭转及肠道畸形1例报告
2228,CNKI,https://kns.cnki.net/kcms2/article/abstract?v=DgjXjbKQq8fPvm540C7uvautTlUlCpqWlbzc5SMagRBJLxMv4D7peOSLXvd6ipJyT9tMyQQXMP8tjhltWUBPPZwir5m-OT5Q-wxNgFcm7owyj1HsmXvuVWPfQGUGpbrRZDkB7x2OkG1yrIWDZfSd9NOwL_WzLBgJ6rIMwdA5PGAQKOP8REZk2g==&uniplatform=NZKPT&language=CHS,,1996,蔡云,,影像诊断与介入放射学,罕见胸腔异位脾CT报告1例
2229,CNKI,https://kns.cnki.net/kcms2/article/abstract?v=DgjXjbKQq8eijIvuT193264C1FK9F6-n7HkJkmB8W7c-TfCr_ulSymg3I6nO_c4HbUCvNVqWqDi7nTyQ9Wzck9Lqa112S2ZqikQU5vuhAP1RgXt8DsSP175-sRoT6Pe7nn4wA0oB112Thid_7ZzInvvXqVDP6FdXHfWF3F88Ml1oJnQHesV68w==&uniplatform=NZKPT&language=CHS,,1996,"应福明,许海平",,中华创伤杂志,髂窝部异位脾脏破裂一例
2230,CNKI,https://kns.cnki.net/kcms2/article/abstract?v=DgjXjbKQq8c3puJlqSZ6JbZ3dpRWMdeAFI-273eguh3uDltvobipkS-eQKQLg_fXiX7No6VLxKK2J0sLliErZXGjf-S0trff1voSR8wqr3__1vyskCmAmWz_zNs2rO9GEqDouvbdgzElmFuEnnldqhiEJbLHc8-tuPvbNIcHHdMgivudQWVKHg==&uniplatform=NZKPT&language=CHS,,1996,向延关,,腹部外科,左腹股沟异位脾脏一例
2231,CNKI,https://kns.cnki.net/kcms2/article/abstract?v=DgjXjbKQq8e_nRvUE8EZ40mgCWD6e0gtsyfpkQOwZ14cW6wsFU5NOibbf4TfftOPxo7EXuEH9dNmqgN0FVHUpNoPZSkvslqNxHZiZJDsQBjcTbqhLIyeVk0tZkshMNX020XQdOfX2l-EHL8j-fesdCdBkB3ItIj9n103JUX5vlYgcYroiqKwPw==&uniplatform=NZKPT&language=CHS,,1996,"赵屹,周亦兵",,河南医药信息,先天性膈疝左胸异位脾脏自发性出血误诊1例
2232,CNKI,https://kns.cnki.net/kcms2/article/abstract?v=DgjXjbKQq8d7ib-lYSHAM_pN_qgEpokCxwsFSO_nHk_ItV7DaGRz-HVJqrqUCKpocEz9A7WTXm7n8Nns_q2iUOVjx-ysZi4HLqncXGWUhlU0fEXYsM14OLlW5qq3tyXzrS2EjeiAcxRcphvpC4o-uOCFALUaoZwREvHb4LMKFNQh0KXVZJpDtg==&uniplatform=NZKPT&language=CHS,,1996,"王焕民,张道荣",,中华小儿外科杂志,脾扭转致无菌性脾坏死纤维化1例
2233,CNKI,https://kns.cnki.net/kcms2/article/abstract?v=DgjXjbKQq8edjL0e5KFpdOwzR_FZGJgUXP3gz2denJK9KJQSR6xdiNEtAiuil0AW7Aj-CNSzChBNN1VgA1VOlB5DHgg9rbsyaCrJXok9eXM4meuH_h_JMbpxKxSMVoKSmC1faZTiybmf_A-fL7hAtLYajRP8-Z1N_czhAI4XBSB9DTdNPGQVNQ==&uniplatform=NZKPT&language=CHS,,1996,高鹏,,实用医学杂志,游走脾急性脾蒂扭转1例
2234,CNKI,https://kns.cnki.net/kcms2/article/abstract?v=DgjXjbKQq8eovY2J0pNxJLMgjkP73UYE_lLAzHze0IDB2p_J_pFHh5fj4jwhX84I7117vWeI0J4GTIDbtnsknv5PPeR9gjAmun5mYOnLVW-Ij-lTw8QH5QC5nBql6itbWHSWrBu_do8Vehu8YCLPIcJqwWVDXaN5i9yeU9zDol6xjsRmtNGU4A==&uniplatform=NZKPT&language=CHS,,1996,"李叶臣,宋世德,孙卫红,惠希增,王均建",,当代医师杂志,外伤性脾破裂自体脾组织移植138例报告
2235,CNKI,https://kns.cnki.net/kcms2/article/abstract?v=DgjXjbKQq8e3EEzo6M-RBXxH2Dp0z-yeF705QyB5VkASdGs1fODlP6Dcncu66avspeL4XQBhqPgR8bwxlC5mLLtiyrJ0dzmfAr3CJ0AERMNwZd-E8pZ3JPFaTcE81xYXJPDoE1DdVbTUCIMa-hG-QoFc4kjWWgMpUMx_6j3bxJo0fFxnmfi8lQ==&uniplatform=NZKPT&language=CHS,,1996,"陈新建,周继良,叶振山",,现代医用影像学,游走脾1例报导
2236,CNKI,https://kns.cnki.net/kcms2/article/abstract?v=DgjXjbKQq8f7ZfKwoSX7VxGGWxsjF5RYAMeVdkaJog8K9nE7eMVdsj2iKqddpaaK2olK4WAkHw7VlgmE3lrniAehIEItWEdGq3qqksELlhSqyx0cRRTb_bDiUfU0rSGLROf4PURYZy6nFVZEMYrydnhrE1DAtbbgAcApHs4zz1-AIpt2VpAN5Q==&uniplatform=NZKPT&language=CHS,,1996,孙晓飞，张全，邵匡时,,中华泌尿外科杂志,阴囊内异位脾一例报告
2237,CNKI,https://kns.cnki.net/kcms2/article/abstract?v=DgjXjbKQq8c7UsIWwnh2N1VEaL67DVNaDA1cndlywcEnTb4V40mF5qXPMptv4Oz-WVyMly7plnDadlgy2nF72QwWdxWQ_kn2_pXzINH9KmeYzrikLZqgVyTwVjnGErVeoIiZH_6JSzM1yVtCEhS6PetqbZlM3-GGgNQ2ntJrVmdLIzvnoQEg2Q==&uniplatform=NZKPT&language=CHS,,1996,"关键,安忠义",,石河子医学院学报,卡塔格内综合征1例报告
2238,CNKI,https://kns.cnki.net/kcms2/article/abstract?v=DgjXjbKQq8cyHDVr_NQt-XTJ5fvCGfMdNBQKxJUHbinlB0T_aR9R5qXH6tvJpTa_uZxJAUJcBOFfW0aZhYpX1qYH0BfnWnEz_WJDj1iOf-DeFaeG43yEkQ_5kgyUZ7J5l0zgpfV78XiykiE2Uqda7WKIsTvpGjV0byrMmDFFe8veX55x8KIB0g==&uniplatform=NZKPT&language=CHS,,1996,K.Henneking,,德国医学,儿童外伤性脾破裂后自体异位脾组织移植的晚期疗效
2239,CNKI,https://kns.cnki.net/kcms2/article/abstract?v=DgjXjbKQq8cHgTHlZawMJyxlz0NLT6nj_oTPBf-bIov6sKky3K2z-7YXP6wixUKmACsWqh3gi80r8QQ0224SiQ2sZTXboEDa4uVKvo4AJkc25EbAZBeWNGz6ObwmZhf6tNFMs0IrxL8tippQShJjB4kdVGBVBxrmRlPhNBtQ6RVXMg1YgeZgXw==&uniplatform=NZKPT&language=CHS,,1996,"李欣,李明林,杨志勇",,中华放射学杂志,婴儿急性脾扭转一例
2240,CNKI,https://link.cnki.net/doi/10.13437/j.cnki.jcr.1995.06.015,,1995,李欣，李明林，杨志勇,10.13437/j.cnki.jcr.1995.06.015,临床放射学杂志,急性脾扭转二例
2241,CNKI,https://kns.cnki.net/kcms2/article/abstract?v=DgjXjbKQq8d6FXhgfTFkG-JMwYCWiIKD_gYDNWfReCTWmWsCAU1JE_eU3CQe9pLL36Ax7l4vql59pl5T-rGPBD_y14oR_G0ly3EBemns4bZQho6G6JnDx56E170mD9wTgufx0lDDs69ZvrD4SxsoM7xXLdH-CRhpi3BX-zRtqUxpwDVIC_MJQw==&uniplatform=NZKPT&language=CHS,,1995,"吴国新,刘小艳,陈幼兰,左立民",,齐齐哈尔医学院学报,附睾异位脾1例
2242,CNKI,https://link.cnki.net/doi/10.13315/j.cnki.cjcep.1995.03.026,,1995,陈松春,10.13315/j.cnki.cjcep.1995.03.026,临床与实验病理学杂志,脾脏异位妊娠破裂1例
2243,CNKI,https://kns.cnki.net/kcms2/article/abstract?v=DgjXjbKQq8dnAfI0IuGKviHfOnAYorGsOJlZCbNqLmjNPmZADL7Vj9XJOq_9RIG9ltmA6j99CRkCwHluQRW1M-WETlcum40ByHJI1qq2XhdV4E_EaY438isZ5BiNPAM79sQ1YHTRtPyMlsJnFPd6VqRUjrIsTfEJvS5NvdQLzOsa8nWlXVUIrQ==&uniplatform=NZKPT&language=CHS,,1995,陈灵亚,,工企医刊,先天性膈膨升伴胃脾扭转误诊1例报告
2244,CNKI,https://kns.cnki.net/kcms2/article/abstract?v=DgjXjbKQq8czJzLwCQc3EjNSHndQWMfrTYtt3CJszhxQR6zRRax3BkJPQ6U8R-APsya6H7K3JHLLNCfvcdQjI023jWzUy4sLBLNndXhf-LB2fQvd59R1jJ56YV6SH-v04_UezOFGRVX0tjc48cLPvHoQ7liC4_8nfQjMtL3pdJaQsN8vgd01Mg==&uniplatform=NZKPT&language=CHS,,1995,王昕，刘英年,,包头医学,幼儿游走脾一例
2245,CNKI,https://link.cnki.net/doi/10.13885/j.issn.1000-2812.1994.04.038,,1994,"寇治民,王鹏飞",10.13885/j.issn.1000-2812.1994.04.038,兰州医学院学报,脾脏外科的进展
2246,CNKI,https://kns.cnki.net/kcms2/article/abstract?v=DgjXjbKQq8eNN7thQndQHSLueAuh_nq5WsC0TFu4RhcFPTktHrKsq0Aaa0J_2h8WCvV7He9Nk-5cDCTL8x0jlk1pztsa6zGW-KfqKIWIF-7qQzBefFcvxN8qymTTX8oFEYE-WATKYusSBgOyc3IATExgOH6gsRC0hQHzn0pyfDChv10Fv0q0MA==&uniplatform=NZKPT&language=CHS,,1994,许大勇，苏光富,,中国农村医学,游走巨脾并疟疾1例报告
2247,CNKI,https://link.cnki.net/doi/10.13929/j.1003-3289.1994.04.023,,1994,李洪东，王成云,10.13929/j.1003-3289.1994.04.023,中国医学影像技术,B超诊断游走脾并扭转1例
2248,CNKI,https://kns.cnki.net/kcms2/article/abstract?v=DgjXjbKQq8fcWah1pN7l1OR0sr-oyBlikld8VyrEXZHH_sSlH6lNmyqnEeo2EmW5pGYHCfPdYv-jYkXr6ZVRW3FfrHMbH0YxIouqkfcwhaS5TX_u9nLcxjeNwthD1-gNBKVrf0nhWmIPOXcXVUGlE5NIJtZy8Qz9dW8BzMzVzHSWNWlaKRYBXA==&uniplatform=NZKPT&language=CHS,,1994,颜红兵,,国外医学(临床放射学分册),先天性和获得性脾异常的CT
2249,CNKI,https://kns.cnki.net/kcms2/article/abstract?v=DgjXjbKQq8fTxXlS0YDXO4QkvXQZ7YPsn39W1FR-bhJQ3hhNg2NwUpVY3maIGaZ1969724da4056tUoTYo11Pu7HUwTvKFziKcCKqdXcvh27PAL_gJLPhRO1Ma75y5XGKGr1tSf1DZtpua8aToi-qcwssKEA0j_uQYiIuLV7ItwMeZZvTi842A==&uniplatform=NZKPT&language=CHS,,1994,李索林，牟弦琴，郝树明,,医师进修杂志,游走脾45例临床分析
2250,CNKI,https://kns.cnki.net/kcms2/article/abstract?v=DgjXjbKQq8dA-kPCHS4PypHOsPfgkNzvb1Z0co1XsYsea9L184EEMkYcR7jbuQMXVYxVDDovma0Paq16pOqKBFuY5Fpfh0TmIciQLSbMcHF7A2wzbBHesbswhIHasRGnh9KCgc9NeXDE9QBjEfhI8fKwhFxpP0Xeo6_Slrbz_Qt9tIoXf9P3zw==&uniplatform=NZKPT&language=CHS,,1994,陈晓波，初立君,,中华妇产科杂志,游走脾囊肿误诊为卵巢囊肿一例
2251,CNKI,https://kns.cnki.net/kcms2/article/abstract?v=DgjXjbKQq8efhh1t812JbQb2UB0tFe3EYNcd-kaXUjFaTe7N_fZ2HpWTbak92VU1OAguklGuu3fGVSxlTCnPH_AIotImOOYO4WPJlgaPsLPTyRxz3T-HSz5DFRPmPHJBu4Gcs7ltbyvkEW40VZwCwUIAh7wxpzPRyOlTe6KV760-8l22mxLpOQ==&uniplatform=NZKPT&language=CHS,,1994,刘广力，王得厚，肖振山,,吉林医学,盆腔巨大游走脾囊肿1例报告
2252,CNKI,https://kns.cnki.net/kcms2/article/abstract?v=DgjXjbKQq8dtm5bZuvAU1qk-McaxjejshAc4ujOjXsRagbHb6cHwpwHsjphHSblqoFtG_BodX9kvGu_QDICxWME9dBEOXnuCChoHKK6pXZJdzcIbBH1zZ83s1SmypGk_-7v5rwjygw0VYfs9c8dBKVdirJmy1qzDH3YQk8OPVz02nbDfNc18EA==&uniplatform=NZKPT&language=CHS,,1994,陈忠,,国外医学(临床放射学分册),类似肝脏肿瘤的肝内脾组织植入
2253,CNKI,https://kns.cnki.net/kcms2/article/abstract?v=DgjXjbKQq8dAnKUGCj-Vzcm79ziMpqAN6CsmeNTSpiPbLRfhuHMgZ6vdX6lsNK9GhQ_6YtDJ3Sl4PzjVBlgrHp9kN1VXRS7Vcw0GM85Ye3Hs_QsBLHUJFq-HJG348Dym_RMGx0qEx2qVSklfbNHQJ0f8LFETlEczdJbHK7aAMHm8CplmirL5TQ==&uniplatform=NZKPT&language=CHS,,1994,焦振祥，杨忠刚，高增贺，薄爱华,,中华小儿外科杂志,部分游离脾脏异位于阴囊一例
2254,CNKI,https://kns.cnki.net/kcms2/article/abstract?v=DgjXjbKQq8f7mhU5GjMIj_i0aZ4s--vliAMKULW5BobH3hGOKAo5RD3aQjAj_ET0Of4EKfHtCGla9YSrX4JlNMKA_V9auq9uR4MlVRCqJkeDs-UMD6BpB7eZ5vFW06a6RB3D03tEbEpchlvqdFo82YMOtUxIeDstDiKtgmd0xF9oBURJ1TJozw==&uniplatform=NZKPT&language=CHS,,1994,夏穗生，刘乐欣，姜洪池，王滔，周平,,中华器官移植杂志,同种脾移植治疗血友病甲五例报告
2255,CNKI,https://link.cnki.net/doi/10.13929/j.1003-3289.1993.04.057,,1993,朱亮,10.13929/j.1003-3289.1993.04.057,中国医学影像技术,多脾综合征1例
2256,CNKI,https://kns.cnki.net/kcms2/article/abstract?v=DgjXjbKQq8erc_NS6M2AESH1Lx9lQGA5EyctAveTjpQDmQGA-U1KcvaknlAtDwHtV2T5q242NAriT3G7vQBpgpUYEkiLySDIreY-Yi_cIoyocxl_IYJ9sX2tWTm9Hv2WG4DwOkja7GM-78agOSIR5DRF8AHXXFhuAqQhWWIbUDMQ7SFGlN8K2A==&uniplatform=NZKPT&language=CHS,,1993,徐忠义,,中级医刊,胸腹腔脏器异位并发胃癌2例
2257,CNKI,https://kns.cnki.net/kcms2/article/abstract?v=DgjXjbKQq8cPqKuDQiSfbr5CH2-JKd-VAFp4rtoI3RxDZ6u8sAWc27ls3NrIdt-ZfRPFz1zoWrbWIpV11Buy3BrMxuLP7lfIvrta1SWGIOZX1dJwIAoWf4c0xOllPPdW91JPAcKdy6Z4z9EZmqzCogtDqfzNKTNoIa_JtDH7u3lE6sh5VajHxQ==&uniplatform=NZKPT&language=CHS,,1993,张学忠,,黑龙江医药,盆腔马蹄形异位脾慢性扭转1例
2257,CNKI,https://kns.cnki.net/kcms2/article/abstract?v=DgjXjbKQq8fUKxZAYHmzFi8daVYZmLIe9Re-220E1GtquBwwWBrD17i6KqR-cT9XlrTAxHonCGOyg2tgJv3A8dp_ycfhnY9NCR9ozPOkPeQOLolDhZJaBZayEfGx7BjIHB42vep9xNRs-fifWF39mG_C6hmravDyW4X7KDxGBIr29xdEH8TLgQ==&uniplatform=NZKPT&language=CHS,T2 title+author+year,1993,张学忠,,黑龙江医学,盆腔马蹄形异位脾慢性扭转1例
2258,CNKI,https://kns.cnki.net/kcms2/article/abstract?v=DgjXjbKQq8eSzWbI6m6Cpic1XUPPZNePKYmZDMgeFzAMOwPf0jPPF5PPDjdW42yNVZJdG1Zu1_8pk6FVwL8vwpGNtKZR4OzLnUgkNd046-RXjqgwd-tJfau51-xwN9DFnrQ9mno8FzT44qdXLYmoWegw6ngBsQ3r0MaWRGL10q-syAGPX8r05w==&uniplatform=NZKPT&language=CHS,,1993,陈邦兴,,海军医学,膈膨出并发脾蒂扭转脾坏死1例
2259,CNKI,https://kns.cnki.net/kcms2/article/abstract?v=DgjXjbKQq8ey2JaMdV_RT9EDs-yjvM_HqKG2Dq_mWcTV808tku9g-rKy6JckNtEoz4c4obf-1RFr6xMUtVImH_ht2c8AnLowuQDrQNLaElod9bCW0GDavD-ADbOVTyA0kUQMEx5UOY7v3-3stzc6cEcU_oGpy0fS4KETofr7iEe2EV-Ix4IApg==&uniplatform=NZKPT&language=CHS,,1993,谷江,,中国普通外科杂志,游走性巨脾并急性脾蒂扭转一例
2260,CNKI,https://kns.cnki.net/kcms2/article/abstract?v=DgjXjbKQq8ctiYu--fEQAwERW-t2-LB0UNUPmo39CCw-AtWUbRRnbkQZAQm8BrPcBfx8ZUWj6HzAJChHszYKqhOR_fhxoWlVUHE7CJ4u2Ei1oz57YEjaiJ85sHQG684uoIadkWHkEGP3EIUCZVM6me7W_SMgeJgsLrN-YnUWmufhGKXDAFLyUg==&uniplatform=NZKPT&language=CHS,,1993,宫芳,,医学信息荟萃,先天性膈疝1例
2261,CNKI,https://link.cnki.net/doi/10.16245/j.cnki.issn1008-6978.1993.03.023,,1993,陈盛凤,10.16245/j.cnki.issn1008-6978.1993.03.023,临床超声医学,B超诊断游走脾伴脾肿大1例
2262,CNKI,https://kns.cnki.net/kcms2/article/abstract?v=DgjXjbKQq8dW3IaS4nAOKoB-nBMmubLfcp-JWGKh8XxY1zopBRJIcHqwH3elXWbPClmJ0-tc5oOrDubEdO_nfGlz8nH4IHDWGaRqFIEnewmtiubeCdo_Ey-lPIEz2EHd0tVnkz5mRVaNd2qe6PtsoBkjf88UkkTs6xu_85qQJAwZCnj4XGasWw==&uniplatform=NZKPT&language=CHS,,1993,刘建,,国外医学.外科学分册,游走脾
2263,CNKI,https://link.cnki.net/doi/10.20148/j.fmj.1993.01.012,,1993,吕俊岳,10.20148/j.fmj.1993.01.012,福建医药杂志,游走脾2例报告
2264,CNKI,https://kns.cnki.net/kcms2/article/abstract?v=DgjXjbKQq8fSEhnJ69z3h_vbdAkIYRUHwe5B4wJfVD7LKLQpxCPcjMubtrDenj7t9YrshwTAL7k_VTyf-kIrH6TqdyXdKOxHS54OH0gRgQDaN2zDhi0UjkI4OW3n81_apUC1T2w4CwscOERd6V-lIkdv4D4EZ9fV3H0AS9ng6TmyEd07uGSOzw==&uniplatform=NZKPT&language=CHS,,1993,王舒波,,黑龙江医药,游走脾扭转误诊为卵巢肿瘤蒂扭转1例
2264,CNKI,https://kns.cnki.net/kcms2/article/abstract?v=DgjXjbKQq8fs9mnIePAH96iL_NfgqJHlNYVjUZp79LwhnuMqLQkbLpvthBtgUZ7xbwANJEieP6vlB-38A6q48BbUS2_cErmc-xloVtdc-LA0U-z0pAYVr9bnM1U5lpkHTfiYyg53tSNWFDi6Ua9YAHyQlkwAy2aV5gm5vtSNcBTT1KPg8BHFgg==&uniplatform=NZKPT&language=CHS,T2 title+author+year,1993,王舒波,,黑龙江医学,游走脾扭转误诊为卵巢肿瘤蒂扭转1例
2265,CNKI,https://kns.cnki.net/kcms2/article/abstract?v=DgjXjbKQq8fxamxZ2PEvGaYRvxb7nymPhEZfprqMTQ5ZitOZ6Oc-N-vl8ZGJ32G1gk93b4FhA_SGA3CaO2l8iEHn5Zy2bmYXO3Ub6cfPY1v9rDWLmPMbrgG0_XVcI-jxzBJcr9AM9U470hCLgDr-6AHd8yLYbqyg5eCeFF1wDPhNs4mUJBpLLA==&uniplatform=NZKPT&language=CHS,,1992,胡幼琳,,中国超声医学杂志,B超诊断儿童脾扭转1例
2266,CNKI,https://kns.cnki.net/kcms2/article/abstract?v=DgjXjbKQq8eR66Z3xRmiUA7PUkzHhZXXh76qWXJmt9dwALZly8lpXmMHn65mluVQHgQuIM9UUjzhypCoNX-vjDSw4_hs5oHRpa9mJzhFrJ2g1h_iPITG7PZmon1j6T1H09HMjAISGOO4Y3k6x9AtD20J-iozYW21bJwzpIheHRGYpJOBJWOUNg==&uniplatform=NZKPT&language=CHS,,1992,焦振祥,,张家口医学院学报,脾脏异位于阴囊一例
2267,CNKI,https://kns.cnki.net/kcms2/article/abstract?v=DgjXjbKQq8feV0rhu9I4wu2ifso_KOk0GM-4Kh9YNMLemHbgvxPE6UUlR4uzUMvJ7dUMnJ_Qbc490ndvWVXlF4Buiw4srKYXGvxOe1IDNaLSaUmIFffI9k0oleZ5u28QCJnsGKNO0qA5z6b1dsgHFf8L2Vtuo4wIHg-Mn_jbR8ClIGMO9Lvoag==&uniplatform=NZKPT&language=CHS,,1992,陈道瑾,,普通外科杂志,脾动脉结扎:儿童脾创伤选择性治疗10年经验
2268,CNKI,https://link.cnki.net/doi/10.16656/j.issn.1673-4696.1992.03.028,,1992,"刘光远,张林",10.16656/j.issn.1673-4696.1992.03.028,中国兽医科技,牛脾脏异位一例
2269,CNKI,https://kns.cnki.net/kcms2/article/abstract?v=DgjXjbKQq8fl8WmrUUPEOxgty7GwNJo-JKn9uTi3W7zfRMeOaSVhD4cYU4MAoSI7QdwyQ6a140fbhP7fQjhaA-ftftcylzZ4oEvBGSs-8QLTxVHvTp9ZwyxF5BOsLjinl2dU1A5YD58_-wTV55ioNq44oFGeoDF10WYExECIXqRNcHtLifSbFA==&uniplatform=NZKPT&language=CHS,,1992,夏德发,,中国农村医学,原发性肝癌11例误诊教训
2270,CNKI,https://kns.cnki.net/kcms2/article/abstract?v=DgjXjbKQq8dI573WI_ldcVriKmBXdwyZcxqEEZ-TLutOyH7lqqd6WV9eCKrDfgYmSTusdjCgVCJ2b9yIAIrAgI84XbGzwLDsO8bUwADkRmvY2qW3gN2Ter372bO7f6NydNkhsNv9z1l97tXwlXYVS2nE90U6TodlykUjOisjRdsUqYweIreDNA==&uniplatform=NZKPT&language=CHS,,1991,张素芬,,实用内科杂志,某些有脾脏肿大的血液病的诊断与鉴别诊断
2271,CNKI,https://link.cnki.net/doi/10.16096/j.cnki.nmgyxzz.1991.03.032,,1991,赖玉书,10.16096/j.cnki.nmgyxzz.1991.03.032,内蒙古医学杂志,游走脾一例
2272,CNKI,https://kns.cnki.net/kcms2/article/abstract?v=DgjXjbKQq8fKbfPCp1k4wCenzUFWnG3t2Hp6-tbeUxlBgMefelHQwf_j0tdf48s7H_dlL2TraOBm401GnFE_uGj8mGHJx_rMzjmTkAcWdiuWz3SzsWieCxP3tGbQg15mu_AWKg0f3e-GLxpl7C5r_mU--OvbL3ttTPcoX5N0pzu9P_78_PrdcQ==&uniplatform=NZKPT&language=CHS,,1991,,,内蒙古医学院学报,氦-氖激光激活小鼠单核-巨噬细胞系统的实验观察
2273,CNKI,https://kns.cnki.net/kcms2/article/abstract?v=DgjXjbKQq8fWKyCjbssM5BQhxOcGCCw51_GuqWP6THv8C-JBe3EqDjvxiknrmTKP4mTHujeJGJWpH2k7tMvOFxDIwyn7hLp0SgZIT5w7tXCoMhnC_LHxKfWtsgZ9k2EUcLs1kKvbJnut-hK6NTBRukP_hCpiZW1p6vUS3AqmcRtZigygy32adA==&uniplatform=NZKPT&language=CHS,,1991,"栾竟新,王一,武青平",,山东医药,脾游走至盆腔伴扭转1例
2274,CNKI,https://kns.cnki.net/kcms2/article/abstract?v=DgjXjbKQq8eVFr9Xig7X3zOhoNJO2TJgDkzWp17ZPgS2xBwPMtc_b2FV6qDGCricwbFxq8-slJTDpepbeNq0ToxyPivIaXa3ezJ8DLQkmuu_foNqI2xaX6RTHzqpB4co2wc_mkHDL94xdggntLmvvMe9FGUOJfJIFKWoySKH_TcksjGwYA8omQ==&uniplatform=NZKPT&language=CHS,,1991,"孙平,侯惠兰",,陕西医学杂志,脾脏疾病(综述)
2275,CNKI,https://kns.cnki.net/kcms2/article/abstract?v=DgjXjbKQq8eJkTVumN22S3LiNfLPzNfW1bn9Lr0YKN1v6ujn9QTxRY_QqCHPaSVEbquoxvwnDFo1VeW3pehWZNzTYOyO4xQJiULGRrXpgrfBEHb9FkD78u0xmjeW-rFUzLUKcbkdvvt7EOxad8irqGPCyOvnGxp_b_1g0YQpkBIOe2eq6PxZtQ==&uniplatform=NZKPT&language=CHS,,1991,陆金龙,,贵州医药,游走脾合并脾囊肿一例
2276,CNKI,https://kns.cnki.net/kcms2/article/abstract?v=DgjXjbKQq8epHeTrQCWowKAHIYuDhmNeGXcnySnXqdUw3WbrUyxUHcCepG_PZCc6NbBaemdKTU48r92FMjltFCY4YMjw7EPNAYdtD9_03keEPD5SawdkK_sijNEwFL3WHgJeiM-uc38Bb5VD-T6ahVgewQeya1onXgX8eUM5saWYAKM-nVgLeA==&uniplatform=NZKPT&language=CHS,,1991,"谭廷爵,吕震荣,曾吉林,朱长康,董凡成,周德平,曹兆吉,陈桂川,何道荣",,实用外科杂志,自体半脾异位移植术治疗门静脉高压巨脾症(附2例报告)
2277,CNKI,https://link.cnki.net/doi/10.13618/j.issn.1001-5728.1990.04.021,,1990,"黄瑞亭,叶炯华,张春梅",10.13618/j.issn.1001-5728.1990.04.021,中国法医学杂志,钝力致脾破裂的损伤病理探讨——附6例报告
2278,CNKI,https://kns.cnki.net/kcms2/article/abstract?v=DgjXjbKQq8e16PuY__LvD762gBd_AvHIMOnndU8nTy_AauuvUijtB0TBum5OkDHuhHjSOSwPnnvLn7RpGmu3aym9wFeS6B-0ao8VtFsymlYnQ2Fjv9MSfybs1eZuoktP1JhqoTI5aUhOrVCmTbcGEUTXdqsl5filps3oHp2vdR_XWcqzPOAG2w==&uniplatform=NZKPT&language=CHS,,1990,刘文银,,腹部外科,肠旋转不良行胃大部切除术后输入肠袢坏死再次手术1例报告
2279,CNKI,https://link.cnki.net/doi/10.19460/j.cnki.0253-3685.1990.08.017,,1990,"肖声,吉巧生",10.19460/j.cnki.0253-3685.1990.08.017,江苏医药,幼儿脾蒂扭转1例报告
2280,CNKI,https://kns.cnki.net/kcms2/article/abstract?v=DgjXjbKQq8dL6yGNGZJH2ZvF_UHOCz16XPXtVMs9LIjma_PBU6DvaFjUgggaLimj2VtkezKEvcEKYxJqgsDsij1-Fq8ECI3mw43J5vMPEU1XVqbHmbtnwbnpWpDwwIAJBTj35LkaQR7vRtIuszcZbZ9wBr4UzhTgfKaseAMKsbCsAbrt8C0h8Q==&uniplatform=NZKPT&language=CHS,,1990,"吴诚义,姚榛祥",,重庆医药,游走脾扭转(附2例报告)
2281,CNKI,https://kns.cnki.net/kcms2/article/abstract?v=DgjXjbKQq8e2QiFXgXUq_rLaK8k7VCDlgmUo8lbsQiiW7rI0EZsATDH07ZQ4yDrVxRM1Q1JdVPO0OQnwQgegSNx5uPRaZG60WWVZ9kD8AqF8XP_TzT1ETc00fs139YhX4cdAhXQYjn2vpltHlpzWZBqgvuHu8J6VcjEiJ124TXBgOykhPrPjGw==&uniplatform=NZKPT&language=CHS,,1990,吴小荣,,实用妇科与产科杂志,巨脾蒂扭转误诊为卵巢肿瘤蒂扭转1例
2282,CNKI,https://link.cnki.net/doi/10.13452/j.cnki.jqmc.1990.01.049,,1990,赵晓青,10.13452/j.cnki.jqmc.1990.01.049,青海医学院学报,脾蒂扭转误诊为卵巢囊肿蒂扭转一例
2283,CNKI,https://kns.cnki.net/kcms2/article/abstract?v=DgjXjbKQq8eTlTjV5HP-mg-KDePMNJSDKXIItqWv5odICwT4apwBigTz9smd08vf-vHu6uJ0apMWKroxYx35Z6YHhVhlMSZ2_fnQf67Ttljfa5_WrIFjnG-2kDXRXpa6upehs73E8alVr9UJBHPfH9RuW_dDDWXZYRYQN47Tg2e8Fw2lOfcAEA==&uniplatform=NZKPT&language=CHS,,1989,"沈风章,李先伟",,实用内科杂志,巨脾异位伴脾机能亢进1例
2284,CNKI,https://kns.cnki.net/kcms2/article/abstract?v=DgjXjbKQq8fyAp860IYhUM1RcM9Ob2sSiMY-DkEW2WAl_7YXkLQmNAL4QkRa7y0OojrC-DkLSfyikBxRlF8ehwfUrdEw0T4888UpK4Ly9xn4Hm8u5SHNxQlkSTzkGuWjnOptfzoSf7xx6QTrYgnkPNoBbQSY1Eyi6mhN5uxSHXngIqrltNBDuQ==&uniplatform=NZKPT&language=CHS,,1989,冯志明,,实用妇科与产科杂志,孕期脾扭转和破裂
2285,CNKI,https://kns.cnki.net/kcms2/article/abstract?v=DgjXjbKQq8eocL7d-HNES3tK8G4lLk2pEZdaBqIwa-EEoPe8A8SPZgul-JMKTAoJ_ieJT5DJfdde-vrAEJNjhCuFjDVjpeccYlfrluHa_pAvF-B_JKT7L41THceKKj33nYLQHKxYas9nYH4M-s9y-1FLldK55UiMkg0RhEO0SxpDw1Ouerayvg==&uniplatform=NZKPT&language=CHS,,1989,毕银德,,吉林医学,先天性游走脾并发蒂扭转及麻痹性肠梗阻一例报告
2286,CNKI,https://kns.cnki.net/kcms2/article/abstract?v=DgjXjbKQq8dZ-g51gTrVCvJWZsKmxulmOkOpbhbSx9lxHkL3lG2BAD3Za29ePD3BFkQQ0D9AQmowr90wxUMezJeHsf94Ve5xvpCFuBgBsdKvX4fjBWGsBpB8zNtj3qRwc1v4FoMhzuQCuchmiWPj-UKPkIa8u6WUgyJ0mHvGOT6t5O8RwIiW9Q==&uniplatform=NZKPT&language=CHS,,1989,王凤安,,河北医学院学报,异位脾误诊胃底肿瘤1例
2287,CNKI,https://kns.cnki.net/kcms2/article/abstract?v=DgjXjbKQq8dZ5A-EFXIqRhLJ29cSW2icgP1Amjgj-IKU1bWKrDeW9K7tG0mO0KYqhA3ItL7ME55H1jJHxjVWODC1b1GaAf9NM6oqXp1wLjTsW40qIZIXNX-ctvdtD0dsnMEjHqQpntQ1C0gFvhFA4wYuKDnL3oxkfw1Z5QPqi_DrxiCqSuW1Cg==&uniplatform=NZKPT&language=CHS,,1989,于作泰,,中国急救医学,副脾蒂扭转一例报告
2288,CNKI,https://kns.cnki.net/kcms2/article/abstract?v=DgjXjbKQq8djg6DBI9lXnanpnM7za546lEw9H4XV-TaBq4JVdfLhwyhCOJ2k6Raqf68tw6b7cSLtcsehscS0f_alTawb-XC9o3qCjD_pt60WF85lFAT2MP7dKqMKaO8LWmkUtIxHYHgzCSCwF_RLW5JE794llZbxxnAXHKo33PDsTYVx_NsL8w==&uniplatform=NZKPT&language=CHS,,1989,田跃河,,山西医药杂志,先天性游走脾并脾蒂扭转致急性胃扩张一例
2289,CNKI,https://kns.cnki.net/kcms2/article/abstract?v=DgjXjbKQq8dChtRwgKyCWqmJJorQ0BfVqOa36z_SVrOoLdzCpoLYPx2DlSO_qr1_J4kdfRvsXr-mYSPl3ZIW_FnMGPi4sxEJ_VfOUr7ltcxPvSQnnrU5KYtJcD9eFv-_TZTj7TyeSnKvZP-RUxtjzRb0taEYmKU1_1XNTA-KQ-Bo1-lKu-fNKQ==&uniplatform=NZKPT&language=CHS,,1988,吕雅赐,,暨南理医学报(医学专版),脐疝和异位脾(摘译)
2290,CNKI,https://kns.cnki.net/kcms2/article/abstract?v=DgjXjbKQq8fvjwu9RNbBIL4LsIxhot7Wv4LE8yn_3RmaHjDN6_VYYk7MwWe8C0t-bxB_92eh-q3nWJkYWDpaJKX7k9vuQBRMoSD7iwGiDUts1S6Ylf9zIp6qBTpsCSCGzRkHsuGl6faYwguqQrdNV4FUSU2dHKqeyLPrZjLLDOjM7aZt3PO61w==&uniplatform=NZKPT&language=CHS,,1988,"王来慈,孙予倩,洪宝源",,哈尔滨医科大学学报,慢性中性粒细胞白血病伴巨大游走脾一例
2291,CNKI,https://link.cnki.net/doi/10.13418/j.issn.1001-165x.1988.02.020,,1988,"徐胜,朱发亮,杨少华",10.13418/j.issn.1001-165x.1988.02.020,中国临床解剖学杂志,脾异位移植到髂内动脉有关数据
2292,CNKI,https://link.cnki.net/doi/10.13929/j.1003-3289.1988.02.031,,1988,杨博,10.13929/j.1003-3289.1988.02.031,中国医学影像技术,B型超声诊断胃翻转造成游走脾及胃潴留
2293,CNKI,https://kns.cnki.net/kcms2/article/abstract?v=DgjXjbKQq8fSY83OadAjI_XULn5AOEotFVaB92B7jtXo4h5KLHgk8pGN1zbdLUlZjmIctjMrvA_GpUsVkaZzeP2KQVYTa9yOAnpl1Y2V1ZyI1vjq2LvR4rH51OTFNwpT1_gDU1JpxLNPSAe3XxfcHrRLZvYI40W-xT5N2L8S2CeVwlHq3H6CUg==&uniplatform=NZKPT&language=CHS,,1988,顾万清,,中国人民解放军军医进修学院学报,游走脾合并扭转1例报告
2294,CNKI,https://kns.cnki.net/kcms2/article/abstract?v=DgjXjbKQq8eqUXgw_Mx35vCdZUqsX_2dnjSfeq0HtohN7_RB_L3elxLAWwp0H_zVaGmTpqLQUK9mvxHuCLMEjG1HZdurdY_X44F_3317-MDFdiABq4yqbKo6MFmRvsKQM6W71DpV0x-4MIDywWDYRTjwavpTTYHWpY8-jd_lbw7fevKhqX11Dg==&uniplatform=NZKPT&language=CHS,,1988,江滨,,临床医学杂志,巨大游走脾并发脾蒂扭转1例报告
2295,CNKI,https://kns.cnki.net/kcms2/article/abstract?v=DgjXjbKQq8eRUOhkvkNXtoKmbf4a7O_xbpxcN2dfTCtdPDIBZ0jCeq9rJY_ldqWTvcxmwxeuXQXzcrd_wrLaBThfQPnS0Du_6NYaqGQ61Qxg6Baqu1XwViI4B3IBp0dqTjy9trGbLrIdvdYAL6MmVKNxL1qbQoy4JVCwFL0CoWkxTg1CjuEZMw==&uniplatform=NZKPT&language=CHS,,1988,郑运斌,,国外医学.外科学分册,游走脾扭转——急腹症的罕见病因
2296,CNKI,https://kns.cnki.net/kcms2/article/abstract?v=DgjXjbKQq8eoU4Vmr5hojH7Ot06R_QQLzrqOXBCqOmIfZw_07x2-EUlK2YEGNcTh71XKwz8X1S8acGhFGL1VtnnuL9SvGrYgudCRiscSqIA7OUjjgIfJSgh3S9ve-yHh1S1ufYgSLw5_FQj1KxisGq0O_x6yUMSY7qOKBViRjCJsq_rDPTivFQ==&uniplatform=NZKPT&language=CHS,,1987,徐荣楠,,医师进修杂志,脾脏的少见疾病
2297,CNKI,https://kns.cnki.net/kcms2/article/abstract?v=DgjXjbKQq8dc2HjpDztS1xwT1iuM8IIH8-bTYCkqvO4KmchULnmLFgpkOx3EUXw69lMiI_S7SRyyKMeN97AHVepIxubLLmc9ijQl-Kw1LBLfpNt78PfvEbkEVWvp4Bhkiayj_SB_e_bbnPfhTTzyLupjK4Ov0W1d-kgtfYtKT5427pqTVB9Aqg==&uniplatform=NZKPT&language=CHS,,1987,,,同济医科大学学报,脾脏在廓清血源性肺炎球菌中的重要作用
2298,CNKI,https://kns.cnki.net/kcms2/article/abstract?v=DgjXjbKQq8cHux8OeV4VPU4-Wm7pQCUHWzczFx3d2L1TFiAvcU0oSBmXt2QY0PQHYVZAiDK0JhygWmdpqbkDvoFmEF_n3bdJfFW8ip1jA8ITcBElyfohAjOaGScq3iZAlBSMEuEIR5kHTZdBC9f_du5n9tcMmF0a7x-BMv4UUDHwhcELo7T1PQ==&uniplatform=NZKPT&language=CHS,,1987,曹淑光,,护理学杂志,几种保留外伤性脾破裂的手术配合
2299,CNKI,https://kns.cnki.net/kcms2/article/abstract?v=DgjXjbKQq8fjar5DMchS1lwsi9Xu49P5mNLWvGH-65_qJPsZK792CFa-u8X9sT4wpXA9ofqQAxVGRu7bjY-4QxRNdWJNYHE2ll73cTPwgE3eCTWBjJvTw94hcOOkGp9FonkU2J3UesOZrQ4IWtjgetFpvbR7xUag6mNOq4YocIMqLiv5I6OICw==&uniplatform=NZKPT&language=CHS,,1987,程鹏,,安徽医学,游走脾并发巨大脾囊肿一例报告
2300,CNKI,https://kns.cnki.net/kcms2/article/abstract?v=DgjXjbKQq8dQQydanQpudm37CFAC3yzrvYUOla3X3ReUEJNhy0nAajckGpvX_G6g49Xlk-ZxAi_Py_T55jdSyj5GwjWwMDFmNRnBzNThxGUWNPcdFCHo8XKJovzIjDy9khISm2jO1KCKwAic2wOfdmpXlTsOm5wJog3vua4VChVxtmFcq2meRA==&uniplatform=NZKPT&language=CHS,,1987,李保全,,安徽医学,游走脾扭转合并多发性畸形病
2301,CNKI,https://kns.cnki.net/kcms2/article/abstract?v=DgjXjbKQq8e3OAeMB8523OfMdO-rbpvNqR5OnYRqabissyJyHzyOzzSWD2xSFPtilHzS8fjOdVu7Wp1_ILp-maTrzLw0Um0Bbo-O9ciU8kwighCgEYhfckqbfJpa5jRVZan2Nz8iaPVXZgM0KMTZ94Yz381r_WMk1oPaVO1pB9JcQmIN1ibQgQ==&uniplatform=NZKPT&language=CHS,,1987,胡伯年,,解剖学杂志,先天性无脾脏一例报告
2302,CNKI,https://kns.cnki.net/kcms2/article/abstract?v=DgjXjbKQq8e5kig0I75B88KgrCv9ifZPfzrPIUPixvasc2kTL5H1k17QUKAbJMSK3EwrK1lJteqW1P8YHgIidbbBT_vRcnROu0Fv0X-qTmjtQP_IpGKlbcVvV5uIF5Dqu5KAci5RGEhuNOrEWA-p3Lpxk_6pTqKkPiPuhY_ypM6OfAREI-QoIw==&uniplatform=NZKPT&language=CHS,,1987,李德霖,,安徽医学,脾扭转一例报告
2303,CNKI,https://kns.cnki.net/kcms2/article/abstract?v=DgjXjbKQq8fOcjq5e7R2Z8bsZKzUfpREcfTZ4HGk-XZzfhyF4Jys5bIZPP59cWQ0SpoNSjotVv5J9WVjkkpa3fWuosRAbgSWSx3P-wv6DxxLyEtTy0rXxgNKLm0MHXDdtRlKiAisQNmnWIzaB92g7z5ppCWi46YUZDGSzv1I7vdDEe4FpttNtg==&uniplatform=NZKPT&language=CHS,,1987,陈广哲,,安徽医学,脾—性腺融合之脾脏异位一例报告
2304,CNKI,https://kns.cnki.net/kcms2/article/abstract?v=DgjXjbKQq8ftdo1tDogvZiGTASlK4wLteLkHrsTbyLnI7fU963_OGsoZrB2-CzGhqOjxs82ztRCZfkDLnvDOkaxOntoPQX7MIDZyqpisY0Uyw6OQPnG46yuRWW8nTZLVp5sSCcRcj7LAamDl2FkiRiM-hkcoCpfXf2hy2o51v5fGwGqvTMONVQ==&uniplatform=NZKPT&language=CHS,,1987,刘乐欣,,中华实验外科杂志,脾脏在廓清血源性肺炎球菌中的重要作用
2305,CNKI,https://link.cnki.net/doi/10.15932/j.0253-9713.1987.01.019,,1987,"佟蔚廷,盛宝珠",10.15932/j.0253-9713.1987.01.019,北京医学,先天性游走脾并发脾蒂扭转2例报告
2306,CNKI,https://kns.cnki.net/kcms2/article/abstract?v=DgjXjbKQq8eJqHapWBzTF6TIjpQPNRXmfqkaiNJPrDKo2Z6nAybX0qR4lcdsNIeptVzOVMlIwW9QVy9ksd2PFBMJ_Xu1hdEjl6uixqaHOY6C9j_5EIPKvR-x_6g0IwUfvimHFid6QvvMMeJfm1y7MlcqhplNO1LGOAHMdgAiDm5zvd9DUOnnGA==&uniplatform=NZKPT&language=CHS,,1987,陆傅贤,,中华小儿外科杂志,儿童脾扭转一例报告
2307,CNKI,https://kns.cnki.net/kcms2/article/abstract?v=DgjXjbKQq8d90CPY3G3sW8_e18wDsDGRQB9ORFvY2x0yrtMCp6r1xHwO--qj6jqzZWN-lpBY3-S6Wf2E-fEGPzvK5a3wCDz8t9Pi0lrsK_0t9dvmDxnNWcTy0aIPFzZ6rM3WSG6mdfppdysgON0bhejU_Qvm455B1rU2ROAZbgfRKDvJ1-DYrQ==&uniplatform=NZKPT&language=CHS,,1987,刘乐欣,,中华器官移植杂志,狗脾同种移植
2308,CNKI,https://kns.cnki.net/kcms2/article/abstract?v=DgjXjbKQq8cd1y_VSVRX5cFQIZzcfmtgv74KtR8IANikN_gOcZFx6Vq1-NMzE9E7mlfgXi-0C9RJpf1D5HQp2smY0E08ej1URUqDUN6eFBr706oHIYjLLglMl7j99CVhvTueElqJJ_5WIlkEI91TzuLuBu1S_VFQ5sZAhqlQnvVrh2-Gkgw9Nw==&uniplatform=NZKPT&language=CHS,,1986,田井明,,实用外科杂志,游走大脾一例
2309,CNKI,https://kns.cnki.net/kcms2/article/abstract?v=DgjXjbKQq8d26XAMcb4HfBXWWImDsMtBf1bfU8rFOvmy8vWtoOGjXIOpifCCAp-e_Z3CceuCQwNPqwwZ2frOFQFYSX2aGcyYxjy7w-03139siSYLjy-ZZgHL-e7Mhls7-r3uD1FjMrC1_Pmo4P15zVrFF0VHpFmHYyXCJMFRsu2TwuX2nNrabA==&uniplatform=NZKPT&language=CHS,,1986,"朱博明,李学均",,哈尔滨医科大学学报,脾性腺融合畸形一例报告
2310,CNKI,https://link.cnki.net/doi/10.13609/j.cnki.1000-0313.1986.01.005,,1986,"VonR.Lorenz,D.Beyer,U.Buschsieweke,裘华德",10.13609/j.cnki.1000-0313.1986.01.005,放射学实践,超声和CT对脾脏疾患的定性诊断
2311,CNKI,https://kns.cnki.net/kcms2/article/abstract?v=DgjXjbKQq8cqLJ4VYbo_v1qkRrO3f17INxlX-X1FBV2pdrdJbZyUZ_CTyPuseJLqpDrC_GikrqzB9WshkCWBjKmPNNhS7HLCWY48iFfbVn9fcsmPzMS5nr5YFMjveHwFEo1n8P_5Y-l3iH_bPDo60b1LvixHRWRMIlTh9z0wseCt--Bpr5yFrw==&uniplatform=NZKPT&language=CHS,,1986,金光秀,,中国实用护理杂志,带血管蒂的半脾异位移植术护理
2312,CNKI,https://kns.cnki.net/kcms2/article/abstract?v=DgjXjbKQq8cXgTpZs5D3EQByMlYv88tldIvBcO8ByDuFyvJwdOigRj6-TVo2eUbqVnvMdBT-1fRj0BnOvaym_LTsDo20vGQC_wPyeQDuGgtsgspWwNJ_wQ8-MbN3MnN4iK-nVfmAZmaYd8HHT70whN70rpP0ol5EESpUMmtN0KK6_SeGjymyQA==&uniplatform=NZKPT&language=CHS,,1985,"邓柏杰,陈小华",,新医学,自体脾组织移植3例报告
2313,CNKI,https://kns.cnki.net/kcms2/article/abstract?v=DgjXjbKQq8enRXeESvJR_e7p1UKZWNPYwlzT59pWunPNM0s5sd4JUb2tBAQPAMy-WOm4AYebeKJWZ4l3cx5hBHgpmuX51O1eWlXGty-xhqSNiaMmlQ5hC9wdhx4Xu4_1df9cVl8U2dJERWV9G5WbXypqr-FV0IMncZE-hz4Z33LE9j8FX9egtg==&uniplatform=NZKPT&language=CHS,,1985,"罗学宏,张时绥",,湖南医学,游走脾误诊的教训(附4例报告)
2314,CNKI,https://kns.cnki.net/kcms2/article/abstract?v=DgjXjbKQq8fTfzRrUFrnWOuVq7pvqa6UWC9wYPMa9c9WYPNbl4dqP2M0hehwoEPvYVCoqOT8qKq7Dwvp5eYgsS14t4ms_6rDxq2PWs935aytpEljP-JuDgh_-APVbS1vV7w7XtcRShgQ8iwo9oxFpMCOO34bM8osxg0NiPAZ6evUD2IJMUKQQg==&uniplatform=NZKPT&language=CHS,,1985,王连奎,,实用外科杂志,畸形脏脾异位至阴囊一例
2315,CNKI,https://kns.cnki.net/kcms2/article/abstract?v=DgjXjbKQq8dUarysUdP7QLPOYEWQuFoVTPUIfYKa32idqJh5k6wAAglIjXxD00D06fQjcVvKOnoQ-a33mSq1HQ9nQ3l-va2TqiXNCvCKPw42m8xEh95jGgGDYIIrztKmuzmTUqKmplIb_cKtF_mUx7uNr3aufbpgtXPovLmkUU1yQxSztOzyaw==&uniplatform=NZKPT&language=CHS,,1984,,,武汉医学院学报,狗自体部分脾异位移植
2316,CNKI,https://link.cnki.net/doi/10.19460/j.cnki.0253-3685.1984.08.006,,1984,车卫国,10.19460/j.cnki.0253-3685.1984.08.006,江苏医药,横结肠系膜类癌1例
2317,CNKI,https://kns.cnki.net/kcms2/article/abstract?v=DgjXjbKQq8dY-m3JBqf84DHfglUjjw-jTLKgX14tY1XEjmCnrQD6-WpTRZ9qj1sETkLeQxji4QuuA5AqfFBN0h3ymfQvPVWDk10I5upftn0wwzDgPVXGFjC9c3DCS4Vpp5y9F4wZ2MnNYYMlVAEPyipFO-dhFT4dcsKjQ3shiOhdpVV70vlgFg==&uniplatform=NZKPT&language=CHS,,1984,刘乐欣,,中华器官移植杂志,狗自体部分脾异位移植
2318,CNKI,https://kns.cnki.net/kcms2/article/abstract?v=DgjXjbKQq8cV89T01FKIpMuAMVxAdpVsmw9acmITPf8ChPz7EFTO-YtGxonmrfm7r2nX1pi0RBBkBr06suaS0FDZ0R8kRWqgsFFXJVGfbh-PG5ZgJS06eFZ6ViDfCrel-BQtemW39gTcfqhLhkYsGhGizK_aQkYMrLAQ1RaYBoWBzctHWDD6lQ==&uniplatform=NZKPT&language=CHS,,1984,林雪珍,,中国养蜂,巢脾快速固定器
2319,CNKI,https://kns.cnki.net/kcms2/article/abstract?v=DgjXjbKQq8cthaaCFzGcBIRuDY9j9ApItvgW9iGqzdHZ4QmZ9l1TA_3wxPi3XC_Dl0iMO1a4kNVMk3Sw7Xs9WIiTqISUiTl62Dzt76_OpBRCxxuR5LZGfJpKriSDq3jXWDyjjPzEaePga38E_e6PVALhqGd3tolya26-XQiCkI7rlV76E5QIcA==&uniplatform=NZKPT&language=CHS,,1984,林朝义,,广西医学,脾下垂并扭转一例
2320,CNKI,https://kns.cnki.net/kcms2/article/abstract?v=DgjXjbKQq8dK0seFvI1wuwB8-NigRWvliHvPNqlZUaMZLlCrEKQ16oon5cmRbLNfI9OIpHgX8Hb_wZ6GSOpW4384FIba54LluVT0CEsfZfx9k0FpYCmU1jXtZcYWUYB-NqB_GzfhWxlbREgkJ8AJSCZs63tcg-1ZNtSU3C0kFhIbhlb1y5uutA==&uniplatform=NZKPT&language=CHS,,1984,孙希龙,,中华外科杂志,附睾内异位脾一例
2321,CNKI,https://kns.cnki.net/kcms2/article/abstract?v=DgjXjbKQq8cx0Ln5G1wxouZwLH02nFauut_YzX0W2eeJnTBCcj0l5rsC8H1EuPMTdrPOkAuTlqjIrkJ3eYp5aZyz96sgKtoU2Hadx4dKsnDgwfp_m_JGR8DjHM8VpVMxJKmcoJlKHExAnQsCHVrdB9wxyQddQCTqk0iW8mzgoglR7noEY2nImA==&uniplatform=NZKPT&language=CHS,,1984,吕昭明,,中华小儿外科杂志,游走脾伴脾蒂扭转1例报告
2322,CNKI,https://kns.cnki.net/kcms2/article/abstract?v=DgjXjbKQq8c1ojweM5stJR85DUHy7Sybo75zo381A8zqsni_Swa1H9C-JtvOe-91TCUPxVuPEkfvhDh-_EuKLZVi7sWDyryS-xodOkChUeBA5-NLrvlod91d0w0tfMxyG17V7JcCXtpl78Zctplt2GdBxnZ6ZxGSchJefq6r8wFbMVyTWZ2bQg==&uniplatform=NZKPT&language=CHS,,1983,于清忠,,医师进修杂志,副脾扭转一例
2323,CNKI,https://kns.cnki.net/kcms2/article/abstract?v=DgjXjbKQq8ft-ZMSgOjhSyUruykm9_TVgY-jNiX3y1Xo0WXnZQYDILqAMJmQVYfV8nMRSjblBvrMIcUWa2yMTAlDbnAfHi6qPH_oYTKS4YvtSVBpdTosj15m4ikn__nlQfMmRI04xI3X8gLmGT075C5ent11jRv_1DX4q0lFv1MBCfC1lP7ivg==&uniplatform=NZKPT&language=CHS,,1983,张传(木盖),,医师进修杂志,幼婴儿自发性胃破裂合并脾脏异位一例
2324,CNKI,https://kns.cnki.net/kcms2/article/abstract?v=DgjXjbKQq8euIMtuomaaHGcOOgKN4pxZggQIrio9dg-zNA4zhfPdpJkOScUvDy9WvRZffdx0IG3ga9a72opvcBw6rLDe5GPOBkZ2mkfxfuO7ZdhELhDGvhEMX0kekYrPf-u3JJEKA6YT7faFTakMNUCIeToF9t7CF_F21rimvXo-4AjMAwNmWw==&uniplatform=NZKPT&language=CHS,,1983,李建龙,,广西医学,误诊为游走脾的胃平滑肌瘤一例
2325,CNKI,https://kns.cnki.net/kcms2/article/abstract?v=DgjXjbKQq8fdeT9FEuXqlvAtIeEOAQu3QH8iiNCr5gY7pUjyrRqiIIWVx2CATz39BbiZDlKkqndnmGS9uRY5RHdSF6So1HO0-6K_8CoghhXMY39vMqmYcqPBUn20wrwM13m_To-L4lACaUR2OghX98uPgrNcSEZgOLjznvCBQN2Xt50n6kgvrQ==&uniplatform=NZKPT&language=CHS,,1983,夏敏,,皖南医学院学报,游走脾误诊一例
2326,CNKI,https://link.cnki.net/doi/10.16096/j.cnki.nmgyxzz.1982.04.052,,1982,李友松,10.16096/j.cnki.nmgyxzz.1982.04.052,内蒙古医学杂志,游走脾蒂扭转误诊兰尾脓肿
2327,CNKI,https://kns.cnki.net/kcms2/article/abstract?v=DgjXjbKQq8cL5wM0ya-d2MK0o71k8WSqlpXMDRtK4HjsnK7TGiM3rHoQFwVaFqj6dFCu5lRJFSyNy1cn1Ilnfxck0g1naeE8JVYxORxSc0OqyUn1_wRBprET4n_tnPI-z4kiFbS5khwMhVS4Tf3e7FI64F_y_Vjo-1gbbqatfafytq3bq7iG6w==&uniplatform=NZKPT&language=CHS,,1982,廖德夫,,安徽医学,脾扭转误诊一例
2328,CNKI,https://kns.cnki.net/kcms2/article/abstract?v=DgjXjbKQq8dgccvZwAD3zUVhaZXqfu-4fJUrV6XflDfOvEFE8_c1VuLGgHy-52rRdiIYxOHUtkjgDKN3DO-5TW1fAQdK2oAEC18xzRh28d-sTnN4BpZ9JxR1qHE_944lWH65vzO6155xyT5DPOgT3UvOzwtM7LxrPOMZkys_o_ZtLbRbakLqyQ==&uniplatform=NZKPT&language=CHS,,1982,曹道德,,武汉医学,妊娠合并膈疝误诊为自发性气胸1例报告
2329,CNKI,https://kns.cnki.net/kcms2/article/abstract?v=DgjXjbKQq8dmuco8yoS9PG9DFN1Ty_FEhLtwpwc9_nmiBfFIVtnNHlZ5mCcE3SlgZLOneI1s_SJB_7HOkWSYKLRGkgC3rLQSrc9y3ALgQ5k2hKZR2F5lLOMSayVY329ibqYAmlq3V9SXx_qK5zFRwsq1qTW6sJE4eRZm7Q0PjVaJ9RycIPaSFg==&uniplatform=NZKPT&language=CHS,,1982,魏东兴,,实用外科杂志,脾扭转一例
2330,CNKI,https://kns.cnki.net/kcms2/article/abstract?v=DgjXjbKQq8fFlEnP_pzFVgs3Wy6yHnofQAbmuUTu2cjHvVuE6cSN1yuV_78JK8_1vB3VhnHfp3vXUEZ0E3p1hbVxmCR5li9hTn8RBM7NAphMq8lSlAbjXpcQTjI3l5Yz6WO16zLuzRoK-9BhSlwUSfSytvta556QQ1DH8x-k2BPZ21slr3-YSg==&uniplatform=NZKPT&language=CHS,,1982,杨广顺,,国外医学(创伤与外科基本问题分册),异位脾移植和部分脾切除后的脾再生
2331,CNKI,https://kns.cnki.net/kcms2/article/abstract?v=DgjXjbKQq8dD5HMaajk-O2DDMQepn6nZ52b_WhGBKUv8jWNPDvms70_eM9-GE7SV_P_DChfz0RuXWer63BpSX_jgd1rmkblBnKzI-4hKolWiqtVgt5z4gzGI7TE8bVTYXoavVFoc4oNvj859OvzQg52dA94rWcGXqA3nfNBccCLifPmggIn6rg==&uniplatform=NZKPT&language=CHS,,1982,范展淮,,医师进修杂志,盆腔异位脾1例
2332,CNKI,https://link.cnki.net/doi/10.16252/j.cnki.issn1004-0501-1982.02.041,,1982,胡昌梯,10.16252/j.cnki.issn1004-0501-1982.02.041,四川医学,71例原发性肝癌误诊分析
2333,CNKI,https://kns.cnki.net/kcms2/article/abstract?v=DgjXjbKQq8cnIoWkkAtnEr6lts82TkeHiDwai4EBDKsdYLoSqXkhb-bqh50gZ3gYPzokyigwx1QBgw0yRUoxKCXXjRNMDlvJDwUafWnlNgkcNen11_Vf5qcNp3dONwkCzt-qPf9R8y8qd_ujZARZ0CKrPmoohSt9KlUR3fLSvJsTAUaNvvlOpw==&uniplatform=NZKPT&language=CHS,,1981,王天翔,,天津医药,游走脾伴有囊状淋巴管瘤
2334,CNKI,https://kns.cnki.net/kcms2/article/abstract?v=DgjXjbKQq8eK6iay0bxh8eGDVN7HcSiL6bGfALMCwlTXgx-u2GAn3brj1t6OMR7Ng7nfYlGNBGJkBrAJMBF1HQ3p7Z4jyQneup7fehz08TpYlyLI-otIlAIaeqSyw1qTllflNwnAsm1ARXwo7DNiohHBsgz7rXz46OwLdKQ49n0qaGlGcE1q0g==&uniplatform=NZKPT&language=CHS,,1981,缐骝骧,,医师进修杂志,付脾蒂扭转、脾破裂误诊为宫外孕一例
2335,CNKI,https://kns.cnki.net/kcms2/article/abstract?v=DgjXjbKQq8fpfJ315SMzPdfNtCE5K0ZFJca--SDXRHOW-B9YETZJmsPn1RdKw2nOBdqGrb7z8yfgwv1wtNEToGQBaOs9ovI_6zz3qWgcRQNE3Y-Evz_iq65wtjOIT8GVHi4VwhZaBC0kDdE2ITAD-vtuIueZhFnsxkZVHkXTYyRyqVyGeAXj1w==&uniplatform=NZKPT&language=CHS,,1981,"汪淦,赵维璋",,安徽医学,内脏部分发育异常伴有“胃翻转”一例报告
2336,CNKI,https://kns.cnki.net/kcms2/article/abstract?v=DgjXjbKQq8fTTa0pStEM8Pu7D_E6hUMgl8tDCW0rhhPThR5nQwVNskjs-Ucw6mlMiK_IoD2XOAIV1cBNYjMDfBCCNok9e0Gs_8UkJjqAcRWBr0bE18wQErlniyFvSPcrXPgZg-BZu9qYZPw9rHOt4H073XP71ynoxQeU6AN9n-xP84wXRup1xw==&uniplatform=NZKPT&language=CHS,,1981,邢广君,,吉林医学,先天性阴囊内异位脾一例
2337,CNKI,https://kns.cnki.net/kcms2/article/abstract?v=DgjXjbKQq8ev6s0AgugCNkrb7MDW-F-MTEQkQgrvyUvZXIt93Y3E9KDTNq0hDlkj5Da_KPUICgGl1dfFQJ_4sh5oVEfjcnkZ4pacNoQXub52x1k7iZF2JwfKjHJLmyaOmJB7NeRWAHLyPj3O1QUadxz-6Mm1asn98W8EJhkXg2rxFuG9_cvEWw==&uniplatform=NZKPT&language=CHS,,1981,何泽生,,中华外科杂志,脾扭转误诊一例
2338,CNKI,https://kns.cnki.net/kcms2/article/abstract?v=DgjXjbKQq8ci-hGPH6e8aRpQCYjH_54dH0F-vYXzDGUfE1FShUQmgHLd9sNAkqpvmiPHG_DzTRB5b9TtatNc39uo_R0yobYSLdAU41A4XnfTqFl85u9mRc0MyZCC8mzI6wqBMn_dotUoscbf74LCFQfhtjI9m36qNO1H_yYp67vNtr_S2dEndg==&uniplatform=NZKPT&language=CHS,,1981,毛启玙,,贵州医药,游走脾的X线诊断(附一例报告)
2339,CNKI,https://link.cnki.net/doi/10.13799/j.cnki.mdjyxyxb.1980.s1.031,,1980,H.M.Rice,10.13799/j.cnki.mdjyxyxb.1980.s1.031,牡丹江医专学报,外伤脾切除后的异位脾组织不足以防止肺炎双球菌败血症的发生
2337,CNKI,https://kns.cnki.net/kcms2/article/abstract?v=DgjXjbKQq8cMnC3Fj0Iuy1MPYXbHCZu87hPIMoGBu-IcpXqZc_GLr_rZbyU0d_LAEe0FpWQl33oKPrhumqquNPSlfsBLQPWaxHX3jFacXonkolA9oyOYO2Pc1nt10dh2rzknVDJZhyPWDjblzwi9JFLj2FvwHi4c0Jp5y2Egjsj5sRzPIeU4ig==&uniplatform=NZKPT&language=CHS,T2 title+author+year,1980,何泽生,,第四军医大学学报,脾扭转误诊一例
2340,CNKI,https://link.cnki.net/doi/10.19460/j.cnki.0253-3685.1980.03.023,,1980,"成志芳,孙玉振",10.19460/j.cnki.0253-3685.1980.03.023,江苏医药,异位脾脏
2341,CNKI,https://kns.cnki.net/kcms2/article/abstract?v=DgjXjbKQq8fAOvJ8Cm_9uFenJ9hAGPyRLIjHffHTkYCJiJuSixx75AHthm6sAtUP1cEu4m3qTJSMgCvxEnP19ZuEuENZwtm30fN1eoG-c1UZ5E2nsPvqV3zhy7T_932bRk-yl0EJefkUFK9sBYmclY2hG9zsLP1lDSD52CVrbNUIIbB7chrGqQ==&uniplatform=NZKPT&language=CHS,,1978,谭凤美,,广医通讯,倒置的脾
2342,CNKI,https://link.cnki.net/doi/10.19405/j.cnki.issn1000-1492.1977.03.017,,1977,姚有道,10.19405/j.cnki.issn1000-1492.1977.03.017,安医学报,游走脾误诊卵巢囊肿
2343,CNKI,https://kns.cnki.net/kcms2/article/abstract?v=DgjXjbKQq8cg2nVZZG0CS18c1ZcklpGum7NMnQj-GGFYhpJ0WY-GRn2CoMkEd-fVySc6E4T9hxA3D6rjmtDSiPcbo1NP6nHVbqZRG4V6tcGMMu225NTg2QYI6HTT94m5QQ9S43NhrumyUJpp68ZGt7HACav06PhetA3pI9uuM7D-RWV1ZscmXg==&uniplatform=NZKPT&language=CHS,,1963,孙义辉,,中华外科杂志,阴囊内異位脾一例报告
2344,CNKI,https://kns.cnki.net/kcms2/article/abstract?v=DgjXjbKQq8du878VrrqRALdDYwLoDH5r5XzbtsUfFR-e4W0uWhL_giBvnf2IjsUiWBfF3N47OMaan0jIkNBrbgkOcTu2EJ84FvZrB6EwA2c_eAviIbUIzZhr27mjodVaHghSFYaLgaMPrcDdkfc_JgF1xymlbaVnWUrz4G04kx30_LdwHIFm7g==&uniplatform=NZKPT&language=CHS,,1963,章鳴皋,,中华内科杂志,人工气腹併发游走脾一例报吿
2345,CNKI,https://kns.cnki.net/kcms2/article/abstract?v=DgjXjbKQq8do-at4MlGEka-PUVpyBvDnaKwWrYh3aXky_xa75oqBz8u_BgBIyyPZ3wl-ZKswfye9WlmJ_-inmj8CTLjS1V5FYgM_59A0RijGI9zltlhKNteeYK6tahiArJ_1OMvb2P9XJQE1R1JV2lE4MmZ9_gn-mG7nobrYBDxjvpYDVE63fw==&uniplatform=NZKPT&language=CHS,,1963,黄进德,,中华外科杂志,盆腔異位脾臓扭转
2346,CNKI,https://link.cnki.net/doi/10.13361/j.qdyxy.1962.02.004,,1962,邱祖蔭,10.13361/j.qdyxy.1962.02.004,青岛医学院学报,正常脾脏最大厚度超声波测量
2347,CNKI,https://kns.cnki.net/kcms2/article/abstract?v=DgjXjbKQq8c9XUBgK0ZiFclVO5HppP9vAx7l7kJDDp1kwFM3hMpi-jFFEBoYQGoIsAld47gJWKZBTfxZq8dOzxB2VvOTSkV1pOK2V-81SDo2tedlyNuiOJwcsLtdFNt0-zYcYKeQu4jYaKOcIyHa3bRfcTMe-5Mv5g9PU5-FHLOWdkiZs_96Rg==&uniplatform=NZKPT&language=CHS,,1961,项道行,,中华外科杂志,游走脾
2348,CNKI,https://kns.cnki.net/kcms2/article/abstract?v=DgjXjbKQq8dL-9ESQPdLia7rN8xlndq9RUs-MzcJLSWbvNp4WUomYWnX7C1irR7mn_wn0cwy-oQHewXEen5F1658KuaAKEBWriCBH_ZQcsV3_LTn7VFUY2mzQyoNYxBlc3OS8H7nAaPD2APqLfVIfw9gnl0eWegbuX-lZnSfYY9BLCx5q_h-Aw==&uniplatform=NZKPT&language=CHS,,1958,陈仲虞,,人民军医,盆腔内游走脾合并脾蒂扭转
2349,CNKI,https://kns.cnki.net/kcms2/article/abstract?v=DgjXjbKQq8dkRrrmUjy4ekxLES99lqFQXpKFRE-EeGzFlrZsojdJB4dju4Vt6JbSuVSm-X945YAKo1e3Neutjz7-cOBy0e2xKcPvu7TyU2fxEexUdXbu0h21x5tiq58gu7_cSaDt7-0lqtvhGLxNOOaL4WEAZBmHymJNKuGnlTzDG4foftjU6g==&uniplatform=NZKPT&language=CHS,,1957,高谷深,,中华外科杂志,先天性游走脾
2350,CNKI,https://kns.cnki.net/kcms2/article/abstract?v=DgjXjbKQq8f8Glrr7DmuB0_ZiJw290xFRX8kPIqpvQhI_v6ziCa-mWw-_XbRt41u5Pcq2glKNbAd6vsRemyfFfzl0_kEGZB_kPexQlpLYA9kyIVC0kLCUx-CoEcnJgmnPTaY9yinQLWfhHwnK-F0HoMTAYuOrhXkdUrlNA3xBo_R4FEYPfevlg==&uniplatform=NZKPT&language=CHS,,1948,高有炳,,,脾脏扭转症(Torsion of Spleen)附病例二
2351,CNKI,https://kns.cnki.net/kcms2/article/abstract?v=DgjXjbKQq8f0Y6cOg2RUPTMGq58fxknn00BEUYHOTJRO56dhF9jqZMHZCQO0bnat7duDffddVGja84BCSgGwH9vvP5pQAeqM6Iz9cOZ5FFQizCE864IlEFnyEZYCPW6V4Ka_zbVscEDQ7GIEB1hpF54bQvspPiWMvXpwT4EN40A0ws8xVetILg==&uniplatform=NZKPT&language=CHS,,1991,李晓霞,,中华泌尿外科杂志1991,左精索旁异位脾并毛细血管瘤一例报告
2352,CNKI,https://kns.cnki.net/kcms2/article/abstract?v=DgjXjbKQq8eAXia3l5UWEAshTloXTVGx1fKnnYMoUYNdEV34odvPqIpUNzIRp1rFvWCU889smDlFPTu062ec8jKIIN_xy4m99UBgHHBQYj8FbzBgYAD1Q2ctlD-lCR3PbqlNFxPGO7ue3A3HeVGUUjyGAFgvxbDPcUHDV759RyQi7GQriV0JQg==&uniplatform=NZKPT&language=CHS,,1966,,,中华妇产科杂志,产后脾扭转一例报告
2353,CNKI,https://kns.cnki.net/kcms2/article/abstract?v=DgjXjbKQq8dQmIgbe6Nrbll3kbPVJe-xvm6kUmp7k9Ss_OMX0CsrhVzz8h17lidS0ryxmQkekapAu88kKkH4t0JFP4NoO2VqWtCEDTcKQ3HyZTXSfhtOhVHTQBfCHCKwWivksCw8Huwmp0Cq_DJsTFMovT1xvPKWSQydnoYrVO5kD9IxwZ49NQ==&uniplatform=NZKPT&language=CHS,,1958,,,中华妇产科杂志,巨大脾扭转误诊为卵巢肿瘤扭转一例报告
2354,CNKI,https://kns.cnki.net/kcms2/article/abstract?v=DgjXjbKQq8eq73PxWCWzaQFe0-UEIhKQrb7q0fcX0PWf_3p9yN5grwSonR_Vx1pT1XvCuUSf7xTeVLF6NiJLT-GLFtyAoXFA8kayr9A28c5Smi-sMqFPlPqPtTrjyromdKZVnLvscvURSkcIVQRkNNqBCR5VmvZqg0KVLW4_d3I7f0-HTr-2og==&uniplatform=NZKPT&language=CHS,,1984,,,中华小儿外科杂志,游走脾伴脾蒂扭转1例报告
2355,CNKI,https://kns.cnki.net/kcms2/article/abstract?v=DgjXjbKQq8eq73PxWCWzaQFe0-UEIhKQrb7q0fcX0PWf_3p9yN5gr3ucMzJsyQv9ngNN-QLDJi0U-aYdRj_ZJg0ZkxCE8eH-0G-4u1UDdn3zrl1Mz1Ul19kMeW51nHJkQhDb8sNJdcNZWAOs0DMZQMfa511i1vz8u5tCTKtWTMiWeXHGaZy8Gw==&uniplatform=NZKPT&language=CHS,,1987,,,中华小儿外科杂志,儿童脾扭转一例报告
2356,CNKI,https://kns.cnki.net/kcms2/article/abstract?v=DgjXjbKQq8eO8-sKl3jpydy6GRaLIZUHXj1KaeX3djWAwPH1TO0BP4QtBfZKqd2FEdJ14DGYitzpn560EBejIeumKUYbVvlC7cQGlpu0OkwmQ0qveY7MZ4--d5g8qMwhxNhjGUxBmQOr9r3g3lR64xsRaLi-iqYB6rLbGzV3-DfkY7X1ZuwIUA==&uniplatform=NZKPT&language=CHS,,1965,,,中华放射学杂志,游走脾的气腹检查(附一例报告)
2357,CNKI,https://kns.cnki.net/kcms2/article/abstract?v=DgjXjbKQq8cGLrGMOkmN2w7-IC0QlUVQWDYrZUyhKTA_wzK-s65xLkbSd2evLYVvKYN86j1G0ybTc4hLHmXeyOWfBKJM4qde-HSkKeGU7e7fc56IZlxfDAvLRk-C2_lAoLK8cRLaL-khA4e88C8rIljupR2KSKTT0KLw10wSBz-ScINtbxdJWQ==&uniplatform=NZKPT&language=CHS,,1955,,,中华放射学杂志,游走脾
2358,CNKI,https://kns.cnki.net/kcms2/article/abstract?v=DgjXjbKQq8f9E1EVJOn6QL6AQX0QJxz6v855MKkWTBVCO6Vis4dhERp1fxnfCIsk7iG3AljfSLN1g77xB_LHu6XgB6jMh0ustRdrJ0-MSvjhD2OsOfkXO3Heb3iuYu5-NMij01fG2ikoY6LhC1_CJ5tmyoGDdGLMU-yIp1vpAzU3zmveaTYnbQ==&uniplatform=NZKPT&language=CHS,,1959,,,中华外科杂志,游走脾引起肠梗阻
2359,CNKI,https://kns.cnki.net/kcms2/article/abstract?v=DgjXjbKQq8fcEruWNIyTTJCpTHvv-QO5C1Zr7dVxbYiB114GLLtII0KbBm7rK-WKqxxYFWES6hosem7ing-pC2SIU1yIXiZBD4YA0Sot_xrUdoOiUOQxKSVkqeXy7qG-xLtgppogJjtQuMUpKflOniyZy0n5r7Pduw2Q0FpPXZ86wHpYv_jv7w==&uniplatform=NZKPT&language=CHS,,1956,,,中华外科杂志,游走脾嵌入盆腔内引起的肠梗阻
2360,CNKI,https://kns.cnki.net/kcms2/article/abstract?v=DgjXjbKQq8drwNqkV18FdNcWwubKfwHPKg3WwLE165jGRzKnV21ZS3npmfMCimzFpiRPtZfo8Zzqzuib056n2pU1H43JmEWbYfeSrl6b0swTjBD7Cp8roqmvfLRsGFvZ8pdNqiymdiL1Vy4muBBqd00I26RiZXm6UcnC3FsiYavThK8R_Y3nUQ==&uniplatform=NZKPT&language=CHS,,1953,,,中华外科杂志,游动脾合并脾蒂扭转
2361,CNKI,https://kns.cnki.net/kcms2/article/abstract?v=DgjXjbKQq8ea0YijLb4AA549VGjqRaMP8a4t1gkdnw9hvdZWTSCj-h7eRPRJS7SBfwHbtDBW4rgZlZtboIBvh9eLBhxEMKZOcnxl0glpXxqKnp4Tuq1t3E7ou-2Xy1W5cimugG3NI51F6sBjx14wi5k7eYH2L5FxOQe8EF-smSoo1vz9dL4hjw==&uniplatform=NZKPT&language=CHS,,1958,,,中华医学杂志,人工气腹并发脾蒂扭转一例
1899,Wanfang,https://d.wanfangdata.com.cn/periodical/CiBQZXJpb2RpY2FsQ0hJU29scjkyMDI2MDkxNTE0MjIxORIPbGN3a3p6MjAyNjAyMDEwGghpYjFiMnVoeg%3D%3D,T2 title+author+year,2026,吴昕,10.3969/j.issn.1005-6483.20250307,临床外科杂志,游走脾脾蒂扭转致脾梗死一例
1897,Wanfang,https://d.wanfangdata.com.cn/periodical/CiBQZXJpb2RpY2FsQ0hJU29scjkyMDI2MDkxNTE0MjIxORIPemhwdHdrMjAyNjA4MDAzGghpYjFiMnVoeg%3D%3D,T2 title+author+year,2026,宋斌,10.3760/cma.j.cn113855-20241206-00759,中华普通外科杂志,游走脾伴胰腺炎、胃扭转及结肠梗阻1例
49,Wanfang,https://d.wanfangdata.com.cn/periodical/CiBQZXJpb2RpY2FsQ0hJU29scjkyMDI2MDkxNTE0MjIxORINemh5eDIwMjUyOTAwORoIaWIxYjJ1aHo%3D,T1 DOI,2025,赵娜,10.3760/cma.j.cn112137-20250227-00466,中华医学杂志,儿童脾扭转的超声表现
1904,Wanfang,https://d.wanfangdata.com.cn/periodical/CiBQZXJpb2RpY2FsQ0hJU29scjkyMDI2MDkxNTE0MjIxORIRemd5eHl4anMyMDI1MDQwMzUaCGliMWIydWh6,T1 DOI,2025,江远航,10.13929/j.issn.1003-3289.2025.04.035,中国医学影像技术,胸膜异位脾种植1例
1921,Wanfang,https://d.wanfangdata.com.cn/periodical/CiBQZXJpb2RpY2FsQ0hJU29scjkyMDI2MDkxNTE0MjIxORIPemhwdHdrMjAyMzA5MDExGghpYjFiMnVoeg%3D%3D,T2 title+author+year,2023,张金山,10.3760/cma.j.cn113855-20230217-00066,中华普通外科杂志,“十字”切口型腹膜囊袋脾固定术治疗先天性游走脾伴扭转
1517,Wanfang,https://d.wanfangdata.com.cn/periodical/CiBQZXJpb2RpY2FsQ0hJU29scjkyMDI2MDkxNTE0MjIxORIRemd5eHl4anMyMDI1MDQwNDYaCGliMWIydWh6,T1 DOI,2025,夏一凡,10.13929/j.issn.1003-3289.2025.04.045,中国医学影像技术,1例肝内异位脾CT及MRI表现
1619,Wanfang,https://d.wanfangdata.com.cn/periodical/CiBQZXJpb2RpY2FsQ0hJU29scjkyMDI2MDkxNTE0MjIxORIQamllcHh6ejIwMjYwMTAxMRoIaWIxYjJ1aHo%3D,T1 DOI,2026,蒋丽静,10.3760/cma.j.cn101202-20250216-00041,中华解剖与临床杂志,盆腔脾种植1例
1907,Wanfang,https://d.wanfangdata.com.cn/periodical/CiBQZXJpb2RpY2FsQ0hJU29scjkyMDI2MDkxNTE0MjIxORIaemd5eHd6LWpoc3lmY2t4ZmMyMDI1MDIwMTEaCGliMWIydWh6,T2 title+author+year,2025,许阡,10.3969/j.issn.1674-4020.2025.02.11,中国计划生育和妇产科,异位脾种植误诊为深部浸润型子宫内膜异位症1例
1908,Wanfang,https://d.wanfangdata.com.cn/periodical/CiBQZXJpb2RpY2FsQ0hJU29scjkyMDI2MDkxNTE0MjIxORIQZ2R5d2t6ejIwMjUwMjAxMBoIaWIxYjJ1aHo%3D,T2 title+author+year,2025,陈鹏,10.11952/j.issn.1007-1954.2025.02.010,肝胆胰外科杂志,脾切除术后腹腔异位脾种植二例
1903,Wanfang,https://d.wanfangdata.com.cn/periodical/CiBQZXJpb2RpY2FsQ0hJU29scjkyMDI2MDkxNTE0MjIxORIQc3lmc3h6ejIwMjUwNTA0MhoIaWIxYjJ1aHo%3D,T2 title+author+year,2025,贾永军,10.3969/j.issn.1002-1671.2025.05.042,实用放射学杂志,胸腔异位脾1例
1898,Wanfang,https://d.wanfangdata.com.cn/periodical/CiBQZXJpb2RpY2FsQ0hJU29scjkyMDI2MDkxNTE0MjIxORIPbGN3end6MjAyNjEwMDA0GghpYjFiMnVoeg%3D%3D,T2 title+author+year,2026,郝俊宽,10.3969/j.issn.1002-3429.2026.10.004,临床误诊误治,罕见脾异位妊娠临床误诊分析及多学科救治经验
1900,Wanfang,https://d.wanfangdata.com.cn/periodical/CiBQZXJpb2RpY2FsQ0hJU29scjkyMDI2MDkxNTE0MjIxORIRaGFpbmFueXgyMDI1MjEwMjIaCGliMWIydWh6,T2 title+author+year,2025,梁锦程,10.3969/j.issn.1003-6350.2025.21.022,海南医学,盆腔异位脾种植一例
1912,Wanfang,https://d.wanfangdata.com.cn/periodical/CiBQZXJpb2RpY2FsQ0hJU29scjkyMDI2MDkxNTE0MjIxORIRZnl5eGR6enoyMDI0MDUwMDgaCGliMWIydWh6,T2 title+author+year,2024,李拴玲,10.3969/j.issn.2095-5340.2024.05.008,发育医学电子杂志,儿童脾扭转诊治的单中心回顾性研究
1905,Wanfang,https://d.wanfangdata.com.cn/periodical/CiBQZXJpb2RpY2FsQ0hJU29scjkyMDI2MDkxNTE0MjIxORIQemRibHh6ejIwMjUwNTAzMRoIaWIxYjJ1aHo%3D,T2 title+author+year,2025,黄莉,10.3969/j.issn.1007-8096.2025.05.031,诊断病理学杂志,胸腔异位脾种植1例
1902,Wanfang,https://d.wanfangdata.com.cn/periodical/CiBQZXJpb2RpY2FsQ0hJU29scjkyMDI2MDkxNTE0MjIxORITemdjdGhtcml6ejIwMjUwOTA2MBoIaWIxYjJ1aHo%3D,T2 title+author+year,2025,黄思婷,10.3969/j.issn.1672-5131.2025.09.060,中国CT和MRI杂志,胃多发异位脾种植1例
2053,Wanfang,https://d.wanfangdata.com.cn/periodical/CiBQZXJpb2RpY2FsQ0hJU29scjkyMDI2MDkxNTE0MjIxORIPemhjc3l4MjAxMjExMDE1GghpYjFiMnVoeg%3D%3D,T2 title+author+year,2012,张飞雪,10.3760/cma.j.issn.1004-4477.2012.11.015,中华超声影像学杂志,超声诊断小儿游走脾并脾扭转、脾梗死1例
2093,Wanfang,https://d.wanfangdata.com.cn/periodical/CiBQZXJpb2RpY2FsQ0hJU29scjkyMDI2MDkxNTE0MjIxORIQbGNmc3h6ejIwMDkwODA1NBoIaWIxYjJ1aHo%3D,T2 title+author+year,2009,肖立志,,临床放射学杂志,游走脾并脾扭转一例
1909,Wanfang,https://d.wanfangdata.com.cn/periodical/CiBQZXJpb2RpY2FsQ0hJU29scjkyMDI2MDkxNTE0MjIxORIPemd4Y3l5MjAyNDIyMDI1GghpYjFiMnVoeg%3D%3D,T1 DOI,2024,张晨翔,10.19542/j.cnki.1006-5180.2311-140,中国乡村医药,以急腹症表现的儿童游走脾伴脾功能亢进1例
1521,Wanfang,https://d.wanfangdata.com.cn/periodical/CiBQZXJpb2RpY2FsQ0hJU29scjkyMDI2MDkxNTE0MjIxORIRbGN4ZXdrenoyMDIzMDIwMTYaCGliMWIydWh6,T2 title+author+year,2023,李立帜,10.3760/cma.j.cn101785—202205024—016,临床小儿外科杂志,小儿脾韧带缺如并原位脾扭转1例并文献复习
1916,Wanfang,https://d.wanfangdata.com.cn/periodical/CiBQZXJpb2RpY2FsQ0hJU29scjkyMDI2MDkxNTE0MjIxORIQemRibHh6ejIwMjQwMzAyNRoIaWIxYjJ1aHo%3D,T2 title+author+year,2024,王研静,10.3969/j.issn.1007-8096.2024.03.024,诊断病理学杂志,肝内异位脾1例及文献复习
1933,Wanfang,https://d.wanfangdata.com.cn/periodical/CiBQZXJpb2RpY2FsQ0hJU29scjkyMDI2MDkxNTE0MjIxORINd2p5eDIwMjIxMjAxNhoIaWIxYjJ1aHo%3D,T2 title+author+year,2022,杜明华,10.3969/j.issn.1004-3594.2022.12.016,武警医学,游走脾急腹症1例
2083,Wanfang,https://d.wanfangdata.com.cn/periodical/CiBQZXJpb2RpY2FsQ0hJU29scjkyMDI2MDkxNTE0MjIxORIVemd6eHlqaHl4eHp6MjAxMDAxMDI0GghpYjFiMnVoeg%3D%3D,T2 title+author+year,2010,姜传武,10.3969/j.issn.1672-0512.2010.01.024,中国中西医结合影像学杂志,游走脾的诊治进展
2045,Wanfang,https://d.wanfangdata.com.cn/periodical/CiBQZXJpb2RpY2FsQ0hJU29scjkyMDI2MDkxNTE0MjIxORITemdsY3l4eXh6ejIwMTMwNzAwNBoIaWIxYjJ1aHo%3D,T2 title+author+year,2013,宋宴鹏,10.3969/j.issn.1008-1062.2013.07.004,中国临床医学影像杂志,超声诊断游走脾并脾扭转1例
1920,Wanfang,https://d.wanfangdata.com.cn/periodical/CiBQZXJpb2RpY2FsQ0hJU29scjkyMDI2MDkxNTE0MjIxORIQZnFqd2t6ejIwMjMxMDAxOBoIaWIxYjJ1aHo%3D,T1 DOI,2023,于斐,10.13499/j.cnki.fqjwkzz.2023.10.799,腹腔镜外科杂志,游走脾伴蒂扭转1例
2362,Wanfang,https://d.wanfangdata.com.cn/periodical/CiBQZXJpb2RpY2FsQ0hJU29scjkyMDI2MDkxNTE0MjIxORINeHJ3azE5OTkwMTA0ORoIaWIxYjJ1aHo%3D,,1999,高鹏,10.3760/cma.j.issn.0253-3006.1999.01.049,中华小儿外科杂志,急性脾扭转3例
1922,Wanfang,https://d.wanfangdata.com.cn/periodical/CiBQZXJpb2RpY2FsQ0hJU29scjkyMDI2MDkxNTE0MjIxORITemd4ZHB0d2tqejIwMjMwOTAxORoIaWIxYjJ1aHo%3D,T2 title+author+year,2023,王秋菊,10.3969/j.issn.1009-9905.2023.09.019,中国现代普通外科进展,儿童游走脾伴蒂扭转、脾梗死1例
1948,Wanfang,https://d.wanfangdata.com.cn/periodical/CiBQZXJpb2RpY2FsQ0hJU29scjkyMDI2MDkxNTE0MjIxORIQZ2R5d2t6ejIwMjEwMTAxMhoIaWIxYjJ1aHo%3D,T2 title+author+year,2021,余洲,10.11952/j.issn.1007-1954.2021.01.011,肝胆胰外科杂志,游走脾扭转致梗死一例
2363,Wanfang,https://d.wanfangdata.com.cn/periodical/CiBQZXJpb2RpY2FsQ0hJU29scjkyMDI2MDkxNTE0MjIxORIQcWszXzAwMDAzNTYzMDk1NRoIaWIxYjJ1aHo%3D,,2026,董伊迪,10.12373/jcyxlt.2026.01.23766,基层医学论坛（新加坡学术出版社）,伴有脾动脉钙化的异位脾扭转 1 例
2364,Wanfang,https://d.wanfangdata.com.cn/periodical/CiBQZXJpb2RpY2FsQ0hJU29scjkyMDI2MDkxNTE0MjIxORIPemhjc3l4MjAwMTAyMDMxGghpYjFiMnVoeg%3D%3D,,2001,郑力,10.3760/j.issn:1004-4477.2001.02.031,中华超声影像学杂志,超声诊断小儿游走脾伴脾蒂扭转2例
1901,Wanfang,https://d.wanfangdata.com.cn/periodical/CiBQZXJpb2RpY2FsQ0hJU29scjkyMDI2MDkxNTE0MjIxORIQZnFqd2t6ejIwMjUwOTAxNhoIaWIxYjJ1aHo%3D,T1 DOI,2025,张卓,10.13499/j.cnki.fqjwkzz.2025.09.719,腹腔镜外科杂志,脾异位于阴囊的先天性腹股沟疝伴隐睾1例报告
1924,Wanfang,https://d.wanfangdata.com.cn/periodical/CiBQZXJpb2RpY2FsQ0hJU29scjkyMDI2MDkxNTE0MjIxORIQeXh5eHh6ejIwMjMwNzAxNRoIaWIxYjJ1aHo%3D,T2 title+author+year,2023,包惠桢,,医学影像学杂志,腹膜后异位脾18 F-FDG PET/CT显像1例
1929,Wanfang,https://d.wanfangdata.com.cn/periodical/CiBQZXJpb2RpY2FsQ0hJU29scjkyMDI2MDkxNTE0MjIxORIQeXh5eHh6ejIwMjMwMjA1MxoIaWIxYjJ1aHo%3D,T2 title+author+year,2023,卜碧玉,,医学影像学杂志,腹膜后异位脾罕见影像表现1例
2365,Wanfang,https://d.wanfangdata.com.cn/periodical/CiBQZXJpb2RpY2FsQ0hJU29scjkyMDI2MDkxNTE0MjIxORIOemhmc3gyMDA1MTAwMjUaCGliMWIydWh6,,2005,,10.3760/j.issn:1005-1201.2005.10.025,中华放射学杂志,游走脾并脾蒂扭转二例
1906,Wanfang,https://d.wanfangdata.com.cn/periodical/CiBQZXJpb2RpY2FsQ0hJU29scjkyMDI2MDkxNTE0MjIxORIRbGluY2p5enoyMDI1MDMwMjkaCGliMWIydWh6,T1 DOI,2025,孔明,10.16680/j.1671-3826.2025.03.29,临床军医杂志,盆腔腹膜后异位副脾误诊1例
1923,Wanfang,https://d.wanfangdata.com.cn/periodical/CiBQZXJpb2RpY2FsQ0hJU29scjkyMDI2MDkxNTE0MjIxORIPemd4Y3l5MjAyMzE3MDI0GghpYjFiMnVoeg%3D%3D,T2 title+author+year,2023,韩晓静,10.3969/j.issn.1006-5180.2023.17.024,中国乡村医药,内镜全层切除术治疗胃底异位脾1例
1931,Wanfang,https://d.wanfangdata.com.cn/periodical/CiBQZXJpb2RpY2FsQ0hJU29scjkyMDI2MDkxNTE0MjIxORIRZ2p5eXdzZGIyMDIzMDIwMzAaCGliMWIydWh6,T2 title+author+year,2023,侯国旗,10.3760/cma.j.issn.1007-1245.2023.02.030,国际医药卫生导报,胃底异位脾种植合并胃角高级别上皮内瘤变内镜下治疗1例并文献复习
1533,Wanfang,https://d.wanfangdata.com.cn/periodical/CiBQZXJpb2RpY2FsQ0hJU29scjkyMDI2MDkxNTE0MjIxORIQamZqeXh6ejIwMjAwMzAxNhoIaWIxYjJ1aHo%3D,T1 DOI,2020,马倩,10.11855/j.issn.0577-7402.2020.03.16,解放军医学杂志,腹腔异位脾的临床及病理特征分析:13例报告
2366,Wanfang,https://d.wanfangdata.com.cn/periodical/CiBQZXJpb2RpY2FsQ0hJU29scjkyMDI2MDkxNTE0MjIxORISemdianl5LWtwMjAyMTI0MDcxGghpYjFiMnVoeg%3D%3D,,2021,李林林,,中国保健营养,儿童脾扭转1例
2070,Wanfang,https://d.wanfangdata.com.cn/periodical/CiBQZXJpb2RpY2FsQ0hJU29scjkyMDI2MDkxNTE0MjIxORIOZnN4c2oyMDExMDQwNDEaCGliMWIydWh6,T2 title+author+year,2011,黄从刚,10.3969/j.issn.1000-0313.2011.04.041,放射学实践,CT诊断儿童游走脾伴脾蒂扭转一例
1523,Wanfang,https://d.wanfangdata.com.cn/periodical/CiBQZXJpb2RpY2FsQ0hJU29scjkyMDI2MDkxNTE0MjIxORIPemhnZHdrMjAyMjA3MDE1GghpYjFiMnVoeg%3D%3D,T1 DOI,2022,侯娟,10.3760/cma.j.cn113884-20220210-00055,中华肝胆外科杂志,肝内异位脾种植误诊为肝癌1例
2024,Wanfang,https://d.wanfangdata.com.cn/periodical/CiBQZXJpb2RpY2FsQ0hJU29scjkyMDI2MDkxNTE0MjIxORIRemdjc3l4enoyMDE0MDkwMzUaCGliMWIydWh6,T2 title+author+year,2014,王媛媛,10.3969/j.issn.1002-0101.2014.09.035,中国超声医学杂志,超声诊断内脏反位伴多脾合并游走脾扭转1例
1573,Wanfang,https://d.wanfangdata.com.cn/periodical/CiBQZXJpb2RpY2FsQ0hJU29scjkyMDI2MDkxNTE0MjIxORIRemd5eHl4anMyMDE4MTIwMjkaCGliMWIydWh6,T1 DOI,2018,刘敏,10.13929/j.1003-3289.201803054,中国医学影像技术,脾扭转1例
1607,Wanfang,https://d.wanfangdata.com.cn/periodical/CiBQZXJpb2RpY2FsQ0hJU29scjkyMDI2MDkxNTE0MjIxORIRemd5eHl4anMyMDIwMDEwMjEaCGliMWIydWh6,T1 DOI,2020,李磊,10.13929/j.issn.1003-3289.2020.01.020,中国医学影像技术,胃底异位脾种植1例
2321,Wanfang,https://d.wanfangdata.com.cn/periodical/CiBQZXJpb2RpY2FsQ0hJU29scjkyMDI2MDkxNTE0MjIxORINeHJ3azE5ODQwMjAzNhoIaWIxYjJ1aHo%3D,T2 title+author+year,1984,吕昭明,10.3760/cma.j.issn.0253-3006.1984.02.036,中华小儿外科杂志,游走脾伴脾蒂扭转1例报告
2367,Wanfang,https://d.wanfangdata.com.cn/periodical/CiBQZXJpb2RpY2FsQ0hJU29scjkyMDI2MDkxNTE0MjIxORIRbGN4ZXdrenoyMDE0MDQwMzYaCGliMWIydWh6,,2014,张小波,10.3969/j.issn.1671-6353.2014.04.034,临床小儿外科杂志,儿童游走脾并蒂扭转、脾坏死1例
2368,Wanfang,https://d.wanfangdata.com.cn/periodical/CiBQZXJpb2RpY2FsQ0hJU29scjkyMDI2MDkxNTE0MjIxORIRbGNjc3l4enoyMDA0MDQwMzgaCGliMWIydWh6,,2004,高峰,10.3969/j.issn.1008-6978.2004.04.038,临床超声医学杂志,游离脾扭转1例
1935,Wanfang,https://d.wanfangdata.com.cn/periodical/CiBQZXJpb2RpY2FsQ0hJU29scjkyMDI2MDkxNTE0MjIxORITemd4ZHB0d2tqejIwMjIwNTAwMhoIaWIxYjJ1aHo%3D,T2 title+author+year,2022,陈冠宇,10.3969/j.issn.1009-9905.2022.05.002,中国现代普通外科进展,降结肠内异位脾种植1例
1955,Wanfang,https://d.wanfangdata.com.cn/periodical/CiBQZXJpb2RpY2FsQ0hJU29scjkyMDI2MDkxNTE0MjIxORIRbGN4ZXdrenoyMDIwMDMwMDIaCGliMWIydWh6,T2 title+author+year,2020,孙驰,10.3969/j.issn.1671-6353.2020.03.017,临床小儿外科杂志,腹腔镜梗死脾切除、残余脾腹膜后固定术治疗游走脾扭转2例并文献复习
1987,Wanfang,https://d.wanfangdata.com.cn/periodical/CiBQZXJpb2RpY2FsQ0hJU29scjkyMDI2MDkxNTE0MjIxORIQemhnemJ6ejIwMTgwMjAxNBoIaWIxYjJ1aHo%3D,T2 title+author+year,2018,李莹,10.3760/cma.j.issn.1007-3418.2018.02.014,中华肝脏病杂志,膈肌下异位脾种植误诊为肝脏肿瘤1例
2026,Wanfang,https://d.wanfangdata.com.cn/periodical/CiBQZXJpb2RpY2FsQ0hJU29scjkyMDI2MDkxNTE0MjIxORIPemhnZHdrMjAxNDA4MDEwGghpYjFiMnVoeg%3D%3D,T2 title+author+year,2014,张春礼,10.3760/cma.j.issn.1007-8118.2014.08.010,中华肝胆外科杂志,脾破裂脾脏切除术后异位脾种植15例诊治经验
2047,Wanfang,https://d.wanfangdata.com.cn/periodical/CiBQZXJpb2RpY2FsQ0hJU29scjkyMDI2MDkxNTE0MjIxORIPemhnZHdrMjAxMzA2MDE2GghpYjFiMnVoeg%3D%3D,T2 title+author+year,2013,阮佳莉,10.3760/cma.j.issn.1007-8118.2013.06.016,中华肝胆外科杂志,脾破裂后肝内异位脾种植
1659,Wanfang,https://d.wanfangdata.com.cn/periodical/CiBQZXJpb2RpY2FsQ0hJU29scjkyMDI2MDkxNTE0MjIxORIOemhmc3gyMDEyMTEwMjUaCGliMWIydWh6,T1 DOI,2012,赵小英,10.3760/cma.j.issn.1005-1201.2012.11.025,中华放射学杂志,游走脾一例
1944,Wanfang,https://d.wanfangdata.com.cn/periodical/CiBQZXJpb2RpY2FsQ0hJU29scjkyMDI2MDkxNTE0MjIxORITeXh6ZHlqcmZzeDIwMjEwMjAwOBoIaWIxYjJ1aHo%3D,T2 title+author+year,2021,郑星,10.3969/j.issn.1005-8001.2021.02.006,影像诊断与介入放射学,腹腔异位脾种植的影像学特征及误诊分析
1946,Wanfang,https://d.wanfangdata.com.cn/periodical/CiBQZXJpb2RpY2FsQ0hJU29scjkyMDI2MDkxNTE0MjIxORINZmJ3azIwMjEwMTAxORoIaWIxYjJ1aHo%3D,T2 title+author+year,2021,杨子祯,10.3969/j.issn.1003-5591.2021.01.018,腹部外科,肝脏及腹腔多发异位脾误诊一例
1943,Wanfang,https://d.wanfangdata.com.cn/periodical/CiBQZXJpb2RpY2FsQ0hJU29scjkyMDI2MDkxNTE0MjIxORIPeXNqeHp6MjAyMTA2MDE5GghpYjFiMnVoeg%3D%3D,T2 title+author+year,2021,陈媛,10.3760/cma.j.cn115455-20200318-00314,中国医师进修杂志,游走脾合并胃扭转、左侧膈疝一例报告并文献复习
1934,Wanfang,https://d.wanfangdata.com.cn/periodical/CiBQZXJpb2RpY2FsQ0hJU29scjkyMDI2MDkxNTE0MjIxORISbGNwd2tkenp6MjAyMjAzMDUwGghpYjFiMnVoeg%3D%3D,T2 title+author+year,2022,祝路民,10.3969/j.issn.2095-5308.2022.03.050,临床普外科电子杂志,1例异位脾种植到第二肝门的临床病例报道
1552,Wanfang,https://d.wanfangdata.com.cn/periodical/CiBQZXJpb2RpY2FsQ0hJU29scjkyMDI2MDkxNTE0MjIxORITemdqcnl4eXpseDIwMTYwOTAxNhoIaWIxYjJ1aHo%3D,T1 DOI,2016,廖凤琴,10.13929/j.1672-8475.2016.09.016,中国介入影像与治疗学,经阴道超声误诊大网膜异位脾1例
2121,Wanfang,https://d.wanfangdata.com.cn/periodical/CiBQZXJpb2RpY2FsQ0hJU29scjkyMDI2MDkxNTE0MjIxORIPemhwdHdrMjAwNjA4MDMzGghpYjFiMnVoeg%3D%3D,T2 title+author+year,2006,朱瑞森,10.3760/j.issn:1007-631x.2006.08.033,中华普通外科杂志,使用99mTc-热变性红细胞脾显像诊断异位脾种植二例
2369,Wanfang,https://d.wanfangdata.com.cn/periodical/CiBQZXJpb2RpY2FsQ0hJU29scjkyMDI2MDkxNTE0MjIxORIRemhxZ3l6OTgyMDA0MDIwMTgaCGliMWIydWh6,,2004,王毓利,10.3760/cma.j.issn.0254-1785.2004.02.018,中华器官移植杂志,套管法大鼠异位脾移植模型的制作
2039,Wanfang,https://d.wanfangdata.com.cn/periodical/CiBQZXJpb2RpY2FsQ0hJU29scjkyMDI2MDkxNTE0MjIxORILanEyMDEzMTEwMDYaCGliMWIydWh6,T2 title+author+year,2013,刘占斌,10.3969/j.issn.1673-0135.2013.11.006,中国工作犬业,犬游走脾的诊断与治疗
2156,Wanfang,https://d.wanfangdata.com.cn/periodical/CiBQZXJpb2RpY2FsQ0hJU29scjkyMDI2MDkxNTE0MjIxORIRemdzeXdrenoyMDAzMDgwMjYaCGliMWIydWh6,T3 similar title+author+year,2003,张敬杰,10.3321/j.issn:1005-2208.2003.08.026,中国实用外科杂志,异位脾种植
1913,Wanfang,https://d.wanfangdata.com.cn/periodical/CiBQZXJpb2RpY2FsQ0hJU29scjkyMDI2MDkxNTE0MjIxORIQZ2R5d2t6ejIwMjQwNjAxNhoIaWIxYjJ1aHo%3D,T2 title+author+year,2024,黄小燕,10.11952/j.issn.1007-1954.2024.06.011,肝胆胰外科杂志,儿童游离脾伴脾蒂及胰尾扭转一例
2167,Wanfang,https://d.wanfangdata.com.cn/periodical/CiBQZXJpb2RpY2FsQ0hJU29scjkyMDI2MDkxNTE0MjIxORIRemdjc3l4enoyMDAyMDYwMjcaCGliMWIydWh6,T2 title+author+year,2002,张守红,10.3969/j.issn.1002-0101.2002.06.027,中国超声医学杂志,超声诊断游走脾1例
2034,Wanfang,https://d.wanfangdata.com.cn/periodical/CiBQZXJpb2RpY2FsQ0hJU29scjkyMDI2MDkxNTE0MjIxORIPemhnZHdrMjAxNDA2MDAyGghpYjFiMnVoeg%3D%3D,T2 title+author+year,2014,李智勇,10.3760/cma.j.issn.1007-8118.2014.06.002,中华肝胆外科杂志,游走脾伴脾亢一例
2037,Wanfang,https://d.wanfangdata.com.cn/periodical/CiBQZXJpb2RpY2FsQ0hJU29scjkyMDI2MDkxNTE0MjIxORINemh5eDIwMTQxNTAyMhoIaWIxYjJ1aHo%3D,T2 title+author+year,2014,吉帆,10.3760/cma.j.issn.0376-2491.2014.15.022,中华医学杂志,能谱CT误诊胃底异位脾种植为胃间质瘤一例
2042,Wanfang,https://d.wanfangdata.com.cn/periodical/CiBQZXJpb2RpY2FsQ0hJU29scjkyMDI2MDkxNTE0MjIxORINeGh3azIwMTMwODAyMBoIaWIxYjJ1aHo%3D,T2 title+author+year,2013,彭晨,10.3760/cma.j.issn.1673-9752.2013.08.020,中华消化外科杂志,游走脾伴蒂扭转一例
2370,Wanfang,https://d.wanfangdata.com.cn/periodical/CiBQZXJpb2RpY2FsQ0hJU29scjkyMDI2MDkxNTE0MjIxORITemh4aG5qeno5ODIwMTIwMjAyMhoIaWIxYjJ1aHo%3D,,2012,杨景波,10.3760/cma.j.issn.1007-5232.2012.02.022,中华消化内镜杂志,胃底异位脾种植误诊为间质瘤一例
2371,Wanfang,https://d.wanfangdata.com.cn/periodical/CiBQZXJpb2RpY2FsQ0hJU29scjkyMDI2MDkxNTE0MjIxORIPemhjc3l4MjAwMzAyMDI3GghpYjFiMnVoeg%3D%3D,,2003,卢晓新,10.3760/j.issn:1004-4477.2003.02.027,中华超声影像学杂志,异位脾扭转合并副脾误诊1例
2063,Wanfang,https://d.wanfangdata.com.cn/periodical/CiBQZXJpb2RpY2FsQ0hJU29scjkyMDI2MDkxNTE0MjIxORINeHJ3azIwMTEwNzAyNhoIaWIxYjJ1aHo%3D,T2 title+author+year,2011,孙驰,10.3760/cma.j.issn.0253-3006.2011.07.026,中华小儿外科杂志,腹腔镜脾部分切除、残余脾腹膜外固定术治疗游走脾并扭转一例
2080,Wanfang,https://d.wanfangdata.com.cn/periodical/CiBQZXJpb2RpY2FsQ0hJU29scjkyMDI2MDkxNTE0MjIxORIPemh4aHp6MjAxMDA1MDE4GghpYjFiMnVoeg%3D%3D,T2 title+author+year,2010,曹海龙,10.3760/cma.j.issn.0254-1432.2010.05.017,中华消化杂志,成人游走脾伴胃扭转及难治性贫血
2223,Wanfang,https://d.wanfangdata.com.cn/periodical/CiBQZXJpb2RpY2FsQ0hJU29scjkyMDI2MDkxNTE0MjIxORINeHJ3azE5OTcwNDAzORoIaWIxYjJ1aHo%3D,T2 title+author+year,1997,金惠铭,10.3760/cma.j.issn.0253-3006.1997.04.039,中华小儿外科杂志,膈膨升合并胃扭转、游走脾扭转坏死1例
2099,Wanfang,https://d.wanfangdata.com.cn/periodical/CiBQZXJpb2RpY2FsQ0hJU29scjkyMDI2MDkxNTE0MjIxORIOZnN4c2oyMDA4MTEwMzAaCGliMWIydWh6,T2 title+author+year,2008,胡杉,10.3969/j.issn.1000-0313.2008.11.030,放射学实践,肠系膜异位脾种植一例
2126,Wanfang,https://d.wanfangdata.com.cn/periodical/CiBQZXJpb2RpY2FsQ0hJU29scjkyMDI2MDkxNTE0MjIxORIPemhjc3l4MjAwNjAzMDMwGghpYjFiMnVoeg%3D%3D,T2 title+author+year,2006,杨琰,10.3760/j.issn:1004-4477.2006.03.030,中华超声影像学杂志,右下腹异位脾组织增生超声表现1例
2372,Wanfang,https://d.wanfangdata.com.cn/periodical/CiBQZXJpb2RpY2FsQ0hJU29scjkyMDI2MDkxNTE0MjIxORIRemd3Y3drenoyMDAxMDMwMjgaCGliMWIydWh6,,2001,张敬杰,10.3760/cma.j.issn.1671-0274.2001.03.028,中华胃肠外科杂志,胃内异位脾种植一例
2373,Wanfang,https://d.wanfangdata.com.cn/periodical/CiBQZXJpb2RpY2FsQ0hJU29scjkyMDI2MDkxNTE0MjIxORINemh5eDIwMDAwMTAzMRoIaWIxYjJ1aHo%3D,,2000,李索林,10.3760/j:issn:0376-2491.2000.01.031,中华医学杂志,游走脾并发胃扭转三例
2187,Wanfang,https://d.wanfangdata.com.cn/periodical/CiBQZXJpb2RpY2FsQ0hJU29scjkyMDI2MDkxNTE0MjIxORITemdtdGd5eXh6ejIwMDAxMTEwMBoIaWIxYjJ1aHo%3D,T2 title+author+year,2000,李小奎,10.3969/j.issn.1007-9564.2000.11.100,中国煤炭工业医学杂志,游走脾并蒂扭转1例报告
2374,Wanfang,https://d.wanfangdata.com.cn/periodical/CiBQZXJpb2RpY2FsQ0hJU29scjkyMDI2MDkxNTE0MjIxORIRemd5eHl4anMxOTk4MTEwNDYaCGliMWIydWh6,,1998,代景儒,10.3321/j.issn:1003-3289.1998.11.046,中国医学影像技术,异位脾致局限性球形膈膨出1例
2212,Wanfang,https://d.wanfangdata.com.cn/periodical/CiBQZXJpb2RpY2FsQ0hJU29scjkyMDI2MDkxNTE0MjIxORIPemhnZHdrMTk5ODAzMDI4GghpYjFiMnVoeg%3D%3D,T2 title+author+year,1998,周玉翠,10.3760/cma.j.issn.1007-8118.1998.03.028,中华肝胆外科杂志,巨大游走脾一例报告
2375,Wanfang,https://d.wanfangdata.com.cn/periodical/CiBQZXJpb2RpY2FsQ0hJU29scjkyMDI2MDkxNTE0MjIxORINeHJ3azE5OTYwNTAzORoIaWIxYjJ1aHo%3D,,1996,王焕民,10.3760/cma.j.issn.0253-3006.1996.05.039,中华小儿外科杂志,脾扭转致无菌性脾坏死纤维化1例
2376,Wanfang,https://d.wanfangdata.com.cn/periodical/CiBQZXJpb2RpY2FsQ0hJU29scjkyMDI2MDkxNTE0MjIxORIUemdwd2pjeWxjenoyMDAwMDYwNDAaCGliMWIydWh6,,2000,曹龙,10.3969/j.issn.1007-9424.2000.06.040,中国普外基础与临床杂志,游走脾伴脾蒂扭转1例报告
1970,Wanfang,https://d.wanfangdata.com.cn/periodical/CiBQZXJpb2RpY2FsQ0hJU29scjkyMDI2MDkxNTE0MjIxORITemdqcnl4eXpseDIwMTkwODAxORoIaWIxYjJ1aHo%3D,T1 DOI,2019,屠英暄,10.13929/j.1672-8475.201903024,中国介入影像与治疗学,肝内异位脾种植超声表现1例
2377,Wanfang,https://d.wanfangdata.com.cn/periodical/CiBQZXJpb2RpY2FsQ0hJU29scjkyMDI2MDkxNTE0MjIxORIPemd4Y3l5MjAwMzAyMDU3GghpYjFiMnVoeg%3D%3D,,2003,杨友华,10.3969/j.issn.1006-5180.2003.02.057,中国乡村医药,游走脾并发扭转坏死1例
2378,Wanfang,https://d.wanfangdata.com.cn/thesis/Ch1UaGVzaXNOZXdTb2xyOVMyMDI2MDkxNjA5NDMzMhIIWTEwNjkwOTcaCGliMWIydWh6,,2007,温哲,,,肝脾固定术对肝前型门静脉高压症大鼠模型治疗作用的实验研究
1958,Wanfang,https://d.wanfangdata.com.cn/periodical/CiBQZXJpb2RpY2FsQ0hJU29scjkyMDI2MDkxNTE0MjIxORIPemhwdHdrMjAyMDAyMDI4GghpYjFiMnVoeg%3D%3D,T2 title+author+year,2020,陈家骏,10.3760.cma.j.issn.1007-631x.2020.02.028,中华普通外科杂志,游走脾伴蒂扭转梗死一例
2379,Wanfang,https://d.wanfangdata.com.cn/periodical/CiBQZXJpb2RpY2FsQ0hJU29scjkyMDI2MDkxNTE0MjIxORIQd2tsbHlzajIwMDIwMjAzNBoIaWIxYjJ1aHo%3D,,2002,高景忠,10.3969/j.issn.1007-9610.2002.02.034,外科理论与实践,游走脾并脾蒂扭转误诊粘连性肠梗阻一例报告
2379,Wanfang,https://d.wanfangdata.com.cn/periodical/CiBQZXJpb2RpY2FsQ0hJU29scjkyMDI2MDkxNTE0MjIxORIPbGN3a3p6MjAwMzAyMDQ1GghpYjFiMnVoeg%3D%3D,T3 similar title+author+year,2003,高景忠,10.3969/j.issn.1005-6483.2003.02.045,临床外科杂志,游走脾并脾蒂扭转误诊粘连性梗阻一例
2380,Wanfang,https://d.wanfangdata.com.cn/periodical/CiBQZXJpb2RpY2FsQ0hJU29scjkyMDI2MDkxNTE0MjIxORIOemhmc3gyMDAyMDYwMjYaCGliMWIydWh6,,2002,宋迪,10.3760/j.issn:1005-1201.2002.06.026,中华放射学杂志,盆腔异位脾一例
2092,Wanfang,https://d.wanfangdata.com.cn/periodical/CiBQZXJpb2RpY2FsQ0hJU29scjkyMDI2MDkxNTE0MjIxORIVemd6eHlqaHl4eHp6MjAwOTA0MDMwGghpYjFiMnVoeg%3D%3D,T2 title+author+year,2009,姜传武,10.3969/j.issn.1672-0512.2009.04.030,中国中西医结合影像学杂志,脾扭转的CT诊断1例
2152,Wanfang,https://d.wanfangdata.com.cn/periodical/CiBQZXJpb2RpY2FsQ0hJU29scjkyMDI2MDkxNTE0MjIxORIPc3l5anp6MjAwMzEyMDI3GghpYjFiMnVoeg%3D%3D,T2 title+author+year,2003,张秀娟,10.3969/j.issn.1671-5098.2003.12.027,实用医技杂志,超声诊断异位脾、脾蒂扭转1例
1983,Wanfang,https://d.wanfangdata.com.cn/periodical/CiBQZXJpb2RpY2FsQ0hJU29scjkyMDI2MDkxNTE0MjIxORIPamN5eGx0MjAxODEzMDgwGghpYjFiMnVoeg%3D%3D,T1 DOI,2018,魏志星,10.19435/j.1672-1721.2018.13.080,基层医学论坛,游走脾并蒂扭转1例
1969,Wanfang,https://d.wanfangdata.com.cn/periodical/CiBQZXJpb2RpY2FsQ0hJU29scjkyMDI2MDkxNTE0MjIxORIPemhjc3l4MjAxOTA4MDE5GghpYjFiMnVoeg%3D%3D,T2 title+author+year,2019,张明会,10.3760/cma.j.issn.1004‐4477.2019.08.018,中华超声影像学杂志,游走脾发育不良合并腹股沟疝超声表现1例
1968,Wanfang,https://d.wanfangdata.com.cn/periodical/CiBQZXJpb2RpY2FsQ0hJU29scjkyMDI2MDkxNTE0MjIxORIPc2h5eHl4MjAxOTA0MDE3GghpYjFiMnVoeg%3D%3D,T1 DOI,2019,张龙辉,10.19732/j.cnki.2096-6210.2019.04.014,肿瘤影像学,超微血管显像技术联合超声造影诊断肝内异位脾种植1例
1956,Wanfang,https://d.wanfangdata.com.cn/periodical/CiBQZXJpb2RpY2FsQ0hJU29scjkyMDI2MDkxNTE0MjIxORIQZnFqd2t6ejIwMjAwMzAyMBoIaWIxYjJ1aHo%3D,T1 DOI,2020,阮广营,10.13499/j.cnki.fqjwkzz.2020.03.239,腹腔镜外科杂志,腹腔镜切除异位脾扭转1例报告
1951,Wanfang,https://d.wanfangdata.com.cn/periodical/CiBQZXJpb2RpY2FsQ0hJU29scjkyMDI2MDkxNTE0MjIxORIPaHNqYnp6MjAyMDA0MDQyGghpYjFiMnVoeg%3D%3D,T2 title+author+year,2020,马克文,10.3969/j.issn.1009-3257.2020.04.041,罕少疾病杂志,小肠内异位脾种植1例
1955,Wanfang,https://d.wanfangdata.com.cn/periodical/CiBQZXJpb2RpY2FsQ0hJU29scjkyMDI2MDkxNTE0MjIxORIRbGN4ZXdrenoyMDIwMDMwMTgaCGliMWIydWh6,T1 DOI,2020,孙驰,10.3969/j.issn.1671-6353.2020.03.017,临床小儿外科杂志,腹腔镜梗死脾切除、残余脾腹膜后固定术治疗游走脾扭转2例并文献复习
1978,Wanfang,https://d.wanfangdata.com.cn/periodical/CiBQZXJpb2RpY2FsQ0hJU29scjkyMDI2MDkxNTE0MjIxORIPemhwdHdrMjAxODExMDI2GghpYjFiMnVoeg%3D%3D,T2 title+author+year,2018,耿宪杰,10.3760/cma.j.issn.1007-631x.2018.11.026,中华普通外科杂志,T型腹膜囊袋固定术治疗游走脾二例
1986,Wanfang,https://d.wanfangdata.com.cn/periodical/CiBQZXJpb2RpY2FsQ0hJU29scjkyMDI2MDkxNTE0MjIxORINemh5eDIwMTgxMjAxOBoIaWIxYjJ1aHo%3D,T2 title+author+year,2018,刘志成,10.3760/cma.j.issn.0376-2491.2018.12.017,中华医学杂志,成人左侧膈肌膨升继发胃扭转及脾扭转一例
2066,Wanfang,https://d.wanfangdata.com.cn/periodical/CiBQZXJpb2RpY2FsQ0hJU29scjkyMDI2MDkxNTE0MjIxORIPbGN3end6MjAxMTA2MDMwGghpYjFiMnVoeg%3D%3D,T2 title+author+year,2011,石建伟,10.3969/j.issn.1002-3429.2011.06.030,临床误诊误治,游走脾并蒂扭转、脾梗死一例诊治分析
1945,Wanfang,https://d.wanfangdata.com.cn/periodical/CiBQZXJpb2RpY2FsQ0hJU29scjkyMDI2MDkxNTE0MjIxORIRbGNjc3l4enoyMDIxMDMwMjgaCGliMWIydWh6,T2 title+author+year,2021,杨薇,10.3969/j.issn.1008-6978.2021.03.028,临床超声医学杂志,超声诊断儿童脾扭转并副脾扭转1例
2102,Wanfang,https://d.wanfangdata.com.cn/periodical/CiBQZXJpb2RpY2FsQ0hJU29scjkyMDI2MDkxNTE0MjIxORINc2N5eDIwMDgwODA3OBoIaWIxYjJ1aHo%3D,T2 title+author+year,2008,邱江涛,10.3969/j.issn.1004-0501.2008.08.078,四川医学,游走脾并蒂扭转1例
1991,Wanfang,https://d.wanfangdata.com.cn/periodical/CiBQZXJpb2RpY2FsQ0hJU29scjkyMDI2MDkxNTE0MjIxORIPbGN3a3p6MjAxNzA5MDMxGghpYjFiMnVoeg%3D%3D,T2 title+author+year,2017,朱艳志,10.3969/j.issn.1005-6483.2017.09.031,临床外科杂志,游走脾并蒂扭转一例
2061,Wanfang,https://d.wanfangdata.com.cn/periodical/CiBQZXJpb2RpY2FsQ0hJU29scjkyMDI2MDkxNTE0MjIxORIPemdqY3l5MjAxMTE4MDI3GghpYjFiMnVoeg%3D%3D,T2 title+author+year,2011,马逸宜,10.3760/cma.j.issn.1008-6706.2011.18.097,中国基层医药,超声诊断先天性异位脾1例
1939,Wanfang,https://d.wanfangdata.com.cn/periodical/CiBQZXJpb2RpY2FsQ0hJU29scjkyMDI2MDkxNTE0MjIxORIPemd4Y3l5MjAyMjA2MDI0GghpYjFiMnVoeg%3D%3D,T2 title+author+year,2022,葛淑琼,10.3969/j.issn.1006-5180.2022.06.024,中国乡村医药,内镜黏膜下挖除术治疗胃底异位脾2例并文献复习
1577,Wanfang,https://d.wanfangdata.com.cn/periodical/CiBQZXJpb2RpY2FsQ0hJU29scjkyMDI2MDkxNTE0MjIxORIRemd5eHl4anMyMDIzMTEwMzAaCGliMWIydWh6,T1 DOI,2023,熊晓晴,10.13929/j.issn.1003-3289.2023.11.028,中国医学影像技术,单纯脾蒂扭转1例
2007,Wanfang,https://d.wanfangdata.com.cn/periodical/CiBQZXJpb2RpY2FsQ0hJU29scjkyMDI2MDkxNTE0MjIxORIRemdjc3l4enoyMDE2MDIwMDgaCGliMWIydWh6,T2 title+author+year,2016,付静静,10.3969/j.issn.1002-0101.2016.02.008,中国超声医学杂志,超声及超声造影误诊肝内异位脾1例
2381,Wanfang,https://d.wanfangdata.com.cn/periodical/CiBQZXJpb2RpY2FsQ0hJU29scjkyMDI2MDkxNTE0MjIxORIPemhnZHdrMjAwMzAxMDA5GghpYjFiMnVoeg%3D%3D,,2003,刘昶,10.3760/cma.j.issn.1007-8118.2003.01.009,中华肝胆外科杂志,同种大鼠带血管异位脾移植模型的建立
2008,Wanfang,https://d.wanfangdata.com.cn/periodical/CiBQZXJpb2RpY2FsQ0hJU29scjkyMDI2MDkxNTE0MjIxORIQeXh5eHh6ejIwMTYwMTAxNBoIaWIxYjJ1aHo%3D,T2 title+author+year,2016,胡庆华,,医学影像学杂志,胃底种植性异位脾1例
2177,Wanfang,https://d.wanfangdata.com.cn/periodical/CiBQZXJpb2RpY2FsQ0hJU29scjkyMDI2MDkxNTE0MjIxORIRemdjc3pkenoyMDAxMDYwMzUaCGliMWIydWh6,T2 title+author+year,2001,庞术科,,中国超声诊断杂志,B超诊断游走脾蒂扭转脾梗塞1例
1910,Wanfang,https://d.wanfangdata.com.cn/periodical/CiBQZXJpb2RpY2FsQ0hJU29scjkyMDI2MDkxNTE0MjIxORIQd3p5eHl4YjIwMjQxMDAxMxoIaWIxYjJ1aHo%3D,T2 title+author+year,2024,周擎云,10.3969/j.issn.2095-9400.2024.10.013,温州医科大学学报,肝内脾种植误诊为肝细胞癌1例
2011,Wanfang,https://d.wanfangdata.com.cn/periodical/CiBQZXJpb2RpY2FsQ0hJU29scjkyMDI2MDkxNTE0MjIxORIRemd5eHl4anMyMDE1MTEwNDUaCGliMWIydWh6,T1 DOI,2015,李红梅,10.13929/j.1003-3289.2015.11.044,中国医学影像技术,99Tcm-热变性红细胞脾SPECT/CT显像发现自体脾移植术后异位脾种植1例
2382,Wanfang,https://d.wanfangdata.com.cn/periodical/CiBQZXJpb2RpY2FsQ0hJU29scjkyMDI2MDkxNTE0MjIxORISaGVieWtkeHhiMjAwMjAyMDE5GghpYjFiMnVoeg%3D%3D,,2002,王毓利,10.3969/j.issn.1000-1905.2002.02.019,哈尔滨医科大学学报,套管法大鼠异位脾移植模型的建立
2383,Wanfang,https://d.wanfangdata.com.cn/periodical/CiBQZXJpb2RpY2FsQ0hJU29scjkyMDI2MDkxNTE0MjIxORINZmJ3azIwMDAwNjA0OBoIaWIxYjJ1aHo%3D,,2000,余益民,10.3969/j.issn.1003-5591.2000.06.048,腹部外科,游走脾并脾海绵状血管瘤一例报告
2384,Wanfang,https://d.wanfangdata.com.cn/periodical/CiBQZXJpb2RpY2FsQ0hJU29scjkyMDI2MDkxNTE0MjIxORIRbGNjc3l4enoyMDAxMDEwNDQaCGliMWIydWh6,,2001,唐歌,10.3969/j.issn.1008-6978.2001.01.044,临床超声医学杂志,B超诊断游走脾一例
2385,Wanfang,https://d.wanfangdata.com.cn/periodical/CiBQZXJpb2RpY2FsQ0hJU29scjkyMDI2MDkxNTE0MjIxORIPeG5nZnl5MjAwMTA2MDQ4GghpYjFiMnVoeg%3D%3D,,2001,陶杰,10.3969/j.issn.1004-0188.2001.06.048,西南国防医药,超声对2例游走脾的诊断分析
2028,Wanfang,https://d.wanfangdata.com.cn/periodical/CiBQZXJpb2RpY2FsQ0hJU29scjkyMDI2MDkxNTE0MjIxORIPemhwdHdrMjAxNDA3MDI3GghpYjFiMnVoeg%3D%3D,T2 title+author+year,2014,王珍,10.3760/cma.j.issn.1007-631x.2014.07.027,中华普通外科杂志,腹盆腔内多发异位脾组织植入一例
2075,Wanfang,https://d.wanfangdata.com.cn/periodical/CiBQZXJpb2RpY2FsQ0hJU29scjkyMDI2MDkxNTE0MjIxORIUemd6eXl4ZHljankyMDEwMjIwNjAaCGliMWIydWh6,T2 title+author+year,2010,李学杰,10.3969/j.issn.1672-2779.2010.22.059,中国中医药现代远程教育,游走脾的诊断和治疗
2386,Wanfang,https://d.wanfangdata.com.cn/periodical/CiBQZXJpb2RpY2FsQ0hJU29scjkyMDI2MDkxNTE0MjIxORINemhuazE5NjMwNDAzNBoIaWIxYjJ1aHo%3D,,1963,章鸣皋,,中华内科杂志,人工气腹并发游走脾一例报告
2051,Wanfang,https://d.wanfangdata.com.cn/periodical/CiBQZXJpb2RpY2FsQ0hJU29scjkyMDI2MDkxNTE0MjIxORITZ3d5eC13a3hmYzIwMTMwNDAyMBoIaWIxYjJ1aHo%3D,T2 title+author+year,2013,祁军安,10.3760/cma.j.issn.1673-4203.2013.04.020,国际外科学杂志,膈肌异位脾种植一例诊治分析
2111,Wanfang,https://d.wanfangdata.com.cn/periodical/CiBQZXJpb2RpY2FsQ0hJU29scjkyMDI2MDkxNTE0MjIxORILc3oyMDA3MDMwMzkaCGliMWIydWh6,T2 title+author+year,2007,陆惠霞,10.3969/j.issn.1001-5639.2007.03.039,蛇志,1例游走脾并蒂扭转、脾梗塞术后并发症的观察及护理
1926,Wanfang,https://d.wanfangdata.com.cn/periodical/CiBQZXJpb2RpY2FsQ0hJU29scjkyMDI2MDkxNTE0MjIxORIPemhwdHdrMjAyMzAzMDEzGghpYjFiMnVoeg%3D%3D,T2 title+author+year,2023,吴宝强,10.3760/cma.j.cn113855-20220219-00095,中华普通外科杂志,吲哚菁绿荧光腹腔镜下右肝种植脾切除1例
1918,Wanfang,https://d.wanfangdata.com.cn/periodical/CiBQZXJpb2RpY2FsQ0hJU29scjkyMDI2MDkxNTE0MjIxORIRemdjc3l4enoyMDIzMTEwMzIaCGliMWIydWh6,T2 title+author+year,2023,赵娜,10.3969/j.issn.1002-0101.2023.11.032,中国超声医学杂志,超声诊断新生儿及婴儿副脾梗死的价值
1925,Wanfang,https://d.wanfangdata.com.cn/periodical/CiBQZXJpb2RpY2FsQ0hJU29scjkyMDI2MDkxNTE0MjIxORISemd5eHl4eHp6MjAyMzA1MDE2GghpYjFiMnVoeg%3D%3D,T2 title+author+year,2023,徐媛,10.3969/j.issn.1005-5185.2023.05.016,中国医学影像学杂志,肝内脾种植1例
2084,Wanfang,https://d.wanfangdata.com.cn/periodical/CiBQZXJpb2RpY2FsQ0hJU29scjkyMDI2MDkxNTE0MjIxORINeHJ3azIwMTAwMTAyNRoIaWIxYjJ1aHo%3D,T2 title+author+year,2010,胡小花,10.3760/cma.j.issn.0253-3006.2010.01.026,中华小儿外科杂志,小儿游离脾扭转一例
1994,Wanfang,https://d.wanfangdata.com.cn/periodical/CiBQZXJpb2RpY2FsQ0hJU29scjkyMDI2MDkxNTE0MjIxORINenl5azIwMTcwMjA0OBoIaWIxYjJ1aHo%3D,T2 title+author+year,2017,常婧,10.3760/cma.j.issn.1674-4756.2017.02.048,中国实用医刊,脾切除术后盆腔异位脾种植一例
2206,Wanfang,https://d.wanfangdata.com.cn/periodical/CiBQZXJpb2RpY2FsQ0hJU29scjkyMDI2MDkxNTE0MjIxORINZmJ3azE5OTkwMTAzNhoIaWIxYjJ1aHo%3D,T2 title+author+year,1999,陈平波,10.3969/j.issn.1003-5591.1999.01.036,腹部外科,游走脾扭转坏死误诊一例
1980,Wanfang,https://d.wanfangdata.com.cn/periodical/CiBQZXJpb2RpY2FsQ0hJU29scjkyMDI2MDkxNTE0MjIxORIPeXNqeHp6MjAxODEwMDE3GghpYjFiMnVoeg%3D%3D,T2 title+author+year,2018,崔冬青,10.3760/cma.j.issn.1673-4904.2018.10.017,中国医师进修杂志,妊娠合并异位脾一例并文献分析
2109,Wanfang,https://d.wanfangdata.com.cn/periodical/CiBQZXJpb2RpY2FsQ0hJU29scjkyMDI2MDkxNTE0MjIxORIPemhjc3l4MjAwODAxMDI4GghpYjFiMnVoeg%3D%3D,T2 title+author+year,2008,林桂凤,10.3321/j.issn:1004-4477.2008.01.028,中华超声影像学杂志,超声诊断游走脾1例
2086,Wanfang,https://d.wanfangdata.com.cn/periodical/CiBQZXJpb2RpY2FsQ0hJU29scjkyMDI2MDkxNTE0MjIxORIRZGx5a2R4eGIyMDA5MDYwMzIaCGliMWIydWh6,T2 title+author+year,2009,邰鹏钧,,大连医科大学学报,肝内异位脾结节1例
2000,Wanfang,https://d.wanfangdata.com.cn/periodical/CiBQZXJpb2RpY2FsQ0hJU29scjkyMDI2MDkxNTE0MjIxORIPemdzeXp6MjAxNjEwMDI4GghpYjFiMnVoeg%3D%3D,T2 title+author+year,2016,阮丽,10.3969/j.issn.0529-6005.2016.10.028,中国兽医杂志,犬原发性脾扭转的诊断和治疗
2122,Wanfang,https://d.wanfangdata.com.cn/periodical/CiBQZXJpb2RpY2FsQ0hJU29scjkyMDI2MDkxNTE0MjIxORISYnFleWtkeHhiMjAwNjA0MDY5GghpYjFiMnVoeg%3D%3D,T2 title+author+year,2006,付京,10.3969/j.issn.1671-587x.2006.04.069,吉林大学学报（医学版）,游离脾扭转1例报告
2113,Wanfang,https://d.wanfangdata.com.cn/periodical/CiBQZXJpb2RpY2FsQ0hJU29scjkyMDI2MDkxNTE0MjIxORINZmJ3azIwMDcwMzAzMBoIaWIxYjJ1aHo%3D,T2 title+author+year,2007,黄勇,10.3969/j.issn.1003-5591.2007.03.030,腹部外科,游走脾合并蒂扭转一例报道
2112,Wanfang,https://d.wanfangdata.com.cn/periodical/CiBQZXJpb2RpY2FsQ0hJU29scjkyMDI2MDkxNTE0MjIxORINcm1qeTIwMDcwODA0OBoIaWIxYjJ1aHo%3D,T2 title+author+year,2007,宋晓霓,10.3969/j.issn.1000-9736.2007.08.048,人民军医,游走脾扭转误诊1例
2387,Wanfang,https://d.wanfangdata.com.cn/periodical/CiBQZXJpb2RpY2FsQ0hJU29scjkyMDI2MDkxNTE0MjIxORIQemd3enh6ejIwMDcyMDI0ORoIaWIxYjJ1aHo%3D,,2007,,,中国误诊学杂志,静脉滴注银杏达莫注射液过敏1例/斜视术后反复发生的结膜囊肿1例/异位脾误诊为盆腔肿物1例/侵蚀性葡萄胎引起心力衰竭1例
2388,Wanfang,https://d.wanfangdata.com.cn/periodical/CiBQZXJpb2RpY2FsQ0hJU29scjkyMDI2MDkxNTE0MjIxORINeHJ3azIwMDQwNDAzNhoIaWIxYjJ1aHo%3D,,2004,于增文,10.3760/cma.j.issn.0253-3006.2004.04.036,中华小儿外科杂志,腹腔镜下胃固定术治疗小儿胃扭转并游走脾一例
2389,Wanfang,https://d.wanfangdata.com.cn/periodical/CiBQZXJpb2RpY2FsQ0hJU29scjkyMDI2MDkxNTE0MjIxORIQemRibHh6ejIwMDMwMTA0MhoIaWIxYjJ1aHo%3D,,2003,解萍,10.3969/j.issn.1007-8096.2003.01.042,诊断病理学杂志,左侧精索内异位脾组织1例
2150,Wanfang,https://d.wanfangdata.com.cn/periodical/CiBQZXJpb2RpY2FsQ0hJU29scjkyMDI2MDkxNTE0MjIxORINYWh5eDIwMDQwMTA0MRoIaWIxYjJ1aHo%3D,T3 similar title+author+year,2004,丁昌庆,10.3969/j.issn.1000-0399.2004.01.041,安徽医学,游走脾1例
2390,Wanfang,https://d.wanfangdata.com.cn/periodical/CiBQZXJpb2RpY2FsQ0hJU29scjkyMDI2MDkxNTE0MjIxORIPemhtbndrMTk5ODAxMDM2GghpYjFiMnVoeg%3D%3D,,1998,王建平,10.3760/j:issn:1000-6702.1998.01.036,中华泌尿外科杂志,异位脾误诊为肾上腺肿瘤一例报告
2209,Wanfang,https://d.wanfangdata.com.cn/periodical/CiBQZXJpb2RpY2FsQ0hJU29scjkyMDI2MDkxNTE0MjIxORIPemhwdHdrMTk5ODA2MDI2GghpYjFiMnVoeg%3D%3D,T2 title+author+year,1998,赵荣华,10.3760/cma.j.issn.1007-631x.1998.06.126,中华普通外科杂志,成年人游走脾五例报告
2391,Wanfang,https://d.wanfangdata.com.cn/periodical/CiBQZXJpb2RpY2FsQ0hJU29scjkyMDI2MDkxNTE0MjIxORIPemd6aGxjMjAwMTA0MDU5GghpYjFiMnVoeg%3D%3D,,2001,胡秀敏,10.3760/cma.j.issn.1008-6315.2001.04.059,中国综合临床,异位脾误诊为卵巢肿物1例
2392,Wanfang,https://d.wanfangdata.com.cn/periodical/CiBQZXJpb2RpY2FsQ0hJU29scjkyMDI2MDkxNTE0MjIxORIPc2N6bGZ6MjAwMTAyMDM2GghpYjFiMnVoeg%3D%3D,,2001,张传楷,10.3969/j.issn.1674-0904.2001.02.036,四川肿瘤防治,游走脾误诊卵巢肿瘤1例报告
2393,Wanfang,https://d.wanfangdata.com.cn/periodical/CiBQZXJpb2RpY2FsQ0hJU29scjkyMDI2MDkxNTE0MjIxORIOemhmc3gxOTk2MDEwMjIaCGliMWIydWh6,,1996,李欣,,中华放射学杂志,婴儿急性脾扭转一例
2394,Wanfang,https://d.wanfangdata.com.cn/periodical/CiBQZXJpb2RpY2FsQ0hJU29scjkyMDI2MDkxNTE0MjIxORIOemhmY2sxOTk0MDgwMTUaCGliMWIydWh6,,1994,陈晓波,,中华妇产科杂志,游走脾囊肿误诊为卵巢囊肿一例
2351,Wanfang,https://d.wanfangdata.com.cn/periodical/CiBQZXJpb2RpY2FsQ0hJU29scjkyMDI2MDkxNTE0MjIxORIPemhtbndrMTk5MTA1MDI4GghpYjFiMnVoeg%3D%3D,T2 title+author+year,1991,李晓霞,,中华泌尿外科杂志,左精索旁异位脾并毛细血管瘤一例报告
2395,Wanfang,https://d.wanfangdata.com.cn/periodical/CiBQZXJpb2RpY2FsQ0hJU29scjkyMDI2MDkxNTE0MjIxORIOemh4eXgxOTg5MDEwMjEaCGliMWIydWh6,,1989,王来慈,10.3760/cma.j.issn.0253-2727.1989.01.103,中华血液学杂志,慢性中性粒细胞白血病伴巨大游走脾一例
2306,Wanfang,https://d.wanfangdata.com.cn/periodical/CiBQZXJpb2RpY2FsQ0hJU29scjkyMDI2MDkxNTE0MjIxORINeHJ3azE5ODcwMTAyORoIaWIxYjJ1aHo%3D,T2 title+author+year,1987,陆傅贤,10.3760/cma.j.issn.0253-3006.1987.01.029,中华小儿外科杂志,儿童脾扭转一例报告
2320,Wanfang,https://d.wanfangdata.com.cn/periodical/CiBQZXJpb2RpY2FsQ0hJU29scjkyMDI2MDkxNTE0MjIxORINemh3azE5ODQwNDAxNxoIaWIxYjJ1aHo%3D,T2 title+author+year,1984,孙希龙,,中华外科杂志,附睾内异位脾一例
2337,Wanfang,https://d.wanfangdata.com.cn/periodical/CiBQZXJpb2RpY2FsQ0hJU29scjkyMDI2MDkxNTE0MjIxORINemh3azE5ODEwNzAxMRoIaWIxYjJ1aHo%3D,T2 title+author+year,1981,何泽生,,中华外科杂志,脾扭转误诊一例
2343,Wanfang,https://d.wanfangdata.com.cn/periodical/CiBQZXJpb2RpY2FsQ0hJU29scjkyMDI2MDkxNTE0MjIxORINemh3azE5NjMwOTAxNBoIaWIxYjJ1aHo%3D,T3 similar title+author+year,1963,孙义辉,,中华外科杂志,阴囊内异位脾一例报告
2396,Wanfang,https://d.wanfangdata.com.cn/periodical/CiBQZXJpb2RpY2FsQ0hJU29scjkyMDI2MDkxNTE0MjIxORINemh3azE5NTYwMTAxNhoIaWIxYjJ1aHo%3D,,1956,李伦,,中华外科杂志,游走脾嵌入盆腔内引起的肠梗阻
2397,Wanfang,https://d.wanfangdata.com.cn/periodical/CiBQZXJpb2RpY2FsQ0hJU29scjkyMDI2MDkxNTE0MjIxORIOemhmY2sxOTU4MDUwMDEaCGliMWIydWh6,,1958,樊庆北,,中华妇产科杂志,巨大脾扭转误诊为卵巢肿瘤扭转一例报告
2347,Wanfang,https://d.wanfangdata.com.cn/periodical/CiBQZXJpb2RpY2FsQ0hJU29scjkyMDI2MDkxNTE0MjIxORINemh3azE5NjEwODAwOBoIaWIxYjJ1aHo%3D,T3 similar title+author+year,1961,项道行,,中华外科杂志,游走脾
2398,Wanfang,https://d.wanfangdata.com.cn/periodical/CiBQZXJpb2RpY2FsQ0hJU29scjkyMDI2MDkxNTE0MjIxORIOemhmc3gxOTY1MDMwNDIaCGliMWIydWh6,,1965,杨布泽,,中华放射学杂志,游走脾的气腹检查（附一例报告）
2399,Wanfang,https://d.wanfangdata.com.cn/periodical/CiBQZXJpb2RpY2FsQ0hJU29scjkyMDI2MDkxNTE0MjIxORINemh3azE5NTkwMzA3NRoIaWIxYjJ1aHo%3D,,1959,宋仲麟,,中华外科杂志,游走脾引起肠梗阻
2400,Wanfang,https://d.wanfangdata.com.cn/periodical/CiBQZXJpb2RpY2FsQ0hJU29scjkyMDI2MDkxNTE0MjIxORIOemhmc3gxOTU1MDEwMTgaCGliMWIydWh6,,1955,,,中华放射学杂志,游走脾
2349,Wanfang,https://d.wanfangdata.com.cn/periodical/CiBQZXJpb2RpY2FsQ0hJU29scjkyMDI2MDkxNTE0MjIxORINemh3azE5NTcwMTAxNRoIaWIxYjJ1aHo%3D,T2 title+author+year,1957,高谷深,,中华外科杂志,先天性游走脾
2401,Wanfang,https://d.wanfangdata.com.cn/periodical/CiBQZXJpb2RpY2FsQ0hJU29scjkyMDI2MDkxNTE0MjIxORIOemhmY2sxOTY2MDMwMjAaCGliMWIydWh6,,1966,,,中华妇产科杂志,产后脾扭转一例报告
1965,Wanfang,https://d.wanfangdata.com.cn/periodical/CiBQZXJpb2RpY2FsQ0hJU29scjkyMDI2MDkxNTE0MjIxORITemdjdGhtcml6ejIwMTkwOTAzMhoIaWIxYjJ1aHo%3D,T2 title+author+year,2019,相丽,10.3969/j.issn.1672-5131.2019.09.032,中国CT和MRI杂志,腹腔异位脾种植的多层螺旋CT诊断
1971,Wanfang,https://d.wanfangdata.com.cn/periodical/CiBQZXJpb2RpY2FsQ0hJU29scjkyMDI2MDkxNTE0MjIxORIQZnFqd2t6ejIwMTkwNzAxMhoIaWIxYjJ1aHo%3D,T1 DOI,2019,马继慈,10.13499/j.cnki.fqjwkzz.2019.07.525,腹腔镜外科杂志,腹腔镜下右肾上腺区异位脾切除1例报告
1967,Wanfang,https://d.wanfangdata.com.cn/periodical/CiBQZXJpb2RpY2FsQ0hJU29scjkyMDI2MDkxNTE0MjIxORIRbGNjc3l4enoyMDE5MDgwMDkaCGliMWIydWh6,T2 title+author+year,2019,蔡沁村,10.3969/j.issn.1008-6978.2019.08.009,临床超声医学杂志,肝内异位脾超声造影表现1例
2170,Wanfang,https://d.wanfangdata.com.cn/periodical/CiBQZXJpb2RpY2FsQ0hJU29scjkyMDI2MDkxNTE0MjIxORIQY2R5eHl4YjIwMDIwMTA1NRoIaWIxYjJ1aHo%3D,T2 title+author+year,2002,赵永红,10.3969/j.issn.1004-6879.2002.01.055,承德医学院学报,脾扭转误诊2例
1974,Wanfang,https://d.wanfangdata.com.cn/periodical/CiBQZXJpb2RpY2FsQ0hJU29scjkyMDI2MDkxNTE0MjIxORISeXh5anl5eHl5MjAxOTAyMTM2GghpYjFiMnVoeg%3D%3D,T2 title+author+year,2019,李如迅,10.3969/j.issn.2096-3807.2019.02.136,影像研究与医学应用,腹腔多发异位脾种植1例
2097,Wanfang,https://d.wanfangdata.com.cn/periodical/CiBQZXJpb2RpY2FsQ0hJU29scjkyMDI2MDkxNTE0MjIxORIQbm1neXh6ejIwMDkwMjA1OBoIaWIxYjJ1aHo%3D,T2 title+author+year,2009,刘步育,10.3969/j.issn.1004-0951.2009.02.058,内蒙古医学杂志,彩超诊断游走脾一例报告
2120,Wanfang,https://d.wanfangdata.com.cn/periodical/CiBQZXJpb2RpY2FsQ0hJU29scjkyMDI2MDkxNTE0MjIxORIPemdzeXp6MjAwNjA5MDMxGghpYjFiMnVoeg%3D%3D,T2 title+author+year,2006,董军,10.3969/j.issn.0529-6005.2006.09.031,中国兽医杂志,犬脾扭转梗死病例
2014,Wanfang,https://d.wanfangdata.com.cn/conference/CiFDb25mZXJlbmNlTmV3U29scjlTMjAyNjA5MTUwOTMyMzESBzg3MjE3NjMaCGliMWIydWh6,T2 title+author+year,2015,连慧渊,,,手术治疗犬单纯性脾扭转一例
2402,Wanfang,https://d.wanfangdata.com.cn/periodical/CiBQZXJpb2RpY2FsQ0hJU29scjkyMDI2MDkxNTE0MjIxORIQd2Z5eHl4YjIwMDEwMzA3NhoIaWIxYjJ1aHo%3D,,2001,孙刚毅,10.3969/j.issn.1004-3101.2001.03.076,潍坊医学院学报,游走脾误诊为卵巢性腺瘤1例
2403,Wanfang,https://d.wanfangdata.com.cn/periodical/CiBQZXJpb2RpY2FsQ0hJU29scjkyMDI2MDkxNTE0MjIxORIPc3hsY3l5MjAwMTA0MDQ5GghpYjFiMnVoeg%3D%3D,,2001,李霞,10.3969/j.issn.1671-8631.2001.04.049,山西临床医药,小儿游走脾致脾梗死1例
2021,Wanfang,https://d.wanfangdata.com.cn/conference/CiFDb25mZXJlbmNlTmV3U29scjlTMjAyNjA5MTUwOTMyMzESBzg0MjMxMDEaCGliMWIydWh6,T2 title+author+year,2014,李朋,,,超声诊断犬单纯性脾扭转(附4例)
2165,Wanfang,https://d.wanfangdata.com.cn/periodical/CiBQZXJpb2RpY2FsQ0hJU29scjkyMDI2MDkxNTE0MjIxORINenl5azIwMDIwOTA3OBoIaWIxYjJ1aHo%3D,T2 title+author+year,2002,杨慧琳,10.3760/cma.j.issn.1674-4756.2002.09.078,中原医刊,游离脾扭转误诊为卵巢肿瘤1例
1919,Wanfang,https://d.wanfangdata.com.cn/periodical/CiBQZXJpb2RpY2FsQ0hJU29scjkyMDI2MDkxNTE0MjIxORINY3R0YTIwMjMwNjAxMhoIaWIxYjJ1aHo%3D,T1 DOI,2023,李耀辉,10.15953/j.ctta.2023.018,CT理论与应用研究,CT诊断脾扭转伴胰尾扭转临床案例分析
2073,Wanfang,https://d.wanfangdata.com.cn/periodical/CiBQZXJpb2RpY2FsQ0hJU29scjkyMDI2MDkxNTE0MjIxORIPemdzeXp6MjAxMTAxMDM0GghpYjFiMnVoeg%3D%3D,T2 title+author+year,2011,李朋,10.3969/j.issn.0529-6005.2011.01.034,中国兽医杂志,犬单纯性脾扭转的超声诊断
2129,Wanfang,https://d.wanfangdata.com.cn/periodical/CiBQZXJpb2RpY2FsQ0hJU29scjkyMDI2MDkxNTE0MjIxORINenl5azIwMDYwNDA3MRoIaWIxYjJ1aHo%3D,T2 title+author+year,2006,李光源,10.3760/cma.j.issn.1674-4756.2006.04.071,中原医刊,脾扭转误诊1例
2159,Wanfang,https://d.wanfangdata.com.cn/periodical/CiBQZXJpb2RpY2FsQ0hJU29scjkyMDI2MDkxNTE0MjIxORIPaGtodHl5MjAwMzAxMDUzGghpYjFiMnVoeg%3D%3D,T2 title+author+year,2003,胡江华,10.3969/j.issn.2095-1434.2003.01.053,航空航天医药,异位脾误诊为卵巢肿瘤1例
2404,Wanfang,https://d.wanfangdata.com.cn/periodical/CiBQZXJpb2RpY2FsQ0hJU29scjkyMDI2MDkxNTE0MjIxORITemd5amd5eXh6ejIwMDEwMTA1NBoIaWIxYjJ1aHo%3D,,2001,那民,10.3969/j.issn.1005-5495.2001.01.054,中国冶金工业医学杂志,游走脾合并原发性腹膜炎1例
1982,Wanfang,https://d.wanfangdata.com.cn/periodical/CiBQZXJpb2RpY2FsQ0hJU29scjkyMDI2MDkxNTE0MjIxORINZmJ3azIwMTgwNDAxOBoIaWIxYjJ1aHo%3D,T2 title+author+year,2018,杨光华,10.3969/j.issn.1003-5591.2018.04.018,腹部外科,腹腔镜切除异位脾扭转一例
1915,Wanfang,https://d.wanfangdata.com.cn/thesis/Ch1UaGVzaXNOZXdTb2xyOVMyMDI2MDkxNjA5NDMzMhIJRDA0MDE4MjY0GghpYjFiMnVoeg%3D%3D,T2 title+author+year,2024,陈彩琴,,,脾脏摘除术对犬健康的影响及其临床应用
2055,Wanfang,https://d.wanfangdata.com.cn/periodical/CiBQZXJpb2RpY2FsQ0hJU29scjkyMDI2MDkxNTE0MjIxORIPaGJnZnl5MjAxMjA4MDI2GghpYjFiMnVoeg%3D%3D,T2 title+author+year,2012,牛振英,10.3969/j.issn.2095-140x.2012.08.026,解放军医药杂志,彩超诊断异位脾一例并文献复习
1588,Wanfang,https://d.wanfangdata.com.cn/periodical/CiBQZXJpb2RpY2FsQ0hJU29scjkyMDI2MDkxNTE0MjIxORIPemhnZHdrMjAyMjA1MDE1GghpYjFiMnVoeg%3D%3D,T1 DOI,2022,斯琴塔娜,10.3760/cma.j.cn113884-20220111-00017,中华肝胆外科杂志,不同原因异位脾脏2例报道
1954,Wanfang,https://d.wanfangdata.com.cn/periodical/CiBQZXJpb2RpY2FsQ0hJU29scjkyMDI2MDkxNTE0MjIxORIQbGNnZGJ6ejIwMjAwNTA0NxoIaWIxYjJ1aHo%3D,T2 title+author+year,2020,陈家诚,10.3969/j.issn.1001-5256.2020.05.040,临床肝胆病杂志,肝内脾异位结节1例报告
1984,Wanfang,https://d.wanfangdata.com.cn/periodical/CiBQZXJpb2RpY2FsQ0hJU29scjkyMDI2MDkxNTE0MjIxORISemd5eHl4eHp6MjAxODA0MDE3GghpYjFiMnVoeg%3D%3D,T2 title+author+year,2018,周维力,10.3969/j.issn.1005-5185.2018.04.017,中国医学影像学杂志,脾脏异位妊娠的超声诊断
1914,Wanfang,https://d.wanfangdata.com.cn/periodical/CiBQZXJpb2RpY2FsQ0hJU29scjkyMDI2MDkxNTE0MjIxORIUemdwd2pjeWxjenoyMDI0MDUwMTAaCGliMWIydWh6,T2 title+author+year,2024,常恩慧,10.7507/1007-9424.202402017,中国普外基础与临床杂志,病例分析:肝内异位脾种植的影像特征
2098,Wanfang,https://d.wanfangdata.com.cn/periodical/CiBQZXJpb2RpY2FsQ0hJU29scjkyMDI2MDkxNTE0MjIxORIPeXNqeHp6MjAwOTAyMDMzGghpYjFiMnVoeg%3D%3D,T3 similar title+author+year,2009,葛勇胜,10.3760/cma.j.issn.1673-4904.2009.02.033,中国医师进修杂志,游走脾扭转
2091,Wanfang,https://d.wanfangdata.com.cn/periodical/CiBQZXJpb2RpY2FsQ0hJU29scjkyMDI2MDkxNTE0MjIxORIPbGN3end6MjAwOTA4MDc2GghpYjFiMnVoeg%3D%3D,T2 title+author+year,2009,朱中权,10.3969/j.issn.1002-3429.2009.08.076,临床误诊误治,异位脾一例误诊为后纵隔肿瘤
2102,Wanfang,https://d.wanfangdata.com.cn/periodical/CiBQZXJpb2RpY2FsQ0hJU29scjkyMDI2MDkxNTE0MjIxORIPbnh5eHp6MjAwODAyMDU1GghpYjFiMnVoeg%3D%3D,T2 title+author+year,2008,邱江涛,10.3969/j.issn.1001-5949.2008.02.055,宁夏医学杂志,游走脾并蒂扭转1例
2101,Wanfang,https://d.wanfangdata.com.cn/periodical/CiBQZXJpb2RpY2FsQ0hJU29scjkyMDI2MDkxNTE0MjIxORIPbGN3end6MjAwODA4MDMzGghpYjFiMnVoeg%3D%3D,T2 title+author+year,2008,杨明海,10.3969/j.issn.1002-3429.2008.08.033,临床误诊误治,盆腔内游走脾误诊辨析
2118,Wanfang,https://d.wanfangdata.com.cn/periodical/CiBQZXJpb2RpY2FsQ0hJU29scjkyMDI2MDkxNTE0MjIxORIPemdsY3l4MjAwNjA1MDM3GghpYjFiMnVoeg%3D%3D,T3 similar title+author+year,2006,王建球,10.3969/j.issn.1008-6358.2006.05.037,中国临床医学,脾扭转1例
2115,Wanfang,https://d.wanfangdata.com.cn/periodical/CiBQZXJpb2RpY2FsQ0hJU29scjkyMDI2MDkxNTE0MjIxORISeGR6eHlqaHp6MjAwNzA2MDczGghpYjFiMnVoeg%3D%3D,T2 title+author+year,2007,邱勇钢,10.3969/j.issn.1008-8849.2007.06.073,现代中西医结合杂志,肝内异位脾组织1例
2405,Wanfang,https://d.wanfangdata.com.cn/periodical/CiBQZXJpb2RpY2FsQ0hJU29scjkyMDI2MDkxNTE0MjIxORIRemd3Y3drenoyMDE4MDIwMjMaCGliMWIydWh6,,2018,李莹,10.3760/cma.j.issn.1671-0274.2018.02.019,中华胃肠外科杂志,胃周脾种植一例并文献复习
2203,Wanfang,https://d.wanfangdata.com.cn/periodical/CiBQZXJpb2RpY2FsQ0hJU29scjkyMDI2MDkxNTE0MjIxORIRaGJ5a2R4eGIxOTk5MDMwMzgaCGliMWIydWh6,T2 title+author+year,1999,李红艳,10.3969/j.issn.1007-3205.1999.03.038,河北医科大学学报,B超诊断异位脾1例
2018,Wanfang,https://d.wanfangdata.com.cn/periodical/CiBQZXJpb2RpY2FsQ0hJU29scjkyMDI2MDkxNTE0MjIxORIPamx4bXN5MjAxNDEyMDQwGghpYjFiMnVoeg%3D%3D,T2 title+author+year,2014,谭志勇,10.3969/j.issn.1672-2078.2014.12.040,吉林畜牧兽医,犬胃扩张——脾扭转综合征并发肠套叠的诊断和治疗
2406,Wanfang,https://d.wanfangdata.com.cn/periodical/CiBQZXJpb2RpY2FsQ0hJU29scjkyMDI2MDkxNTE0MjIxORIQbGNmc3h6ejIwMTcwMzAxNxoIaWIxYjJ1aHo%3D,,2017,曾仲刚,,临床放射学杂志,腹腔脾种植的多层螺旋CT表现与病理对照分析
2407,Wanfang,https://d.wanfangdata.com.cn/periodical/CiBQZXJpb2RpY2FsQ0hJU29scjkyMDI2MDkxNTE0MjIxORIVemhvbmdnd2N3a3p6MjAxMTA2MDA3GghpYjFiMnVoeg%3D%3D,,2011,孙媛媛,10.3969/j.issn.1009-6604.2011.06.007,中国微创外科杂志,妊娠期急腹症腹腔镜的应用原则
2408,Wanfang,https://d.wanfangdata.com.cn/conference/CiFDb25mZXJlbmNlTmV3U29scjlTMjAyNjA5MTUwOTMyMzESBzc5NTE2NzQaCGliMWIydWh6,,2012,张小波,,,儿童游走脾并蒂扭转、脾坏死1例诊疗分析
2409,Wanfang,https://d.wanfangdata.com.cn/conference/CiFDb25mZXJlbmNlTmV3U29scjlTMjAyNjA5MTUwOTMyMzESBzc2NDY3MjcaCGliMWIydWh6,,2011,潘庆山,,,胃扩张(胃、脾扭转)综合征手术治疗
2017,Wanfang,https://d.wanfangdata.com.cn/periodical/CiBQZXJpb2RpY2FsQ0hJU29scjkyMDI2MDkxNTE0MjIxORISemd5eHl4eHp6MjAxNTAyMDE0GghpYjFiMnVoeg%3D%3D,T2 title+author+year,2015,柴彦军,10.3969/j.issn.1005-5185.2015.02.014,中国医学影像学杂志,副脾蒂扭转1例
2010,Wanfang,https://d.wanfangdata.com.cn/periodical/CiBQZXJpb2RpY2FsQ0hJU29scjkyMDI2MDkxNTE0MjIxORIPemd4Y3l5MjAxNTIzMDMyGghpYjFiMnVoeg%3D%3D,T2 title+author+year,2015,王佳,10.3969/j.issn.1006-5180.2015.23.032,中国乡村医药,彩超诊断盆腔异位脾1例
1989,Wanfang,https://d.wanfangdata.com.cn/periodical/CiBQZXJpb2RpY2FsQ0hJU29scjkyMDI2MDkxNTE0MjIxORIPemhwdHdrMjAxNzExMDIyGghpYjFiMnVoeg%3D%3D,T2 title+author+year,2017,吴宝强,10.3760/cma.j.issn.1007-631x.2017.11.022,中华普通外科杂志,脾脏异位妊娠致自发性脾破裂一例
1995,Wanfang,https://d.wanfangdata.com.cn/periodical/CiBQZXJpb2RpY2FsQ0hJU29scjkyMDI2MDkxNTE0MjIxORIQc3lmY2t6ejIwMTcwMTAyMBoIaWIxYjJ1aHo%3D,T2 title+author+year,2017,张书敏,,实用妇产科杂志,腹腔镜探查漏诊脾脏异位妊娠1例
2410,Wanfang,https://d.wanfangdata.com.cn/periodical/CiBQZXJpb2RpY2FsQ0hJU29scjkyMDI2MDkxNTE0MjIxORIPemhnZHdrMjAwMzA5MDIxGghpYjFiMnVoeg%3D%3D,,2003,侯利民,10.3760/cma.j.issn.1007-8118.2003.09.021,中华肝胆外科杂志,同种大鼠颈部脾脏异位移植模型的建立
2411,Wanfang,https://d.wanfangdata.com.cn/periodical/CiBQZXJpb2RpY2FsQ0hJU29scjkyMDI2MDkxNTE0MjIxORINemh3azE5NjMwMjAyNhoIaWIxYjJ1aHo%3D,,1963,黄进德,,中华外科杂志,盆腔异位脾脏扭转
2072,Wanfang,https://d.wanfangdata.com.cn/periodical/CiBQZXJpb2RpY2FsQ0hJU29scjkyMDI2MDkxNTE0MjIxORIQbm1neXh6ejIwMTEwMTA1MhoIaWIxYjJ1aHo%3D,T2 title+author+year,2011,缪经瑞,10.3969/j.issn.1004-0951.2011.01.052,内蒙古医学杂志,大网膜异位脾一例
2087,Wanfang,https://d.wanfangdata.com.cn/periodical/CiBQZXJpb2RpY2FsQ0hJU29scjkyMDI2MDkxNTE0MjIxORIQc3lmc3h6ejIwMDkxMDA0NhoIaWIxYjJ1aHo%3D,T2 title+author+year,2009,卫一宾,10.3969/j.issn.1002-1671.2009.10.046,实用放射学杂志,副脾扭转1例
2003,Wanfang,https://d.wanfangdata.com.cn/periodical/CiBQZXJpb2RpY2FsQ0hJU29scjkyMDI2MDkxNTE0MjIxORIRemh5eGNzenoyMDE2MDcwMTYaCGliMWIydWh6,T2 title+author+year,2016,汪向前,10.3877/cma.j.issn.1672-6448.2016.07.016,中华医学超声杂志（电子版）,脾脏异位妊娠破裂超声表现一例
1953,Wanfang,https://d.wanfangdata.com.cn/periodical/CiBQZXJpb2RpY2FsQ0hJU29scjkyMDI2MDkxNTE0MjIxORITemh4aG5qeno5ODIwMjAwNTAxNRoIaWIxYjJ1aHo%3D,T2 title+author+year,2020,韩泽龙,10.3760/cma.j.cn321463-20191104-01231,中华消化内镜杂志,内镜黏膜下剥离术治疗胃底异位脾脏一例
2412,Wanfang,https://d.wanfangdata.com.cn/periodical/CiBQZXJpb2RpY2FsQ0hJU29scjkyMDI2MDkxNTE0MjIxORIQc3lmc3h6ejIwMjAxMjA0MhoIaWIxYjJ1aHo%3D,,2020,朱红丽,10.3969/j.issn.1002-1671.2020.12.042,实用放射学杂志,肝内脾组织植入1例
2124,Wanfang,https://d.wanfangdata.com.cn/periodical/CiBQZXJpb2RpY2FsQ0hJU29scjkyMDI2MDkxNTE0MjIxORIPc3l5eHp6MjAwNjExMDcxGghpYjFiMnVoeg%3D%3D,T2 title+author+year,2006,刘迁,10.3969/j.issn.1006-5725.2006.11.071,实用医学杂志,脾脏异位妊娠破裂1例
2117,Wanfang,https://d.wanfangdata.com.cn/periodical/CiBQZXJpb2RpY2FsQ0hJU29scjkyMDI2MDkxNTE0MjIxORITbGN5c3libHh6ejIwMDYwNTAzNxoIaWIxYjJ1aHo%3D,T2 title+author+year,2006,奉孝荣,10.3969/j.issn.1001-7399.2006.05.037,临床与实验病理学杂志,脾脏异位胰腺癌1例
2413,Wanfang,https://d.wanfangdata.com.cn/periodical/CiBQZXJpb2RpY2FsQ0hJU29scjkyMDI2MDkxNTE0MjIxORIOemhmY2syMDA1MDgwMjMaCGliMWIydWh6,,2005,明玉华,10.3760/j.issn:0529-567x.2005.08.023,中华妇产科杂志,原发性脾脏异位妊娠一例
2414,Wanfang,https://d.wanfangdata.com.cn/periodical/CiBQZXJpb2RpY2FsQ0hJU29scjkyMDI2MDkxNTE0MjIxORINemh3azE5NTMwMjAwMxoIaWIxYjJ1aHo%3D,,1953,瞿祖德,,中华外科杂志,游动脾合并脾蒂扭转
2027,Wanfang,https://d.wanfangdata.com.cn/periodical/CiBQZXJpb2RpY2FsQ0hJU29scjkyMDI2MDkxNTE0MjIxORIPemhnZHdrMjAxNDA4MDAzGghpYjFiMnVoeg%3D%3D,T2 title+author+year,2014,徐玉刚,10.3760/cma.j.issn.1007-8118.2014.08.003,中华肝胆外科杂志,腹腔镜脾切除治疗脾脏异位妊娠一例
2081,Wanfang,https://d.wanfangdata.com.cn/periodical/CiBQZXJpb2RpY2FsQ0hJU29scjkyMDI2MDkxNTE0MjIxORIPemhwdHdrMjAxMDA0MDI1GghpYjFiMnVoeg%3D%3D,T2 title+author+year,2010,马克强,10.3760/cma.j.issn.1007-631x.2010.04.010,中华普通外科杂志,乙状结肠扭转合并脾脏扭转坏死一例
2415,Wanfang,https://d.wanfangdata.com.cn/periodical/CiBQZXJpb2RpY2FsQ0hJU29scjkyMDI2MDkxNTE0MjIxORIRemdjc3pkenoyMDAyMDIwMjIaCGliMWIydWh6,,2002,牛红梅,,中国超声诊断杂志,超声诊断脾脏异位1例
2416,Wanfang,https://d.wanfangdata.com.cn/periodical/CiBQZXJpb2RpY2FsQ0hJU29scjkyMDI2MDkxNTE0MjIxORINemh5eDE5NTgwNTAwMxoIaWIxYjJ1aHo%3D,,1958,许学受,,中华医学杂志,人工气腹并发脾蒂扭转一例
2417,Wanfang,https://d.wanfangdata.com.cn/periodical/CiBQZXJpb2RpY2FsQ0hJU29scjkyMDI2MDkxNTE0MjIxORINeHJ3azE5OTQwMTAzMxoIaWIxYjJ1aHo%3D,,1994,焦振祥,10.3760/cma.j.issn.0253-3006.1994.01.033,中华小儿外科杂志,部分游离脾脏异位于阴囊一例
2418,Wanfang,https://d.wanfangdata.com.cn/periodical/CiBQZXJpb2RpY2FsQ0hJU29scjkyMDI2MDkxNTE0MjIxORINY3F5eDIwMDQxMjA4MRoIaWIxYjJ1aHo%3D,,2004,杨健,10.3969/j.issn.1671-8348.2004.12.081,重庆医学,先天性左肾与脾脏异位伴DU1例
2419,Wanfang,https://d.wanfangdata.com.cn/periodical/CiBQZXJpb2RpY2FsQ0hJU29scjkyMDI2MDkxNTE0MjIxORIRemdzeXdrenoyMDA1MTEwMjkaCGliMWIydWh6,,2005,刘丽君,10.3321/j.issn:1005-2208.2005.11.029,中国实用外科杂志,移植脾蒂扭转误诊附件肿瘤1例分析
2420,Wanfang,https://d.wanfangdata.com.cn/periodical/CiBQZXJpb2RpY2FsQ0hJU29scjkyMDI2MDkxNTE0MjIxORIPamJrenp6MTk5OTAzMDMzGghpYjFiMnVoeg%3D%3D,,1999,王维,10.3969/j.issn.1674-3679.1999.03.033,疾病控制杂志,日本血吸虫卵在BLAB/C鼠脾脏异位损害
1996,Wanfang,https://d.wanfangdata.com.cn/periodical/CiBQZXJpb2RpY2FsQ0hJU29scjkyMDI2MDkxNTE0MjIxORINeGh3azIwMTYxMTAxNBoIaWIxYjJ1aHo%3D,T2 title+author+year,2016,何磊,10.3760/cma.j.issn.1673-9752.2016.11.014,中华消化外科杂志,保留脾脏的第10组与11组淋巴结整体清扫在胃癌D2根治术中的应用价值
2350,Wanfang,https://d.wanfangdata.com.cn/periodical/CiBQZXJpb2RpY2FsQ0hJU29scjkyMDI2MDkxNTE0MjIxORINemh5eDE5NDgwNjAwNxoIaWIxYjJ1aHo%3D,T2 title+author+year,1948,高有炳,,中华医学杂志,脾脏扭转症（Torsion of Spleen)附病例二
2038,Wanfang,https://d.wanfangdata.com.cn/periodical/CiBQZXJpb2RpY2FsQ0hJU29scjkyMDI2MDkxNTE0MjIxORITemdsY3l4eXh6ejIwMTMxMTAyNxoIaWIxYjJ1aHo%3D,T2 title+author+year,2013,张丽荣,,中国临床医学影像杂志,盆腔副脾蒂扭转误诊1例
2088,Wanfang,https://d.wanfangdata.com.cn/periodical/CiBQZXJpb2RpY2FsQ0hJU29scjkyMDI2MDkxNTE0MjIxORIRemd5eHl4anMyMDA5MDkwNzIaCGliMWIydWh6,T2 title+author+year,2009,侯敏,10.3321/j.issn:1003-3289.2009.09.072,中国医学影像技术,超声诊断脾脏异位妊娠1例
2421,Wanfang,https://d.wanfangdata.com.cn/periodical/CiBQZXJpb2RpY2FsQ0hJU29scjkyMDI2MDkxNTE0MjIxORIPaHNqeHp6MjAxNDEzMDAzGghpYjFiMnVoeg%3D%3D,,2014,《护士继续教育手册》,,护士进修杂志,超声检查腹部脏器的适应证有哪些？
1930,Wanfang,https://d.wanfangdata.com.cn/periodical/CiBQZXJpb2RpY2FsQ0hJU29scjkyMDI2MDkxNTE0MjIxORIRemdwdHdrenoyMDIzMDEwMDgaCGliMWIydWh6,T2 title+author+year,2023,段克才,10.7659/j.issn.1005-6947.2023.01.008,中国普通外科杂志,肝内异位脾种植6例报告并文献复习
2422,Wanfang,https://d.wanfangdata.com.cn/periodical/CiBQZXJpb2RpY2FsQ0hJU29scjkyMDI2MDkxNTE0MjIxORIQemdsbnh6ejIwMTMxMTExMxoIaWIxYjJ1aHo%3D,,2013,杨大计,10.3969/j.issn.1005-9202.2013.11.113,中国老年学杂志,腹腔镜下保留脾脏胰腺远端切除术12例
2423,Wanfang,https://d.wanfangdata.com.cn/periodical/CiBQZXJpb2RpY2FsQ0hJU29scjkyMDI2MDkxNTE0MjIxORIRemdwdHdrenoyMDAwMDQwNDAaCGliMWIydWh6,,2000,赵宝泉,10.3969/j.issn.1005-6947.2000.04.040,中国普通外科杂志,付脾蒂扭转1例
2317,Wanfang,https://d.wanfangdata.com.cn/periodical/CiBQZXJpb2RpY2FsQ0hJU29scjkyMDI2MDkxNTE0MjIxORIRemhxZ3l6OTgxOTg0MDMwMTcaCGliMWIydWh6,T2 title+author+year,1984,刘乐欣,10.3760/cma.j.issn.0254-1785.1984.03.017,中华器官移植杂志,狗自体部分脾异位移植
1993,Wanfang,https://d.wanfangdata.com.cn/periodical/CiBQZXJpb2RpY2FsQ0hJU29scjkyMDI2MDkxNTE0MjIxORIPbGN3end6MjAxNzA1MDE1GghpYjFiMnVoeg%3D%3D,T2 title+author+year,2017,孙丽媛,10.3969/j.issn.1002-3429.2017.05.015,临床误诊误治,脾脏异位妊娠破裂误诊报告
2424,Wanfang,https://d.wanfangdata.com.cn/periodical/CiBQZXJpb2RpY2FsQ0hJU29scjkyMDI2MDkxNTE0MjIxORIQamtiZDAwMTIwMjAyODQ5NhoIaWIxYjJ1aHo%3D,,2020,刘荣升,,健康必读,超声检查脾异位1例
2106,Wanfang,https://d.wanfangdata.com.cn/periodical/CiBQZXJpb2RpY2FsQ0hJU29scjkyMDI2MDkxNTE0MjIxORIPemhzeXdrMjAwODAzMDIwGghpYjFiMnVoeg%3D%3D,T2 title+author+year,2008,徐力善,10.3321/j.issn:1001-9030.2008.03.020,中华实验外科杂志,大鼠脾移植诱导特异性免疫耐受效果
2108,Wanfang,https://d.wanfangdata.com.cn/periodical/CiBQZXJpb2RpY2FsQ0hJU29scjkyMDI2MDkxNTE0MjIxORIPemhnZHdrMjAwODAxMDE1GghpYjFiMnVoeg%3D%3D,T2 title+author+year,2008,陆朝阳,10.3760/cma.j.issn.1007-8118.2008.01.015,中华肝胆外科杂志,供体凋亡/坏死细胞对大鼠脾移植急性排斥反应的作用研究
2425,Wanfang,https://d.wanfangdata.com.cn/periodical/CiBQZXJpb2RpY2FsQ0hJU29scjkyMDI2MDkxNTE0MjIxORISaGVuYW55a2R4MjAwNDAzMDQwGghpYjFiMnVoeg%3D%3D,,2004,夏自强,10.3969/j.issn.1671-6825.2004.03.040,郑州大学学报（医学版）,肝脾固定治疗犬肝前性门脉高压效果观察
2426,Wanfang,https://d.wanfangdata.com.cn/periodical/CiBQZXJpb2RpY2FsQ0hJU29scjkyMDI2MDkxNTE0MjIxORIQemRibHh6ejIwMDIwNTAzMhoIaWIxYjJ1aHo%3D,,2002,陈晓东,10.3969/j.issn.1007-8096.2002.05.032,诊断病理学杂志,纵隔髓脂肪瘤1例
1941,Wanfang,https://d.wanfangdata.com.cn/periodical/CiBQZXJpb2RpY2FsQ0hJU29scjkyMDI2MDkxNTE0MjIxORIRemdzeXdrenoyMDIxMDgwMjAaCGliMWIydWh6,T1 DOI,2021,陈冠球,10.19538/j.cjps.issn1005-2208.2021.08.20,中国实用外科杂志,异位脾种植误诊为腹膜后肿瘤5例诊治体会
1942,Wanfang,https://d.wanfangdata.com.cn/periodical/CiBQZXJpb2RpY2FsQ0hJU29scjkyMDI2MDkxNTE0MjIxORIRemdzeXdrenoyMDIxMDcwMjQaCGliMWIydWh6,T1 DOI,2021,周戊喜,10.19538/j.cjps.issn1005-2208.2021.07.24,中国实用外科杂志,肝内异位脾1例报告
2427,Wanfang,https://d.wanfangdata.com.cn/periodical/CiBQZXJpb2RpY2FsQ0hJU29scjkyMDI2MDkxNTE0MjIxORIPc3l5eXp6MjAxODAyMDI2GghpYjFiMnVoeg%3D%3D,,2018,陈海霞,10.14172/j.issn1671-4008.2018.02.025,实用医药杂志,副脾误诊为胃间质瘤1例
1966,Wanfang,https://d.wanfangdata.com.cn/periodical/CiBQZXJpb2RpY2FsQ0hJU29scjkyMDI2MDkxNTE0MjIxORIRemdzeXdrenoyMDE5MDkwMjgaCGliMWIydWh6,T1 DOI,2019,谢元康,10.19538/j.cjps.issn1005-2208.2019.09.28,中国实用外科杂志,游走脾并蒂扭转、脾梗死1例报告
2428,Wanfang,https://d.wanfangdata.com.cn/periodical/CiBQZXJpb2RpY2FsQ0hJU29scjkyMDI2MDkxNTE0MjIxORIPemhjc3l4MjAxMzAzMDAyGghpYjFiMnVoeg%3D%3D,,2013,陈立斌,10.3760/cma.j.issn.1004-4477.2013.03.002,中华超声影像学杂志,胰腺尾部内副脾内镜超声表现1例
2052,Wanfang,https://d.wanfangdata.com.cn/periodical/CiBQZXJpb2RpY2FsQ0hJU29scjkyMDI2MDkxNTE0MjIxORIPemhnZHdrMjAxMzAzMDEyGghpYjFiMnVoeg%3D%3D,T2 title+author+year,2013,褚海波,10.3760/cma.j.issn.1007-8118.2013.03.012,中华肝胆外科杂志,巨脾大部切除后残脾纤维组织的分布与定量研究
1938,Wanfang,https://d.wanfangdata.com.cn/periodical/CiBQZXJpb2RpY2FsQ0hJU29scjkyMDI2MDkxNTE0MjIxORISaGJtdHl4eXhiMjAyMjAyMDEyGghpYjFiMnVoeg%3D%3D,T1 DOI,2022,李盖,10.19539/j.cnki.2095-2694.2022.02.012,华北理工大学学报（医学版）,CT引导下肝异位脾脏穿刺1例
2114,Wanfang,https://d.wanfangdata.com.cn/periodical/CiBQZXJpb2RpY2FsQ0hJU29scjkyMDI2MDkxNTE0MjIxORIMeHl4MjAwNzAzMDIzGghpYjFiMnVoeg%3D%3D,T2 title+author+year,2007,贺胜利,10.3969/j.issn.0253-9802.2007.03.023,新医学,脾脏异位妊娠破裂1例报告
2107,Wanfang,https://d.wanfangdata.com.cn/periodical/CiBQZXJpb2RpY2FsQ0hJU29scjkyMDI2MDkxNTE0MjIxORIPemhnZHdrMjAwODAyMDExGghpYjFiMnVoeg%3D%3D,T2 title+author+year,2008,侯利民,10.3760/cma.j.issn.1007-8118.2008.02.011,中华肝胆外科杂志,一种简化的脾脏颈部异位移植模型的建立及观察
2429,Wanfang,https://d.wanfangdata.com.cn/periodical/CiBQZXJpb2RpY2FsQ0hJU29scjkyMDI2MDkxNTE0MjIxORIRendueGpreWoyMDE1MjMxNzQaCGliMWIydWh6,,2015,张小强,,中外女性健康研究,脾破裂脾脏切除术后异位种植30例诊治研究
2085,Wanfang,https://d.wanfangdata.com.cn/periodical/CiBQZXJpb2RpY2FsQ0hJU29scjkyMDI2MDkxNTE0MjIxORIPemdzeXl5MjAwOTM2MDM3GghpYjFiMnVoeg%3D%3D,T2 title+author+year,2009,廖桦,10.3969/j.issn.1673-7555.2009.36.037,中国实用医药,150例脾切除手术回顾性分析
2128,Wanfang,https://d.wanfangdata.com.cn/periodical/CiBQZXJpb2RpY2FsQ0hJU29scjkyMDI2MDkxNTE0MjIxORINcm1qeTIwMDYwMjA0MBoIaWIxYjJ1aHo%3D,T2 title+author+year,2006,张凤莉,10.3969/j.issn.1000-9736.2006.02.040,人民军医,阴囊内副脾异位1例
2430,Wanfang,https://d.wanfangdata.com.cn/periodical/CiBQZXJpb2RpY2FsQ0hJU29scjkyMDI2MDkxNTE0MjIxORIPemd6eXp6MjAwNDEyMDE2GghpYjFiMnVoeg%3D%3D,,2004,黄霞,10.3321/j.issn:1001-5302.2004.12.016,中国中药杂志,熟地黄多糖对血虚模型小鼠的影响
2431,Wanfang,https://d.wanfangdata.com.cn/periodical/CiBQZXJpb2RpY2FsQ0hJU29scjkyMDI2MDkxNTE0MjIxORINa3h5czIwMjAwMzAzOBoIaWIxYjJ1aHo%3D,,2020,胡开宾,,科学养生,脾切除的探讨
2432,Wanfang,https://d.wanfangdata.com.cn/periodical/CiBQZXJpb2RpY2FsQ0hJU29scjkyMDI2MDkxNTE0MjIxORIPc3dnY3hiMjAwMzA0MDEwGghpYjFiMnVoeg%3D%3D,,2003,张玲,10.3321/j.issn:1000-3061.2003.04.010,生物工程学报,Smad3基因剔除对小鼠造血功能的影响
2304,Wanfang,https://d.wanfangdata.com.cn/periodical/CiBQZXJpb2RpY2FsQ0hJU29scjkyMDI2MDkxNTE0MjIxORIPemhzeXdrMTk4NzAxMDA5GghpYjFiMnVoeg%3D%3D,T2 title+author+year,1987,刘乐欣,10.3760/cma.j.issn.1001-9030.1987.01.109,中华实验外科杂志,脾脏在廓清血源性肺炎球菌中的重要作用
2071,Wanfang,https://d.wanfangdata.com.cn/periodical/CiBQZXJpb2RpY2FsQ0hJU29scjkyMDI2MDkxNTE0MjIxORISaGJtdHl4eXhiMjAxMTAyMDM4GghpYjFiMnVoeg%3D%3D,T2 title+author+year,2011,赵玉英,10.3969/j.issn.1008-6633.2011.02.038,华北煤炭医学院学报,B超诊断脾异位1例
2433,Wanfang,https://d.wanfangdata.com.cn/periodical/CiBQZXJpb2RpY2FsQ0hJU29scjkyMDI2MDkxNTE0MjIxORIPeG5nZnl5MjAwNDAxMDc3GghpYjFiMnVoeg%3D%3D,,2004,欧晓平,10.3969/j.issn.1004-0188.2004.01.077,西南国防医药,脾脏异位妊娠破裂出血1例报告
2041,Wanfang,https://d.wanfangdata.com.cn/periodical/CiBQZXJpb2RpY2FsQ0hJU29scjkyMDI2MDkxNTE0MjIxORIPeXNqeHp6MjAxMzI2MDM0GghpYjFiMnVoeg%3D%3D,T2 title+author+year,2013,杨方武,10.3760/cma.j.issn.1673-4904.2013.26.034,中国医师进修杂志,脾脏异位妊娠误诊为绒毛膜癌致脾脏自发性破裂一例
2434,Wanfang,https://d.wanfangdata.com.cn/periodical/CiBQZXJpb2RpY2FsQ0hJU29scjkyMDI2MDkxNTE0MjIxORIOeWl5cXkyMDE4MzMwMTgaCGliMWIydWh6,,2018,李宝华,10.3969/j.issn.2095-1752.2018.33.018,医药前沿,肝和脾异位妊娠临床病理观察
2435,Wanfang,https://d.wanfangdata.com.cn/periodical/CiBQZXJpb2RpY2FsQ0hJU29scjkyMDI2MDkxNTE0MjIxORIPeWluc2JqMjAxODQ1MTMzGghpYjFiMnVoeg%3D%3D,,2018,王晓双,10.3969/j.issn.2095-8439.2018.45.133,饮食保健,一例脾脏异位妊娠患者的护理
2130,Wanfang,https://d.wanfangdata.com.cn/periodical/CiBQZXJpb2RpY2FsQ0hJU29scjkyMDI2MDkxNTE0MjIxORIRbG54ZGxjd2syMDA1MDQwMjgaCGliMWIydWh6,T2 title+author+year,2005,唐诗彬,10.3969/j.issn.1009-976x.2005.04.028,岭南现代临床外科,可吸收网在保脾手术中的应用进展
2436,Wanfang,https://d.wanfangdata.com.cn/periodical/CiBQZXJpb2RpY2FsQ0hJU29scjkyMDI2MDkxNTE0MjIxORIPbGN3end6MjAwMDA0MDcyGghpYjFiMnVoeg%3D%3D,,2000,闻天学,10.3969/j.issn.1002-3429.2000.04.072,临床误诊误治,左下腹副脾蒂扭转一例误诊
2437,Wanfang,https://d.wanfangdata.com.cn/periodical/CiBQZXJpb2RpY2FsQ0hJU29scjkyMDI2MDkxNTE0MjIxORINbmt5eDIwMDEwMTAyORoIaWIxYjJ1aHo%3D,,2001,王淑静,10.3969/j.issn.1008-1127.2001.01.029,农垦医学,脾分叶畸形的超声诊断
1963,Wanfang,https://d.wanfangdata.com.cn/periodical/CiBQZXJpb2RpY2FsQ0hJU29scjkyMDI2MDkxNTE0MjIxORIRemdzeW5renoyMDE5MTEwMTkaCGliMWIydWh6,T1 DOI,2019,李丹,10.19538/j.nk2019110119,中国实用内科杂志,肝内异位脾误诊肝脏肿瘤1例报告
2090,Wanfang,https://d.wanfangdata.com.cn/periodical/CiBQZXJpb2RpY2FsQ0hJU29scjkyMDI2MDkxNTE0MjIxORIPc3h5eXp6MjAwOTE3MDI4GghpYjFiMnVoeg%3D%3D,T2 title+author+year,2009,郭援朝,,山西医药杂志,带蒂自体脾异位移植加门奇静脉断流术治疗门静脉高压症的研究
2012,Wanfang,https://d.wanfangdata.com.cn/periodical/CiBQZXJpb2RpY2FsQ0hJU29scjkyMDI2MDkxNTE0MjIxORIPemd4Y3l5MjAxNTE5MDMyGghpYjFiMnVoeg%3D%3D,T2 title+author+year,2015,王珺,10.3969/j.issn.1006-5180.2015.19.032,中国乡村医药,脾脏异位妊娠伴失血性休克1例
1992,Wanfang,https://d.wanfangdata.com.cn/periodical/CiBQZXJpb2RpY2FsQ0hJU29scjkyMDI2MDkxNTE0MjIxORITemhwdHdrc3N6ejIwMTcwMzAxORoIaWIxYjJ1aHo%3D,T2 title+author+year,2017,陈朗,10.3877/cma.j.issn.1674-3946.2017.03.019,中华普外科手术学杂志（电子版）,腹腔镜下胰体尾占位性病变切除16例体会
2438,Wanfang,https://d.wanfangdata.com.cn/conference/CiFDb25mZXJlbmNlTmV3U29scjlTMjAyNjA5MTUwOTMyMzESBzcyMTA2MDcaCGliMWIydWh6,,2009,丁远仁,,,脾异位胰腺1例报告
1976,Wanfang,https://d.wanfangdata.com.cn/periodical/CiBQZXJpb2RpY2FsQ0hJU29scjkyMDI2MDkxNTE0MjIxORITemh4aGJ5eXh6ejIwMTgwNjAxMRoIaWIxYjJ1aHo%3D,T2 title+author+year,2018,王晓瑜,10.3877/cma.j.issn.2095-2015.2018.06.011,中华消化病与影像杂志（电子版）,脾脏异位种植致胃腔外压误诊为胃底静脉曲张一例
1957,Wanfang,https://d.wanfangdata.com.cn/periodical/CiBQZXJpb2RpY2FsQ0hJU29scjkyMDI2MDkxNTE0MjIxORIQdHpqamR6dzIwMjAwMzAwNBoIaWIxYjJ1aHo%3D,T2 title+author+year,2020,于一伟,10.3969/j.issn.1001-4713.2020.03.004,特种经济动植物,一例德国牧羊犬死亡原因分析
2166,Wanfang,https://d.wanfangdata.com.cn/periodical/CiBQZXJpb2RpY2FsQ0hJU29scjkyMDI2MDkxNTE0MjIxORIPaHNqYnp6MjAwMjA0MDMzGghpYjFiMnVoeg%3D%3D,T2 title+author+year,2002,杨玉栋,10.3969/j.issn.1009-3257.2002.04.033,罕少疾病杂志,腹腔多发性脾植入1例
2065,Wanfang,https://d.wanfangdata.com.cn/periodical/CiBQZXJpb2RpY2FsQ0hJU29scjkyMDI2MDkxNTE0MjIxORISemd4ZHNzeHp6MjAxMTAzMDA4GghpYjFiMnVoeg%3D%3D,T2 title+author+year,2011,袁建保,,中国现代手术学杂志,保留脾脏的近端胃癌D2根治术脾门淋巴结清扫
2439,Wanfang,https://d.wanfangdata.com.cn/periodical/CiBQZXJpb2RpY2FsQ0hJU29scjkyMDI2MDkxNTE0MjIxORIReGRtbndrenoyMDA4MDIwMzIaCGliMWIydWh6,,2008,曲龙嘉,10.3969/j.issn.1009-8291.2008.02.032,现代泌尿外科杂志,右侧肾上腺区脾种植1例
2440,Wanfang,https://d.wanfangdata.com.cn/periodical/CiBQZXJpb2RpY2FsQ0hJU29scjkyMDI2MDkxNTE0MjIxORIUemdwd2pjeWxjenoyMDAzMDYwMjIaCGliMWIydWh6,,2003,张铁民,10.3969/j.issn.1007-9424.2003.06.022,中国普外基础与临床杂志,脾移植术后并发症的诊断与治疗(附5例报告)
2067,Wanfang,https://d.wanfangdata.com.cn/periodical/CiBQZXJpb2RpY2FsQ0hJU29scjkyMDI2MDkxNTE0MjIxORIRemdzeXdrenoyMDExMDYwMzQaCGliMWIydWh6,T2 title+author+year,2011,张勇,,中国实用外科杂志,盆腔游走脾并脾蒂不完全扭转1例报告
2157,Wanfang,https://d.wanfangdata.com.cn/periodical/CiBQZXJpb2RpY2FsQ0hJU29scjkyMDI2MDkxNTE0MjIxORINbWZ6ejIwMDMwNzAxORoIaWIxYjJ1aHo%3D,T2 title+author+year,2003,胡家盛,10.3969/j.issn.1003-9139.2003.07.019,蜜蜂杂志,中蜂过箱时用线拴脾固定
2441,Wanfang,https://d.wanfangdata.com.cn/periodical/CiBQZXJpb2RpY2FsQ0hJU29scjkyMDI2MDkxNTE0MjIxORIMeHl4MTk5ODA0MDMxGghpYjFiMnVoeg%3D%3D,,1998,欧荣彬,10.3969/j.issn.0253-9802.1998.04.031,新医学,临床常见诊疗错误汇编(179)
1977,Wanfang,https://d.wanfangdata.com.cn/conference/CiFDb25mZXJlbmNlTmV3U29scjlTMjAyNjA5MTUwOTMyMzESCDEwMjQ3MTY2GghpYjFiMnVoeg%3D%3D,T2 title+author+year,2018,叶张杰,,,浅谈犬胃扩张-扭转综合征
2016,Wanfang,https://d.wanfangdata.com.cn/periodical/CiBQZXJpb2RpY2FsQ0hJU29scjkyMDI2MDkxNTE0MjIxORITemd4ZHB0d2tqejIwMTUwNTAxNxoIaWIxYjJ1aHo%3D,T2 title+author+year,2015,孙庆章,10.3969/j.issn.1009-9905.2015.017,中国现代普通外科进展,保留脾脏的胃癌根治性全胃切除术21例
2442,Wanfang,https://d.wanfangdata.com.cn/conference/CiFDb25mZXJlbmNlTmV3U29scjlTMjAyNjA5MTUwOTMyMzESBzkxNTI1OTgaCGliMWIydWh6,,2016,王倩,,,犬胃扭转-扩张综合征手术通路
1998,Wanfang,https://d.wanfangdata.com.cn/periodical/CiBQZXJpb2RpY2FsQ0hJU29scjkyMDI2MDkxNTE0MjIxORIPc2R4bXN5MjAxNjExMDAzGghpYjFiMnVoeg%3D%3D,T2 title+author+year,2016,李朋,10.3969/j.issn.1007-1733.2016.11.003,山东畜牧兽医,超声引导细针穿刺在脾脏弥散性病变诊断中的应用
1961,Wanfang,https://d.wanfangdata.com.cn/periodical/CiBQZXJpb2RpY2FsQ0hJU29scjkyMDI2MDkxNTE0MjIxORIRc2p6eHl5LWUyMDE5OTIyMTcaCGliMWIydWh6,T1 DOI,2019,孙会想,10.19613/j.cnki.1671-3141.2019.92.217,世界最新医学信息文摘（连续型电子期刊）,一例游离脾伴胃扭转的病例汇报
1962,Wanfang,https://d.wanfangdata.com.cn/periodical/CiBQZXJpb2RpY2FsQ0hJU29scjkyMDI2MDkxNTE0MjIxORIRemhvbmdneWYyMDE5MTEwMTMaCGliMWIydWh6,T2 title+author+year,2019,张河勇,10.3969/j.issn.0412-4367.2019.11.013,中国蜂业,桶养蜂群如何安全转场
2443,Wanfang,https://d.wanfangdata.com.cn/conference/CiFDb25mZXJlbmNlTmV3U29scjlTMjAyNjA5MTUwOTMyMzESBzg3MjE3NjgaCGliMWIydWh6,,2015,包喜军,,,两例犬肱骨骨折的内固定治疗
2444,Wanfang,https://d.wanfangdata.com.cn/thesis/Ch1UaGVzaXNOZXdTb2xyOVMyMDI2MDkxNjA5NDMzMhIIWTI4Njg3MzEaCGliMWIydWh6,,2015,赖婷敏,,,盆腔脾组织植入：病例报告
2445,Wanfang,https://d.wanfangdata.com.cn/periodical/CiBQZXJpb2RpY2FsQ0hJU29scjkyMDI2MDkxNTE0MjIxORIPbGN3end6MjAwMTA0MDQ1GghpYjFiMnVoeg%3D%3D,,2001,李文惠,10.3969/j.issn.1002-3429.2001.04.045,临床误诊误治,胃切除术致脾损伤
2446,Wanfang,https://d.wanfangdata.com.cn/periodical/CiBQZXJpb2RpY2FsQ0hJU29scjkyMDI2MDkxNTE0MjIxORISZ3d4bXgtenlxMjAxODAxMDAxGghpYjFiMnVoeg%3D%3D,,2018,贾良梁,10.3969/j.issn.1001-0769.2018.01.001,国外畜牧学（猪与禽）,肠或胃扭转
2119,Wanfang,https://d.wanfangdata.com.cn/periodical/CiBQZXJpb2RpY2FsQ0hJU29scjkyMDI2MDkxNTE0MjIxORITemhta3l4LXhieTIwMDYwOTAwMxoIaWIxYjJ1aHo%3D,T2 title+author+year,2006,梅安昌,,中国民康医学（下半月）,脾脏损伤32例保脾治疗的临床分析
2119,Wanfang,https://d.wanfangdata.com.cn/periodical/CiBQZXJpb2RpY2FsQ0hJU29scjkyMDI2MDkxNTE0MjIxORIRemdtenl4enoyMDA2MTgwMDMaCGliMWIydWh6,T2 title+author+year,2006,梅安昌,10.3969/j.issn.1672-0369.2006.18.003,中国民康医学,脾脏损伤32例保脾治疗的临床分析
2447,Wanfang,https://d.wanfangdata.com.cn/periodical/CiBQZXJpb2RpY2FsQ0hJU29scjkyMDI2MDkxNTE0MjIxORIQbm1neXh6ejIwMDMwNTAxMRoIaWIxYjJ1aHo%3D,,2003,党永康,10.3969/j.issn.1004-0951.2003.05.011,内蒙古医学杂志,脾保留手术治疗外伤性脾破裂15例临床分析
2448,Wanfang,https://d.wanfangdata.com.cn/periodical/CiBQZXJpb2RpY2FsQ0hJU29scjkyMDI2MDkxNTE0MjIxORISaGJtdHl4eXhiMjAwMTA0MDM2GghpYjFiMnVoeg%3D%3D,,2001,徐创明,10.3969/j.issn.1008-6633.2001.04.036,华北煤炭医学院学报,阑尾炎误诊的辩证分析
2004,Wanfang,https://d.wanfangdata.com.cn/thesis/Ch1UaGVzaXNOZXdTb2xyOVMyMDI2MDkxNjA5NDMzMhIJRDAxMDM0MDcxGghpYjFiMnVoeg%3D%3D,T2 title+author+year,2016,魏慧,,,蕨麻多糖对镉致免疫抑制小鼠的免疫调节机理研究
2036,Wanfang,https://d.wanfangdata.com.cn/periodical/CiBQZXJpb2RpY2FsQ0hJU29scjkyMDI2MDkxNTE0MjIxORIQeWZzeXhqejIwMTQwNDAxMRoIaWIxYjJ1aHo%3D,T2 title+author+year,2014,韩海军,10.3969/j.issn.1671-6027.2014.04.011,畜牧兽医科技信息,氟暴露对雄性小鼠脾脏的病理组织学研究
2033,Wanfang,https://d.wanfangdata.com.cn/periodical/CiBQZXJpb2RpY2FsQ0hJU29scjkyMDI2MDkxNTE0MjIxORIPeXpqc2d3MjAxNDA3MTU4GghpYjFiMnVoeg%3D%3D,T2 title+author+year,2014,关辉,,养殖技术顾问,动物脾脏的非炎性病变与病理性诊断
1988,Wanfang,https://d.wanfangdata.com.cn/periodical/CiBQZXJpb2RpY2FsQ0hJU29scjkyMDI2MDkxNTE0MjIxORIPaG55eXh4MjAxODAxMDY5GghpYjFiMnVoeg%3D%3D,T2 title+author+year,2018,陈翠云,,医药论坛杂志,肝内及腹腔多发异位脾的诊治体会并文献复习
2058,Wanfang,https://d.wanfangdata.com.cn/periodical/CiBQZXJpb2RpY2FsQ0hJU29scjkyMDI2MDkxNTE0MjIxORIRemhvbmdneWYyMDEyMDUwMjYaCGliMWIydWh6,T2 title+author+year,2012,丁巨国,10.3969/j.issn.0412-4367.2012.05.026,中国蜂业,介绍一种活络蜂路隔
2094,Wanfang,https://d.wanfangdata.com.cn/periodical/CiBQZXJpb2RpY2FsQ0hJU29scjkyMDI2MDkxNTE0MjIxORIPemp5Znl4MjAwOTA4MDMzGghpYjFiMnVoeg%3D%3D,T2 title+author+year,2009,赵瑾,10.3969/j.issn.1007-0931.2009.08.033,浙江预防医学,副脾误诊为卵巢肿瘤1例报告
2100,Wanfang,https://d.wanfangdata.com.cn/periodical/CiBQZXJpb2RpY2FsQ0hJU29scjkyMDI2MDkxNTE0MjIxORIPaHNqYnp6MjAwODA1MDE0GghpYjFiMnVoeg%3D%3D,T2 title+author+year,2008,胡煜,10.3969/j.issn.1009-3257.2008.05.014,罕少疾病杂志,肝脏异位翻转并胆囊结石、胆囊炎1例
2449,Wanfang,https://d.wanfangdata.com.cn/periodical/CiBQZXJpb2RpY2FsQ0hJU29scjkyMDI2MDkxNTE0MjIxORINbWZ6ejIwMDMwMTAxMRoIaWIxYjJ1aHo%3D,,2003,谭永堂,10.3969/j.issn.1003-9139.2003.01.011,蜜蜂杂志,中蜂过箱时用铅丝固定代替绑脾
2450,Wanfang,https://d.wanfangdata.com.cn/thesis/Ch1UaGVzaXNOZXdTb2xyOVMyMDI2MDkxNjA5NDMzMhIHWTg4NzA5MRoIaWIxYjJ1aHo%3D,,2006,赵玮钦,,,重组人骨形成蛋白复性探讨及重组人骨形成蛋白4二连体对辐射损伤小鼠造血系统的作用
2006,Wanfang,https://d.wanfangdata.com.cn/periodical/CiBQZXJpb2RpY2FsQ0hJU29scjkyMDI2MDkxNTE0MjIxORIRemdzeXdrenoyMDE2MDMwMjkaCGliMWIydWh6,T2 title+author+year,2016,邹珍,10.7504/cjps.issn1005-2208.2016.03.29,中国实用外科杂志,应用99mTc-硫胶体脾显像诊断自体异位脾种植1例报告
2451,Wanfang,https://d.wanfangdata.com.cn/periodical/CiBQZXJpb2RpY2FsQ0hJU29scjkyMDI2MDkxNTE0MjIxORINbWZ6ejIwMDIwNDAxMRoIaWIxYjJ1aHo%3D,,2002,朱建华,10.3969/j.issn.1003-9139.2002.04.011,蜜蜂杂志,快速转运蜂群法
2452,Wanfang,https://d.wanfangdata.com.cn/periodical/CiBQZXJpb2RpY2FsQ0hJU29scjkyMDI2MDkxNTE0MjIxORINbWZ6ejIwMDIwNTAxMRoIaWIxYjJ1aHo%3D,,2002,杨东清,10.3969/j.issn.1003-9139.2002.05.011,蜜蜂杂志,蜂群快速包装一法
2453,Wanfang,https://d.wanfangdata.com.cn/thesis/Ch1UaGVzaXNOZXdTb2xyOVMyMDI2MDkxNjA5NDMzMhIHWTUyMTg4MxoIaWIxYjJ1aHo%3D,,2003,张玲,,,Smad3基因剔除对小鼠造血功能和树突状细胞功能的影响
2020,Wanfang,https://d.wanfangdata.com.cn/periodical/CiBQZXJpb2RpY2FsQ0hJU29scjkyMDI2MDkxNTE0MjIxORINc3djeDIwMTQzMzAyOBoIaWIxYjJ1aHo%3D,T1 DOI,2014,张迪,10.13241/j.cnki.pmb.2014.33.028,现代生物医学进展,宝石能谱CT诊断腹腔自体异位脾种植1例并文献复习
2082,Wanfang,https://d.wanfangdata.com.cn/periodical/CiBQZXJpb2RpY2FsQ0hJU29scjkyMDI2MDkxNTE0MjIxORISemdsY2pweHp6MjAxMDAyMDM1GghpYjFiMnVoeg%3D%3D,T2 title+author+year,2010,刘鹏,,中国临床解剖学杂志,异位脾并血管变异的多层螺旋CT检查
2454,Wanfang,https://d.wanfangdata.com.cn/periodical/CiBQZXJpb2RpY2FsQ0hJU29scjkyMDI2MDkxNTE0MjIxORIOUUsyMDA1MDE5NTM2MTQaCGliMWIydWh6,,2005,SCHAARSCHMIDTK.,,世界核心医学期刊文摘（儿科学分册）,腹膜后腹腔镜脾固定术治疗小儿游走脾
1985,Wanfang,https://d.wanfangdata.com.cn/periodical/CiBQZXJpb2RpY2FsQ0hJU29scjkyMDI2MDkxNTE0MjIxORITemd5amd5eXh6ejIwMTgwMjAwOBoIaWIxYjJ1aHo%3D,T2 title+author+year,2018,王远智,,中国冶金工业医学杂志,99mTc-热变性红细胞脾显像诊断异位脾种植临床价值
2293,Wanfang,https://d.wanfangdata.com.cn/periodical/CiBQZXJpb2RpY2FsQ0hJU29scjkyMDI2MDkxNTE0MjIxORIRanlqeHh5eGIxOTg4MDIwMDIaCGliMWIydWh6,T2 title+author+year,1988,顾万清,,中国人民解放军军医进修学院学报,游走脾合并扭转1例报告
2455,Wanfang,https://d.wanfangdata.com.cn/periodical/CiBQZXJpb2RpY2FsQ0hJU29scjkyMDI2MDkxNTE0MjIxORIQcWszXzAwMDAzMDk0MDk3ORoIaWIxYjJ1aHo%3D,,2023,王燕,10.12677/acm.2023.132320,临床医学进展,儿童游走脾扭转并破裂出血1例报告并文献复习
2456,Wanfang,https://d.wanfangdata.com.cn/periodical/CiBQZXJpb2RpY2FsQ0hJU29scjkyMDI2MDkxNTE0MjIxORIReXlmc2pzenoyMDAyMDkxNDgaCGliMWIydWh6,,2002,,,医用放射技术杂志,异位脾/肺错钩瘤/甲状腺肿瘤的CT诊断
1972,Wanfang,https://d.wanfangdata.com.cn/periodical/CiBQZXJpb2RpY2FsQ0hJU29scjkyMDI2MDkxNTE0MjIxORIUemdzeWZreWNrenoyMDE5MDYwMjgaCGliMWIydWh6,T1 DOI,2019,龚美琴,10.19538/j.fk2019060128,中国实用妇科与产科杂志,脾脏异位妊娠1例报告
2079,Wanfang,https://d.wanfangdata.com.cn/periodical/CiBQZXJpb2RpY2FsQ0hJU29scjkyMDI2MDkxNTE0MjIxORIQemd3enh6ejIwMTAxNjI0MhoIaWIxYjJ1aHo%3D,T2 title+author+year,2010,管美丽,,中国误诊学杂志,食管裂孔疝术后胃脾扭转1例
2457,Wanfang,https://d.wanfangdata.com.cn/periodical/CiBQZXJpb2RpY2FsQ0hJU29scjkyMDI2MDkxNTE0MjIxORIRZHNqeWR4eGIyMDE2MjQwMTAaCGliMWIydWh6,,2016,严霞瑜,10.16016/j.1000-5404.201606183,第三军医大学学报,3例女性盆腔脾种植超声图像分析
2458,Wanfang,https://d.wanfangdata.com.cn/thesis/Ch1UaGVzaXNOZXdTb2xyOVMyMDI2MDkxNjA5NDMzMhIHWTQzOTM2NhoIaWIxYjJ1aHo%3D,,2002,王毓利,,,套管法大鼠异位脾移植模型的建立及丹参对移植脾再灌注损伤的保护作用
2022,Wanfang,https://d.wanfangdata.com.cn/periodical/CiBQZXJpb2RpY2FsQ0hJU29scjkyMDI2MDkxNTE0MjIxORIRZGVqeWR4eGIyMDE0MDkwMjMaCGliMWIydWh6,T2 title+author+year,2014,董琴晖,10.3724/sp.j.1008.2014.01044,第二军医大学学报,髂窝脾种植1例报告
2056,Wanfang,https://d.wanfangdata.com.cn/periodical/CiBQZXJpb2RpY2FsQ0hJU29scjkyMDI2MDkxNTE0MjIxORIUemdzeWZreWNrenoyMDEyMDYwMjcaCGliMWIydWh6,T2 title+author+year,2012,卢飞飞,,中国实用妇科与产科杂志,脾脏异位妊娠1例报告
2039,Wanfang,https://d.wanfangdata.com.cn/periodical/CiBQZXJpb2RpY2FsQ0hJU29scjkyMDI2MDkxNTE0MjIxORIXUUtDMjAxMzIwMTQwMzEzMDAwNTIyNTcaCGliMWIydWh6,T2 title+author+year,2013,刘占斌,,养犬,犬游走脾的诊断与治疗
2379,Wanfang,https://d.wanfangdata.com.cn/periodical/CiBQZXJpb2RpY2FsQ0hJU29scjkyMDI2MDkxNTE0MjIxORIOUUsyMDAyMDE5MDc5NzQaCGliMWIydWh6,T3 similar title+author+year,2002,高景忠,,外科理论与实践,游走脾并脾蒂扭转误衣粘连性肠梗阻一例报告
2459,Wanfang,https://d.wanfangdata.com.cn/periodical/CiBQZXJpb2RpY2FsQ0hJU29scjkyMDI2MDkxNTE0MjIxORIOUUsxOTk3MDA5NjYwNTUaCGliMWIydWh6,,1997,于洪志,,吉林医学信息,小儿游走脾扭转1例
2460,Wanfang,https://d.wanfangdata.com.cn/periodical/CiBQZXJpb2RpY2FsQ0hJU29scjkyMDI2MDkxNTE0MjIxORIOUUsxOTk2MDEwNDQwMzgaCGliMWIydWh6,,1996,陈新建,,现代医用影像学,游走脾1例报告
2461,Wanfang,https://d.wanfangdata.com.cn/periodical/CiBQZXJpb2RpY2FsQ0hJU29scjkyMDI2MDkxNTE0MjIxORIOUUsxOTk0MDA1NTEyODQaCGliMWIydWh6,,1994,李索林,,医师进修杂志,游走脾45例临床分析
1975,Wanfang,https://d.wanfangdata.com.cn/periodical/CiBQZXJpb2RpY2FsQ0hJU29scjkyMDI2MDkxNTE0MjIxORINcm1qeTIwMTgxMjAyMhoIaWIxYjJ1aHo%3D,T2 title+author+year,2018,傅承蓉,,人民军医,盲肠异位脾种植1例
2219,Wanfang,https://d.wanfangdata.com.cn/periodical/CiBQZXJpb2RpY2FsQ0hJU29scjkyMDI2MDkxNTE0MjIxORIOUUsxOTk3MDA2MzU5MTEaCGliMWIydWh6,T2 title+author+year,1997,田伟,,中国医学计算机成像杂志,游走脾蒂扭转的CT诊断
2005,Wanfang,https://d.wanfangdata.com.cn/periodical/CiBQZXJpb2RpY2FsQ0hJU29scjkyMDI2MDkxNTE0MjIxORISaGxqeG1zeS14MjAxNjAzMDMxGghpYjFiMnVoeg%3D%3D,T2 title+author+year,2016,朱国,,黑龙江畜牧兽医（下半月）,一例犬胃扭转扩张引起脾脏扭转梗死的诊治
2054,Wanfang,https://d.wanfangdata.com.cn/periodical/CiBQZXJpb2RpY2FsQ0hJU29scjkyMDI2MDkxNTE0MjIxORIPemdmeWJqMjAxMjI3MDM3GghpYjFiMnVoeg%3D%3D,T2 title+author+year,2012,金桂云,,中国妇幼保健,少见位置异位妊娠的介入治疗
2013,Wanfang,https://d.wanfangdata.com.cn/periodical/CiBQZXJpb2RpY2FsQ0hJU29scjkyMDI2MDkxNTE0MjIxORISemd4ZHNzeHp6MjAxNTA0MDAyGghpYjFiMnVoeg%3D%3D,T1 DOI,2015,王春喜,10.16260/j.cnki.1009-2188.2015.04.002,中国现代手术学杂志,游走性脾脏并扭转的手术治疗
2462,Wanfang,https://d.wanfangdata.com.cn/conference/CiFDb25mZXJlbmNlTmV3U29scjlTMjAyNjA5MTUwOTMyMzESCDExMjMxMTg0GghpYjFiMnVoeg%3D%3D,,2018,章泽宇,,,肝内异位脾误诊为肝癌一例
1997,Wanfang,https://d.wanfangdata.com.cn/periodical/CiBQZXJpb2RpY2FsQ0hJU29scjkyMDI2MDkxNTE0MjIxORISaGxqeG1zeS14MjAxNjExMDQyGghpYjFiMnVoeg%3D%3D,T2 title+author+year,2016,王丽群,,黑龙江畜牧兽医（下半月）,一例犬肠套叠的诊断与治疗
2463,Wanfang,https://d.wanfangdata.com.cn/periodical/CiBQZXJpb2RpY2FsQ0hJU29scjkyMDI2MDkxNTE0MjIxORIOUUsxOTk2MDAzMTUwNzkaCGliMWIydWh6,,1996,胡清凌,,江西医药,盆腔游走脾1例
2040,Wanfang,https://d.wanfangdata.com.cn/conference/CiFDb25mZXJlbmNlTmV3U29scjlTMjAyNjA5MTUwOTMyMzESBzg2NzMyMzgaCGliMWIydWh6,T2 title+author+year,2013,陶开山,,,GTKO猪-猴异种异位脾窝辅助性肝移植实验研究
2040,Wanfang,https://d.wanfangdata.com.cn/conference/CiFDb25mZXJlbmNlTmV3U29scjlTMjAyNjA5MTUwOTMyMzESBzg3NDU3OTMaCGliMWIydWh6,T2 title+author+year,2013,陶开山,,,GTKO猪-猴异种异位脾窝辅助性肝移植实验研究
2464,Wanfang,https://d.wanfangdata.com.cn/periodical/CiBQZXJpb2RpY2FsQ0hJU29scjkyMDI2MDkxNTE0MjIxORIOUUsyMDA4MDMzOTc2NDYaCGliMWIydWh6,,2008,朱代荣,,新医学导刊,游走脾致胃部分坏死破裂1例
2110,Wanfang,https://d.wanfangdata.com.cn/periodical/CiBQZXJpb2RpY2FsQ0hJU29scjkyMDI2MDkxNTE0MjIxORIOUUsyMDA3MDI0OTg5MTgaCGliMWIydWh6,T2 title+author+year,2007,张征,,中国误诊学杂志,异位脾误诊为盆腔肿物1例
2465,Wanfang,https://d.wanfangdata.com.cn/periodical/CiBQZXJpb2RpY2FsQ0hJU29scjkyMDI2MDkxNTE0MjIxORIOUUsyMDA2MDIxMjEzMDEaCGliMWIydWh6,,2006,MCHEIKJ.N.,,世界核心医学期刊文摘（儿科学分册）,儿童脾扭转
2466,Wanfang,https://d.wanfangdata.com.cn/periodical/CiBQZXJpb2RpY2FsQ0hJU29scjkyMDI2MDkxNTE0MjIxORIOUUsyMDAzMDIyNjg0NTIaCGliMWIydWh6,,2003,贾洪刚,,医用放射技术杂志,超声诊断游走脾1例报告
2467,Wanfang,https://d.wanfangdata.com.cn/periodical/CiBQZXJpb2RpY2FsQ0hJU29scjkyMDI2MDkxNTE0MjIxORIOUUsyMDAyMDE5ODczNjgaCGliMWIydWh6,,2002,张旗,,医用放射技术杂志,异位脾
2468,Wanfang,https://d.wanfangdata.com.cn/periodical/CiBQZXJpb2RpY2FsQ0hJU29scjkyMDI2MDkxNTE0MjIxORIOUUsyMDAxMDE3MDQzNTgaCGliMWIydWh6,,2001,车明亮,,吉林医学信息,急性胃扭转合并游走脾1例
2469,Wanfang,https://d.wanfangdata.com.cn/periodical/CiBQZXJpb2RpY2FsQ0hJU29scjkyMDI2MDkxNTE0MjIxORIOUUsyMDAxMDEzMDQ5NDgaCGliMWIydWh6,,2001,陶杰,,成都军区医院学报,超声检查对游走脾的诊断分析
2470,Wanfang,https://d.wanfangdata.com.cn/periodical/CiBQZXJpb2RpY2FsQ0hJU29scjkyMDI2MDkxNTE0MjIxORIOUUsxOTk2MDEwMzkxMzAaCGliMWIydWh6,,1996,张晓辉,,长春医药,脾扭转误诊结肠癌1例
2471,Wanfang,https://d.wanfangdata.com.cn/periodical/CiBQZXJpb2RpY2FsQ0hJU29scjkyMDI2MDkxNTE0MjIxORIOUUsxOTk1MDAzOTc2NjEaCGliMWIydWh6,,1995,吴国新,,齐齐哈尔医学院学报,附睾异位脾1例
2394,Wanfang,https://d.wanfangdata.com.cn/periodical/CiBQZXJpb2RpY2FsQ0hJU29scjkyMDI2MDkxNTE0MjIxORIOUUsxOTk0MDA0NTMxNjEaCGliMWIydWh6,,1994,陈晓波,,沈阳部队医药,游走脾合并脾囊肿误诊为卵巢囊肿1例
2262,Wanfang,https://d.wanfangdata.com.cn/periodical/CiBQZXJpb2RpY2FsQ0hJU29scjkyMDI2MDkxNTE0MjIxORIOUUswMDAwMDA4MzYwNDEaCGliMWIydWh6,T3 similar title+author+year,1993,刘建,,国外医学.外科学分册,游走脾
2257,Wanfang,https://d.wanfangdata.com.cn/periodical/CiBQZXJpb2RpY2FsQ0hJU29scjkyMDI2MDkxNTE0MjIxORIOUUswMDAwMDEzNzM5NjgaCGliMWIydWh6,T2 title+author+year,1993,张学忠,,黑龙江医药,盆腔马蹄形异位脾慢性扭转1例
2285,Wanfang,https://d.wanfangdata.com.cn/periodical/CiBQZXJpb2RpY2FsQ0hJU29scjkyMDI2MDkxNTE0MjIxORIOUUswMDAwMDE3MTg2MDQaCGliMWIydWh6,T2 title+author+year,1989,毕银德,,吉林医学,先天性游走脾并发蒂扭转及麻痹性肠梗阻一例报告
2057,Wanfang,https://d.wanfangdata.com.cn/periodical/CiBQZXJpb2RpY2FsQ0hJU29scjkyMDI2MDkxNTE0MjIxORIQaGxqeG1zeTIwMTIwNTA1ORoIaWIxYjJ1aHo%3D,T2 title+author+year,2012,刘利强,,黑龙江畜牧兽医（上半月）,双酚A对SPF大鼠脾脏的组织病理学损伤作用
1999,Wanfang,https://d.wanfangdata.com.cn/periodical/CiBQZXJpb2RpY2FsQ0hJU29scjkyMDI2MDkxNTE0MjIxORIRc2p6eHl5LWUyMDE2ODkyNjAaCGliMWIydWh6,T2 title+author+year,2016,于成荣,10.3969/j.issn.1671-3141.2016.89.260,世界最新医学信息文摘（连续型电子期刊）,脾切除术的适应症与护理对策
2076,Wanfang,https://d.wanfangdata.com.cn/periodical/CiBQZXJpb2RpY2FsQ0hJU29scjkyMDI2MDkxNTE0MjIxORIQemd3enh6ejIwMTAyNzIxOBoIaWIxYjJ1aHo%3D,T2 title+author+year,2010,吕艳,,中国误诊学杂志,左侧肾上腺区脾种植1例分析
2472,Wanfang,https://d.wanfangdata.com.cn/periodical/CiBQZXJpb2RpY2FsQ0hJU29scjkyMDI2MDkxNTE0MjIxORIOUUsyMDA1MDE5NTM4MzIaCGliMWIydWh6,,2005,MARTNEZ-FERROM.,,世界核心医学期刊文摘（儿科学分册）,病例报道:腹腔镜下游离脾的袋状脾固定术
2069,Wanfang,https://d.wanfangdata.com.cn/periodical/CiBQZXJpb2RpY2FsQ0hJU29scjkyMDI2MDkxNTE0MjIxORISemd5c3l5Y3p6MjAxMTA0MDU1GghpYjFiMnVoeg%3D%3D,T2 title+author+year,2011,王丹,,中国优生与遗传杂志,Douglas窝副脾误诊为淋巴瘤一例
2473,Wanfang,https://d.wanfangdata.com.cn/periodical/CiBQZXJpb2RpY2FsQ0hJU29scjkyMDI2MDkxNTE0MjIxORIPendqa3d6MjAxMDMzMzQzGghpYjFiMnVoeg%3D%3D,,2010,那忠莱,10.3969/j.issn.1672-5085.2010.33.343,中外健康文摘,急腹症护理的技术探讨
2474,Wanfang,https://d.wanfangdata.com.cn/periodical/CiBQZXJpb2RpY2FsQ0hJU29scjkyMDI2MDkxNTE0MjIxORIPendqa3d6MjAxMDE2MDcyGghpYjFiMnVoeg%3D%3D,,2010,姜云三,10.3969/j.issn.1672-5085.2010.16.072,中外健康文摘,21例脾切除手术的临床治疗
2475,Wanfang,https://d.wanfangdata.com.cn/thesis/Ch1UaGVzaXNOZXdTb2xyOVMyMDI2MDkxNjA5NDMzMhIHWTY2MDAwOBoIaWIxYjJ1aHo%3D,,2004,侯利民,,,耐受性树突状细胞诱导移植脾免疫耐受的实验研究
2476,Wanfang,https://d.wanfangdata.com.cn/thesis/Ch1UaGVzaXNOZXdTb2xyOVMyMDI2MDkxNjA5NDMzMhIHWTQzMTI5NBoIaWIxYjJ1aHo%3D,,2002,刘昶,,,IL-4基因克隆与转染延长脾移植存活效应的实验研究
2477,Wanfang,https://d.wanfangdata.com.cn/periodical/CiBQZXJpb2RpY2FsQ0hJU29scjkyMDI2MDkxNTE0MjIxORIOUUsyMDA0MDI0MDM5NDkaCGliMWIydWh6,,2004,林民兴,,中华现代内科学杂志,大网膜异位脾种植结节功能亢进并溶血性贫血1例
1936,Wanfang,https://d.wanfangdata.com.cn/periodical/CiBQZXJpb2RpY2FsQ0hJU29scjkyMDI2MDkxNTE0MjIxORIWemhnendrc3N4ZHp6ejIwMjIwMjAyMBoIaWIxYjJ1aHo%3D,T2 title+author+year,2022,胡自力,10.3877/cma.j.issn.2095-3232.2022.02.020,中华肝脏外科手术学电子杂志,脾脏异位肝细胞癌一例
2478,Wanfang,https://d.wanfangdata.com.cn/periodical/CiBQZXJpb2RpY2FsQ0hJU29scjkyMDI2MDkxNTE0MjIxORIOUUsxOTk2MDA5MzUzMjAaCGliMWIydWh6,,1996,"Henne.,K",,德国医学,儿童儿伤性脾破裂后自体异位脾组织移植的晚期疗效
2479,Wanfang,https://d.wanfangdata.com.cn/periodical/CiBQZXJpb2RpY2FsQ0hJU29scjkyMDI2MDkxNTE0MjIxORIOUUsxOTk1MDAxNzcyMDIaCGliMWIydWh6,,1995,王昕,,包头医学,幼儿游走脾一例
2264,Wanfang,https://d.wanfangdata.com.cn/periodical/CiBQZXJpb2RpY2FsQ0hJU29scjkyMDI2MDkxNTE0MjIxORIOUUswMDAwMDEzNzM0MDMaCGliMWIydWh6,T2 title+author+year,1993,王舒波,,黑龙江医药,游走脾扭转误诊为卵巢肿瘤蒂扭转1例
2480,Wanfang,https://d.wanfangdata.com.cn/periodical/CiBQZXJpb2RpY2FsQ0hJU29scjkyMDI2MDkxNTE0MjIxORINeWZrajIwMDQwNTAxNBoIaWIxYjJ1aHo%3D,,2004,余林生,,养蜂科技,解景戎关于中蜂巢箱的论述(续)
2214,Wanfang,https://d.wanfangdata.com.cn/periodical/CiBQZXJpb2RpY2FsQ0hJU29scjkyMDI2MDkxNTE0MjIxORIOaGx4enoxOTk4MDMwMDIaCGliMWIydWh6,T2 title+author+year,1998,肖春梅,10.3969/j.issn.1001-4152.1998.03.002,护理学杂志,脾移植治疗血友病甲10例的护理
2481,Wanfang,https://d.wanfangdata.com.cn/conference/CiFDb25mZXJlbmNlTmV3U29scjlTMjAyNjA5MTUwOTMyMzESCDExNDI0NzE1GghpYjFiMnVoeg%3D%3D,,2018,陈建树,,,脾脏异位妊娠1例
2482,Wanfang,https://d.wanfangdata.com.cn/conference/CiFDb25mZXJlbmNlTmV3U29scjlTMjAyNjA5MTUwOTMyMzESCDEwMDQyMDUyGghpYjFiMnVoeg%3D%3D,,2016,李明,,,脾脏异位妊娠CT诊断
2482,Wanfang,https://d.wanfangdata.com.cn/conference/CiFDb25mZXJlbmNlTmV3U29scjlTMjAyNjA5MTUwOTMyMzESCDEwMDQxOTY1GghpYjFiMnVoeg%3D%3D,T3 similar title+author+year,2016,李明,,,脾脏异位妊娠的CT诊断
2483,Wanfang,https://d.wanfangdata.com.cn/periodical/CiBQZXJpb2RpY2FsQ0hJU29scjkyMDI2MDkxNTE0MjIxORIOUUsxOTk5MDA1MjI3MjkaCGliMWIydWh6,,1999,王煊,,前卫医药杂志,脾蒂扭转误诊为急性胃肠炎1例
1976,Wanfang,https://d.wanfangdata.com.cn/conference/CiFDb25mZXJlbmNlTmV3U29scjlTMjAyNjA5MTUwOTMyMzESCDExMTMzODcxGghpYjFiMnVoeg%3D%3D,T2 title+author+year,2018,王晓瑜,,,脾脏异位种植胃腔外压误认为胃底静脉曲张1例
2483,Wanfang,https://d.wanfangdata.com.cn/periodical/CiBQZXJpb2RpY2FsQ0hJU29scjkyMDI2MDkxNTE0MjIxORIOUUsyMDAwMDE1MTI3MjUaCGliMWIydWh6,T2 title+author+year,2000,王煊,,适宜诊疗技术,脾蒂扭转误诊为急性胃肠炎1例
2484,Wanfang,https://d.wanfangdata.com.cn/periodical/CiBQZXJpb2RpY2FsQ0hJU29scjkyMDI2MDkxNTE0MjIxORIOUUsyMDA1MDIzNjg2NzUaCGliMWIydWh6,,2005,付红霞,,中华临床新医学,脾脏异位妊娠破裂1例
2123,Wanfang,https://d.wanfangdata.com.cn/periodical/CiBQZXJpb2RpY2FsQ0hJU29scjkyMDI2MDkxNTE0MjIxORIOUUsyMDA2MDIyMzE3NDAaCGliMWIydWh6,T2 title+author+year,2006,吴松松,,中华医学杂志,疑难病例析评 第104例 发作性面红-出汗-高血压-腹腔多发肿块
2485,Wanfang,https://d.wanfangdata.com.cn/periodical/CiBQZXJpb2RpY2FsQ0hJU29scjkyMDI2MDkxNTE0MjIxORIOUUsyMDAwMDEwOTU0NDIaCGliMWIydWh6,,2000,,,国外科技资料目录（医药卫生）,脾脏
2486,Wanfang,https://d.wanfangdata.com.cn/periodical/CiBQZXJpb2RpY2FsQ0hJU29scjkyMDI2MDkxNTE0MjIxORIOUUsxOTk2MDA5MTY4NjUaCGliMWIydWh6,,1996,赵屹,,河南医药信息,先天性膈疝左胸异位脾脏自发性出血误诊1例
2487,Wanfang,https://d.wanfangdata.com.cn/periodical/CiBQZXJpb2RpY2FsQ0hJU29scjkyMDI2MDkxNTE0MjIxORIOUUsxOTk1MDEwMDA5MDIaCGliMWIydWh6,,1995,顾习真,,大家健康,脾切除后对人体有影响吗?
2488,Wanfang,https://d.wanfangdata.com.cn/periodical/CiBQZXJpb2RpY2FsQ0hJU29scjkyMDI2MDkxNTE0MjIxORIOUUswMDAwMDQ5ODUzNjUaCGliMWIydWh6,,1992,吴德华,,中国兽医科技,浅析犬急腹症的鉴别诊断与处理
2266,Wanfang,https://d.wanfangdata.com.cn/periodical/CiBQZXJpb2RpY2FsQ0hJU29scjkyMDI2MDkxNTE0MjIxORIXUUtWMTk5MjIwMTQxMjE1MDA5MjA4ODYaCGliMWIydWh6,T2 title+author+year,1992,焦振祥,,神经药理学报,脾脏异位于阴囊一例
2489,Wanfang,https://d.wanfangdata.com.cn/periodical/CiBQZXJpb2RpY2FsQ0hJU29scjkyMDI2MDkxNTE0MjIxORIOUUsxOTk3MDA5NjAyMDYaCGliMWIydWh6,,1997,吴声洪,,井冈山医专学报,巨大副脾蒂扭转1例报告
2046,Wanfang,https://d.wanfangdata.com.cn/conference/CiFDb25mZXJlbmNlTmV3U29scjlTMjAyNjA5MTUwOTMyMzESBzg4Nzc0MTYaCGliMWIydWh6,T2 title+author+year,2013,余日胜,,,胰腺小肿瘤及肿瘤样病变CT、MRI诊断
2490,Wanfang,https://d.wanfangdata.com.cn/conference/CiFDb25mZXJlbmNlTmV3U29scjlTMjAyNjA5MTUwOTMyMzESBzg3NDAyMjUaCGliMWIydWh6,,2013,任松林,,,儿童脾切除临床特点分析
2491,Wanfang,https://d.wanfangdata.com.cn/periodical/CiBQZXJpb2RpY2FsQ0hJU29scjkyMDI2MDkxNTE0MjIxORIOUUsyMDA4MDI1MDU1MzEaCGliMWIydWh6,,2008,潘勇,,农村新技术,治胃下垂方4则
2492,Wanfang,https://d.wanfangdata.com.cn/patent/Ch1QYXRlbnROZXdTb2xyOVMyMDI2MDkxNzE1MTE0OBIpWkxfQ04yMDI1MjEyOTMwMDQuM19DTjIyNDQwMjYxNlVfMjAyNjA2MjYaCGliMWIydWh6,,,黄秋林,,,一种基于标准箱改进的活框土养蜂箱
2493,Wanfang,https://d.wanfangdata.com.cn/patent/Ch1QYXRlbnROZXdTb2xyOVMyMDI2MDkxNzE1MTE0OBIpWkxfQ04yMDI0MjI2ODk3MTguOF9DTjIyMzI3NDcwMVVfMjAyNTA4MjkaCGliMWIydWh6,,,王立林,,,一种筒型中华蜂养殖用蜂箱
2494,Wanfang,https://d.wanfangdata.com.cn/patent/Ch1QYXRlbnROZXdTb2xyOVMyMDI2MDkxNzE1MTE0OBIpWkxfQ04yMDI0MTAxMTg5MzMuNF9DTjEyMDM1MjQxN0FfMjAyNTA3MjIaCGliMWIydWh6,,,吴华勇,,,一种基于机器视觉检测蜂巢孔内有无幼虫的识别装置及方法
2495,Wanfang,https://d.wanfangdata.com.cn/patent/Ch1QYXRlbnROZXdTb2xyOVMyMDI2MDkxNzE1MTE0OBIpWkxfQ04yMDIzMjMxOTQ3MjUuMl9DTjIyMTg2MDgxMVVfMjAyNDEwMTgaCGliMWIydWh6,,,吴少英,,,户外蜜蜂巢脾图像信息拍摄平台
2496,Wanfang,https://d.wanfangdata.com.cn/patent/Ch1QYXRlbnROZXdTb2xyOVMyMDI2MDkxNzE1MTE0OBIpWkxfQ04yMDIzMjEwNTc3MjUuNV9DTjIxOTkzOTM0MFVfMjAyMzExMDMaCGliMWIydWh6,,,杜兴媛,,,一种适用于蜜蜂转场的蜂脾固定装置
2497,Wanfang,https://d.wanfangdata.com.cn/patent/Ch1QYXRlbnROZXdTb2xyOVMyMDI2MDkxNzE1MTE0OBIpWkxfQ04yMDE5MjA0Njc0NjEuOF9DTjIxMDAxOTQ3M1VfMjAyMDAyMDcaCGliMWIydWh6,,,柴家科,,,一种脾固定包
2498,Wanfang,https://d.wanfangdata.com.cn/patent/Ch1QYXRlbnROZXdTb2xyOVMyMDI2MDkxNzE1MTE0OBIpWkxfQ04yMDE4MjA0ODIyNDMuN19DTjIwODE0NDE5OVVfMjAxODExMjcaCGliMWIydWh6,,,韩宾,,,一种用于蜂箱的蜂脾固定装置
2499,Wanfang,https://d.wanfangdata.com.cn/patent/Ch1QYXRlbnROZXdTb2xyOVMyMDI2MDkxNzE1MTE0OBIpWkxfQ04yMDE3MTEyMzI2MDAuMF9DTjEwNzkyNjc2N0JfMjAyMTA1MDQaCGliMWIydWh6,,,刘靖,,,一种流水线式自动摇蜜机
2500,Wanfang,https://d.wanfangdata.com.cn/patent/Ch1QYXRlbnROZXdTb2xyOVMyMDI2MDkxNzE1MTE0OBIpWkxfQ04yMDIwMjEzMjQyOTAuMl9DTjIxMzA5NTU1MFVfMjAyMTA1MDQaCGliMWIydWh6,,,解道豪,,,一种单脾蜜蜂运送箱
2501,Wanfang,https://d.wanfangdata.com.cn/patent/Ch1QYXRlbnROZXdTb2xyOVMyMDI2MDkxNzE1MTE0OBIpWkxfQ04yMDE4MTA1MTc0NDkuM19DTjEwODY2OTAwN0JfMjAyMTA5MTAaCGliMWIydWh6,,,刘利,,,一种蜜蜂的养殖方法
2502,Wanfang,https://d.wanfangdata.com.cn/patent/Ch1QYXRlbnROZXdTb2xyOVMyMDI2MDkxNzE1MTE0OBIpWkxfQ04yMDIwMjA1Mjc3MzkuOV9DTjIxMjAzNTQ2NFVfMjAyMDEyMDEaCGliMWIydWh6,,,汤铜华,,,一种便于抽取巢脾的蜂箱
2503,Wanfang,https://d.wanfangdata.com.cn/patent/Ch1QYXRlbnROZXdTb2xyOVMyMDI2MDkxNzE1MTE0OBIpWkxfQ04yMDE3MTAzMjc3NDEuNF9DTjEwNzAxODkyNUJfMjAyMDExMjQaCGliMWIydWh6,,,蒋敬,,,一种自动取蜜装置以及取蜜方法
2504,Wanfang,https://d.wanfangdata.com.cn/patent/Ch1QYXRlbnROZXdTb2xyOVMyMDI2MDkxNzE1MTE0OBIpWkxfQ04yMDE2MTAzODM2MjAuN19DTjEwNTkxODE2MEJfMjAxOTAxMDEaCGliMWIydWh6,,,吴长江,,,蜂蜜提取机
2505,Wanfang,https://d.wanfangdata.com.cn/patent/Ch1QYXRlbnROZXdTb2xyOVMyMDI2MDkxNzE1MTE0OBIpWkxfQ04yMDE2MTAzODM2NTguNF9DTjEwNTkxODE2MUJfMjAxOTA0MDUaCGliMWIydWh6,,,吴长江,,,蜂蜜脱离装置
2506,Wanfang,https://d.wanfangdata.com.cn/patent/Ch1QYXRlbnROZXdTb2xyOVMyMDI2MDkxNzE1MTE0OBIpWkxfQ04yMDE3MjE3MTMwMTQuM19DTjIwNzU4OTg0NlVfMjAxODA3MTAaCGliMWIydWh6,,,王华堂,,,一种适用于长时间运输的蜂王运输盒
2507,Wanfang,https://d.wanfangdata.com.cn/patent/Ch1QYXRlbnROZXdTb2xyOVMyMDI2MDkxNzE1MTE0OBIpWkxfQ04yMDE3MjA2NjI5MTMuOV9DTjIwNjk4MDY4MlVfMjAxODAyMDkaCGliMWIydWh6,,,徐建怀,,,一种化蜡设备
2508,Wanfang,https://d.wanfangdata.com.cn/patent/Ch1QYXRlbnROZXdTb2xyOVMyMDI2MDkxNzE1MTE0OBIpWkxfQ04yMDE4MTA1MTc0NDkuM19DTjEwODY2OTAwN0FfMjAxODEwMTkaCGliMWIydWh6,,,刘利,,,一种蜜蜂的养殖方法
2509,Wanfang,https://d.wanfangdata.com.cn/patent/Ch1QYXRlbnROZXdTb2xyOVMyMDI2MDkxNzE1MTE0OBIpWkxfQ04yMDE3MTEyMzI2MDAuMF9DTjEwNzkyNjc2N0FfMjAxODA0MjAaCGliMWIydWh6,,,吴昊苏,,,一种流水线式自动摇蜜机
2510,Wanfang,https://d.wanfangdata.com.cn/patent/Ch1QYXRlbnROZXdTb2xyOVMyMDI2MDkxNzE1MTE0OBIpWkxfQ04yMDE3MjA0MDQ1OTQuMV9DTjIwNjkyMzUxNFVfMjAxODAxMjYaCGliMWIydWh6,,,吴新荣,,,一种多功能蜜蜂蜂蜜分装装置
2511,Wanfang,https://d.wanfangdata.com.cn/patent/Ch1QYXRlbnROZXdTb2xyOVMyMDI2MDkxNzE1MTE0OBIpWkxfQ04yMDE3MjE0MjI4MTAuMV9DTjIwNzYzOTQ1MFVfMjAxODA3MjQaCGliMWIydWh6,,,杨德勇,,,一种电动摇蜜架
2512,Wanfang,https://d.wanfangdata.com.cn/patent/Ch1QYXRlbnROZXdTb2xyOVMyMDI2MDkxNzE1MTE0OBIpWkxfQ04yMDE3MjE0MTIxNTAuOV9DTjIwNzY3ODY1NVVfMjAxODA4MDMaCGliMWIydWh6,,,杨德勇,,,一种便捷手动摇蜜架
2513,Wanfang,https://d.wanfangdata.com.cn/patent/Ch1QYXRlbnROZXdTb2xyOVMyMDI2MDkxNzE1MTE0OBIpWkxfQ04yMDE3MTA5MTYwMzYuOF9DTjEwNzY5MTI4N0FfMjAxODAyMTYaCGliMWIydWh6,,,蒋仕兴,,,一种巢蜜的制造方法
2514,Wanfang,https://d.wanfangdata.com.cn/patent/Ch1QYXRlbnROZXdTb2xyOVMyMDI2MDkxNzE1MTE0OBIpWkxfQ04yMDE3MTA0Mjk1MzEuNl9DTjEwNzEyNjkwOUFfMjAxNzA5MDUaCGliMWIydWh6,,,徐建怀,,,一种化蜡设备
2515,Wanfang,https://d.wanfangdata.com.cn/patent/Ch1QYXRlbnROZXdTb2xyOVMyMDI2MDkxNzE1MTE0OBIpWkxfQ04yMDE3MTAyNTIxODAuNl9DTjEwNjkyMjU3MkFfMjAxNzA3MDcaCGliMWIydWh6,,,吴新荣,,,一种多功能蜜蜂蜂蜜分装装置
2516,Wanfang,https://d.wanfangdata.com.cn/patent/Ch1QYXRlbnROZXdTb2xyOVMyMDI2MDkxNzE1MTE0OBIpWkxfQ04yMDE2MTAzNzgyOTIuMV9DTjEwNjM4NjU3NUFfMjAxNzAyMTUaCGliMWIydWh6,,,吴长江,,,蜂蜜获取装置
2517,Wanfang,https://d.wanfangdata.com.cn/patent/Ch1QYXRlbnROZXdTb2xyOVMyMDI2MDkxNzE1MTE0OBIpWkxfQ04yMDE3MTAzMjc3NDEuNF9DTjEwNzAxODkyNUFfMjAxNzA4MDgaCGliMWIydWh6,,,蒋敬,,,一种自动取蜜装置以及取蜜方法
2518,Wanfang,https://d.wanfangdata.com.cn/patent/Ch1QYXRlbnROZXdTb2xyOVMyMDI2MDkxNzE1MTE0OBIpWkxfQ04yMDE2MTAzNzg0OTYuNV9DTjEwNjM4NjU3NkFfMjAxNzAyMTUaCGliMWIydWh6,,,吴长江,,,蜂蜜榨出机
2519,Wanfang,https://d.wanfangdata.com.cn/patent/Ch1QYXRlbnROZXdTb2xyOVMyMDI2MDkxNzE1MTE0OBIpWkxfQ04yMDE1MjA3OTU3ODIuMl9DTjIwNTE5NjcwNVVfMjAxNjA1MDQaCGliMWIydWh6,,,黄洪云,,,一种用于蜂蜜加工的自动过滤式电动不锈钢摇蜜机
2520,Wanfang,https://d.wanfangdata.com.cn/patent/Ch1QYXRlbnROZXdTb2xyOVMyMDI2MDkxNzE1MTE0OBIpWkxfQ04yMDE1MjA4MDMxMzAuOV9DTjIwNTA2MDM5NVVfMjAxNjAzMDIaCGliMWIydWh6,,,李玉梅,,,蜂箱运输固定器
2521,Wanfang,https://d.wanfangdata.com.cn/patent/Ch1QYXRlbnROZXdTb2xyOVMyMDI2MDkxNzE1MTE0OBIpWkxfQ04yMDE2MTAzODM2MjAuN19DTjEwNTkxODE2MEFfMjAxNjA5MDcaCGliMWIydWh6,,,吴长江,,,蜂蜜提取机
2522,Wanfang,https://d.wanfangdata.com.cn/patent/Ch1QYXRlbnROZXdTb2xyOVMyMDI2MDkxNzE1MTE0OBIpWkxfQ04yMDE2MTAzODM2NTguNF9DTjEwNTkxODE2MUFfMjAxNjA5MDcaCGliMWIydWh6,,,吴长江,,,蜂蜜脱离装置
2523,Wanfang,https://d.wanfangdata.com.cn/patent/Ch1QYXRlbnROZXdTb2xyOVMyMDI2MDkxNzE1MTE0OBIpWkxfQ04yMDE2MjA1MTg0NTIuM19DTjIwNTgxMzIyMFVfMjAxNjEyMjEaCGliMWIydWh6,,,吴长江,,,蜂蜜脱离装置
2524,Wanfang,https://d.wanfangdata.com.cn/patent/Ch1QYXRlbnROZXdTb2xyOVMyMDI2MDkxNzE1MTE0OBIpWkxfQ04yMDE2MjA1MjYwMTMuN19DTjIwNTgxMzIyM1VfMjAxNjEyMjEaCGliMWIydWh6,,,吴长江,,,蜂蜜提取机
2525,Wanfang,https://d.wanfangdata.com.cn/patent/Ch1QYXRlbnROZXdTb2xyOVMyMDI2MDkxNzE1MTE0OBIpWkxfQ04yMDE2MjA1MTg0NTMuOF9DTjIwNTgxMzIyMVVfMjAxNjEyMjEaCGliMWIydWh6,,,吴长江,,,蜂蜜获取装置
2526,Wanfang,https://d.wanfangdata.com.cn/patent/Ch1QYXRlbnROZXdTb2xyOVMyMDI2MDkxNzE1MTE0OBIpWkxfQ04yMDE0MTAwMDQ4ODIuOV9DTjEwMzc0OTI4NUJfMjAxNjAzMDIaCGliMWIydWh6,,,葛凤晨,,,对小面积植物实施三微蜜蜂授粉的方法和设备
2527,Wanfang,https://d.wanfangdata.com.cn/patent/Ch1QYXRlbnROZXdTb2xyOVMyMDI2MDkxNzE1MTE0OBIpWkxfQ04yMDE2MjA1MTg0NTUuN19DTjIwNTgxMzIyMlVfMjAxNjEyMjEaCGliMWIydWh6,,,吴长江,,,蜂蜜榨出机
2528,Wanfang,https://d.wanfangdata.com.cn/patent/Ch1QYXRlbnROZXdTb2xyOVMyMDI2MDkxNzE1MTE0OBIpWkxfQ04yMDE2MjAyMTQxNDcuNV9DTjIwNTQwOTEyOFVfMjAxNjA4MDMaCGliMWIydWh6,,,郑永春,,,一种蜜盖电动切割机
2529,Wanfang,https://d.wanfangdata.com.cn/patent/Ch1QYXRlbnROZXdTb2xyOVMyMDI2MDkxNzE1MTE0OBIpWkxfQ04yMDE0MTA1NjUwNDcuMl9DTjEwNDMwNDA5NUJfMjAxNjA4MTcaCGliMWIydWh6,,,申磊,,,中华蜜蜂瓶式巢蜜平箱生产方法、生产装置及生产用巢框
2530,Wanfang,https://d.wanfangdata.com.cn/patent/Ch1QYXRlbnROZXdTb2xyOVMyMDI2MDkxNzE1MTE0OBIpWkxfQ04yMDE1MjA1MDAwMzQuN19DTjIwNDc5NjQ3OFVfMjAxNTExMjUaCGliMWIydWh6,,,逯彦果,,,侧开门式蜜蜂蜂箱
2531,Wanfang,https://d.wanfangdata.com.cn/patent/Ch1QYXRlbnROZXdTb2xyOVMyMDI2MDkxNzE1MTE0OBIpWkxfQ04yMDE0MjA3ODM5NDkuOV9DTjIwNDMxNzI1OVVfMjAxNTA1MTMaCGliMWIydWh6,,,黄祯荣,,,摇蜜机卡装巢脾的坯框
2532,Wanfang,https://d.wanfangdata.com.cn/cstad/CiRDc3RhZE5ld1NvbHI5UzIwMjUwOTI0MjAyNjA5MTUxNTA1NTMSCDkwMjA2MjM5GghpYjFiMnVoeg%3D%3D,,,河北省衡水地区医院,,,保脾疗法治疗创伤性脾破裂的临床研究
2533,Wanfang,https://d.wanfangdata.com.cn/patent/Ch1QYXRlbnROZXdTb2xyOVMyMDI2MDkxNzE1MTE0OBIpWkxfQ04yMDE0MTA1NjUwNDcuMl9DTjEwNDMwNDA5NUFfMjAxNTAxMjgaCGliMWIydWh6,,,申磊,,,中华蜜蜂瓶式巣蜜平箱生产方法、生产装置及生产用巢框
2534,Wanfang,https://d.wanfangdata.com.cn/cstad/CiRDc3RhZE5ld1NvbHI5UzIwMjUwOTI0MjAyNjA5MTUxNTA1NTMSCDY5NDAwMzcyGghpYjFiMnVoeg%3D%3D,,,浙江农业大学,,,C型多功能蜂箱
2535,Wanfang,https://d.wanfangdata.com.cn/patent/Ch1QYXRlbnROZXdTb2xyOVMyMDI2MDkxNzE1MTE0OBIpWkxfQ04yMDE0MTAwMDQ4ODIuOV9DTjEwMzc0OTI4NUFfMjAxNDA0MzAaCGliMWIydWh6,,,葛凤晨,,,对小面积植物实施三微蜜蜂授粉的方法和设备
2536,Wanfang,https://d.wanfangdata.com.cn/patent/Ch1QYXRlbnROZXdTb2xyOVMyMDI2MDkxNzE1MTE0OBIpWkxfQ04yMDEzMjAyNzYyNjUuNV9DTjIwMzIzMjIwOVVfMjAxMzEwMDkaCGliMWIydWh6,,,蔡智慧,,,卡接式眼镜腿结构
2537,Wanfang,https://d.wanfangdata.com.cn/patent/Ch1QYXRlbnROZXdTb2xyOVMyMDI2MDkxNzE1MTE0OBIpWkxfQ04yMDEwMjAyODQ3NTIuMl9DTjIwMTc1ODY2NlVfMjAxMTAzMTYaCGliMWIydWh6,,,姜希有,,,可转式蜜蜂蜂箱
2538,Wanfang,https://d.wanfangdata.com.cn/patent/Ch1QYXRlbnROZXdTb2xyOVMyMDI2MDkxNzE1MTE0OBInWkxfQ04yMDA0MTAwMTA4MzYuNl9DTjEyNTk4MjNDXzIwMDYwNjIxGghpYjFiMnVoeg%3D%3D,,,葛凤晨,,,中蜂复脾野巢式盒蜜及生产方法和设备
2539,Wanfang,https://d.wanfangdata.com.cn/patent/Ch1QYXRlbnROZXdTb2xyOVMyMDI2MDkxNzE1MTE0OBInWkxfQ04yMDA0MTAwMTA4MzYuNl9DTjE1Njg2NzJBXzIwMDUwMTI2GghpYjFiMnVoeg%3D%3D,,,葛凤晨,,,中蜂复脾野巢式盒蜜及生产方法和设备
2540,Wanfang,https://d.wanfangdata.com.cn/patent/Ch1QYXRlbnROZXdTb2xyOVMyMDI2MDkxNzE1MTE0OBIjWkxfQ04wMzIyOTMxNS4xX0NOMjYxNjUwNVlfMjAwNDA1MTkaCGliMWIydWh6,,,黄卫东,,,成熟蜜脾运输箱
2541,Wanfang,https://d.wanfangdata.com.cn/patent/Ch1QYXRlbnROZXdTb2xyOVMyMDI2MDkxNzE1MTE0OBIjWkxfQ045ODEyMzUzMS5YX0NOMTA3OTE5MUNfMjAwMjAyMjAaCGliMWIydWh6,,,袁俊丰,,,人工单面巢脾及其使用方法
2542,Wanfang,https://d.wanfangdata.com.cn/patent/Ch1QYXRlbnROZXdTb2xyOVMyMDI2MDkxNzE1MTE0OBIjWkxfQ045ODI0MzA4MC45X0NOMjM1NzQ5NllfMjAwMDAxMTIaCGliMWIydWh6,,,袁俊丰,,,人工单面巢脾
2543,Wanfang,https://d.wanfangdata.com.cn/patent/Ch1QYXRlbnROZXdTb2xyOVMyMDI2MDkxNzE1MTE0OBIjWkxfQ045ODEyMzUzMS5YX0NOMTIxNTU0OEFfMTk5OTA1MDUaCGliMWIydWh6,,,袁俊丰,,,人工单面巢脾及其使用方法
2544,Wanfang,https://d.wanfangdata.com.cn/cstad/CiRDc3RhZE5ld1NvbHI5UzIwMjUwOTI0MjAyNjA5MTUxNTA1NTMSBjg3MTIzNBoIaWIxYjJ1aHo%3D,,,同济医科大学器官移植研究所,,,自体脾移植与保留性脾部分切除术实验研究与临床应用
1899,CBM,2026255851,T3 similar title+author+year,2026,吴昕,,临床外科杂志,游走脾脾蒂扭转致脾梗死1例
1619,CBM,2026205942,T2 title+author+year,2026,蒋丽静,,中华解剖与临床杂志,盆腔脾种植1例
49,CBM,2025471549,T2 title+author+year,2025,赵娜,,中华医学杂志,儿童脾扭转的超声表现
1905,CBM,2025276926,T2 title+author+year,2025,黄莉,,诊断病理学杂志,胸腔异位脾种植1例
1904,CBM,2025259560,T2 title+author+year,2025,江远航,,中国医学影像技术,胸膜异位脾种植1例
1517,CBM,2025259550,T2 title+author+year,2025,夏一凡,,中国医学影像技术,1例肝内异位脾CT及MRI表现
2545,CBM,2025248678,,2025,邹俊杰,,中国CT和MRI杂志,胸腔异位脾脏伴膈疝1例
1906,CBM,2025619577,T2 title+author+year,2025,孔明,,临床军医杂志,盆腔腹膜后异位副脾误诊1例
2546,CBM,2025216223,,2025,杨婷,,影像研究与医学应用,脾外伤切除后肝脏内异位脾脏1例报道
1907,CBM,2025215845,T2 title+author+year,2025,许阡,,中国计划生育和妇产科,异位脾种植误诊为深部浸润型子宫内膜异位症1例
1908,CBM,2025214064,T3 similar title+author+year,2025,陈鹏,,肝胆胰外科杂志,脾切除术后腹腔异位脾种植2例
2547,CBM,2025203779,,2025,杨婷,,影像研究与医学应用,胰腺内异位脾脏并表皮样囊肿1例报道及文献学习
1910,CBM,2025123442,T2 title+author+year,2024,周擎云,,温州医科大学学报,肝内脾种植误诊为肝细胞癌1例
2548,CBM,2025108284,,2018,马含夕,,常州实用医学,异位脾种植1例
1909,CBM,2025102188,T2 title+author+year,2024,张晨翔,,中国乡村医药,以急腹症表现的儿童游走脾伴脾功能亢进1例
1912,CBM,2024495969,T2 title+author+year,2024,李拴玲,,发育医学电子杂志,儿童脾扭转诊治的单中心回顾性研究
1917,CBM,2024102623,T2 title+author+year,2023,王苏皖,,中国医学工程,15例胃内异位脾的临床特征分析
1921,CBM,2024101590,T2 title+author+year,2023,张金山,,中华普通外科杂志,“十字”切口型腹膜囊袋脾固定术治疗先天性游走脾伴扭转
1927,CBM,2023354207,T2 title+author+year,2023,王娅,,中国普外基础与临床杂志,病例分析——CT及MR表现类似肝细胞癌的肝内种植脾1例
1901,CBM,2026105024,T2 title+author+year,2025,张卓,,腹腔镜外科杂志,脾异位于阴囊的先天性腹股沟疝伴隐睾1例报告
2549,CBM,2026104767,,2025,梁锦程,,海南医学,盆腔异位脾种植1例
1902,CBM,2025507746,T2 title+author+year,2025,黄思婷,,中国CT和MRI杂志,胃多发异位脾种植1例
1903,CBM,2025482109,T2 title+author+year,2025,贾永军,,实用放射学杂志,胸腔异位脾1例
1913,CBM,2024376714,T3 similar title+author+year,2024,黄小燕,,肝胆胰外科杂志,儿童游离脾伴脾蒂及胰尾扭转1例
1916,CBM,2024371460,T2 title+author+year,2024,王研静,,诊断病理学杂志,肝内异位脾1例及文献复习
1914,CBM,2024343194,T2 title+author+year,2024,常恩慧,,中国普外基础与临床杂志,病例分析:肝内异位脾种植的影像特征
2550,CBM,2024232840,,2023,刘飞,,中华消化杂志,超声内镜引导下细针纹身术对最大径≤3cm胰腺病变腹腔镜胰腺远端切除术的术前定位价值
1918,CBM,2024149760,T2 title+author+year,2023,赵娜,,中国超声医学杂志,超声诊断新生儿及婴儿副脾梗死的价值
1919,CBM,2024140206,T2 title+author+year,2023,李耀辉,,CT理论与应用研究,CT诊断脾扭转伴胰尾扭转临床案例分析
1920,CBM,2024138553,T2 title+author+year,2023,于斐,,腹腔镜外科杂志,游走脾伴蒂扭转1例
1577,CBM,2024125637,T2 title+author+year,2023,熊晓晴,,中国医学影像技术,单纯脾蒂扭转1例
2301,CBM,2024474811,T3 similar title+author+year,1987,胡伯年,,解剖学杂志,先天性无脾脏1例报告
1581,CBM,2023460134,T2 title+author+year,2023,倪同磊,,临床小儿外科杂志,儿童巨大副脾扭转1例
1922,CBM,2023452477,T2 title+author+year,2023,王秋菊,,中国现代普通外科进展,儿童游走脾伴蒂扭转、脾梗死1例
1970,CBM,2024351312,T2 title+author+year,2019,屠英暄,,中国介入影像与治疗学,肝内异位脾种植超声表现1例
1923,CBM,2023397248,T2 title+author+year,2023,韩晓静,,中国乡村医药,内镜全层切除术治疗胃底异位脾1例
1924,CBM,2023385350,T2 title+author+year,2023,包惠桢,,医学影像学杂志,腹膜后异位脾^(18)F-FDG PET/CT显像1例
1521,CBM,2023313209,T2 title+author+year,2023,李立帜,,临床小儿外科杂志,小儿脾韧带缺如并原位脾扭转1例并文献复习
1933,CBM,2023273613,T2 title+author+year,2022,杜明华,,武警医学,游走脾急腹症1例
1540,CBM,2023329166,T2 title+author+year,2023,陈吉,,中华小儿外科杂志,儿童副脾扭转3例并文献复习
2551,CBM,1984022372,,1984,刘乐欣,,中华器官移植杂志,脾脏移植概述
1929,CBM,2023206912,T2 title+author+year,2023,卜碧玉,,医学影像学杂志,腹膜后异位脾罕见影像表现1例
2552,CBM,2023195062,,2023,刘魏然,,肿瘤影像学,肝内异位脾脏1例
1930,CBM,2023191345,T2 title+author+year,2023,段克才,,中国普通外科杂志,肝内异位脾种植6例报告并文献复习
1931,CBM,2023147464,T2 title+author+year,2023,侯国旗,,国际医药卫生导报,胃底异位脾种植合并胃角高级别上皮内瘤变内镜下治疗1例并文献复习
1934,CBM,2022474080,T2 title+author+year,2022,祝路民,,临床普外科电子杂志,1例异位脾种植到第二肝门的临床病例报道
1523,CBM,2022427488,T2 title+author+year,2022,侯娟,,中华肝胆外科杂志,肝内异位脾种植误诊为肝癌1例
2553,CBM,2022355009,,2006,王跃忠,,中国保健,腹膜后异位脾脏1例
1935,CBM,2022321103,T2 title+author+year,2022,陈冠宇,,中国现代普通外科进展,降结肠内异位脾种植1例
1588,CBM,2022320163,T2 title+author+year,2022,斯琴塔娜,,中华肝胆外科杂志,不同原因异位脾脏2例报道
1936,CBM,2022284512,T3 similar title+author+year,2022,胡自力,,中华肝脏外科手术学电子杂志,脾脏异位肝细胞癌1例
1938,CBM,2022270433,T2 title+author+year,2022,李盖,,华北理工大学学报·医学版,CT引导下肝异位脾脏穿刺1例
1939,CBM,2022251039,T2 title+author+year,2022,葛淑琼,,中国乡村医药,内镜黏膜下挖除术治疗胃底异位脾2例并文献复习
1940,CBM,2021556874,T2 title+author+year,2021,史素君,,中国超声医学杂志,婴儿副脾扭转坏死超声误诊为肠源性囊肿1例
1941,CBM,2021474894,T2 title+author+year,2021,陈冠球,,中国实用外科杂志,异位脾种植误诊为腹膜后肿瘤5例诊治体会
1942,CBM,2021423016,T2 title+author+year,2021,周戊喜,,中国实用外科杂志,肝内异位脾1例报告
1943,CBM,2021422313,T3 similar title+author+year,2021,陈媛,,中国医师进修杂志,游走脾合并胃扭转、左侧膈疝1例报告并文献复习
1944,CBM,2021321198,T2 title+author+year,2021,郑星,,影像诊断与介入放射学,腹腔异位脾种植的影像学特征及误诊分析
2554,CBM,2021271918,,2021,张艺民,,中国循证心血管医学杂志,起搏电极导线引起心脏穿孔的处理策略研究
1945,CBM,2021264303,T2 title+author+year,2021,杨薇,,临床超声医学杂志,超声诊断儿童脾扭转并副脾扭转1例
2412,CBM,2021234861,T2 title+author+year,2020,朱红丽,,实用放射学杂志,肝内脾组织植入1例
2555,CBM,2021206747,,2020,尹志强,,中国农村卫生,经皮穿刺椎体成形术后骨水泥泄漏致心脏穿孔1例病例分析
1946,CBM,2021203336,T3 similar title+author+year,2021,杨子祯,,腹部外科,肝脏及腹腔多发异位脾误诊1例
1948,CBM,2021183619,T3 similar title+author+year,2021,余洲,,肝胆胰外科杂志,游走脾扭转致梗死1例
1951,CBM,2020656514,T2 title+author+year,2020,马克文,,罕少疾病杂志,小肠内异位脾种植1例
1952,CBM,2020596453,T3 similar title+author+year,2020,龙新,,临床外科杂志,肝异位脾脏5例诊治体会
1953,CBM,2020507249,T3 similar title+author+year,2020,韩泽龙,,中华消化内镜杂志,内镜黏膜下剥离术治疗胃底异位脾脏1例
1533,CBM,2020455283,T2 title+author+year,2020,马倩,,解放军医学杂志,腹腔异位脾的临床及病理特征分析:13例报告
1954,CBM,2020454814,T2 title+author+year,2020,陈家诚,,临床肝胆病杂志,肝内脾异位结节1例报告
1955,CBM,2020436158,T2 title+author+year,2020,孙驰,,临床小儿外科杂志,腹腔镜梗死脾切除、残余脾腹膜后固定术治疗游走脾扭转2例并文献复习
2024,CBM,2017618206,T2 title+author+year,2014,王媛媛,,中国超声医学杂志,超声诊断内脏反位伴多脾合并游走脾扭转1例
1956,CBM,2020415971,T2 title+author+year,2020,阮广营,,腹腔镜外科杂志,腹腔镜切除异位脾扭转1例报告
1961,CBM,2020408019,T3 similar title+author+year,2019,孙会想,,世界最新医学信息文摘,1例游离脾伴胃扭转的病例汇报
1958,CBM,2020392946,T3 similar title+author+year,2020,陈家骏,,中华普通外科杂志,游走脾伴蒂扭转梗死1例
1963,CBM,2020350599,T2 title+author+year,2019,李丹,,中国实用内科杂志,肝内异位脾误诊肝脏肿瘤1例报告
1959,CBM,2020259524,T2 title+author+year,2020,李蕊,,中国医学影像技术,婴儿副脾扭转伴坏死1例
1607,CBM,2020259504,T2 title+author+year,2020,李磊,,中国医学影像技术,胃底异位脾种植1例
2000,CBM,2017391499,T2 title+author+year,2016,阮丽,,中国兽医杂志,犬原发性脾扭转的诊断和治疗
1971,CBM,2020251517,T2 title+author+year,2019,马继慈,,腹腔镜外科杂志,腹腔镜下右肾上腺区异位脾切除1例报告
1974,CBM,2020197567,T2 title+author+year,2019,李如迅,,影像研究与医学应用,腹腔多发异位脾种植1例
1964,CBM,2020132840,T3 similar title+author+year,2019,孙方丽,,中华消化内镜杂志,内镜黏膜下剥离术治疗胃底异位脾脏1例
1965,CBM,2020112117,T2 title+author+year,2019,相丽,,中国CT和MRI杂志,腹腔异位脾种植的多层螺旋CT诊断
1966,CBM,2020110362,T2 title+author+year,2019,谢元康,,中国实用外科杂志,游走脾并蒂扭转、脾梗死1例报告
1969,CBM,2019607297,T2 title+author+year,2019,张明会,,中华超声影像学杂志,游走脾发育不良合并腹股沟疝超声表现1例
1967,CBM,2019604359,T2 title+author+year,2019,蔡沁村,,临床超声医学杂志,肝内异位脾超声造影表现1例
1968,CBM,2019598189,T2 title+author+year,2019,张龙辉,,肿瘤影像学,超微血管显像技术联合超声造影诊断肝内异位脾种植1例
2556,CBM,2019427485,,2019,杨均均,,广东医学,脾内移植肝细胞的功能和增殖情况探讨
1972,CBM,2019365166,T2 title+author+year,2019,龚美琴,,中国实用妇科与产科杂志,脾脏异位妊娠1例报告
2557,CBM,2019270243,,2019,高龙飞,,中国矫形外科杂志,经皮椎体成形术后心脏水泥栓塞1例并文献分析
1975,CBM,2019210601,T2 title+author+year,2018,傅承蓉,,人民军医,盲肠异位脾种植1例
1573,CBM,2019154634,T3 similar title+author+year,2018,刘敏,,中国医学影像技术,脾扭转1例
1976,CBM,2019142406,T3 similar title+author+year,2018,王晓瑜,,中华消化病与影像杂志·电子版,脾脏异位种植致胃腔外压误诊为胃底静脉曲张1例
1978,CBM,2019132980,T3 similar title+author+year,2018,耿宪杰,,中华普通外科杂志,T型腹膜囊袋固定术治疗游走脾2例
1980,CBM,2018588137,T3 similar title+author+year,2018,崔冬青,,中国医师进修杂志,妊娠合并异位脾1例并文献分析
1982,CBM,2018548161,T3 similar title+author+year,2018,杨光华,,腹部外科,腹腔镜切除异位脾扭转1例
1984,CBM,2018480937,T2 title+author+year,2018,周维力,,中国医学影像学杂志,脾脏异位妊娠的超声诊断
1983,CBM,2018354378,T2 title+author+year,2018,魏志星,,基层医学论坛,游走脾并蒂扭转1例
2427,CBM,2018335144,T2 title+author+year,2018,陈海霞,,实用医药杂志,副脾误诊为胃间质瘤1例
2558,CBM,2018331547,,2018,柴伟,,中国微创外科杂志,腹腔镜胰体尾切除30例报告
1985,CBM,2018315300,T2 title+author+year,2018,王远智,,中国冶金工业医学杂志,^99mTc-热变性红细胞脾显像诊断异位脾种植临床价值
1988,CBM,2018302338,T2 title+author+year,2018,陈翠云,,医药论坛杂志,肝内及腹腔多发异位脾的诊治体会并文献复习
1986,CBM,2018295067,T3 similar title+author+year,2018,刘志成,,中华医学杂志,成人左侧膈肌膨升继发胃扭转及脾扭转1例
2429,CBM,2018254467,T2 title+author+year,2015,张小强,,中外女性健康研究,脾破裂脾脏切除术后异位种植30例诊治研究
1987,CBM,2018224435,T2 title+author+year,2018,李莹,,中华肝脏病杂志,膈肌下异位脾种植误诊为肝脏肿瘤1例
2405,CBM,2018224096,T3 similar title+author+year,2018,李莹,,中华胃肠外科杂志,胃周脾种植1例并文献复习
1989,CBM,2018122970,T3 similar title+author+year,2017,吴宝强,,中华普通外科杂志,脾脏异位妊娠致自发性脾破裂1例
1990,CBM,2018111744,T2 title+author+year,2017,冯燕,,中华超声影像学杂志,超声诊断罕见肾实质异位脾脏1例
2119,CBM,2006268141,T2 title+author+year,2006,梅安昌,,中国民康医学,脾脏损伤32例保脾治疗的临床分析
2559,CBM,2017729745,,2017,朱艳志,,临床外科杂志,游走脾并蒂扭转1例
1992,CBM,2017475903,T2 title+author+year,2017,陈朗,,中华普外科手术学杂志·电子版,腹腔镜下胰体尾占位性病变切除16例体会
2560,CBM,2017371297,,2017,张传明,,中国实用外科杂志,腹腔镜治疗胃底体异位脾脏1例报告
1993,CBM,2017352624,T2 title+author+year,2017,孙丽媛,,临床误诊误治,脾脏异位妊娠破裂误诊报告
2406,CBM,2017295504,T2 title+author+year,2017,曾仲刚,,临床放射学杂志,腹腔脾种植的多层螺旋CT表现与病理对照分析
2561,CBM,2017281141,,2017,尚保军,,临床医学研究与实践,紧急心脏临时起搏治疗心脏急症的临床应用效果分析
1995,CBM,2017279113,T2 title+author+year,2017,张书敏,,实用妇产科杂志,腹腔镜探查漏诊脾脏异位妊娠1例
1994,CBM,2017271080,T3 similar title+author+year,2017,常婧,,中国实用医刊,脾切除术后盆腔异位脾种植1例
2457,CBM,2017171195,T2 title+author+year,2016,严霞瑜,,第三军医大学学报,3例女性盆腔脾种植超声图像分析
1996,CBM,2017114146,T2 title+author+year,2016,何磊,,中华消化外科杂志,保留脾脏的第10组与11组淋巴结整体清扫在胃癌D2根治术中的应用价值
2003,CBM,2016505710,T3 similar title+author+year,2016,汪向前,,中华医学超声杂志·电子版,脾脏异位妊娠破裂超声表现1例
1552,CBM,2016537556,T2 title+author+year,2016,廖凤琴,,中国介入影像与治疗学,经阴道超声误诊大网膜异位脾1例
2008,CBM,2016238445,T2 title+author+year,2016,胡庆华,,医学影像学杂志,胃底种植性异位脾1例
2010,CBM,2016203902,T2 title+author+year,2015,王佳,,中国乡村医药,彩超诊断盆腔异位脾1例
2562,CBM,2016351716,,2016,王春喜,,中国中西医结合外科杂志,15例异位脾脏的诊断和外科治疗
2017,CBM,2015548423,T2 title+author+year,2015,柴彦军,,中国医学影像学杂志,副脾蒂扭转1例
2011,CBM,2016132813,T2 title+author+year,2015,李红梅,,中国医学影像技术,99Tcm-热变性红细胞脾SPECT/CT显像发现自体脾移植术后异位脾种植1例
2013,CBM,2016104118,T2 title+author+year,2015,王春喜,,中国现代手术学杂志,游走性脾脏并扭转的手术治疗
2012,CBM,2016103965,T2 title+author+year,2015,王珺,,中国乡村医药,脾脏异位妊娠伴失血性休克1例
2006,CBM,2016295831,T2 title+author+year,2016,邹珍,,中国实用外科杂志,应用99mTc-硫胶体脾显像诊断自体异位脾种植1例报告
2007,CBM,2016266085,T2 title+author+year,2016,付静静,,中国超声医学杂志,超声及超声造影误诊肝内异位脾1例
2563,CBM,2015743195,,2015,施润,,中华实验外科杂志,残胃联合脾脏移植胸腔治疗远端胃大部切除术后食管癌
2015,CBM,2015728552,T2 title+author+year,2015,韩善花,,实用放射学杂志,异位脾脏伴蒂扭转、梗死1例
2016,CBM,2015706593,T2 title+author+year,2015,孙庆章,,中国现代普通外科进展,保留脾脏的胃癌根治性全胃切除术21例
2022,CBM,2015607364,T2 title+author+year,2014,董琴晖,,第二军医大学学报,髂窝脾种植1例报告
2020,CBM,2015429368,T2 title+author+year,2014,张迪,,现代生物医学进展,宝石能谱CT诊断腹腔自体异位脾种植1例并文献复习
2564,CBM,2015125252,,2014,郑明霞,,西部医学,射频消融并发心脏穿孔的围手术期观察与护理
2565,CBM,2014571936,,2014,,,护士进修杂志,超声检查腹部脏器的适应证有哪些?
2027,CBM,2014530386,T3 similar title+author+year,2014,徐玉刚,,中华肝胆外科杂志,腹腔镜脾切除治疗脾脏异位妊娠1例
2026,CBM,2014530379,T2 title+author+year,2014,张春礼,,中华肝胆外科杂志,脾破裂脾脏切除术后异位脾种植15例诊治经验
2367,CBM,2014527512,T2 title+author+year,2014,张小波,,临床小儿外科杂志,儿童游走脾并蒂扭转、脾坏死1例
2028,CBM,2014497596,T3 similar title+author+year,2014,王珍,,中华普通外科杂志,腹盆腔内多发异位脾组织植入1例
2566,CBM,2014444844,,2014,李智勇,,中华肝胆外科杂志,游走脾伴脾亢1例
2567,CBM,2014443050,,2014,彭毅,,贵阳医学院学报,心脏永久起搏器植入464例并发症分析
2037,CBM,2014395047,T3 similar title+author+year,2014,吉帆,,中华医学杂志,能谱CT误诊胃底异位脾种植为胃间质瘤1例
2036,CBM,2014372769,T2 title+author+year,2014,韩海军,,畜牧兽医科技信息,氟暴露对雄性小鼠脾脏的病理组织学研究
2568,CBM,2014289306,,2014,王洁琼,,基础医学与临床,沉默PARG基因增强局部对结肠癌的免疫应答
2569,CBM,2014205458,,2013,万真,,中国组织工程研究,异种肝前体细胞移植治疗急性肝损伤大鼠
2038,CBM,2014165265,T2 title+author+year,2013,张丽荣,,中国临床医学影像杂志,盆腔副脾蒂扭转误诊1例
2041,CBM,2013633781,T3 similar title+author+year,2013,杨方武,,中国医师进修杂志,脾脏异位妊娠误诊为绒毛膜癌致脾脏自发性破裂1例
2570,CBM,2013630224,,2013,金银鹏,,肝脏,人脂肪干细胞治疗急性肝功能衰竭大鼠疗效的探索
2571,CBM,2008195299,,2008,王辉,,中国社区医师·医学专业,外伤性脾破裂的治疗体会
2572,CBM,2013605383,,2013,董永光,,浙江创伤外科,外伤性脾破裂48例诊治体会
2573,CBM,2013567987,,2013,彭晨,,中华消化外科杂志,游走脾伴蒂扭转1例
2045,CBM,2013557906,T2 title+author+year,2013,宋宴鹏,,中国临床医学影像杂志,超声诊断游走脾并脾扭转1例
2574,CBM,2013520095,,2013,张钧书,,浙江医学,肿瘤干细胞标志CD166在结肠癌中的表达及其临床生物学意义
2575,CBM,2007155650,,2007,姜洪池,,中华肝胆外科杂志,我国脾脏外科发展路在何方
2576,CBM,2007140489,,2007,陈曜,,重庆医科大学学报,肝再生增强因子联合肝细胞脾内移植治疗急性肝衰的实验研究
2577,CBM,2007136330,,2007,石卫东,,中国癌症杂志,人胰腺癌高肝转移细胞株的建立及其意义
2578,CBM,2007130614,,2007,姜洪池,,外科理论与实践,我国脾脏外科的未来发展方向
2579,CBM,2007130606,,2007,赵宪琪,,外科理论与实践,脾脏移植的发展现状
2113,CBM,2007217177,T3 similar title+author+year,2007,黄勇,,腹部外科,游走脾合并蒂扭转1例报道
2580,CBM,2007360652,,2007,贾鹏松,,实用全科医学,保脾手术治疗脾创伤32例
2120,CBM,2006293493,T2 title+author+year,2006,董军,,中国兽医杂志,犬脾扭转梗死病例
2115,CBM,2007064652,T2 title+author+year,2007,邱勇钢,,现代中西医结合杂志,肝内异位脾组织1例
2116,CBM,2007048015,T2 title+author+year,2007,陆朝阳,,中华实验外科杂志,大鼠异位脾脏移植手术方法的改进
2114,CBM,2007095002,T2 title+author+year,2007,贺胜利,,新医学,脾脏异位妊娠破裂1例报告
2047,CBM,2013473832,T2 title+author+year,2013,阮佳莉,,中华肝胆外科杂志,脾破裂后肝内异位脾种植
2051,CBM,2013423083,T3 similar title+author+year,2013,祁军安,,国际外科学杂志,膈肌异位脾种植1例诊治分析
2581,CBM,2013415347,,2013,申华,,北方药学,外伤性脾破裂47例诊疗体会
2582,CBM,2013367692,,2013,曾杰辉,,当代医学,外伤性脾破裂行脾切除手术疗效观察
2052,CBM,2013346850,T2 title+author+year,2013,褚海波,,中华肝胆外科杂志,巨脾大部切除后残脾纤维组织的分布与定量研究
2583,CBM,2013342284,,2012,邱玲琍,,江西医药,腹膜后异位脾脏误诊为“盆腔包块”1例
2584,CBM,2013238632,,2012,宁树华,,中国医药指南,外伤性脾破裂70例治疗体会
2053,CBM,2013204592,T2 title+author+year,2012,张飞雪,,中华超声影像学杂志,超声诊断小儿游走脾并脾扭转、脾梗死1例
2585,CBM,2013167371,,2012,赵小英,,中华放射学杂志,游走脾1例
2586,CBM,2013124218,,2012,杨怡,,基础医学与临床,PARG基因沉默对小鼠结肠癌CT26细胞肝转移影响
2054,CBM,2012641874,T2 title+author+year,2012,金桂云,,中国妇幼保健,少见位置异位妊娠的介入治疗
2055,CBM,2012635752,T3 similar title+author+year,2012,牛振英,,解放军医药杂志,彩超诊断异位脾1例并文献复习
2587,CBM,2012555286,,2012,盛永涛,,复旦学报·医学版,PARG基因沉默对大肠癌CT26细胞移植瘤生长与转移的影响
2056,CBM,2012538703,T2 title+author+year,2012,卢飞飞,,中国实用妇科与产科杂志,脾脏异位妊娠1例报告
2588,CBM,2012456484,,2012,王洁琼,,重庆医科大学学报,PARG基因沉默对肿瘤局部B220^+DEC205^+DC的影响
2065,CBM,2012445769,T2 title+author+year,2011,袁建保,,中国现代手术学杂志,保留脾脏的近端胃癌D2根治术脾门淋巴结清扫
2589,CBM,2012409607,,2012,冯渊,,重庆医科大学学报,经颈动脉途径肝动脉插管及脾内注射肝细胞移植治疗急性肝衰大鼠的疗效比较
2590,CBM,2012382797,,2012,冯渊,,中国组织工程研究,原代肝细胞的分离和移植
2370,CBM,2012354493,T3 similar title+author+year,2012,杨景波,,中华消化内镜杂志,胃底异位脾种植误诊为间质瘤1例
2591,CBM,2012334762,,2012,胡波,,基层医学论坛,创伤性脾破裂98例治疗体会
2592,CBM,2011778713,,2011,曲志军,,中国民康医学,外伤性脾破裂的治疗体会
2061,CBM,2011746799,T2 title+author+year,2011,马逸宜,,中国基层医药,超声诊断先天性异位脾1例
2593,CBM,2011686808,,2011,陆瑜,,中国社区医师·医学专业,外伤性脾破裂治疗43例体会
2066,CBM,2011673528,T3 similar title+author+year,2011,石建伟,,临床误诊误治,游走脾并蒂扭转、脾梗死1例诊治分析
2407,CBM,2011664434,T2 title+author+year,2011,孙媛媛,,中国微创外科杂志,妊娠期急腹症腹腔镜的应用原则
2594,CBM,2011638278,,2011,王继洲,,中华实验外科杂志,当前脾脏外科的研究热点与难点
2063,CBM,2011625405,T3 similar title+author+year,2011,孙驰,,中华小儿外科杂志,腹腔镜脾部分切除、残余脾腹膜外固定术治疗游走脾并扭转1例
2070,CBM,2011622517,T3 similar title+author+year,2011,黄从刚,,放射学实践,CT诊断儿童游走脾伴脾蒂扭转1例
2595,CBM,2011577958,,2011,张善程,,中国伤残医学,外伤性脾破裂治疗的选择
2067,CBM,2011577036,T2 title+author+year,2011,张勇,,中国实用外科杂志,盆腔游走脾并脾蒂不完全扭转1例报告
2069,CBM,2011545619,T3 similar title+author+year,2011,王丹,,中国优生与遗传杂志,Douglas窝副脾误诊为淋巴瘤1例
2596,CBM,2011526822,,2011,缪经瑞,,内蒙古医学杂志,大网膜异位脾1例
2071,CBM,2011494257,T2 title+author+year,2011,赵玉英,,华北煤炭医学院学报,B超诊断脾异位1例
2597,CBM,2011435921,,2010,朱会文,,中外医学研究,外伤性脾破裂治疗45例体会
2598,CBM,2011406639,,2011,沈向前,,中南大学学报·医学版,心导管术所致心脏压塞
2599,CBM,2011404517,,2011,张国军,,河南外科学杂志,外伤性脾破裂88例治疗体会
2073,CBM,2011381599,T2 title+author+year,2011,李朋,,中国兽医杂志,犬单纯性脾扭转的超声诊断
2600,CBM,2011378721,,2011,陈花,,中华实验外科杂志,CTLA4-Ig对肝细胞移植大鼠免疫耐受的作用及其机制
2601,CBM,2011358262,,2010,陈焱,,实用医学杂志,人胚胎骨髓间充质干细胞大鼠脾脏移植后向肝脏的迁移与分化
2602,CBM,2011313416,,2010,孙叶海,,中国现代医学杂志,主动固定起搏导线和被动起搏导线的应用比较研究
2075,CBM,2011266487,T2 title+author+year,2010,李学杰,,中国中医药现代远程教育,游走脾的诊断和治疗
2603,CBM,2011261270,,2009,肖立志,,临床放射学杂志,游走脾并脾扭转1例
2604,CBM,2011170645,,2010,陈胜平,,南京医科大学学报·自然科学版,绿色荧光蛋白标记的肝细胞移植治疗放射性肝损伤
2079,CBM,2011152071,T2 title+author+year,2010,管美丽,,中国误诊学杂志,食管裂孔疝术后胃脾扭转1例
2081,CBM,2011143832,T3 similar title+author+year,2010,马克强,,中华普通外科杂志,乙状结肠扭转合并脾脏扭转坏死1例
2080,CBM,2011141488,T2 title+author+year,2010,曹海龙,,中华消化杂志,成人游走脾伴胃扭转及难治性贫血
2076,CBM,2011120676,T2 title+author+year,2010,吕艳,,中国误诊学杂志,左侧肾上腺区脾种植1例分析
2082,CBM,2010531312,T2 title+author+year,2010,刘鹏,,中国临床解剖学杂志,异位脾并血管变异的多层螺旋CT检查
2605,CBM,2010417573,,2010,范学圣,,中华小儿外科杂志,游走脾脏1例
2606,CBM,2010395238,,2010,李振华,,临床医药实践,外伤性脾破裂治疗43例体会
2607,CBM,2010340440,,2010,华浩水,,当代医学,外伤性脾破裂的治疗体会
2608,CBM,2010256545,,2010,霍景山,,中华普通外科杂志,脾大部切除及食管横断吻合术治疗肝硬化门静脉高压症的血流动力学研究
2609,CBM,2010256309,,2010,胡小花,,中华小儿外科杂志,小儿游离脾扭转1例
2610,CBM,2010247766,,2010,王立军,,中国现代药物应用,外伤性脾破裂31例手术治疗体会
2611,CBM,2010235338,,2010,李生,,中外医疗,外伤性脾破裂的治疗体会
2083,CBM,2010223121,T2 title+author+year,2010,姜传武,,中国中西医结合影像学杂志,游走脾的诊治进展
2612,CBM,2010168889,,2010,王满仓,,中国现代医生,不同途径移植大鼠骨髓间充质干细胞(BMSCs)对大鼠肝硬化的治疗作用
2086,CBM,2010159339,T2 title+author+year,2009,邰鹏钧,,大连医科大学学报,肝内异位脾结节1例
2085,CBM,2010149830,T2 title+author+year,2009,廖桦,,中国实用医药,150例脾切除手术回顾性分析
2087,CBM,2010121816,T2 title+author+year,2009,卫一宾,,实用放射学杂志,副脾扭转1例
2613,CBM,2009535481,,2009,刘波,,中国医师杂志,肝卵圆细胞经脾脏移植治疗肝纤维化的实验研究
2464,CBM,2009523930,T2 title+author+year,2008,朱代荣,,新医学导刊,游走脾致胃部分坏死破裂1例
2088,CBM,2009492039,T2 title+author+year,2009,侯敏,,中国医学影像技术,超声诊断脾脏异位妊娠1例
2090,CBM,2009481761,T2 title+author+year,2009,郭援朝,,山西医药杂志·上半月,带蒂自体脾异位移植加门奇静脉断流术治疗门静脉高压症的研究
2092,CBM,2009477928,T2 title+author+year,2009,姜传武,,中国中西医结合影像学杂志,脾扭转的CT诊断1例
2614,CBM,2009466948,,2009,石泳中,,医学临床研究,兔肝细胞的脾脏移植和定位初步研究
2095,CBM,2009457335,T2 title+author+year,2009,王秀荣,,全科护理,门奇静脉断流加自体脾异位移植手术的护理配合
2091,CBM,2009447043,T3 similar title+author+year,2009,朱中权,,临床误诊误治,异位脾1例误诊为后纵隔肿瘤
2094,CBM,2009422394,T2 title+author+year,2009,赵瑾,,浙江预防医学,副脾误诊为卵巢肿瘤1例报告
2098,CBM,2009413059,T3 similar title+author+year,2009,葛勇胜,,中国医师进修杂志·外科版,游走脾扭转
2097,CBM,2009285466,T3 similar title+author+year,2009,刘步育,,内蒙古医学杂志,彩超诊断游走脾1例报告
2099,CBM,2009176903,T3 similar title+author+year,2008,胡杉,,放射学实践,肠系膜异位脾种植1例
2100,CBM,2009136865,T2 title+author+year,2008,胡煜,,罕少疾病杂志,肝脏异位翻转并胆囊结石、胆囊炎1例
2109,CBM,2008422245,T2 title+author+year,2008,林桂凤,,中华超声影像学杂志,超声诊断游走脾1例
2108,CBM,2008419764,T2 title+author+year,2008,陆朝阳,,中华肝胆外科杂志,供体凋亡/坏死细胞对大鼠脾移植急性排斥反应的作用研究
2107,CBM,2008419750,T2 title+author+year,2008,侯利民,,中华肝胆外科杂志,一种简化的脾脏颈部异位移植模型的建立及观察
2106,CBM,2008413036,T2 title+author+year,2008,徐力善,,中华实验外科杂志,大鼠脾移植诱导特异性免疫耐受效果
2615,CBM,2008412952,,2008,刘锐,,中华实验外科杂志,微囊化细胞经脾脏移植治疗糖尿病
2616,CBM,2008412646,,2008,陈焱,,中华实验外科杂志,人胚胎骨髓间充质干细胞大鼠脾脏移植后向肝脏的迁移与分化的研究
2617,CBM,2008409632,,2008,孙艳,,中华消化杂志,诱导分化的骨髓间充质干细胞不同途径移植治疗慢性肝损伤的研究
2618,CBM,2008405209,,2007,苏伟,,中华肿瘤杂志,经门静脉注射重组p53腺病毒治疗肝转移肿瘤的实验研究
2619,CBM,2008402817,,2008,周滔,,临床心血管病杂志,主动固定起搏导线导致心脏穿孔3例及文献复习
2102,CBM,2008370977,T2 title+author+year,2008,邱江涛,,四川医学,游走脾并蒂扭转1例
2620,CBM,2008347920,,2008,刘迎娣,,世界华人消化杂志,经脾脏hMSCs移植对乙酰氨基酚所致小鼠急性肝损伤的治疗作用
2101,CBM,2008318814,T2 title+author+year,2008,杨明海,,临床误诊误治,盆腔内游走脾误诊辨析
2439,CBM,2008188317,T2 title+author+year,2008,曲龙嘉,,现代泌尿外科杂志,右侧肾上腺区脾种植1例
2102,CBM,2008156644,T2 title+author+year,2008,邱江涛,,宁夏医学杂志,游走脾并蒂扭转1例
2621,CBM,2008146349,,2008,李宗芳,,西安交通大学学报·医学版,脾脏的基础研究进展与展望
2622,CBM,2008085836,,2008,吴磊,,中国误诊学杂志,副脾误诊为肝脏肿瘤1例分析
2623,CBM,2008046129,,2007,肖志明,,中南大学学报·医学版,裸鼠脾脏移植瘤模型在NGX6抗结肠癌转移作用研究中的应用
2111,CBM,2007425156,T2 title+author+year,2007,陆惠霞,,蛇志,1例游走脾并蒂扭转、脾梗塞术后并发症的观察及护理
2624,CBM,2007389829,,2007,,,中国组织工程研究与临床康复,器官移植的学科特点
2110,CBM,2007341300,T2 title+author+year,2007,张征,,中国误诊学杂志,异位脾误诊为盆腔肿物1例
2625,CBM,2007190651,,2007,侯利民,,中华器官移植杂志,耐受性树突状细胞延长大鼠移植脾存活时间
2626,CBM,2007155602,,2007,陈曜,,中华肝脏病杂志,新生大鼠肝细胞脾内移植联合鼠肝再生增强因子治疗大鼠急性肝衰竭的疗效与免疫学机制
2627,CBM,2007090661,,2007,zhang,,中华医学杂志·英文版,A 26-year clinical observation of splenic auto-transplantation and oesophageal transection anastomosis: a new treatment strategy in patients with portal hypertension
2628,CBM,2006456805,,1997,王宗义,,外科,儿童脾脏扭转合并坏死2例报告
2118,CBM,2006336409,T3 similar title+author+year,2006,王建球,,中国临床医学,脾扭转1例
2629,CBM,2006325571,,2006,陈艳,,中华肝胆外科杂志,肝细胞脾脏移植代谢性支持大鼠急性缺血性肝衰竭
2117,CBM,2006309446,T2 title+author+year,2006,奉孝荣,,临床与实验病理学杂志,脾脏异位胰腺癌1例
2630,CBM,2006284826,,2006,史永照,,第二军医大学学报,小剂量FK506作用下同种脾组织移植诱导大鼠原位肝移植术后免疫耐受的机制
2121,CBM,2006262718,T3 similar title+author+year,2006,朱瑞森,,中华普通外科杂志,使用^99mTc-热变性红细胞脾显像诊断异位脾种植2例
2122,CBM,2006212314,T2 title+author+year,2006,付京,,吉林大学学报·医学版,游离脾扭转1例报告
2631,CBM,2006179517,,2006,刘玉清,,临床和实验医学杂志,外伤性脾破裂43例治疗体会
2632,CBM,2006156541,,2006,李羽,,第四军医大学学报,永生化肝细胞移植治疗肝衰竭
2124,CBM,2006135230,T2 title+author+year,2006,刘迁,,实用医学杂志,脾脏异位妊娠破裂1例
2126,CBM,2006058474,T2 title+author+year,2006,杨琰,,中华超声影像学杂志,右下腹异位脾组织增生超声表现1例
2633,CBM,2006051253,,2006,侯远发,,岭南现代临床外科,43例外伤性脾破裂的治疗体会
2128,CBM,2006050844,T2 title+author+year,2006,张凤莉,,人民军医,阴囊内副脾异位1例
2129,CBM,2006034860,T2 title+author+year,2006,李光源,,中原医刊,脾扭转误诊1例
2419,CBM,2005794259,T2 title+author+year,2005,刘丽君,,中国实用外科杂志,移植脾蒂扭转误诊附件肿瘤1例分析
2634,CBM,2005783007,,2005,冯平勇,,中华放射学杂志,游走脾并脾蒂扭转2例
2125,CBM,2005742055,T2 title+author+year,2005,韩宁,,实用医学杂志,超声诊断原发于右髂总动脉异位脾脏1例
2635,CBM,2005733148,,2005,陈胜平,,苏州大学学报·医学版,肝细胞移植治疗放射性肝损伤的实验研究
2413,CBM,2005706220,T3 similar title+author+year,2005,明玉华,,中华妇产科杂志,原发性脾脏异位妊娠1例
2484,CBM,2005371331,T2 title+author+year,2005,付红霞,,中华临床新医学,脾脏异位妊娠破裂1例
2130,CBM,2005350045,T2 title+author+year,2005,唐诗彬,,岭南现代临床外科,可吸收网在保脾手术中的应用进展
2477,CBM,2005111597,T2 title+author+year,2004,林民兴,,中华现代内科学杂志,大网膜异位脾种植结节功能亢进并溶血性贫血1例
2636,CBM,2005108694,,2004,刘玉清,,中华现代外科学杂志,外伤性脾破裂治疗43例体会
2637,CBM,2005091999,,2004,罗军,,新疆医科大学学报,肠道外引流的大鼠胰、脾、十二指肠移植模型的制作
2430,CBM,2005081249,T2 title+author+year,2004,黄霞,,中国中药杂志,熟地黄多糖对血虚模型小鼠的影响
2418,CBM,2005080814,T2 title+author+year,2004,杨健,,重庆医学,先天性左肾与脾脏异位伴DU 1例
2638,CBM,2005036063,,2004,李羽,,透析与人工器官,肝细胞移植治疗大鼠急性肝衰竭的研究
2639,CBM,2005034290,,2004,文志向,,中国实用外科杂志,脾脏移植术临床意义的再思考
2150,CBM,2004125650,T3 similar title+author+year,2004,丁昌庆,,安徽医学,游走脾1例
2440,CBM,2004120028,T2 title+author+year,2003,张铁民,,中国普外基础与临床杂志,脾移植术后并发症的诊断与治疗:附5例报告
2447,CBM,2004097643,T2 title+author+year,2003,党永康,,内蒙古医学杂志,脾保留手术治疗外伤性脾破裂15例临床分析
2410,CBM,2004081622,T2 title+author+year,2003,侯利民,,中华肝胆外科杂志,同种大鼠颈部脾脏异位移植模型的建立
2156,CBM,2004034034,T3 similar title+author+year,2003,张敬杰,,中国实用外科杂志,异位脾种植
2432,CBM,2004003702,T2 title+author+year,2003,张玲,,生物工程学报,Smad3基因剔除对小鼠造血功能的影响
2368,CBM,2003632009,T2 title+author+year,2004,高峰,,临床超声医学杂志,游离脾扭转1例
2388,CBM,2003592084,T3 similar title+author+year,2004,于增文,,中华小儿外科杂志,腹腔镜下胃固定术治疗小儿胃扭转并游走脾1例
2425,CBM,2003518958,T2 title+author+year,2004,夏自强,,郑州大学学报·医学版,肝脾固定治疗犬肝前性门脉高压效果观察
2640,CBM,2003503412,,2004,李羽,,世界华人消化杂志,急性肝衰竭大鼠肝细胞移植的实验研究
2369,CBM,2003447058,T2 title+author+year,2004,王毓利,,中华器官移植杂志,套管法大鼠异位脾移植模型的制作
2433,CBM,2003427279,T2 title+author+year,2004,欧晓平,,西南国防医药,脾脏异位妊娠破裂出血1例报告
2152,CBM,2003373827,T2 title+author+year,2003,张秀娟,,实用医技杂志,超声诊断异位脾、脾蒂扭转1例
2641,CBM,2003351405,,2003,昌盛,,外科理论与实践,同种脾脏移植治疗血友病甲的若干问题
2159,CBM,2003331155,T2 title+author+year,2003,胡江华,,航空航天医药,异位脾误诊为卵巢肿瘤1例
2389,CBM,2003290673,T2 title+author+year,2003,解萍,,诊断病理学杂志,左侧精索内异位脾组织1例
2379,CBM,2003211720,T3 similar title+author+year,2003,高景忠,,临床外科杂志,游走脾并脾蒂扭转误诊粘连性梗阻1例
2466,CBM,2003193491,T2 title+author+year,2003,贾洪刚,,医用放射技术杂志,超声诊断游走脾1例报告
2371,CBM,2003185774,T2 title+author+year,2003,卢晓新,,中华超声影像学杂志,异位脾扭转合并副脾误诊1例
2377,CBM,2003158101,T2 title+author+year,2003,杨友华,,中国乡村医药,游走脾并发扭转坏死1例
2381,CBM,2003157986,T2 title+author+year,2003,刘昶,,中华肝胆外科杂志,同种大鼠带血管异位脾移植模型的建立
2642,CBM,2003128486,,2002,张铁民,,中华肝胆外科杂志,脾移植术后早期管理体会:附5例报告
2165,CBM,2003040199,T2 title+author+year,2002,杨慧琳,,中原医刊,游离脾扭转误诊为卵巢肿瘤1例
2166,CBM,2003037217,T2 title+author+year,2002,杨玉栋,,罕少疾病杂志,腹腔多发性脾植入1例
2643,CBM,2003032899,,2001,张敬杰,,中华胃肠外科杂志,胃内异位脾种植1例
2467,CBM,2003028858,T3 similar title+author+year,2002,张旗,,医用放射技术杂志,异位脾
2644,CBM,2002284418,,2002,宋迪,,中华放射学杂志,盆腔异位脾1例
2167,CBM,2002265727,T2 title+author+year,2002,张守红,,中国超声医学杂志,超声诊断游走脾1例
2645,CBM,2002264723,,2002,陈震,,中国癌症杂志,健脾理气中药上调nm23表达
2646,CBM,2002234703,,2002,刘昶,,中华新医学,影响大鼠带血管异位脾移植模型成功率的因素分析
2382,CBM,2002220068,T2 title+author+year,2002,王毓利,,哈尔滨医科大学学报,套管法大鼠异位脾移植模型的建立
2379,CBM,2002203174,T3 similar title+author+year,2002,高景忠,,外科理论与实践,游走脾并脾蒂扭转误诊粘连性肠梗阻1例报告
2170,CBM,2002193966,T2 title+author+year,2002,赵永红,,承德医学院学报,脾扭转误诊2例
2647,CBM,2002183391,,2002,陈震,,中国临床医学,健脾理气中药抗肿瘤肝转移及其机理初步研究
2415,CBM,2002146589,T2 title+author+year,2002,牛红梅,,中国超声诊断杂志,超声诊断脾脏异位1例
2385,CBM,2002110791,T2 title+author+year,2001,陶杰,,西南国防医药,超声对2例游走脾的诊断分析
2402,CBM,2002034027,T2 title+author+year,2001,孙刚毅,,潍坊医学院学报,游走脾误诊为卵巢性腺瘤1例
2648,CBM,2002028002,,2001,文志向,,腹部外科,尸体脾脏移植治疗血友病甲的临床观察
2649,CBM,2002002127,,2001,姜洪池,,中华肝胆外科杂志,活体供脾脾脏移植治疗血友病甲5例
2403,CBM,2001323318,T2 title+author+year,2001,李霞,,山西临床医药,小儿游走脾致脾梗死1例
2177,CBM,2001303683,T2 title+author+year,2001,庞术科,,中国超声诊断杂志,B超诊断游走脾蒂扭转脾梗塞1例
2650,CBM,2001274287,,2001,王刚,,西北国防医学杂志,游走脾并脾蒂扭转
2469,CBM,2001273313,T2 title+author+year,2001,陶杰,,成都军区医院学报,超声检查对游走脾的诊断分析
2392,CBM,2001259192,T2 title+author+year,2001,张传楷,,四川肿瘤防治,游走脾误诊卵巢肿瘤1例报告
2219,CBM,2001209414,T2 title+author+year,1997,田伟,,中国医学计算机成像杂志,游走脾蒂扭转的CT诊断
2391,CBM,2001204876,T2 title+author+year,2001,胡秀敏,,中国综合临床,异位脾误诊为卵巢肿物1例
2383,CBM,2001186087,T3 similar title+author+year,2000,余益民,,腹部外科,游走脾并脾海绵状血管瘤1例报告
2364,CBM,2001182484,T2 title+author+year,2001,郑力,,中华超声影像学杂志,超声诊断小儿游走脾伴脾蒂扭转2例
2404,CBM,2001157703,T2 title+author+year,2001,那民,,中国冶金工业医学杂志,游走脾合并原发性腹膜炎1例
2651,CBM,2001157613,,2001,唐歌,,临床超声医学杂志,B超诊断游走脾1例
2187,CBM,2001108910,T2 title+author+year,2000,李小奎,,中国煤炭工业医学杂志,游走脾并蒂扭转1例报告
2376,CBM,2001104211,T2 title+author+year,2000,曹龙,,中国普外基础与临床杂志,游走脾伴脾蒂扭转1例报告
2652,CBM,2001092096,,2000,苗志杰,,黑龙江医药科学,彩超诊断游离脾及脾扭转1例
2653,CBM,2001082551,,2000,陈天宇,,中华肝胆外科杂志,脾移植前去除成熟树突状细胞预防移植排斥反应的体外研究
2436,CBM,2001026290,T3 similar title+author+year,2000,闻天学,,临床误诊误治,左下腹副脾蒂扭转1例误诊
2423,CBM,2001012786,T2 title+author+year,2000,赵宝泉,,中国普通外科杂志,付脾蒂扭转1例
2654,CBM,2000235669,,2000,廖丹,,肝脏,肝细胞移植对急性肝衰竭大鼠的治疗作用及移植细胞生物学特性的研究
2655,CBM,2000223827,,2000,张铁民,,腹部外科,抗生素在腹部器官移植术中的合理应用
2656,CBM,2000195661,,2000,王坤杰,,中国修复重建外科杂志,异种移植中的移植物抗宿主病
2657,CBM,2000107814,,1999,代景儒,,中国医学影像学杂志,异位脾致局限性膈膨升1例
2202,CBM,2000104206,T2 title+author+year,1999,罗芸葆,,河南外科学杂志,异常脾脏压迹误诊胃底部平滑肌肿瘤10例分析
2373,CBM,2000054461,T3 similar title+author+year,2000,李索林,,中华医学杂志,游走脾并发胃扭转3例
2658,CBM,2000053374,,1999,李建华,,医学影像学杂志,游走脾1例报告
2659,CBM,2000019363,,1999,马敏波,,云南医药,急性胃扭转合并异位脾坏死1例
2660,CBM,2000014268,,1999,刘歌,,哈尔滨医科大学学报,脾蒂扭转误诊为卵巢囊肿1例
2661,CBM,2000000624,,1999,欧其英美,,四川医学,脾蒂扭转误诊为卵巢囊肿扭转1例
2662,CBM,1999144758,,1999,金正明,,外科理论与实践,脾扭转1例报告
2203,CBM,1999136513,T2 title+author+year,1999,李红艳,,河北医科大学学报,B超诊断异位脾1例
2208,CBM,1999129475,T3 similar title+author+year,1999,吴欣,,影像诊断与介入放射学,超声体检诊断脾脏异位1例
2483,CBM,1999111212,T2 title+author+year,1999,王煊,,前卫医药杂志,脾蒂扭转误诊为急性胃肠炎1例
2206,CBM,1999080356,T3 similar title+author+year,1999,陈平波,,腹部外科,游走脾扭转坏死误诊1例
2362,CBM,1999078098,T2 title+author+year,1999,高鹏,,中华小儿外科杂志,急性脾扭转3例
2209,CBM,1999031683,T3 similar title+author+year,1998,赵荣华,,中华普通外科杂志,成年人游走脾5例报告
2374,CBM,1999018719,T2 title+author+year,1998,代景儒,,中国医学影像技术,异位脾致局限性球形膈膨出1例
2211,CBM,1998163851,T2 title+author+year,1998,童明辉,,中国超声医学杂志,B超检查阴囊内异位脾1例
2663,CBM,1998150915,,1998,周玉翠,,中华肝胆外科杂志,巨大游走脾1例报告
2227,CBM,1998145992,T2 title+author+year,1996,许如良,,临沂医专学报,急性胃扭转合并脾扭转及肠道畸形1例报告
2664,CBM,1998125317,,1998,赵素真,,河南医学研究,布加氏综合征腔-房转流术的血流动力学研究及两种术式比较
2665,CBM,1998120110,,1998,张正伟,,腹部外科,腹茧症3例诊治分析
2214,CBM,1998113841,T2 title+author+year,1998,肖春梅,,护理学杂志,脾移植治疗血友病甲10例的护理
2489,CBM,1998094281,T2 title+author+year,1997,吴声洪,,井冈山医专学报,巨大副脾蒂扭转1例报告
2215,CBM,1998075888,T2 title+author+year,1998,欧荣彬,,新医学,B超游走脾剖腹为肝癌:1例肝癌误诊为游走脾的教训
2666,CBM,1998035929,,1997,杨光汉,,四川医学,脾脏异位妊娠1例
2216,CBM,1998029482,T3 similar title+author+year,1998,彭文秀,,天津医药,B型超声诊断异位脾伴扭转1例报告
2221,CBM,1998028817,T2 title+author+year,1997,陈善良,,浙江实用医学,游走脾误诊致二次手术1例
2390,CBM,1998020881,T3 similar title+author+year,1998,王建平,,中华泌尿外科杂志,异位脾误诊为肾上腺肿瘤1例报告
2667,CBM,1998005500,,1997,陈善良,,临床误诊误治,将游走脾误诊为腹腔肿物徒行二次手术
2223,CBM,1997142232,T2 title+author+year,1997,金惠铭,,中华小儿外科杂志,膈膨升合并胃扭转、游走脾扭转坏死1例
2668,CBM,1997138480,,1997,刘慎微,,中华器官移植杂志,血友病甲亲属供脾全脾移植后的凝血像变化
2669,CBM,1997066254,,1997,王准,,苏州医学院学报,脾保留术18例报告
2225,CBM,1997031318,T2 title+author+year,1997,边拜,,现代诊断与治疗,胸腔异位脾脏1例
2670,CBM,1997023976,,1994,曹辛,,医学信息(云南),脾网:治疗游走脾的一种改进方法
2671,CBM,1997023050,,1995,AtsushiMasmune,,枣庄医药,超声诊断游走脾的扭转
2230,CBM,1997011135,T3 similar title+author+year,1996,向延关,,腹部外科,左腹股沟异位脾脏1例
2672,CBM,1996171202,,1996,陈新建,,现代医用影像学,游走脾1例报导
2673,CBM,1996164417,,1996,应福明,,中华创伤杂志,髂窝部异位脾脏破裂1例
2233,CBM,1996143792,T2 title+author+year,1996,高鹏,,实用医学杂志,游走脾急性脾蒂扭转1例
2674,CBM,1996142618,,1996,郭天棋,,江西医药,游走脾误诊为右卵巢肿瘤1例
2375,CBM,1996135435,T2 title+author+year,1996,王焕民,,中华小儿外科杂志,脾扭转致无菌性脾坏死纤维化1例
2675,CBM,1996121742,,1996,张伟杰,,德国医学,儿童外伤性脾破裂后自体异位脾组织移植的晚期疗效
2676,CBM,1996085652,,1996,于中海,,中外医用放射技术,巨大异位脾蒂扭转致肠梗阻1例
2677,CBM,1996078672,,1996,吴保平,,前卫医药杂志,东亚钳蝎毒对裸鼠移植瘤的抗转移作用
2678,CBM,1996060667,,1996,孙晓飞,,中华泌尿外科杂志,阴囊内异位脾1例报告
2243,CBM,1996022711,T2 title+author+year,1995,陈灵亚,,工企医刊,先天性膈膨升伴胃脾扭转误诊1例报告
2679,CBM,1996005192,,1996,李欣,,中华放射学杂志,婴儿急性脾扭转1例
2680,CBM,1995147968,,1995,颜亭样,,山东医药,肿瘤病人移植人胚胸腺和脾脏后的T细胞亚群变化
2681,CBM,1995135559,,1995,李欣,,临床放射学杂志,急性脾扭转2例
2242,CBM,1995102150,T2 title+author+year,1995,陈松春,,临床与实验病理学杂志,脾脏异位妊娠破裂1例
2682,CBM,1995050185,,1995,冷希圣,,国外医学·外科学分册,自体脾脏移植
2683,CBM,1995013926,,1994,刘双艇,,舟山医学,B超诊断肝硬化合并巨大游走脾1例
2684,CBM,1994161011,,1994,李洪东,,中国医学影像技术,B超诊断游走脾并扭转1例
2394,CBM,1994156890,T2 title+author+year,1994,陈晓波,,沈阳部队医药,游走脾合并脾囊肿误诊为卵巢囊肿1例
2461,CBM,1994109143,T2 title+author+year,1994,李索林,,医师进修杂志,游走脾45例临床分析
2394,CBM,1994102755,T3 similar title+author+year,1994,陈晓波,,中华妇产科杂志,游走脾囊肿误诊为卵巢囊肿1例
2685,CBM,1994068002,,1994,刘广力,,吉林医学,盆腔巨大游走脾囊肿1例报告
2417,CBM,1994049140,T3 similar title+author+year,1994,焦振祥,,中华小儿外科杂志,部分游离脾脏异位于阴囊1例
2686,CBM,1994046199,,1994,夏穗生,,中华器官移植杂志,同种脾移植治疗血友病甲5例报告
2687,CBM,1994045777,,1994,乔海泉,,中华实验外科杂志,非门脉相续性部分脾脏移植的研究
2262,CBM,1994020352,T3 similar title+author+year,1993,刘建,,国外医学·外科学分册,游走脾
2688,CBM,1994017313,,1993,李索林,,中华小儿外科杂志,婴幼儿游走脾
2351,CBM,1993103013,T3 similar title+author+year,1991,李晓霞,,中华泌尿外科杂志,左精索旁异位脾并毛细血管瘤1例报告
2689,CBM,1992027695,,1991,姜洪池,,普外临床,脾脏移植的近况
2690,CBM,1990027171,,1990,郑红,,中华理疗杂志,氦-氖激光激活小鼠单核-巨噬细胞系统的实验观察
2286,CBM,1989038007,T2 title+author+year,1989,王凤安,,河北医学院学报,异位脾误诊胃底肿瘤1例
2395,CBM,1989025537,T3 similar title+author+year,1989,王来慈,,中华血液学杂志,慢性中性粒细胞白血病伴巨大游走脾1例
2691,CBM,1988038008,,1988,徐胜,,中国临床解剖学杂志,脾异位移植到髂内动脉有关数据
2303,CBM,1987032244,T3 similar title+author+year,1987,陈广哲,,安徽医学,脾-性腺融合之脾脏异位1例报告
2692,CBM,1987032243,,1987,李德霖,,安徽医学,脾扭转1例报告
2693,CBM,1986014549,,1985,罗学宏,,湖南医学,游走脾误诊的教训:附4例报告
2317,CBM,1985010949,T2 title+author+year,1984,刘乐欣,,中华器官移植杂志,狗自体部分脾异位移植
2694,CBM,1984022369,,1983,陈忠豪,,医学资料·病理专辑,脾性腺融合:附1例精索内付脾异位
2695,CBM,1984001921,,1983,刘昌荣,,中华医学会湖北分会外科学会和普外泌外小儿外烧伤整形学会成立暨学术会议,小儿脾扭转多次误诊的病例分析
